instance_key,family,n_rules,sketch,n,problem2_success,unique_maximizer,max_preserved,rate_per_query,exponent
e1/L/R1/0,L,1,quadruplet,800,0.0,True,False,,
e1/L/R1/0,L,1,quadruplet,6400,0.1,True,False,,
e1/L/R1/0,L,1,quadruplet,51200,0.0,True,False,,
e1/L/R1/0,L,1,quintuplet,800,0.0,True,True,3.7611254089622616e-05,0.030089003271698094
e1/L/R1/0,L,1,quintuplet,6400,0.5,True,True,3.7611254089622616e-05,0.24071202617358475
e1/L/R1/0,L,1,quintuplet,51200,1.0,True,True,3.7611254089622616e-05,1.925696209388678
e1/L/R1/0,L,1,random,800,0.0,True,False,,
e1/L/R1/0,L,1,random,6400,0.0,True,False,,
e1/L/R1/0,L,1,random,51200,0.0,True,False,,
e1/L/R1/1,L,1,quadruplet,800,0.0,True,False,,
e1/L/R1/1,L,1,quadruplet,6400,0.0,True,False,,
e1/L/R1/1,L,1,quadruplet,51200,0.0,True,False,,
e1/L/R1/1,L,1,quintuplet,800,0.1,True,True,3.761125408952101e-05,0.03008900327161681
e1/L/R1/1,L,1,quintuplet,6400,0.2,True,True,3.761125408952101e-05,0.24071202617293447
e1/L/R1/1,L,1,quintuplet,51200,0.6,True,True,3.761125408952101e-05,1.9256962093834757
e1/L/R1/1,L,1,random,800,0.0,True,False,,
e1/L/R1/1,L,1,random,6400,0.0,True,False,,
e1/L/R1/1,L,1,random,51200,0.0,True,False,,
e1/L/R1/10,L,1,quadruplet,800,0.5,True,True,8.042410310361588e-06,0.0064339282482892704
e1/L/R1/10,L,1,quadruplet,6400,0.9,True,True,8.042410310361588e-06,0.051471425986314163
e1/L/R1/10,L,1,quadruplet,51200,1.0,True,True,8.042410310361588e-06,0.4117714078905133
e1/L/R1/10,L,1,quintuplet,800,0.4,True,True,1.091028484138743e-05,0.008728227873109944
e1/L/R1/10,L,1,quintuplet,6400,0.8,True,True,1.091028484138743e-05,0.06982582298487955
e1/L/R1/10,L,1,quintuplet,51200,0.9,True,True,1.091028484138743e-05,0.5586065838790364
e1/L/R1/11,L,1,quadruplet,800,0.5,False,,,
e1/L/R1/11,L,1,quadruplet,6400,0.9,False,,,
e1/L/R1/11,L,1,quadruplet,51200,1.0,False,,,
e1/L/R1/11,L,1,quintuplet,800,0.4,False,,,
e1/L/R1/11,L,1,quintuplet,6400,1.0,False,,,
e1/L/R1/11,L,1,quintuplet,51200,1.0,False,,,
e1/L/R1/12,L,1,quadruplet,800,0.6,False,,,
e1/L/R1/12,L,1,quadruplet,6400,1.0,False,,,
e1/L/R1/12,L,1,quadruplet,51200,1.0,False,,,
e1/L/R1/12,L,1,quintuplet,800,0.4,False,,,
e1/L/R1/12,L,1,quintuplet,6400,0.9,False,,,
e1/L/R1/12,L,1,quintuplet,51200,1.0,False,,,
e1/L/R1/13,L,1,quadruplet,800,0.0,False,,,
e1/L/R1/13,L,1,quadruplet,6400,0.0,False,,,
e1/L/R1/13,L,1,quadruplet,51200,0.0,False,,,
e1/L/R1/13,L,1,quintuplet,800,0.3,False,,,
e1/L/R1/13,L,1,quintuplet,6400,0.0,False,,,
e1/L/R1/13,L,1,quintuplet,51200,0.0,False,,,
e1/L/R1/14,L,1,quadruplet,800,0.0,False,,,
e1/L/R1/14,L,1,quadruplet,6400,0.0,False,,,
e1/L/R1/14,L,1,quadruplet,51200,0.0,False,,,
e1/L/R1/14,L,1,quintuplet,800,0.0,False,,,
e1/L/R1/14,L,1,quintuplet,6400,0.0,False,,,
e1/L/R1/14,L,1,quintuplet,51200,0.0,False,,,
e1/L/R1/15,L,1,quadruplet,800,0.5,False,,,
e1/L/R1/15,L,1,quadruplet,6400,0.9,False,,,
e1/L/R1/15,L,1,quadruplet,51200,1.0,False,,,
e1/L/R1/15,L,1,quintuplet,800,0.4,False,,,
e1/L/R1/15,L,1,quintuplet,6400,0.8,False,,,
e1/L/R1/15,L,1,quintuplet,51200,1.0,False,,,
e1/L/R1/16,L,1,quadruplet,800,0.0,True,False,,
e1/L/R1/16,L,1,quadruplet,6400,0.0,True,False,,
e1/L/R1/16,L,1,quadruplet,51200,0.0,True,False,,
e1/L/R1/16,L,1,quintuplet,800,0.0,True,False,,
e1/L/R1/16,L,1,quintuplet,6400,0.0,True,False,,
e1/L/R1/16,L,1,quintuplet,51200,0.0,True,False,,
e1/L/R1/17,L,1,quadruplet,800,0.1,False,,,
e1/L/R1/17,L,1,quadruplet,6400,0.0,False,,,
e1/L/R1/17,L,1,quadruplet,51200,0.0,False,,,
e1/L/R1/17,L,1,quintuplet,800,0.1,False,,,
e1/L/R1/17,L,1,quintuplet,6400,0.8,False,,,
e1/L/R1/17,L,1,quintuplet,51200,1.0,False,,,
e1/L/R1/18,L,1,quadruplet,800,0.0,True,False,,
e1/L/R1/18,L,1,quadruplet,6400,0.0,True,False,,
e1/L/R1/18,L,1,quadruplet,51200,0.0,True,False,,
e1/L/R1/18,L,1,quintuplet,800,0.0,True,False,,
e1/L/R1/18,L,1,quintuplet,6400,0.0,True,False,,
e1/L/R1/18,L,1,quintuplet,51200,0.0,True,False,,
e1/L/R1/19,L,1,quadruplet,800,0.0,True,False,,
e1/L/R1/19,L,1,quadruplet,6400,0.0,True,False,,
e1/L/R1/19,L,1,quadruplet,51200,0.0,True,False,,
e1/L/R1/19,L,1,quintuplet,800,0.0,True,True,3.721281090599607e-06,0.0029770248724796857
e1/L/R1/19,L,1,quintuplet,6400,0.0,True,True,3.721281090599607e-06,0.023816198979837486
e1/L/R1/19,L,1,quintuplet,51200,0.4,True,True,3.721281090599607e-06,0.19052959183869989
e1/L/R1/2,L,1,quadruplet,800,0.0,False,,,
e1/L/R1/2,L,1,quadruplet,6400,0.3,False,,,
e1/L/R1/2,L,1,quadruplet,51200,0.0,False,,,
e1/L/R1/2,L,1,quintuplet,800,0.3,False,,,
e1/L/R1/2,L,1,quintuplet,6400,0.7,False,,,
e1/L/R1/2,L,1,quintuplet,51200,1.0,False,,,
e1/L/R1/2,L,1,random,800,0.0,False,,,
e1/L/R1/2,L,1,random,6400,0.0,False,,,
e1/L/R1/2,L,1,random,51200,0.0,False,,,
e1/L/R1/20,L,1,quadruplet,800,0.0,True,False,,
e1/L/R1/20,L,1,quadruplet,6400,0.0,True,False,,
e1/L/R1/20,L,1,quadruplet,51200,0.0,True,False,,
e1/L/R1/20,L,1,quintuplet,800,0.0,True,False,,
e1/L/R1/20,L,1,quintuplet,6400,0.0,True,False,,
e1/L/R1/20,L,1,quintuplet,51200,0.0,True,False,,
e1/L/R1/21,L,1,quadruplet,800,0.0,True,False,,
e1/L/R1/21,L,1,quadruplet,6400,0.0,True,False,,
e1/L/R1/21,L,1,quadruplet,51200,0.0,True,False,,
e1/L/R1/21,L,1,quintuplet,800,0.0,True,True,3.721281090611028e-06,0.0029770248724888225
e1/L/R1/21,L,1,quintuplet,6400,0.1,True,True,3.721281090611028e-06,0.02381619897991058
e1/L/R1/21,L,1,quintuplet,51200,0.5,True,True,3.721281090611028e-06,0.19052959183928464
e1/L/R1/22,L,1,quadruplet,800,0.6,False,,,
e1/L/R1/22,L,1,quadruplet,6400,1.0,False,,,
e1/L/R1/22,L,1,quadruplet,51200,1.0,False,,,
e1/L/R1/22,L,1,quintuplet,800,0.8,False,,,
e1/L/R1/22,L,1,quintuplet,6400,1.0,False,,,
e1/L/R1/22,L,1,quintuplet,51200,1.0,False,,,
e1/L/R1/23,L,1,quadruplet,800,0.8,True,True,1.0367828972307415e-05,0.008294263177845932
e1/L/R1/23,L,1,quadruplet,6400,1.0,True,True,1.0367828972307415e-05,0.06635410542276746
e1/L/R1/23,L,1,quadruplet,51200,1.0,True,True,1.0367828972307415e-05,0.5308328433821397
e1/L/R1/23,L,1,quintuplet,800,0.9,True,True,1.4435187212362074e-05,0.01154814976988966
e1/L/R1/23,L,1,quintuplet,6400,1.0,True,True,1.4435187212362074e-05,0.09238519815911728
e1/L/R1/23,L,1,quintuplet,51200,1.0,True,True,1.4435187212362074e-05,0.7390815852729382
e1/L/R1/24,L,1,quadruplet,800,0.3,False,,,
e1/L/R1/24,L,1,quadruplet,6400,0.8,False,,,
e1/L/R1/24,L,1,quadruplet,51200,1.0,False,,,
e1/L/R1/24,L,1,quintuplet,800,0.4,False,,,
e1/L/R1/24,L,1,quintuplet,6400,1.0,False,,,
e1/L/R1/24,L,1,quintuplet,51200,1.0,False,,,
e1/L/R1/25,L,1,quadruplet,800,0.0,True,False,,
e1/L/R1/25,L,1,quadruplet,6400,0.0,True,False,,
e1/L/R1/25,L,1,quadruplet,51200,0.0,True,False,,
e1/L/R1/25,L,1,quintuplet,800,0.0,True,True,3.721281090606139e-06,0.002977024872484911
e1/L/R1/25,L,1,quintuplet,6400,0.2,True,True,3.721281090606139e-06,0.02381619897987929
e1/L/R1/25,L,1,quintuplet,51200,0.7,True,True,3.721281090606139e-06,0.1905295918390343
e1/L/R1/26,L,1,quadruplet,800,0.0,True,False,,
e1/L/R1/26,L,1,quadruplet,6400,0.0,True,False,,
e1/L/R1/26,L,1,quadruplet,51200,0.0,True,False,,
e1/L/R1/26,L,1,quintuplet,800,0.0,True,True,3.721281090592192e-06,0.002977024872473754
e1/L/R1/26,L,1,quintuplet,6400,0.2,True,True,3.721281090592192e-06,0.02381619897979003
e1/L/R1/26,L,1,quintuplet,51200,0.5,True,True,3.721281090592192e-06,0.19052959183832024
e1/L/R1/27,L,1,quadruplet,800,0.6,False,,,
e1/L/R1/27,L,1,quadruplet,6400,1.0,False,,,
e1/L/R1/27,L,1,quadruplet,51200,1.0,False,,,
e1/L/R1/27,L,1,quintuplet,800,0.2,False,,,
e1/L/R1/27,L,1,quintuplet,6400,1.0,False,,,
e1/L/R1/27,L,1,quintuplet,51200,1.0,False,,,
e1/L/R1/28,L,1,quadruplet,800,0.5,True,True,8.042410310368893e-06,0.006433928248295114
e1/L/R1/28,L,1,quadruplet,6400,1.0,True,True,8.042410310368893e-06,0.05147142598636091
e1/L/R1/28,L,1,quadruplet,51200,1.0,True,True,8.042410310368893e-06,0.4117714078908873
e1/L/R1/28,L,1,quintuplet,800,0.4,True,True,1.0910284841389171e-05,0.008728227873111337
e1/L/R1/28,L,1,quintuplet,6400,1.0,True,True,1.0910284841389171e-05,0.06982582298489069
e1/L/R1/28,L,1,quintuplet,51200,1.0,True,True,1.0910284841389171e-05,0.5586065838791255
e1/L/R1/29,L,1,quadruplet,800,0.0,True,False,,
e1/L/R1/29,L,1,quadruplet,6400,0.0,True,False,,
e1/L/R1/29,L,1,quadruplet,51200,0.0,True,False,,
e1/L/R1/29,L,1,quintuplet,800,0.0,True,True,3.7611254089559996e-05,0.030089003271648
e1/L/R1/29,L,1,quintuplet,6400,0.0,True,True,3.7611254089559996e-05,0.240712026173184
e1/L/R1/29,L,1,quintuplet,51200,0.9,True,True,3.7611254089559996e-05,1.925696209385472
e1/L/R1/3,L,1,quadruplet,800,0.0,False,,,
e1/L/R1/3,L,1,quadruplet,6400,0.0,False,,,
e1/L/R1/3,L,1,quadruplet,51200,0.0,False,,,
e1/L/R1/3,L,1,quintuplet,800,0.3,False,,,
e1/L/R1/3,L,1,quintuplet,6400,0.4,False,,,
e1/L/R1/3,L,1,quintuplet,51200,0.2,False,,,
e1/L/R1/3,L,1,random,800,0.0,False,,,
e1/L/R1/3,L,1,random,6400,0.0,False,,,
e1/L/R1/3,L,1,random,51200,0.0,False,,,
e1/L/R1/30,L,1,quadruplet,800,0.1,True,True,0.00012063592400692924,0.09650873920554338
e1/L/R1/30,L,1,quadruplet,6400,0.4,True,True,0.00012063592400692924,0.7720699136443471
e1/L/R1/30,L,1,quadruplet,51200,1.0,True,True,0.00012063592400692924,6.176559309154777
e1/L/R1/30,L,1,quintuplet,800,0.1,True,True,4.4696052205265095e-05,0.03575684176421207
e1/L/R1/30,L,1,quintuplet,6400,0.1,True,True,4.4696052205265095e-05,0.2860547341136966
e1/L/R1/30,L,1,quintuplet,51200,1.0,True,True,4.4696052205265095e-05,2.2884378729095727
e1/L/R1/31,L,1,quadruplet,800,0.4,False,,,
e1/L/R1/31,L,1,quadruplet,6400,0.9,False,,,
e1/L/R1/31,L,1,quadruplet,51200,1.0,False,,,
e1/L/R1/31,L,1,quintuplet,800,0.5,False,,,
e1/L/R1/31,L,1,quintuplet,6400,1.0,False,,,
e1/L/R1/31,L,1,quintuplet,51200,1.0,False,,,
e1/L/R1/32,L,1,quadruplet,800,0.8,False,,,
e1/L/R1/32,L,1,quadruplet,6400,1.0,False,,,
e1/L/R1/32,L,1,quadruplet,51200,0.9,False,,,
e1/L/R1/32,L,1,quintuplet,800,0.6,False,,,
e1/L/R1/32,L,1,quintuplet,6400,0.9,False,,,
e1/L/R1/32,L,1,quintuplet,51200,1.0,False,,,
e1/L/R1/33,L,1,quadruplet,800,0.3,True,True,3.304392363544395e-05,0.02643513890835516
e1/L/R1/33,L,1,quadruplet,6400,0.5,True,True,3.304392363544395e-05,0.21148111126684127
e1/L/R1/33,L,1,quadruplet,51200,1.0,True,True,3.304392363544395e-05,1.6918488901347302
e1/L/R1/33,L,1,quintuplet,800,0.3,True,True,4.7666146311231625e-05,0.0381329170489853
e1/L/R1/33,L,1,quintuplet,6400,0.4,True,True,4.7666146311231625e-05,0.3050633363918824
e1/L/R1/33,L,1,quintuplet,51200,1.0,True,True,4.7666146311231625e-05,2.440506691135059
e1/L/R1/34,L,1,quadruplet,800,0.0,False,,,
e1/L/R1/34,L,1,quadruplet,6400,0.0,False,,,
e1/L/R1/34,L,1,quadruplet,51200,0.0,False,,,
e1/L/R1/34,L,1,quintuplet,800,0.3,False,,,
e1/L/R1/34,L,1,quintuplet,6400,0.4,False,,,
e1/L/R1/34,L,1,quintuplet,51200,0.2,False,,,
e1/L/R1/35,L,1,quadruplet,800,0.1,False,,,
e1/L/R1/35,L,1,quadruplet,6400,0.0,False,,,
e1/L/R1/35,L,1,quadruplet,51200,0.0,False,,,
e1/L/R1/35,L,1,quintuplet,800,0.1,False,,,
e1/L/R1/35,L,1,quintuplet,6400,0.2,False,,,
e1/L/R1/35,L,1,quintuplet,51200,0.0,False,,,
e1/L/R1/36,L,1,quadruplet,800,0.7,True,True,4.188055303470368e-05,0.03350444242776294
e1/L/R1/36,L,1,quadruplet,6400,1.0,True,True,4.188055303470368e-05,0.2680355394221035
e1/L/R1/36,L,1,quadruplet,51200,1.0,True,True,4.188055303470368e-05,2.144284315376828
e1/L/R1/36,L,1,quintuplet,800,0.2,True,True,2.1889477801701324e-05,0.01751158224136106
e1/L/R1/36,L,1,quintuplet,6400,0.8,True,True,2.1889477801701324e-05,0.1400926579308885
e1/L/R1/36,L,1,quintuplet,51200,1.0,True,True,2.1889477801701324e-05,1.120741263447108
e1/L/R1/37,L,1,quadruplet,800,0.2,False,,,
e1/L/R1/37,L,1,quadruplet,6400,1.0,False,,,
e1/L/R1/37,L,1,quadruplet,51200,0.9,False,,,
e1/L/R1/37,L,1,quintuplet,800,0.2,False,,,
e1/L/R1/37,L,1,quintuplet,6400,1.0,False,,,
e1/L/R1/37,L,1,quintuplet,51200,1.0,False,,,
e1/L/R1/38,L,1,quadruplet,800,0.2,False,,,
e1/L/R1/38,L,1,quadruplet,6400,0.4,False,,,
e1/L/R1/38,L,1,quadruplet,51200,1.0,False,,,
e1/L/R1/38,L,1,quintuplet,800,0.5,False,,,
e1/L/R1/38,L,1,quintuplet,6400,0.8,False,,,
e1/L/R1/38,L,1,quintuplet,51200,1.0,False,,,
e1/L/R1/39,L,1,quadruplet,800,0.2,False,,,
e1/L/R1/39,L,1,quadruplet,6400,0.1,False,,,
e1/L/R1/39,L,1,quadruplet,51200,0.1,False,,,
e1/L/R1/39,L,1,quintuplet,800,0.1,False,,,
e1/L/R1/39,L,1,quintuplet,6400,1.0,False,,,
e1/L/R1/39,L,1,quintuplet,51200,1.0,False,,,
e1/L/R1/4,L,1,quadruplet,800,0.0,True,True,0.00012063592400678543,0.09650873920542835
e1/L/R1/4,L,1,quadruplet,6400,0.7,True,True,0.00012063592400678543,0.7720699136434268
e1/L/R1/4,L,1,quadruplet,51200,1.0,True,True,0.00012063592400678543,6.1765593091474145
e1/L/R1/4,L,1,quintuplet,800,0.0,True,True,4.469605220524904e-05,0.035756841764199236
e1/L/R1/4,L,1,quintuplet,6400,0.5,True,True,4.469605220524904e-05,0.2860547341135939
e1/L/R1/4,L,1,quintuplet,51200,1.0,True,True,4.469605220524904e-05,2.288437872908751
e1/L/R1/4,L,1,random,800,0.0,True,False,,
e1/L/R1/4,L,1,random,6400,0.0,True,False,,
e1/L/R1/4,L,1,random,51200,0.0,True,False,,
e1/L/R1/40,L,1,quadruplet,800,0.0,False,,,
e1/L/R1/40,L,1,quadruplet,6400,0.0,False,,,
e1/L/R1/40,L,1,quadruplet,51200,0.0,False,,,
e1/L/R1/40,L,1,quintuplet,800,0.3,False,,,
e1/L/R1/40,L,1,quintuplet,6400,0.0,False,,,
e1/L/R1/40,L,1,quintuplet,51200,0.0,False,,,
e1/L/R1/41,L,1,quadruplet,800,0.4,False,,,
e1/L/R1/41,L,1,quadruplet,6400,1.0,False,,,
e1/L/R1/41,L,1,quadruplet,51200,1.0,False,,,
e1/L/R1/41,L,1,quintuplet,800,0.8,False,,,
e1/L/R1/41,L,1,quintuplet,6400,1.0,False,,,
e1/L/R1/41,L,1,quintuplet,51200,1.0,False,,,
e1/L/R1/42,L,1,quadruplet,800,0.9,False,,,
e1/L/R1/42,L,1,quadruplet,6400,1.0,False,,,
e1/L/R1/42,L,1,quadruplet,51200,1.0,False,,,
e1/L/R1/42,L,1,quintuplet,800,0.8,False,,,
e1/L/R1/42,L,1,quintuplet,6400,1.0,False,,,
e1/L/R1/42,L,1,quintuplet,51200,1.0,False,,,
e1/L/R1/43,L,1,quadruplet,800,0.1,True,False,,
e1/L/R1/43,L,1,quadruplet,6400,0.0,True,False,,
e1/L/R1/43,L,1,quadruplet,51200,0.0,True,False,,
e1/L/R1/43,L,1,quintuplet,800,0.1,True,True,3.72128109060533e-06,0.002977024872484264
e1/L/R1/43,L,1,quintuplet,6400,0.2,True,True,3.72128109060533e-06,0.023816198979874113
e1/L/R1/43,L,1,quintuplet,51200,0.7,True,True,3.72128109060533e-06,0.1905295918389929
e1/L/R1/44,L,1,quadruplet,800,0.3,True,True,3.3043923635399055e-05,0.026435138908319243
e1/L/R1/44,L,1,quadruplet,6400,0.9,True,True,3.3043923635399055e-05,0.21148111126655394
e1/L/R1/44,L,1,quadruplet,51200,1.0,True,True,3.3043923635399055e-05,1.6918488901324316
e1/L/R1/44,L,1,quintuplet,800,0.3,True,True,4.766614631116094e-05,0.03813291704892875
e1/L/R1/44,L,1,quintuplet,6400,0.9,True,True,4.766614631116094e-05,0.30506333639143
e1/L/R1/44,L,1,quintuplet,51200,1.0,True,True,4.766614631116094e-05,2.44050669113144
e1/L/R1/45,L,1,quadruplet,800,0.4,False,,,
e1/L/R1/45,L,1,quadruplet,6400,0.9,False,,,
e1/L/R1/45,L,1,quadruplet,51200,1.0,False,,,
e1/L/R1/45,L,1,quintuplet,800,0.4,False,,,
e1/L/R1/45,L,1,quintuplet,6400,0.9,False,,,
e1/L/R1/45,L,1,quintuplet,51200,1.0,False,,,
e1/L/R1/46,L,1,quadruplet,800,0.5,False,,,
e1/L/R1/46,L,1,quadruplet,6400,0.9,False,,,
e1/L/R1/46,L,1,quadruplet,51200,0.8,False,,,
e1/L/R1/46,L,1,quintuplet,800,0.4,False,,,
e1/L/R1/46,L,1,quintuplet,6400,0.9,False,,,
e1/L/R1/46,L,1,quintuplet,51200,0.9,False,,,
e1/L/R1/47,L,1,quadruplet,800,0.0,True,False,,
e1/L/R1/47,L,1,quadruplet,6400,0.0,True,False,,
e1/L/R1/47,L,1,quadruplet,51200,0.0,True,False,,
e1/L/R1/47,L,1,quintuplet,800,0.0,True,False,,
e1/L/R1/47,L,1,quintuplet,6400,0.0,True,False,,
e1/L/R1/47,L,1,quintuplet,51200,0.0,True,False,,
e1/L/R1/48,L,1,quadruplet,800,0.3,False,,,
e1/L/R1/48,L,1,quadruplet,6400,1.0,False,,,
e1/L/R1/48,L,1,quadruplet,51200,1.0,False,,,
e1/L/R1/48,L,1,quintuplet,800,0.3,False,,,
e1/L/R1/48,L,1,quintuplet,6400,1.0,False,,,
e1/L/R1/48,L,1,quintuplet,51200,1.0,False,,,
e1/L/R1/49,L,1,quadruplet,800,0.0,True,False,,
e1/L/R1/49,L,1,quadruplet,6400,0.0,True,False,,
e1/L/R1/49,L,1,quadruplet,51200,0.0,True,False,,
e1/L/R1/49,L,1,quintuplet,800,0.0,True,True,3.721281090618413e-06,0.00297702487249473
e1/L/R1/49,L,1,quintuplet,6400,0.2,True,True,3.721281090618413e-06,0.02381619897995784
e1/L/R1/49,L,1,quintuplet,51200,0.5,True,True,3.721281090618413e-06,0.19052959183966273
e1/L/R1/5,L,1,quadruplet,800,0.3,False,,,
e1/L/R1/5,L,1,quadruplet,6400,0.9,False,,,
e1/L/R1/5,L,1,quadruplet,51200,1.0,False,,,
e1/L/R1/5,L,1,quintuplet,800,0.4,False,,,
e1/L/R1/5,L,1,quintuplet,6400,1.0,False,,,
e1/L/R1/5,L,1,quintuplet,51200,1.0,False,,,
e1/L/R1/5,L,1,random,800,0.0,False,,,
e1/L/R1/5,L,1,random,6400,0.0,False,,,
e1/L/R1/5,L,1,random,51200,0.0,False,,,
e1/L/R1/50,L,1,quadruplet,800,0.6,False,,,
e1/L/R1/50,L,1,quadruplet,6400,0.9,False,,,
e1/L/R1/50,L,1,quadruplet,51200,1.0,False,,,
e1/L/R1/50,L,1,quintuplet,800,0.7,False,,,
e1/L/R1/50,L,1,quintuplet,6400,0.9,False,,,
e1/L/R1/50,L,1,quintuplet,51200,1.0,False,,,
e1/L/R1/51,L,1,quadruplet,800,0.0,True,False,,
e1/L/R1/51,L,1,quadruplet,6400,0.1,True,False,,
e1/L/R1/51,L,1,quadruplet,51200,0.1,True,False,,
e1/L/R1/51,L,1,quintuplet,800,0.0,True,True,3.761125408954412e-05,0.030089003271635297
e1/L/R1/51,L,1,quintuplet,6400,0.3,True,True,3.761125408954412e-05,0.24071202617308238
e1/L/R1/51,L,1,quintuplet,51200,1.0,True,True,3.761125408954412e-05,1.925696209384659
e1/L/R1/52,L,1,quadruplet,800,0.7,False,,,
e1/L/R1/52,L,1,quadruplet,6400,1.0,False,,,
e1/L/R1/52,L,1,quadruplet,51200,1.0,False,,,
e1/L/R1/52,L,1,quintuplet,800,0.5,False,,,
e1/L/R1/52,L,1,quintuplet,6400,1.0,False,,,
e1/L/R1/52,L,1,quintuplet,51200,1.0,False,,,
e1/L/R1/53,L,1,quadruplet,800,0.4,False,,,
e1/L/R1/53,L,1,quadruplet,6400,1.0,False,,,
e1/L/R1/53,L,1,quadruplet,51200,1.0,False,,,
e1/L/R1/53,L,1,quintuplet,800,0.7,False,,,
e1/L/R1/53,L,1,quintuplet,6400,1.0,False,,,
e1/L/R1/53,L,1,quintuplet,51200,1.0,False,,,
e1/L/R1/54,L,1,quadruplet,800,0.6,False,,,
e1/L/R1/54,L,1,quadruplet,6400,1.0,False,,,
e1/L/R1/54,L,1,quadruplet,51200,1.0,False,,,
e1/L/R1/54,L,1,quintuplet,800,0.3,False,,,
e1/L/R1/54,L,1,quintuplet,6400,0.9,False,,,
e1/L/R1/54,L,1,quintuplet,51200,1.0,False,,,
e1/L/R1/55,L,1,quadruplet,800,0.3,True,True,8.042410310380516e-06,0.006433928248304413
e1/L/R1/55,L,1,quadruplet,6400,0.9,True,True,8.042410310380516e-06,0.0514714259864353
e1/L/R1/55,L,1,quadruplet,51200,1.0,True,True,8.042410310380516e-06,0.4117714078914824
e1/L/R1/55,L,1,quintuplet,800,0.4,True,True,1.0910284841406948e-05,0.00872822787312556
e1/L/R1/55,L,1,quintuplet,6400,0.8,True,True,1.0910284841406948e-05,0.06982582298500448
e1/L/R1/55,L,1,quintuplet,51200,1.0,True,True,1.0910284841406948e-05,0.5586065838800358
e1/L/R1/56,L,1,quadruplet,800,0.4,False,,,
e1/L/R1/56,L,1,quadruplet,6400,0.9,False,,,
e1/L/R1/56,L,1,quadruplet,51200,1.0,False,,,
e1/L/R1/56,L,1,quintuplet,800,0.6,False,,,
e1/L/R1/56,L,1,quintuplet,6400,1.0,False,,,
e1/L/R1/56,L,1,quintuplet,51200,1.0,False,,,
e1/L/R1/57,L,1,quadruplet,800,0.5,True,True,3.304392363543686e-05,0.026435138908349486
e1/L/R1/57,L,1,quadruplet,6400,1.0,True,True,3.304392363543686e-05,0.2114811112667959
e1/L/R1/57,L,1,quadruplet,51200,1.0,True,True,3.304392363543686e-05,1.6918488901343671
e1/L/R1/57,L,1,quintuplet,800,0.6,True,True,4.766614631124765e-05,0.03813291704899812
e1/L/R1/57,L,1,quintuplet,6400,1.0,True,True,4.766614631124765e-05,0.30506333639198496
e1/L/R1/57,L,1,quintuplet,51200,1.0,True,True,4.766614631124765e-05,2.4405066911358797
e1/L/R1/58,L,1,quadruplet,800,0.3,False,,,
e1/L/R1/58,L,1,quadruplet,6400,1.0,False,,,
e1/L/R1/58,L,1,quadruplet,51200,1.0,False,,,
e1/L/R1/58,L,1,quintuplet,800,0.3,False,,,
e1/L/R1/58,L,1,quintuplet,6400,1.0,False,,,
e1/L/R1/58,L,1,quintuplet,51200,1.0,False,,,
e1/L/R1/59,L,1,quadruplet,800,0.7,True,True,4.188055303466374e-05,0.03350444242773099
e1/L/R1/59,L,1,quadruplet,6400,0.9,True,True,4.188055303466374e-05,0.26803553942184793
e1/L/R1/59,L,1,quadruplet,51200,1.0,True,True,4.188055303466374e-05,2.1442843153747835
e1/L/R1/59,L,1,quintuplet,800,0.3,True,True,2.1889477801698387e-05,0.01751158224135871
e1/L/R1/59,L,1,quintuplet,6400,0.8,True,True,2.1889477801698387e-05,0.14009265793086967
e1/L/R1/59,L,1,quintuplet,51200,1.0,True,True,2.1889477801698387e-05,1.1207412634469573
e1/L/R1/6,L,1,quadruplet,800,0.0,True,False,,
e1/L/R1/6,L,1,quadruplet,6400,0.0,True,False,,
e1/L/R1/6,L,1,quadruplet,51200,0.1,True,False,,
e1/L/R1/6,L,1,quintuplet,800,0.0,True,True,3.7611254089625394e-05,0.030089003271700315
e1/L/R1/6,L,1,quintuplet,6400,0.1,True,True,3.7611254089625394e-05,0.24071202617360252
e1/L/R1/6,L,1,quintuplet,51200,0.9,True,True,3.7611254089625394e-05,1.9256962093888201
e1/L/R1/6,L,1,random,800,0.0,True,False,,
e1/L/R1/6,L,1,random,6400,0.0,True,False,,
e1/L/R1/6,L,1,random,51200,0.0,True,False,,
e1/L/R1/60,L,1,quadruplet,800,0.0,True,False,,
e1/L/R1/60,L,1,quadruplet,6400,0.0,True,False,,
e1/L/R1/60,L,1,quadruplet,51200,0.0,True,False,,
e1/L/R1/60,L,1,quintuplet,800,0.0,True,True,3.7212810906250918e-06,0.0029770248725000735
e1/L/R1/60,L,1,quintuplet,6400,0.3,True,True,3.7212810906250918e-06,0.023816198980000588
e1/L/R1/60,L,1,quintuplet,51200,0.5,True,True,3.7212810906250918e-06,0.1905295918400047
e1/L/R1/61,L,1,quadruplet,800,0.0,False,,,
e1/L/R1/61,L,1,quadruplet,6400,0.0,False,,,
e1/L/R1/61,L,1,quadruplet,51200,0.0,False,,,
e1/L/R1/61,L,1,quintuplet,800,0.3,False,,,
e1/L/R1/61,L,1,quintuplet,6400,0.4,False,,,
e1/L/R1/61,L,1,quintuplet,51200,0.7,False,,,
e1/L/R1/62,L,1,quadruplet,800,0.3,False,,,
e1/L/R1/62,L,1,quadruplet,6400,1.0,False,,,
e1/L/R1/62,L,1,quadruplet,51200,0.9,False,,,
e1/L/R1/62,L,1,quintuplet,800,0.3,False,,,
e1/L/R1/62,L,1,quintuplet,6400,1.0,False,,,
e1/L/R1/62,L,1,quintuplet,51200,1.0,False,,,
e1/L/R1/63,L,1,quadruplet,800,0.2,False,,,
e1/L/R1/63,L,1,quadruplet,6400,0.4,False,,,
e1/L/R1/63,L,1,quadruplet,51200,0.4,False,,,
e1/L/R1/63,L,1,quintuplet,800,0.7,False,,,
e1/L/R1/63,L,1,quintuplet,6400,0.8,False,,,
e1/L/R1/63,L,1,quintuplet,51200,1.0,False,,,
e1/L/R1/64,L,1,quadruplet,800,0.0,True,False,,
e1/L/R1/64,L,1,quadruplet,6400,0.0,True,False,,
e1/L/R1/64,L,1,quadruplet,51200,0.0,True,False,,
e1/L/R1/64,L,1,quintuplet,800,0.0,True,True,2.513039007598924e-05,0.020104312060791392
e1/L/R1/64,L,1,quintuplet,6400,0.4,True,True,2.513039007598924e-05,0.16083449648633114
e1/L/R1/64,L,1,quintuplet,51200,0.9,True,True,2.513039007598924e-05,1.286675971890649
e1/L/R1/65,L,1,quadruplet,800,0.2,False,,,
e1/L/R1/65,L,1,quadruplet,6400,0.1,False,,,
e1/L/R1/65,L,1,quadruplet,51200,0.0,False,,,
e1/L/R1/65,L,1,quintuplet,800,0.7,False,,,
e1/L/R1/65,L,1,quintuplet,6400,0.8,False,,,
e1/L/R1/65,L,1,quintuplet,51200,1.0,False,,,
e1/L/R1/66,L,1,quadruplet,800,0.5,False,,,
e1/L/R1/66,L,1,quadruplet,6400,1.0,False,,,
e1/L/R1/66,L,1,quadruplet,51200,1.0,False,,,
e1/L/R1/66,L,1,quintuplet,800,0.7,False,,,
e1/L/R1/66,L,1,quintuplet,6400,1.0,False,,,
e1/L/R1/66,L,1,quintuplet,51200,1.0,False,,,
e1/L/R1/67,L,1,quadruplet,800,0.0,True,False,,
e1/L/R1/67,L,1,quadruplet,6400,0.0,True,False,,
e1/L/R1/67,L,1,quadruplet,51200,0.0,True,False,,
e1/L/R1/67,L,1,quintuplet,800,0.2,True,True,3.7611254089579194e-05,0.030089003271663355
e1/L/R1/67,L,1,quintuplet,6400,0.2,True,True,3.7611254089579194e-05,0.24071202617330684
e1/L/R1/67,L,1,quintuplet,51200,1.0,True,True,3.7611254089579194e-05,1.9256962093864547
e1/L/R1/68,L,1,quadruplet,800,0.0,False,,,
e1/L/R1/68,L,1,quadruplet,6400,0.0,False,,,
e1/L/R1/68,L,1,quadruplet,51200,0.0,False,,,
e1/L/R1/68,L,1,quintuplet,800,0.0,False,,,
e1/L/R1/68,L,1,quintuplet,6400,0.0,False,,,
e1/L/R1/68,L,1,quintuplet,51200,0.0,False,,,
e1/L/R1/69,L,1,quadruplet,800,0.9,False,,,
e1/L/R1/69,L,1,quadruplet,6400,1.0,False,,,
e1/L/R1/69,L,1,quadruplet,51200,1.0,False,,,
e1/L/R1/69,L,1,quintuplet,800,1.0,False,,,
e1/L/R1/69,L,1,quintuplet,6400,1.0,False,,,
e1/L/R1/69,L,1,quintuplet,51200,1.0,False,,,
e1/L/R1/7,L,1,quadruplet,800,0.0,True,True,3.2253382573432357e-05,0.025802706058745885
e1/L/R1/7,L,1,quadruplet,6400,0.2,True,True,3.2253382573432357e-05,0.20642164846996708
e1/L/R1/7,L,1,quadruplet,51200,1.0,True,True,3.2253382573432357e-05,1.6513731877597366
e1/L/R1/7,L,1,quintuplet,800,0.0,True,True,4.6697058668987187e-05,0.037357646935189746
e1/L/R1/7,L,1,quintuplet,6400,0.3,True,True,4.6697058668987187e-05,0.29886117548151797
e1/L/R1/7,L,1,quintuplet,51200,1.0,True,True,4.6697058668987187e-05,2.3908894038521438
e1/L/R1/7,L,1,random,800,0.0,True,False,,
e1/L/R1/7,L,1,random,6400,0.0,True,False,,
e1/L/R1/7,L,1,random,51200,0.0,True,False,,
e1/L/R1/70,L,1,quadruplet,800,0.0,True,False,,
e1/L/R1/70,L,1,quadruplet,6400,0.0,True,False,,
e1/L/R1/70,L,1,quadruplet,51200,0.0,True,False,,
e1/L/R1/70,L,1,quintuplet,800,0.0,True,False,,
e1/L/R1/70,L,1,quintuplet,6400,0.0,True,False,,
e1/L/R1/70,L,1,quintuplet,51200,0.0,True,False,,
e1/L/R1/71,L,1,quadruplet,800,0.9,True,True,4.188055303469336e-05,0.03350444242775469
e1/L/R1/71,L,1,quadruplet,6400,1.0,True,True,4.188055303469336e-05,0.2680355394220375
e1/L/R1/71,L,1,quadruplet,51200,1.0,True,True,4.188055303469336e-05,2.1442843153763
e1/L/R1/71,L,1,quintuplet,800,0.6,True,True,2.188947780169568e-05,0.017511582241356544
e1/L/R1/71,L,1,quintuplet,6400,0.7,True,True,2.188947780169568e-05,0.14009265793085235
e1/L/R1/71,L,1,quintuplet,51200,1.0,True,True,2.188947780169568e-05,1.1207412634468188
e1/L/R1/72,L,1,quadruplet,800,0.5,False,,,
e1/L/R1/72,L,1,quadruplet,6400,0.2,False,,,
e1/L/R1/72,L,1,quadruplet,51200,0.3,False,,,
e1/L/R1/72,L,1,quintuplet,800,0.8,False,,,
e1/L/R1/72,L,1,quintuplet,6400,0.9,False,,,
e1/L/R1/72,L,1,quintuplet,51200,1.0,False,,,
e1/L/R1/73,L,1,quadruplet,800,0.0,True,False,,
e1/L/R1/73,L,1,quadruplet,6400,0.1,True,False,,
e1/L/R1/73,L,1,quadruplet,51200,0.0,True,False,,
e1/L/R1/73,L,1,quintuplet,800,0.0,True,True,3.7212810906212784e-06,0.0029770248724970225
e1/L/R1/73,L,1,quintuplet,6400,0.3,True,True,3.7212810906212784e-06,0.02381619897997618
e1/L/R1/73,L,1,quintuplet,51200,0.6,True,True,3.7212810906212784e-06,0.19052959183980944
e1/L/R1/74,L,1,quadruplet,800,0.8,True,True,1.5329975574768856e-05,0.012263980459815084
e1/L/R1/74,L,1,quadruplet,6400,1.0,True,True,1.5329975574768856e-05,0.09811184367852067
e1/L/R1/74,L,1,quadruplet,51200,1.0,True,True,1.5329975574768856e-05,0.7848947494281654
e1/L/R1/74,L,1,quintuplet,800,0.6,True,True,1.348896730727105e-05,0.01079117384581684
e1/L/R1/74,L,1,quintuplet,6400,1.0,True,True,1.348896730727105e-05,0.08632939076653472
e1/L/R1/74,L,1,quintuplet,51200,1.0,True,True,1.348896730727105e-05,0.6906351261322777
e1/L/R1/75,L,1,quadruplet,800,0.0,True,False,,
e1/L/R1/75,L,1,quadruplet,6400,0.0,True,False,,
e1/L/R1/75,L,1,quadruplet,51200,0.0,True,False,,
e1/L/R1/75,L,1,quintuplet,800,0.1,True,True,2.5130390075975408e-05,0.020104312060780328
e1/L/R1/75,L,1,quintuplet,6400,0.1,True,True,2.5130390075975408e-05,0.16083449648624262
e1/L/R1/75,L,1,quintuplet,51200,0.7,True,True,2.5130390075975408e-05,1.286675971889941
e1/L/R1/76,L,1,quadruplet,800,0.0,True,False,,
e1/L/R1/76,L,1,quadruplet,6400,0.1,True,False,,
e1/L/R1/76,L,1,quadruplet,51200,0.0,True,False,,
e1/L/R1/76,L,1,quintuplet,800,0.1,True,True,3.761125408953306e-05,0.03008900327162645
e1/L/R1/76,L,1,quintuplet,6400,0.2,True,True,3.761125408953306e-05,0.2407120261730116
e1/L/R1/76,L,1,quintuplet,51200,1.0,True,True,3.761125408953306e-05,1.9256962093840928
e1/L/R1/77,L,1,quadruplet,800,0.5,False,,,
e1/L/R1/77,L,1,quadruplet,6400,0.5,False,,,
e1/L/R1/77,L,1,quadruplet,51200,1.0,False,,,
e1/L/R1/77,L,1,quintuplet,800,0.8,False,,,
e1/L/R1/77,L,1,quintuplet,6400,1.0,False,,,
e1/L/R1/77,L,1,quintuplet,51200,1.0,False,,,
e1/L/R1/78,L,1,quadruplet,800,0.2,False,,,
e1/L/R1/78,L,1,quadruplet,6400,0.0,False,,,
e1/L/R1/78,L,1,quadruplet,51200,0.0,False,,,
e1/L/R1/78,L,1,quintuplet,800,0.4,False,,,
e1/L/R1/78,L,1,quintuplet,6400,0.4,False,,,
e1/L/R1/78,L,1,quintuplet,51200,0.5,False,,,
e1/L/R1/79,L,1,quadruplet,800,0.2,False,,,
e1/L/R1/79,L,1,quadruplet,6400,1.0,False,,,
e1/L/R1/79,L,1,quadruplet,51200,1.0,False,,,
e1/L/R1/79,L,1,quintuplet,800,0.2,False,,,
e1/L/R1/79,L,1,quintuplet,6400,1.0,False,,,
e1/L/R1/79,L,1,quintuplet,51200,1.0,False,,,
e1/L/R1/8,L,1,quadruplet,800,0.6,False,,,
e1/L/R1/8,L,1,quadruplet,6400,1.0,False,,,
e1/L/R1/8,L,1,quadruplet,51200,1.0,False,,,
e1/L/R1/8,L,1,quintuplet,800,0.2,False,,,
e1/L/R1/8,L,1,quintuplet,6400,0.9,False,,,
e1/L/R1/8,L,1,quintuplet,51200,1.0,False,,,
e1/L/R1/8,L,1,random,800,0.0,False,,,
e1/L/R1/8,L,1,random,6400,0.0,False,,,
e1/L/R1/8,L,1,random,51200,0.0,False,,,
e1/L/R1/80,L,1,quadruplet,800,0.0,False,,,
e1/L/R1/80,L,1,quadruplet,6400,0.0,False,,,
e1/L/R1/80,L,1,quadruplet,51200,0.0,False,,,
e1/L/R1/80,L,1,quintuplet,800,0.0,False,,,
e1/L/R1/80,L,1,quintuplet,6400,0.0,False,,,
e1/L/R1/80,L,1,quintuplet,51200,0.0,False,,,
e1/L/R1/81,L,1,quadruplet,800,0.9,False,,,
e1/L/R1/81,L,1,quadruplet,6400,0.9,False,,,
e1/L/R1/81,L,1,quadruplet,51200,1.0,False,,,
e1/L/R1/81,L,1,quintuplet,800,1.0,False,,,
e1/L/R1/81,L,1,quintuplet,6400,1.0,False,,,
e1/L/R1/81,L,1,quintuplet,51200,0.9,False,,,
e1/L/R1/82,L,1,quadruplet,800,0.5,True,True,3.304392363545823e-05,0.026435138908366587
e1/L/R1/82,L,1,quadruplet,6400,0.9,True,True,3.304392363545823e-05,0.2114811112669327
e1/L/R1/82,L,1,quadruplet,51200,1.0,True,True,3.304392363545823e-05,1.6918488901354616
e1/L/R1/82,L,1,quintuplet,800,0.3,True,True,4.7666146311237615e-05,0.03813291704899009
e1/L/R1/82,L,1,quintuplet,6400,0.7,True,True,4.7666146311237615e-05,0.30506333639192074
e1/L/R1/82,L,1,quintuplet,51200,1.0,True,True,4.7666146311237615e-05,2.440506691135366
e1/L/R1/83,L,1,quadruplet,800,0.0,False,,,
e1/L/R1/83,L,1,quadruplet,6400,0.0,False,,,
e1/L/R1/83,L,1,quadruplet,51200,0.0,False,,,
e1/L/R1/83,L,1,quintuplet,800,0.0,False,,,
e1/L/R1/83,L,1,quintuplet,6400,0.0,False,,,
e1/L/R1/83,L,1,quintuplet,51200,0.0,False,,,
e1/L/R1/84,L,1,quadruplet,800,0.4,False,,,
e1/L/R1/84,L,1,quadruplet,6400,0.9,False,,,
e1/L/R1/84,L,1,quadruplet,51200,1.0,False,,,
e1/L/R1/84,L,1,quintuplet,800,0.4,False,,,
e1/L/R1/84,L,1,quintuplet,6400,0.8,False,,,
e1/L/R1/84,L,1,quintuplet,51200,1.0,False,,,
e1/L/R1/85,L,1,quadruplet,800,0.6,False,,,
e1/L/R1/85,L,1,quadruplet,6400,1.0,False,,,
e1/L/R1/85,L,1,quadruplet,51200,1.0,False,,,
e1/L/R1/85,L,1,quintuplet,800,0.6,False,,,
e1/L/R1/85,L,1,quintuplet,6400,1.0,False,,,
e1/L/R1/85,L,1,quintuplet,51200,1.0,False,,,
e1/L/R1/86,L,1,quadruplet,800,0.0,False,,,
e1/L/R1/86,L,1,quadruplet,6400,0.1,False,,,
e1/L/R1/86,L,1,quadruplet,51200,0.0,False,,,
e1/L/R1/86,L,1,quintuplet,800,0.3,False,,,
e1/L/R1/86,L,1,quintuplet,6400,0.9,False,,,
e1/L/R1/86,L,1,quintuplet,51200,1.0,False,,,
e1/L/R1/87,L,1,quadruplet,800,0.0,True,False,,
e1/L/R1/87,L,1,quadruplet,6400,0.0,True,False,,
e1/L/R1/87,L,1,quadruplet,51200,0.0,True,False,,
e1/L/R1/87,L,1,quintuplet,800,0.0,True,False,,
e1/L/R1/87,L,1,quintuplet,6400,0.0,True,False,,
e1/L/R1/87,L,1,quintuplet,51200,0.0,True,False,,
e1/L/R1/88,L,1,quadruplet,800,0.3,False,,,
e1/L/R1/88,L,1,quadruplet,6400,0.8,False,,,
e1/L/R1/88,L,1,quadruplet,51200,1.0,False,,,
e1/L/R1/88,L,1,quintuplet,800,0.7,False,,,
e1/L/R1/88,L,1,quintuplet,6400,1.0,False,,,
e1/L/R1/88,L,1,quintuplet,51200,0.9,False,,,
e1/L/R1/89,L,1,quadruplet,800,0.8,True,True,1.5329975574763414e-05,0.012263980459810732
e1/L/R1/89,L,1,quadruplet,6400,1.0,True,True,1.5329975574763414e-05,0.09811184367848585
e1/L/R1/89,L,1,quadruplet,51200,1.0,True,True,1.5329975574763414e-05,0.7848947494278868
e1/L/R1/89,L,1,quintuplet,800,0.8,True,True,1.3488967307265419e-05,0.010791173845812334
e1/L/R1/89,L,1,quintuplet,6400,1.0,True,True,1.3488967307265419e-05,0.08632939076649868
e1/L/R1/89,L,1,quintuplet,51200,1.0,True,True,1.3488967307265419e-05,0.6906351261319894
e1/L/R1/9,L,1,quadruplet,800,0.1,False,,,
e1/L/R1/9,L,1,quadruplet,6400,0.0,False,,,
e1/L/R1/9,L,1,quadruplet,51200,0.0,False,,,
e1/L/R1/9,L,1,quintuplet,800,0.1,False,,,
e1/L/R1/9,L,1,quintuplet,6400,0.0,False,,,
e1/L/R1/9,L,1,quintuplet,51200,0.0,False,,,
e1/L/R1/9,L,1,random,800,0.0,False,,,
e1/L/R1/9,L,1,random,6400,0.0,False,,,
e1/L/R1/9,L,1,random,51200,0.0,False,,,
e1/L/R1/90,L,1,quadruplet,800,0.5,False,,,
e1/L/R1/90,L,1,quadruplet,6400,1.0,False,,,
e1/L/R1/90,L,1,quadruplet,51200,1.0,False,,,
e1/L/R1/90,L,1,quintuplet,800,0.5,False,,,
e1/L/R1/90,L,1,quintuplet,6400,1.0,False,,,
e1/L/R1/90,L,1,quintuplet,51200,1.0,False,,,
e1/L/R1/91,L,1,quadruplet,800,0.0,False,,,
e1/L/R1/91,L,1,quadruplet,6400,0.0,False,,,
e1/L/R1/91,L,1,quadruplet,51200,0.0,False,,,
e1/L/R1/91,L,1,quintuplet,800,0.0,False,,,
e1/L/R1/91,L,1,quintuplet,6400,0.0,False,,,
e1/L/R1/91,L,1,quintuplet,51200,0.0,False,,,
e1/L/R1/92,L,1,quadruplet,800,0.0,True,False,,
e1/L/R1/92,L,1,quadruplet,6400,0.0,True,False,,
e1/L/R1/92,L,1,quadruplet,51200,0.0,True,False,,
e1/L/R1/92,L,1,quintuplet,800,0.0,True,True,2.513039007602996e-05,0.02010431206082397
e1/L/R1/92,L,1,quintuplet,6400,0.3,True,True,2.513039007602996e-05,0.16083449648659176
e1/L/R1/92,L,1,quintuplet,51200,0.9,True,True,2.513039007602996e-05,1.286675971892734
e1/L/R1/93,L,1,quadruplet,800,0.3,False,,,
e1/L/R1/93,L,1,quadruplet,6400,0.9,False,,,
e1/L/R1/93,L,1,quadruplet,51200,1.0,False,,,
e1/L/R1/93,L,1,quintuplet,800,0.3,False,,,
e1/L/R1/93,L,1,quintuplet,6400,1.0,False,,,
e1/L/R1/93,L,1,quintuplet,51200,1.0,False,,,
e1/L/R1/94,L,1,quadruplet,800,0.3,False,,,
e1/L/R1/94,L,1,quadruplet,6400,0.9,False,,,
e1/L/R1/94,L,1,quadruplet,51200,1.0,False,,,
e1/L/R1/94,L,1,quintuplet,800,0.4,False,,,
e1/L/R1/94,L,1,quintuplet,6400,0.9,False,,,
e1/L/R1/94,L,1,quintuplet,51200,1.0,False,,,
e1/L/R1/95,L,1,quadruplet,800,0.0,True,True,3.2253382573411066e-05,0.025802706058728853
e1/L/R1/95,L,1,quadruplet,6400,0.7,True,True,3.2253382573411066e-05,0.20642164846983083
e1/L/R1/95,L,1,quadruplet,51200,1.0,True,True,3.2253382573411066e-05,1.6513731877586466
e1/L/R1/95,L,1,quintuplet,800,0.0,True,True,4.669705866898952e-05,0.03735764693519161
e1/L/R1/95,L,1,quintuplet,6400,0.7,True,True,4.669705866898952e-05,0.2988611754815329
e1/L/R1/95,L,1,quintuplet,51200,1.0,True,True,4.669705866898952e-05,2.3908894038522632
e1/L/R1/96,L,1,quadruplet,800,0.4,False,,,
e1/L/R1/96,L,1,quadruplet,6400,1.0,False,,,
e1/L/R1/96,L,1,quadruplet,51200,1.0,False,,,
e1/L/R1/96,L,1,quintuplet,800,0.2,False,,,
e1/L/R1/96,L,1,quintuplet,6400,0.9,False,,,
e1/L/R1/96,L,1,quintuplet,51200,1.0,False,,,
e1/L/R1/97,L,1,quadruplet,800,0.4,False,,,
e1/L/R1/97,L,1,quadruplet,6400,0.8,False,,,
e1/L/R1/97,L,1,quadruplet,51200,1.0,False,,,
e1/L/R1/97,L,1,quintuplet,800,0.9,False,,,
e1/L/R1/97,L,1,quintuplet,6400,1.0,False,,,
e1/L/R1/97,L,1,quintuplet,51200,0.9,False,,,
e1/L/R1/98,L,1,quadruplet,800,0.6,False,,,
e1/L/R1/98,L,1,quadruplet,6400,1.0,False,,,
e1/L/R1/98,L,1,quadruplet,51200,1.0,False,,,
e1/L/R1/98,L,1,quintuplet,800,0.8,False,,,
e1/L/R1/98,L,1,quintuplet,6400,0.8,False,,,
e1/L/R1/98,L,1,quintuplet,51200,1.0,False,,,
e1/L/R1/99,L,1,quadruplet,800,0.9,True,True,1.5329975574780528e-05,0.012263980459824422
e1/L/R1/99,L,1,quadruplet,6400,1.0,True,True,1.5329975574780528e-05,0.09811184367859538
e1/L/R1/99,L,1,quadruplet,51200,1.0,True,True,1.5329975574780528e-05,0.784894749428763
e1/L/R1/99,L,1,quintuplet,800,0.9,True,True,1.3488967307278329e-05,0.010791173845822663
e1/L/R1/99,L,1,quintuplet,6400,1.0,True,True,1.3488967307278329e-05,0.0863293907665813
e1/L/R1/99,L,1,quintuplet,51200,1.0,True,True,1.3488967307278329e-05,0.6906351261326504
e1/L/R2/0,L,2,quadruplet,800,0.0,True,False,,
e1/L/R2/0,L,2,quadruplet,6400,0.0,True,False,,
e1/L/R2/0,L,2,quadruplet,51200,0.0,True,False,,
e1/L/R2/0,L,2,quintuplet,800,0.0,True,False,,
e1/L/R2/0,L,2,quintuplet,6400,0.0,True,False,,
e1/L/R2/0,L,2,quintuplet,51200,0.0,True,False,,
e1/L/R2/0,L,2,random,800,0.0,True,False,,
e1/L/R2/0,L,2,random,6400,0.0,True,False,,
e1/L/R2/0,L,2,random,51200,0.0,True,False,,
e1/L/R2/1,L,2,quadruplet,800,0.0,True,False,,
e1/L/R2/1,L,2,quadruplet,6400,0.0,True,False,,
e1/L/R2/1,L,2,quadruplet,51200,0.0,True,False,,
e1/L/R2/1,L,2,quintuplet,800,0.0,True,False,,
e1/L/R2/1,L,2,quintuplet,6400,0.0,True,False,,
e1/L/R2/1,L,2,quintuplet,51200,0.0,True,False,,
e1/L/R2/1,L,2,random,800,0.0,True,False,,
e1/L/R2/1,L,2,random,6400,0.0,True,False,,
e1/L/R2/1,L,2,random,51200,0.0,True,False,,
e1/L/R2/10,L,2,quadruplet,800,0.4,True,True,2.101591314780322e-05,0.016812730518242575
e1/L/R2/10,L,2,quadruplet,6400,1.0,True,True,2.101591314780322e-05,0.1345018441459406
e1/L/R2/10,L,2,quadruplet,51200,1.0,True,True,2.101591314780322e-05,1.0760147531675248
e1/L/R2/10,L,2,quintuplet,800,0.0,True,True,5.38649429984551e-06,0.004309195439876408
e1/L/R2/10,L,2,quintuplet,6400,0.7,True,True,5.38649429984551e-06,0.03447356351901126
e1/L/R2/10,L,2,quintuplet,51200,1.0,True,True,5.38649429984551e-06,0.2757885081520901
e1/L/R2/11,L,2,quadruplet,800,0.1,True,True,8.858788592784617e-06,0.007087030874227693
e1/L/R2/11,L,2,quadruplet,6400,0.6,True,True,8.858788592784617e-06,0.056696246993821545
e1/L/R2/11,L,2,quadruplet,51200,0.9,True,True,8.858788592784617e-06,0.45356997595057236
e1/L/R2/11,L,2,quintuplet,800,0.1,True,True,1.6341110411722007e-05,0.013072888329377605
e1/L/R2/11,L,2,quintuplet,6400,0.5,True,True,1.6341110411722007e-05,0.10458310663502084
e1/L/R2/11,L,2,quintuplet,51200,1.0,True,True,1.6341110411722007e-05,0.8366648530801667
e1/L/R2/12,L,2,quadruplet,800,0.0,False,,,
e1/L/R2/12,L,2,quadruplet,6400,0.5,False,,,
e1/L/R2/12,L,2,quadruplet,51200,1.0,False,,,
e1/L/R2/12,L,2,quintuplet,800,0.2,False,,,
e1/L/R2/12,L,2,quintuplet,6400,0.7,False,,,
e1/L/R2/12,L,2,quintuplet,51200,1.0,False,,,
e1/L/R2/13,L,2,quadruplet,800,0.0,True,False,,
e1/L/R2/13,L,2,quadruplet,6400,0.2,True,False,,
e1/L/R2/13,L,2,quadruplet,51200,0.1,True,False,,
e1/L/R2/13,L,2,quintuplet,800,0.0,True,True,1.3017372961309532e-05,0.010413898369047625
e1/L/R2/13,L,2,quintuplet,6400,0.2,True,True,1.3017372961309532e-05,0.083311186952381
e1/L/R2/13,L,2,quintuplet,51200,0.9,True,True,1.3017372961309532e-05,0.666489495619048
e1/L/R2/14,L,2,quadruplet,800,0.2,True,True,1.3139117357939915e-06,0.001051129388635193
e1/L/R2/14,L,2,quadruplet,6400,0.4,True,True,1.3139117357939915e-06,0.008409035109081545
e1/L/R2/14,L,2,quadruplet,51200,0.8,True,True,1.3139117357939915e-06,0.06727228087265236
e1/L/R2/14,L,2,quintuplet,800,0.2,True,True,5.558324465539408e-07,0.00044466595724315265
e1/L/R2/14,L,2,quintuplet,6400,0.4,True,True,5.558324465539408e-07,0.003557327657945221
e1/L/R2/14,L,2,quintuplet,51200,0.7,True,True,5.558324465539408e-07,0.02845862126356177
e1/L/R2/15,L,2,quadruplet,800,0.1,True,True,7.230731765936133e-06,0.005784585412748906
e1/L/R2/15,L,2,quadruplet,6400,0.8,True,True,7.230731765936133e-06,0.04627668330199125
e1/L/R2/15,L,2,quadruplet,51200,1.0,True,True,7.230731765936133e-06,0.37021346641593
e1/L/R2/15,L,2,quintuplet,800,0.1,True,True,1.0339950607924907e-05,0.008271960486339925
e1/L/R2/15,L,2,quintuplet,6400,0.7,True,True,1.0339950607924907e-05,0.0661756838907194
e1/L/R2/15,L,2,quintuplet,51200,0.8,True,True,1.0339950607924907e-05,0.5294054711257552
e1/L/R2/16,L,2,quadruplet,800,0.4,False,,,
e1/L/R2/16,L,2,quadruplet,6400,1.0,False,,,
e1/L/R2/16,L,2,quadruplet,51200,1.0,False,,,
e1/L/R2/16,L,2,quintuplet,800,0.4,False,,,
e1/L/R2/16,L,2,quintuplet,6400,1.0,False,,,
e1/L/R2/16,L,2,quintuplet,51200,1.0,False,,,
e1/L/R2/17,L,2,quadruplet,800,0.0,False,,,
e1/L/R2/17,L,2,quadruplet,6400,0.5,False,,,
e1/L/R2/17,L,2,quadruplet,51200,1.0,False,,,
e1/L/R2/17,L,2,quintuplet,800,0.0,False,,,
e1/L/R2/17,L,2,quintuplet,6400,0.7,False,,,
e1/L/R2/17,L,2,quintuplet,51200,1.0,False,,,
e1/L/R2/18,L,2,quadruplet,800,0.0,True,False,,
e1/L/R2/18,L,2,quadruplet,6400,0.0,True,False,,
e1/L/R2/18,L,2,quadruplet,51200,0.0,True,False,,
e1/L/R2/18,L,2,quintuplet,800,0.0,True,False,,
e1/L/R2/18,L,2,quintuplet,6400,0.2,True,False,,
e1/L/R2/18,L,2,quintuplet,51200,0.2,True,False,,
e1/L/R2/19,L,2,quadruplet,800,0.0,True,False,,
e1/L/R2/19,L,2,quadruplet,6400,0.0,True,False,,
e1/L/R2/19,L,2,quadruplet,51200,0.0,True,False,,
e1/L/R2/19,L,2,quintuplet,800,0.0,True,False,,
e1/L/R2/19,L,2,quintuplet,6400,0.0,True,False,,
e1/L/R2/19,L,2,quintuplet,51200,0.0,True,False,,
e1/L/R2/2,L,2,quadruplet,800,0.0,False,,,
e1/L/R2/2,L,2,quadruplet,6400,0.0,False,,,
e1/L/R2/2,L,2,quadruplet,51200,0.0,False,,,
e1/L/R2/2,L,2,quintuplet,800,0.0,False,,,
e1/L/R2/2,L,2,quintuplet,6400,0.0,False,,,
e1/L/R2/2,L,2,quintuplet,51200,0.0,False,,,
e1/L/R2/2,L,2,random,800,0.0,False,,,
e1/L/R2/2,L,2,random,6400,0.0,False,,,
e1/L/R2/2,L,2,random,51200,0.0,False,,,
e1/L/R2/20,L,2,quadruplet,800,0.0,False,,,
e1/L/R2/20,L,2,quadruplet,6400,0.0,False,,,
e1/L/R2/20,L,2,quadruplet,51200,0.0,False,,,
e1/L/R2/20,L,2,quintuplet,800,0.0,False,,,
e1/L/R2/20,L,2,quintuplet,6400,0.0,False,,,
e1/L/R2/20,L,2,quintuplet,51200,0.0,False,,,
e1/L/R2/21,L,2,quadruplet,800,0.0,True,False,,
e1/L/R2/21,L,2,quadruplet,6400,0.0,True,False,,
e1/L/R2/21,L,2,quadruplet,51200,0.0,True,False,,
e1/L/R2/21,L,2,quintuplet,800,0.0,True,False,,
e1/L/R2/21,L,2,quintuplet,6400,0.0,True,False,,
e1/L/R2/21,L,2,quintuplet,51200,0.0,True,False,,
e1/L/R2/22,L,2,quadruplet,800,0.2,False,,,
e1/L/R2/22,L,2,quadruplet,6400,0.5,False,,,
e1/L/R2/22,L,2,quadruplet,51200,1.0,False,,,
e1/L/R2/22,L,2,quintuplet,800,0.1,False,,,
e1/L/R2/22,L,2,quintuplet,6400,0.2,False,,,
e1/L/R2/22,L,2,quintuplet,51200,1.0,False,,,
e1/L/R2/23,L,2,quadruplet,800,0.6,False,,,
e1/L/R2/23,L,2,quadruplet,6400,1.0,False,,,
e1/L/R2/23,L,2,quadruplet,51200,1.0,False,,,
e1/L/R2/23,L,2,quintuplet,800,0.7,False,,,
e1/L/R2/23,L,2,quintuplet,6400,1.0,False,,,
e1/L/R2/23,L,2,quintuplet,51200,1.0,False,,,
e1/L/R2/24,L,2,quadruplet,800,0.0,True,False,,
e1/L/R2/24,L,2,quadruplet,6400,0.0,True,False,,
e1/L/R2/24,L,2,quadruplet,51200,0.0,True,False,,
e1/L/R2/24,L,2,quintuplet,800,0.1,True,True,1.0304946883831938e-06,0.0008243957507065551
e1/L/R2/24,L,2,quintuplet,6400,0.0,True,True,1.0304946883831938e-06,0.006595166005652441
e1/L/R2/24,L,2,quintuplet,51200,0.3,True,True,1.0304946883831938e-06,0.052761328045219526
e1/L/R2/25,L,2,quadruplet,800,0.4,False,,,
e1/L/R2/25,L,2,quadruplet,6400,1.0,False,,,
e1/L/R2/25,L,2,quadruplet,51200,1.0,False,,,
e1/L/R2/25,L,2,quintuplet,800,0.4,False,,,
e1/L/R2/25,L,2,quintuplet,6400,0.8,False,,,
e1/L/R2/25,L,2,quintuplet,51200,1.0,False,,,
e1/L/R2/26,L,2,quadruplet,800,0.3,False,,,
e1/L/R2/26,L,2,quadruplet,6400,0.7,False,,,
e1/L/R2/26,L,2,quadruplet,51200,0.6,False,,,
e1/L/R2/26,L,2,quintuplet,800,0.4,False,,,
e1/L/R2/26,L,2,quintuplet,6400,1.0,False,,,
e1/L/R2/26,L,2,quintuplet,51200,1.0,False,,,
e1/L/R2/27,L,2,quadruplet,800,0.3,False,,,
e1/L/R2/27,L,2,quadruplet,6400,0.5,False,,,
e1/L/R2/27,L,2,quadruplet,51200,0.5,False,,,
e1/L/R2/27,L,2,quintuplet,800,0.5,False,,,
e1/L/R2/27,L,2,quintuplet,6400,1.0,False,,,
e1/L/R2/27,L,2,quintuplet,51200,1.0,False,,,
e1/L/R2/28,L,2,quadruplet,800,0.3,False,,,
e1/L/R2/28,L,2,quadruplet,6400,0.9,False,,,
e1/L/R2/28,L,2,quadruplet,51200,1.0,False,,,
e1/L/R2/28,L,2,quintuplet,800,0.3,False,,,
e1/L/R2/28,L,2,quintuplet,6400,0.8,False,,,
e1/L/R2/28,L,2,quintuplet,51200,1.0,False,,,
e1/L/R2/29,L,2,quadruplet,800,0.0,True,False,,
e1/L/R2/29,L,2,quadruplet,6400,0.0,True,False,,
e1/L/R2/29,L,2,quadruplet,51200,0.0,True,False,,
e1/L/R2/29,L,2,quintuplet,800,0.0,True,False,,
e1/L/R2/29,L,2,quintuplet,6400,0.0,True,False,,
e1/L/R2/29,L,2,quintuplet,51200,0.0,True,False,,
e1/L/R2/3,L,2,quadruplet,800,0.1,False,,,
e1/L/R2/3,L,2,quadruplet,6400,0.3,False,,,
e1/L/R2/3,L,2,quadruplet,51200,0.1,False,,,
e1/L/R2/3,L,2,quintuplet,800,0.4,False,,,
e1/L/R2/3,L,2,quintuplet,6400,0.6,False,,,
e1/L/R2/3,L,2,quintuplet,51200,0.7,False,,,
e1/L/R2/3,L,2,random,800,0.0,False,,,
e1/L/R2/3,L,2,random,6400,0.0,False,,,
e1/L/R2/3,L,2,random,51200,0.0,False,,,
e1/L/R2/30,L,2,quadruplet,800,0.0,True,True,1.2491801298529697e-06,0.0009993441038823757
e1/L/R2/30,L,2,quadruplet,6400,0.2,True,True,1.2491801298529697e-06,0.007994752831059005
e1/L/R2/30,L,2,quadruplet,51200,0.5,True,True,1.2491801298529697e-06,0.06395802264847204
e1/L/R2/30,L,2,quintuplet,800,0.0,True,True,5.675337020938992e-06,0.004540269616751193
e1/L/R2/30,L,2,quintuplet,6400,0.1,True,True,5.675337020938992e-06,0.036322156934009545
e1/L/R2/30,L,2,quintuplet,51200,0.4,True,True,5.675337020938992e-06,0.29057725547207636
e1/L/R2/31,L,2,quadruplet,800,0.6,True,True,4.326061243227038e-06,0.0034608489945816305
e1/L/R2/31,L,2,quadruplet,6400,1.0,True,True,4.326061243227038e-06,0.027686791956653044
e1/L/R2/31,L,2,quadruplet,51200,1.0,True,True,4.326061243227038e-06,0.22149433565322435
e1/L/R2/31,L,2,quintuplet,800,0.6,True,True,6.283435820963272e-06,0.005026748656770617
e1/L/R2/31,L,2,quintuplet,6400,1.0,True,True,6.283435820963272e-06,0.04021398925416494
e1/L/R2/31,L,2,quintuplet,51200,1.0,True,True,6.283435820963272e-06,0.3217119140333195
e1/L/R2/32,L,2,quadruplet,800,0.4,True,True,2.8420401793540078e-05,0.022736321434832063
e1/L/R2/32,L,2,quadruplet,6400,0.9,True,True,2.8420401793540078e-05,0.1818905714786565
e1/L/R2/32,L,2,quadruplet,51200,1.0,True,True,2.8420401793540078e-05,1.455124571829252
e1/L/R2/32,L,2,quintuplet,800,0.3,True,True,1.8255529773972995e-05,0.014604423819178397
e1/L/R2/32,L,2,quintuplet,6400,0.9,True,True,1.8255529773972995e-05,0.11683539055342718
e1/L/R2/32,L,2,quintuplet,51200,1.0,True,True,1.8255529773972995e-05,0.9346831244274174
e1/L/R2/33,L,2,quadruplet,800,1.0,True,True,1.5887045716255328e-05,0.012709636573004262
e1/L/R2/33,L,2,quadruplet,6400,1.0,True,True,1.5887045716255328e-05,0.1016770925840341
e1/L/R2/33,L,2,quadruplet,51200,1.0,True,True,1.5887045716255328e-05,0.8134167406722728
e1/L/R2/33,L,2,quintuplet,800,1.0,True,True,1.3989425943409137e-05,0.01119154075472731
e1/L/R2/33,L,2,quintuplet,6400,1.0,True,True,1.3989425943409137e-05,0.08953232603781848
e1/L/R2/33,L,2,quintuplet,51200,1.0,True,True,1.3989425943409137e-05,0.7162586083025478
e1/L/R2/34,L,2,quadruplet,800,0.0,True,True,4.152305238477238e-06,0.00332184419078179
e1/L/R2/34,L,2,quadruplet,6400,0.2,True,True,4.152305238477238e-06,0.02657475352625432
e1/L/R2/34,L,2,quadruplet,51200,0.8,True,True,4.152305238477238e-06,0.21259802821003457
e1/L/R2/34,L,2,quintuplet,800,0.0,True,True,3.0264962405660384e-05,0.024211969924528308
e1/L/R2/34,L,2,quintuplet,6400,0.6,True,True,3.0264962405660384e-05,0.19369575939622646
e1/L/R2/34,L,2,quintuplet,51200,1.0,True,True,3.0264962405660384e-05,1.5495660751698117
e1/L/R2/35,L,2,quadruplet,800,0.5,True,True,1.0936914877743628e-05,0.008749531902194902
e1/L/R2/35,L,2,quadruplet,6400,0.9,True,True,1.0936914877743628e-05,0.06999625521755921
e1/L/R2/35,L,2,quadruplet,51200,1.0,True,True,1.0936914877743628e-05,0.5599700417404737
e1/L/R2/35,L,2,quintuplet,800,0.5,True,True,1.615023899493215e-05,0.01292019119594572
e1/L/R2/35,L,2,quintuplet,6400,0.9,True,True,1.615023899493215e-05,0.10336152956756577
e1/L/R2/35,L,2,quintuplet,51200,1.0,True,True,1.615023899493215e-05,0.8268922365405261
e1/L/R2/36,L,2,quadruplet,800,0.3,True,True,1.1887697999843652e-05,0.009510158399874923
e1/L/R2/36,L,2,quadruplet,6400,0.8,True,True,1.1887697999843652e-05,0.07608126719899938
e1/L/R2/36,L,2,quadruplet,51200,1.0,True,True,1.1887697999843652e-05,0.608650137591995
e1/L/R2/36,L,2,quintuplet,800,0.3,True,True,2.5257710175431922e-05,0.020206168140345537
e1/L/R2/36,L,2,quintuplet,6400,0.8,True,True,2.5257710175431922e-05,0.1616493451227643
e1/L/R2/36,L,2,quintuplet,51200,1.0,True,True,2.5257710175431922e-05,1.2931947609821144
e1/L/R2/37,L,2,quadruplet,800,0.2,False,,,
e1/L/R2/37,L,2,quadruplet,6400,0.9,False,,,
e1/L/R2/37,L,2,quadruplet,51200,1.0,False,,,
e1/L/R2/37,L,2,quintuplet,800,0.2,False,,,
e1/L/R2/37,L,2,quintuplet,6400,0.9,False,,,
e1/L/R2/37,L,2,quintuplet,51200,1.0,False,,,
e1/L/R2/38,L,2,quadruplet,800,0.0,False,,,
e1/L/R2/38,L,2,quadruplet,6400,0.0,False,,,
e1/L/R2/38,L,2,quadruplet,51200,0.0,False,,,
e1/L/R2/38,L,2,quintuplet,800,0.0,False,,,
e1/L/R2/38,L,2,quintuplet,6400,0.0,False,,,
e1/L/R2/38,L,2,quintuplet,51200,0.0,False,,,
e1/L/R2/39,L,2,quadruplet,800,0.3,True,True,1.1303720752649399e-05,0.009042976602119519
e1/L/R2/39,L,2,quadruplet,6400,0.7,True,True,1.1303720752649399e-05,0.07234381281695615
e1/L/R2/39,L,2,quadruplet,51200,1.0,True,True,1.1303720752649399e-05,0.5787505025356492
e1/L/R2/39,L,2,quintuplet,800,0.4,True,True,3.915844914758111e-05,0.03132675931806488
e1/L/R2/39,L,2,quintuplet,6400,0.7,True,True,3.915844914758111e-05,0.25061407454451906
e1/L/R2/39,L,2,quintuplet,51200,1.0,True,True,3.915844914758111e-05,2.0049125963561525
e1/L/R2/4,L,2,quadruplet,800,0.7,True,True,1.1214401305452708e-05,0.008971521044362166
e1/L/R2/4,L,2,quadruplet,6400,1.0,True,True,1.1214401305452708e-05,0.07177216835489733
e1/L/R2/4,L,2,quadruplet,51200,1.0,True,True,1.1214401305452708e-05,0.5741773468391786
e1/L/R2/4,L,2,quintuplet,800,0.6,True,True,9.076693766308744e-06,0.007261355013046995
e1/L/R2/4,L,2,quintuplet,6400,1.0,True,True,9.076693766308744e-06,0.05809084010437596
e1/L/R2/4,L,2,quintuplet,51200,1.0,True,True,9.076693766308744e-06,0.46472672083500766
e1/L/R2/4,L,2,random,800,0.0,True,False,,
e1/L/R2/4,L,2,random,6400,0.0,True,False,,
e1/L/R2/4,L,2,random,51200,0.0,True,False,,
e1/L/R2/40,L,2,quadruplet,800,0.5,False,,,
e1/L/R2/40,L,2,quadruplet,6400,1.0,False,,,
e1/L/R2/40,L,2,quadruplet,51200,1.0,False,,,
e1/L/R2/40,L,2,quintuplet,800,0.5,False,,,
e1/L/R2/40,L,2,quintuplet,6400,1.0,False,,,
e1/L/R2/40,L,2,quintuplet,51200,1.0,False,,,
e1/L/R2/41,L,2,quadruplet,800,0.0,True,False,,
e1/L/R2/41,L,2,quadruplet,6400,0.0,True,False,,
e1/L/R2/41,L,2,quadruplet,51200,0.0,True,False,,
e1/L/R2/41,L,2,quintuplet,800,0.0,True,False,,
e1/L/R2/41,L,2,quintuplet,6400,0.0,True,False,,
e1/L/R2/41,L,2,quintuplet,51200,0.0,True,False,,
e1/L/R2/42,L,2,quadruplet,800,0.6,True,True,2.728874135919583e-06,0.0021830993087356663
e1/L/R2/42,L,2,quadruplet,6400,1.0,True,True,2.728874135919583e-06,0.01746479446988533
e1/L/R2/42,L,2,quadruplet,51200,1.0,True,True,2.728874135919583e-06,0.13971835575908265
e1/L/R2/42,L,2,quintuplet,800,0.6,True,True,3.694555133325546e-06,0.002955644106660437
e1/L/R2/42,L,2,quintuplet,6400,1.0,True,True,3.694555133325546e-06,0.023645152853283495
e1/L/R2/42,L,2,quintuplet,51200,1.0,True,True,3.694555133325546e-06,0.18916122282626796
e1/L/R2/43,L,2,quadruplet,800,0.0,False,,,
e1/L/R2/43,L,2,quadruplet,6400,0.5,False,,,
e1/L/R2/43,L,2,quadruplet,51200,1.0,False,,,
e1/L/R2/43,L,2,quintuplet,800,0.1,False,,,
e1/L/R2/43,L,2,quintuplet,6400,0.7,False,,,
e1/L/R2/43,L,2,quintuplet,51200,1.0,False,,,
e1/L/R2/44,L,2,quadruplet,800,0.6,False,,,
e1/L/R2/44,L,2,quadruplet,6400,0.3,False,,,
e1/L/R2/44,L,2,quadruplet,51200,0.4,False,,,
e1/L/R2/44,L,2,quintuplet,800,0.7,False,,,
e1/L/R2/44,L,2,quintuplet,6400,1.0,False,,,
e1/L/R2/44,L,2,quintuplet,51200,1.0,False,,,
e1/L/R2/45,L,2,quadruplet,800,0.0,True,True,6.169759210431548e-06,0.004935807368345238
e1/L/R2/45,L,2,quadruplet,6400,0.0,True,True,6.169759210431548e-06,0.03948645894676191
e1/L/R2/45,L,2,quadruplet,51200,0.8,True,True,6.169759210431548e-06,0.31589167157409526
e1/L/R2/45,L,2,quintuplet,800,0.0,True,True,1.9926239348543164e-05,0.015940991478834533
e1/L/R2/45,L,2,quintuplet,6400,0.3,True,True,1.9926239348543164e-05,0.12752793183067626
e1/L/R2/45,L,2,quintuplet,51200,1.0,True,True,1.9926239348543164e-05,1.02022345464541
e1/L/R2/46,L,2,quadruplet,800,0.0,True,False,,
e1/L/R2/46,L,2,quadruplet,6400,0.0,True,False,,
e1/L/R2/46,L,2,quadruplet,51200,0.0,True,False,,
e1/L/R2/46,L,2,quintuplet,800,0.0,True,False,,
e1/L/R2/46,L,2,quintuplet,6400,0.0,True,False,,
e1/L/R2/46,L,2,quintuplet,51200,0.0,True,False,,
e1/L/R2/47,L,2,quadruplet,800,0.0,False,,,
e1/L/R2/47,L,2,quadruplet,6400,0.0,False,,,
e1/L/R2/47,L,2,quadruplet,51200,0.0,False,,,
e1/L/R2/47,L,2,quintuplet,800,0.1,False,,,
e1/L/R2/47,L,2,quintuplet,6400,0.1,False,,,
e1/L/R2/47,L,2,quintuplet,51200,0.0,False,,,
e1/L/R2/48,L,2,quadruplet,800,0.1,True,False,,
e1/L/R2/48,L,2,quadruplet,6400,0.1,True,False,,
e1/L/R2/48,L,2,quadruplet,51200,0.0,True,False,,
e1/L/R2/48,L,2,quintuplet,800,0.2,True,True,3.182426203497836e-06,0.002545940962798269
e1/L/R2/48,L,2,quintuplet,6400,0.9,True,True,3.182426203497836e-06,0.020367527702386153
e1/L/R2/48,L,2,quintuplet,51200,1.0,True,True,3.182426203497836e-06,0.16294022161908922
e1/L/R2/49,L,2,quadruplet,800,0.0,True,False,,
e1/L/R2/49,L,2,quadruplet,6400,0.0,True,False,,
e1/L/R2/49,L,2,quadruplet,51200,0.0,True,False,,
e1/L/R2/49,L,2,quintuplet,800,0.1,True,True,3.694513184453961e-05,0.02955610547563169
e1/L/R2/49,L,2,quintuplet,6400,0.4,True,True,3.694513184453961e-05,0.23644884380505352
e1/L/R2/49,L,2,quintuplet,51200,0.9,True,True,3.694513184453961e-05,1.8915907504404281
e1/L/R2/5,L,2,quadruplet,800,0.4,True,True,6.072192538379016e-06,0.004857754030703212
e1/L/R2/5,L,2,quadruplet,6400,0.9,True,True,6.072192538379016e-06,0.0388620322456257
e1/L/R2/5,L,2,quadruplet,51200,1.0,True,True,6.072192538379016e-06,0.3108962579650056
e1/L/R2/5,L,2,quintuplet,800,0.6,True,True,8.662726080726875e-06,0.0069301808645815
e1/L/R2/5,L,2,quintuplet,6400,1.0,True,True,8.662726080726875e-06,0.055441446916652
e1/L/R2/5,L,2,quintuplet,51200,1.0,True,True,8.662726080726875e-06,0.443531575333216
e1/L/R2/5,L,2,random,800,0.0,True,False,,
e1/L/R2/5,L,2,random,6400,0.0,True,False,,
e1/L/R2/5,L,2,random,51200,0.0,True,False,,
e1/L/R2/50,L,2,quadruplet,800,0.7,True,True,9.335501667528097e-06,0.007468401334022478
e1/L/R2/50,L,2,quadruplet,6400,1.0,True,True,9.335501667528097e-06,0.05974721067217982
e1/L/R2/50,L,2,quadruplet,51200,1.0,True,True,9.335501667528097e-06,0.47797768537743857
e1/L/R2/50,L,2,quintuplet,800,0.8,True,True,1.316789678475274e-05,0.010534317427802191
e1/L/R2/50,L,2,quintuplet,6400,1.0,True,True,1.316789678475274e-05,0.08427453942241753
e1/L/R2/50,L,2,quintuplet,51200,1.0,True,True,1.316789678475274e-05,0.6741963153793402
e1/L/R2/51,L,2,quadruplet,800,0.7,False,,,
e1/L/R2/51,L,2,quadruplet,6400,1.0,False,,,
e1/L/R2/51,L,2,quadruplet,51200,1.0,False,,,
e1/L/R2/51,L,2,quintuplet,800,0.5,False,,,
e1/L/R2/51,L,2,quintuplet,6400,1.0,False,,,
e1/L/R2/51,L,2,quintuplet,51200,1.0,False,,,
e1/L/R2/52,L,2,quadruplet,800,0.4,True,True,4.3821185833194315e-06,0.0035056948666555452
e1/L/R2/52,L,2,quadruplet,6400,1.0,True,True,4.3821185833194315e-06,0.028045558933244362
e1/L/R2/52,L,2,quadruplet,51200,1.0,True,True,4.3821185833194315e-06,0.2243644714659549
e1/L/R2/52,L,2,quintuplet,800,0.7,True,True,6.022187678461303e-06,0.004817750142769042
e1/L/R2/52,L,2,quintuplet,6400,1.0,True,True,6.022187678461303e-06,0.03854200114215234
e1/L/R2/52,L,2,quintuplet,51200,1.0,True,True,6.022187678461303e-06,0.3083360091372187
e1/L/R2/53,L,2,quadruplet,800,0.4,False,,,
e1/L/R2/53,L,2,quadruplet,6400,0.9,False,,,
e1/L/R2/53,L,2,quadruplet,51200,1.0,False,,,
e1/L/R2/53,L,2,quintuplet,800,0.3,False,,,
e1/L/R2/53,L,2,quintuplet,6400,0.9,False,,,
e1/L/R2/53,L,2,quintuplet,51200,1.0,False,,,
e1/L/R2/54,L,2,quadruplet,800,0.1,True,True,2.5324986370573767e-06,0.0020259989096459013
e1/L/R2/54,L,2,quadruplet,6400,0.8,True,True,2.5324986370573767e-06,0.01620799127716721
e1/L/R2/54,L,2,quadruplet,51200,1.0,True,True,2.5324986370573767e-06,0.1296639302173377
e1/L/R2/54,L,2,quintuplet,800,0.5,True,True,3.574212360908142e-06,0.002859369888726514
e1/L/R2/54,L,2,quintuplet,6400,1.0,True,True,3.574212360908142e-06,0.02287495910981211
e1/L/R2/54,L,2,quintuplet,51200,1.0,True,True,3.574212360908142e-06,0.1829996728784969
e1/L/R2/55,L,2,quadruplet,800,0.0,True,False,,
e1/L/R2/55,L,2,quadruplet,6400,0.0,True,False,,
e1/L/R2/55,L,2,quadruplet,51200,0.0,True,False,,
e1/L/R2/55,L,2,quintuplet,800,0.0,True,False,,
e1/L/R2/55,L,2,quintuplet,6400,0.0,True,False,,
e1/L/R2/55,L,2,quintuplet,51200,0.0,True,False,,
e1/L/R2/56,L,2,quadruplet,800,0.1,False,,,
e1/L/R2/56,L,2,quadruplet,6400,0.0,False,,,
e1/L/R2/56,L,2,quadruplet,51200,0.0,False,,,
e1/L/R2/56,L,2,quintuplet,800,0.4,False,,,
e1/L/R2/56,L,2,quintuplet,6400,0.8,False,,,
e1/L/R2/56,L,2,quintuplet,51200,1.0,False,,,
e1/L/R2/57,L,2,quadruplet,800,0.0,False,,,
e1/L/R2/57,L,2,quadruplet,6400,0.4,False,,,
e1/L/R2/57,L,2,quadruplet,51200,1.0,False,,,
e1/L/R2/57,L,2,quintuplet,800,0.2,False,,,
e1/L/R2/57,L,2,quintuplet,6400,0.8,False,,,
e1/L/R2/57,L,2,quintuplet,51200,1.0,False,,,
e1/L/R2/58,L,2,quadruplet,800,0.1,False,,,
e1/L/R2/58,L,2,quadruplet,6400,0.6,False,,,
e1/L/R2/58,L,2,quadruplet,51200,1.0,False,,,
e1/L/R2/58,L,2,quintuplet,800,0.2,False,,,
e1/L/R2/58,L,2,quintuplet,6400,0.8,False,,,
e1/L/R2/58,L,2,quintuplet,51200,1.0,False,,,
e1/L/R2/59,L,2,quadruplet,800,0.2,True,True,1.777622559217189e-05,0.014220980473737512
e1/L/R2/59,L,2,quadruplet,6400,0.7,True,True,1.777622559217189e-05,0.1137678437899001
e1/L/R2/59,L,2,quadruplet,51200,1.0,True,True,1.777622559217189e-05,0.9101427503192008
e1/L/R2/59,L,2,quintuplet,800,0.1,True,True,2.4830388999702016e-05,0.019864311199761613
e1/L/R2/59,L,2,quintuplet,6400,0.6,True,True,2.4830388999702016e-05,0.1589144895980929
e1/L/R2/59,L,2,quintuplet,51200,1.0,True,True,2.4830388999702016e-05,1.2713159167847432
e1/L/R2/6,L,2,quadruplet,800,0.0,False,,,
e1/L/R2/6,L,2,quadruplet,6400,0.0,False,,,
e1/L/R2/6,L,2,quadruplet,51200,0.0,False,,,
e1/L/R2/6,L,2,quintuplet,800,0.0,False,,,
e1/L/R2/6,L,2,quintuplet,6400,0.0,False,,,
e1/L/R2/6,L,2,quintuplet,51200,0.0,False,,,
e1/L/R2/6,L,2,random,800,0.0,False,,,
e1/L/R2/6,L,2,random,6400,0.0,False,,,
e1/L/R2/6,L,2,random,51200,0.0,False,,,
e1/L/R2/60,L,2,quadruplet,800,0.0,True,False,,
e1/L/R2/60,L,2,quadruplet,6400,0.0,True,False,,
e1/L/R2/60,L,2,quadruplet,51200,0.0,True,False,,
e1/L/R2/60,L,2,quintuplet,800,0.0,True,False,,
e1/L/R2/60,L,2,quintuplet,6400,0.0,True,False,,
e1/L/R2/60,L,2,quintuplet,51200,0.0,True,False,,
e1/L/R2/61,L,2,quadruplet,800,0.7,False,,,
e1/L/R2/61,L,2,quadruplet,6400,1.0,False,,,
e1/L/R2/61,L,2,quadruplet,51200,1.0,False,,,
e1/L/R2/61,L,2,quintuplet,800,0.9,False,,,
e1/L/R2/61,L,2,quintuplet,6400,1.0,False,,,
e1/L/R2/61,L,2,quintuplet,51200,1.0,False,,,
e1/L/R2/62,L,2,quadruplet,800,0.0,True,False,,
e1/L/R2/62,L,2,quadruplet,6400,0.0,True,False,,
e1/L/R2/62,L,2,quadruplet,51200,0.0,True,False,,
e1/L/R2/62,L,2,quintuplet,800,0.0,True,True,1.4539100290753124e-05,0.011631280232602499
e1/L/R2/62,L,2,quintuplet,6400,0.3,True,True,1.4539100290753124e-05,0.09305024186081999
e1/L/R2/62,L,2,quintuplet,51200,0.6,True,True,1.4539100290753124e-05,0.7444019348865599
e1/L/R2/63,L,2,quadruplet,800,0.7,False,,,
e1/L/R2/63,L,2,quadruplet,6400,1.0,False,,,
e1/L/R2/63,L,2,quadruplet,51200,1.0,False,,,
e1/L/R2/63,L,2,quintuplet,800,0.8,False,,,
e1/L/R2/63,L,2,quintuplet,6400,1.0,False,,,
e1/L/R2/63,L,2,quintuplet,51200,1.0,False,,,
e1/L/R2/64,L,2,quadruplet,800,0.0,True,False,,
e1/L/R2/64,L,2,quadruplet,6400,0.0,True,False,,
e1/L/R2/64,L,2,quadruplet,51200,0.0,True,False,,
e1/L/R2/64,L,2,quintuplet,800,0.0,True,False,,
e1/L/R2/64,L,2,quintuplet,6400,0.1,True,False,,
e1/L/R2/64,L,2,quintuplet,51200,0.0,True,False,,
e1/L/R2/65,L,2,quadruplet,800,0.1,False,,,
e1/L/R2/65,L,2,quadruplet,6400,0.0,False,,,
e1/L/R2/65,L,2,quadruplet,51200,0.0,False,,,
e1/L/R2/65,L,2,quintuplet,800,0.3,False,,,
e1/L/R2/65,L,2,quintuplet,6400,0.9,False,,,
e1/L/R2/65,L,2,quintuplet,51200,1.0,False,,,
e1/L/R2/66,L,2,quadruplet,800,0.0,True,False,,
e1/L/R2/66,L,2,quadruplet,6400,0.0,True,False,,
e1/L/R2/66,L,2,quadruplet,51200,0.0,True,False,,
e1/L/R2/66,L,2,quintuplet,800,0.0,True,True,5.869113888211552e-07,0.0004695291110569242
e1/L/R2/66,L,2,quintuplet,6400,0.1,True,True,5.869113888211552e-07,0.0037562328884553934
e1/L/R2/66,L,2,quintuplet,51200,0.6,True,True,5.869113888211552e-07,0.030049863107643147
e1/L/R2/67,L,2,quadruplet,800,0.5,False,,,
e1/L/R2/67,L,2,quadruplet,6400,1.0,False,,,
e1/L/R2/67,L,2,quadruplet,51200,1.0,False,,,
e1/L/R2/67,L,2,quintuplet,800,0.6,False,,,
e1/L/R2/67,L,2,quintuplet,6400,1.0,False,,,
e1/L/R2/67,L,2,quintuplet,51200,1.0,False,,,
e1/L/R2/68,L,2,quadruplet,800,0.1,False,,,
e1/L/R2/68,L,2,quadruplet,6400,1.0,False,,,
e1/L/R2/68,L,2,quadruplet,51200,1.0,False,,,
e1/L/R2/68,L,2,quintuplet,800,0.1,False,,,
e1/L/R2/68,L,2,quintuplet,6400,0.9,False,,,
e1/L/R2/68,L,2,quintuplet,51200,1.0,False,,,
e1/L/R2/69,L,2,quadruplet,800,0.4,True,True,3.332455290482675e-05,0.0266596423238614
e1/L/R2/69,L,2,quadruplet,6400,0.9,True,True,3.332455290482675e-05,0.2132771385908912
e1/L/R2/69,L,2,quadruplet,51200,1.0,True,True,3.332455290482675e-05,1.7062171087271296
e1/L/R2/69,L,2,quintuplet,800,0.4,True,True,1.8227926349058222e-05,0.014582341079246577
e1/L/R2/69,L,2,quintuplet,6400,0.6,True,True,1.8227926349058222e-05,0.11665872863397261
e1/L/R2/69,L,2,quintuplet,51200,1.0,True,True,1.8227926349058222e-05,0.9332698290717809
e1/L/R2/7,L,2,quadruplet,800,0.1,True,False,,
e1/L/R2/7,L,2,quadruplet,6400,0.0,True,False,,
e1/L/R2/7,L,2,quadruplet,51200,0.0,True,False,,
e1/L/R2/7,L,2,quintuplet,800,0.3,True,True,7.414465135366518e-07,0.0005931572108293214
e1/L/R2/7,L,2,quintuplet,6400,0.6,True,True,7.414465135366518e-07,0.004745257686634571
e1/L/R2/7,L,2,quintuplet,51200,1.0,True,True,7.414465135366518e-07,0.03796206149307657
e1/L/R2/7,L,2,random,800,0.0,True,False,,
e1/L/R2/7,L,2,random,6400,0.0,True,False,,
e1/L/R2/7,L,2,random,51200,0.0,True,False,,
e1/L/R2/70,L,2,quadruplet,800,0.2,True,True,1.7668476482550536e-05,0.014134781186040429
e1/L/R2/70,L,2,quadruplet,6400,0.6,True,True,1.7668476482550536e-05,0.11307824948832343
e1/L/R2/70,L,2,quadruplet,51200,1.0,True,True,1.7668476482550536e-05,0.9046259959065874
e1/L/R2/70,L,2,quintuplet,800,0.2,True,True,2.5146589888644526e-05,0.02011727191091562
e1/L/R2/70,L,2,quintuplet,6400,0.5,True,True,2.5146589888644526e-05,0.16093817528732496
e1/L/R2/70,L,2,quintuplet,51200,1.0,True,True,2.5146589888644526e-05,1.2875054022985997
e1/L/R2/71,L,2,quadruplet,800,0.8,True,True,3.4418932395347804e-06,0.0027535145916278243
e1/L/R2/71,L,2,quadruplet,6400,1.0,True,True,3.4418932395347804e-06,0.022028116733022594
e1/L/R2/71,L,2,quadruplet,51200,1.0,True,True,3.4418932395347804e-06,0.17622493386418076
e1/L/R2/71,L,2,quintuplet,800,0.8,True,True,8.318708333121738e-06,0.00665496666649739
e1/L/R2/71,L,2,quintuplet,6400,1.0,True,True,8.318708333121738e-06,0.05323973333197912
e1/L/R2/71,L,2,quintuplet,51200,1.0,True,True,8.318708333121738e-06,0.425917866655833
e1/L/R2/72,L,2,quadruplet,800,0.9,True,True,1.5347455089102427e-05,0.012277964071281941
e1/L/R2/72,L,2,quadruplet,6400,1.0,True,True,1.5347455089102427e-05,0.09822371257025553
e1/L/R2/72,L,2,quadruplet,51200,1.0,True,True,1.5347455089102427e-05,0.7857897005620442
e1/L/R2/72,L,2,quintuplet,800,0.8,True,True,1.3504988309165787e-05,0.01080399064733263
e1/L/R2/72,L,2,quintuplet,6400,1.0,True,True,1.3504988309165787e-05,0.08643192517866104
e1/L/R2/72,L,2,quintuplet,51200,1.0,True,True,1.3504988309165787e-05,0.6914554014292883
e1/L/R2/73,L,2,quadruplet,800,0.0,True,False,,
e1/L/R2/73,L,2,quadruplet,6400,0.0,True,False,,
e1/L/R2/73,L,2,quadruplet,51200,0.0,True,False,,
e1/L/R2/73,L,2,quintuplet,800,0.0,True,False,,
e1/L/R2/73,L,2,quintuplet,6400,0.0,True,False,,
e1/L/R2/73,L,2,quintuplet,51200,0.0,True,False,,
e1/L/R2/74,L,2,quadruplet,800,0.8,True,True,1.5507716665440787e-05,0.01240617333235263
e1/L/R2/74,L,2,quadruplet,6400,1.0,True,True,1.5507716665440787e-05,0.09924938665882103
e1/L/R2/74,L,2,quadruplet,51200,1.0,True,True,1.5507716665440787e-05,0.7939950932705683
e1/L/R2/74,L,2,quintuplet,800,0.8,True,True,1.3656131215992342e-05,0.010924904972793874
e1/L/R2/74,L,2,quintuplet,6400,1.0,True,True,1.3656131215992342e-05,0.087399239782351
e1/L/R2/74,L,2,quintuplet,51200,1.0,True,True,1.3656131215992342e-05,0.699193918258808
e1/L/R2/75,L,2,quadruplet,800,0.7,True,True,1.3572115565656972e-05,0.010857692452525578
e1/L/R2/75,L,2,quadruplet,6400,1.0,True,True,1.3572115565656972e-05,0.08686153962020463
e1/L/R2/75,L,2,quadruplet,51200,1.0,True,True,1.3572115565656972e-05,0.694892316961637
e1/L/R2/75,L,2,quintuplet,800,0.4,True,True,8.9721573761276e-06,0.00717772590090208
e1/L/R2/75,L,2,quintuplet,6400,1.0,True,True,8.9721573761276e-06,0.05742180720721664
e1/L/R2/75,L,2,quintuplet,51200,1.0,True,True,8.9721573761276e-06,0.4593744576577331
e1/L/R2/76,L,2,quadruplet,800,0.7,False,,,
e1/L/R2/76,L,2,quadruplet,6400,1.0,False,,,
e1/L/R2/76,L,2,quadruplet,51200,1.0,False,,,
e1/L/R2/76,L,2,quintuplet,800,0.5,False,,,
e1/L/R2/76,L,2,quintuplet,6400,1.0,False,,,
e1/L/R2/76,L,2,quintuplet,51200,1.0,False,,,
e1/L/R2/77,L,2,quadruplet,800,1.0,True,True,1.671714148580257e-05,0.013373713188642056
e1/L/R2/77,L,2,quadruplet,6400,1.0,True,True,1.671714148580257e-05,0.10698970550913645
e1/L/R2/77,L,2,quadruplet,51200,1.0,True,True,1.671714148580257e-05,0.8559176440730916
e1/L/R2/77,L,2,quintuplet,800,0.7,True,True,1.216564065592974e-05,0.009732512524743792
e1/L/R2/77,L,2,quintuplet,6400,1.0,True,True,1.216564065592974e-05,0.07786010019795034
e1/L/R2/77,L,2,quintuplet,51200,1.0,True,True,1.216564065592974e-05,0.6228808015836027
e1/L/R2/78,L,2,quadruplet,800,0.0,False,,,
e1/L/R2/78,L,2,quadruplet,6400,0.0,False,,,
e1/L/R2/78,L,2,quadruplet,51200,0.0,False,,,
e1/L/R2/78,L,2,quintuplet,800,0.0,False,,,
e1/L/R2/78,L,2,quintuplet,6400,0.0,False,,,
e1/L/R2/78,L,2,quintuplet,51200,0.0,False,,,
e1/L/R2/79,L,2,quadruplet,800,0.4,False,,,
e1/L/R2/79,L,2,quadruplet,6400,0.8,False,,,
e1/L/R2/79,L,2,quadruplet,51200,1.0,False,,,
e1/L/R2/79,L,2,quintuplet,800,0.5,False,,,
e1/L/R2/79,L,2,quintuplet,6400,1.0,False,,,
e1/L/R2/79,L,2,quintuplet,51200,1.0,False,,,
e1/L/R2/8,L,2,quadruplet,800,0.0,True,True,2.1703274570630774e-05,0.017362619656504617
e1/L/R2/8,L,2,quadruplet,6400,0.7,True,True,2.1703274570630774e-05,0.13890095725203694
e1/L/R2/8,L,2,quadruplet,51200,1.0,True,True,2.1703274570630774e-05,1.1112076580162955
e1/L/R2/8,L,2,quintuplet,800,0.2,True,True,4.1940320364509174e-05,0.03355225629160734
e1/L/R2/8,L,2,quintuplet,6400,0.8,True,True,4.1940320364509174e-05,0.2684180503328587
e1/L/R2/8,L,2,quintuplet,51200,1.0,True,True,4.1940320364509174e-05,2.1473444026628696
e1/L/R2/8,L,2,random,800,0.0,True,False,,
e1/L/R2/8,L,2,random,6400,0.0,True,False,,
e1/L/R2/8,L,2,random,51200,0.0,True,False,,
e1/L/R2/80,L,2,quadruplet,800,0.0,True,False,,
e1/L/R2/80,L,2,quadruplet,6400,0.0,True,False,,
e1/L/R2/80,L,2,quadruplet,51200,0.0,True,False,,
e1/L/R2/80,L,2,quintuplet,800,0.0,True,False,,
e1/L/R2/80,L,2,quintuplet,6400,0.0,True,False,,
e1/L/R2/80,L,2,quintuplet,51200,0.0,True,False,,
e1/L/R2/81,L,2,quadruplet,800,0.3,False,,,
e1/L/R2/81,L,2,quadruplet,6400,0.7,False,,,
e1/L/R2/81,L,2,quadruplet,51200,1.0,False,,,
e1/L/R2/81,L,2,quintuplet,800,0.3,False,,,
e1/L/R2/81,L,2,quintuplet,6400,1.0,False,,,
e1/L/R2/81,L,2,quintuplet,51200,1.0,False,,,
e1/L/R2/82,L,2,quadruplet,800,0.1,False,,,
e1/L/R2/82,L,2,quadruplet,6400,0.0,False,,,
e1/L/R2/82,L,2,quadruplet,51200,0.0,False,,,
e1/L/R2/82,L,2,quintuplet,800,0.1,False,,,
e1/L/R2/82,L,2,quintuplet,6400,0.5,False,,,
e1/L/R2/82,L,2,quintuplet,51200,0.3,False,,,
e1/L/R2/83,L,2,quadruplet,800,0.4,True,True,3.505040415784536e-06,0.0028040323326276287
e1/L/R2/83,L,2,quadruplet,6400,1.0,True,True,3.505040415784536e-06,0.02243225866102103
e1/L/R2/83,L,2,quadruplet,51200,1.0,True,True,3.505040415784536e-06,0.17945806928816824
e1/L/R2/83,L,2,quintuplet,800,0.6,True,True,4.751116507318935e-06,0.003800893205855148
e1/L/R2/83,L,2,quintuplet,6400,1.0,True,True,4.751116507318935e-06,0.030407145646841185
e1/L/R2/83,L,2,quintuplet,51200,1.0,True,True,4.751116507318935e-06,0.24325716517472948
e1/L/R2/84,L,2,quadruplet,800,0.1,True,True,1.6234895411233932e-08,1.2987916328987146e-05
e1/L/R2/84,L,2,quadruplet,6400,0.1,True,True,1.6234895411233932e-08,0.00010390333063189717
e1/L/R2/84,L,2,quadruplet,51200,0.3,True,True,1.6234895411233932e-08,0.0008312266450551774
e1/L/R2/84,L,2,quintuplet,800,0.0,True,True,2.9164231191281563e-06,0.002333138495302525
e1/L/R2/84,L,2,quintuplet,6400,0.2,True,True,2.9164231191281563e-06,0.0186651079624202
e1/L/R2/84,L,2,quintuplet,51200,0.5,True,True,2.9164231191281563e-06,0.1493208636993616
e1/L/R2/85,L,2,quadruplet,800,0.0,False,,,
e1/L/R2/85,L,2,quadruplet,6400,0.0,False,,,
e1/L/R2/85,L,2,quadruplet,51200,0.0,False,,,
e1/L/R2/85,L,2,quintuplet,800,0.0,False,,,
e1/L/R2/85,L,2,quintuplet,6400,0.0,False,,,
e1/L/R2/85,L,2,quintuplet,51200,0.0,False,,,
e1/L/R2/86,L,2,quadruplet,800,0.1,True,True,1.3376391832238387e-05,0.01070111346579071
e1/L/R2/86,L,2,quadruplet,6400,0.4,True,True,1.3376391832238387e-05,0.08560890772632568
e1/L/R2/86,L,2,quadruplet,51200,0.7,True,True,1.3376391832238387e-05,0.6848712618106054
e1/L/R2/86,L,2,quintuplet,800,0.2,True,True,1.4949610645550478e-05,0.011959688516440383
e1/L/R2/86,L,2,quintuplet,6400,0.4,True,True,1.4949610645550478e-05,0.09567750813152306
e1/L/R2/86,L,2,quintuplet,51200,0.7,True,True,1.4949610645550478e-05,0.7654200650521845
e1/L/R2/87,L,2,quadruplet,800,0.1,True,True,2.3814237103114168e-06,0.0019051389682491334
e1/L/R2/87,L,2,quadruplet,6400,0.3,True,True,2.3814237103114168e-06,0.015241111745993068
e1/L/R2/87,L,2,quadruplet,51200,0.5,True,True,2.3814237103114168e-06,0.12192889396794454
e1/L/R2/87,L,2,quintuplet,800,0.1,True,False,,
e1/L/R2/87,L,2,quintuplet,6400,0.2,True,False,,
e1/L/R2/87,L,2,quintuplet,51200,0.1,True,False,,
e1/L/R2/88,L,2,quadruplet,800,0.0,False,,,
e1/L/R2/88,L,2,quadruplet,6400,0.0,False,,,
e1/L/R2/88,L,2,quadruplet,51200,0.0,False,,,
e1/L/R2/88,L,2,quintuplet,800,0.1,False,,,
e1/L/R2/88,L,2,quintuplet,6400,0.3,False,,,
e1/L/R2/88,L,2,quintuplet,51200,0.6,False,,,
e1/L/R2/89,L,2,quadruplet,800,0.8,True,True,1.559569010006313e-05,0.012476552080050503
e1/L/R2/89,L,2,quadruplet,6400,1.0,True,True,1.559569010006313e-05,0.09981241664040402
e1/L/R2/89,L,2,quadruplet,51200,1.0,True,True,1.559569010006313e-05,0.7984993331232322
e1/L/R2/89,L,2,quintuplet,800,0.6,True,True,1.3747121629998862e-05,0.01099769730399909
e1/L/R2/89,L,2,quintuplet,6400,1.0,True,True,1.3747121629998862e-05,0.08798157843199272
e1/L/R2/89,L,2,quintuplet,51200,1.0,True,True,1.3747121629998862e-05,0.7038526274559418
e1/L/R2/9,L,2,quadruplet,800,0.6,False,,,
e1/L/R2/9,L,2,quadruplet,6400,0.9,False,,,
e1/L/R2/9,L,2,quadruplet,51200,1.0,False,,,
e1/L/R2/9,L,2,quintuplet,800,0.1,False,,,
e1/L/R2/9,L,2,quintuplet,6400,0.8,False,,,
e1/L/R2/9,L,2,quintuplet,51200,1.0,False,,,
e1/L/R2/9,L,2,random,800,0.0,False,,,
e1/L/R2/9,L,2,random,6400,0.0,False,,,
e1/L/R2/9,L,2,random,51200,0.0,False,,,
e1/L/R2/90,L,2,quadruplet,800,0.0,False,,,
e1/L/R2/90,L,2,quadruplet,6400,0.1,False,,,
e1/L/R2/90,L,2,quadruplet,51200,0.1,False,,,
e1/L/R2/90,L,2,quintuplet,800,0.0,False,,,
e1/L/R2/90,L,2,quintuplet,6400,0.3,False,,,
e1/L/R2/90,L,2,quintuplet,51200,0.4,False,,,
e1/L/R2/91,L,2,quadruplet,800,0.0,False,,,
e1/L/R2/91,L,2,quadruplet,6400,0.2,False,,,
e1/L/R2/91,L,2,quadruplet,51200,0.0,False,,,
e1/L/R2/91,L,2,quintuplet,800,0.0,False,,,
e1/L/R2/91,L,2,quintuplet,6400,0.5,False,,,
e1/L/R2/91,L,2,quintuplet,51200,0.4,False,,,
e1/L/R2/92,L,2,quadruplet,800,0.1,True,True,0.00011932010325291985,0.09545608260233587
e1/L/R2/92,L,2,quadruplet,6400,0.6,True,True,0.00011932010325291985,0.763648660818687
e1/L/R2/92,L,2,quadruplet,51200,1.0,True,True,0.00011932010325291985,6.109189286549496
e1/L/R2/92,L,2,quintuplet,800,0.1,True,True,4.469809174215442e-05,0.03575847339372353
e1/L/R2/92,L,2,quintuplet,6400,0.3,True,True,4.469809174215442e-05,0.28606778714978826
e1/L/R2/92,L,2,quintuplet,51200,1.0,True,True,4.469809174215442e-05,2.288542297198306
e1/L/R2/93,L,2,quadruplet,800,0.0,False,,,
e1/L/R2/93,L,2,quadruplet,6400,0.0,False,,,
e1/L/R2/93,L,2,quadruplet,51200,0.0,False,,,
e1/L/R2/93,L,2,quintuplet,800,0.0,False,,,
e1/L/R2/93,L,2,quintuplet,6400,0.0,False,,,
e1/L/R2/93,L,2,quintuplet,51200,0.0,False,,,
e1/L/R2/94,L,2,quadruplet,800,0.3,True,True,9.112853743857892e-06,0.007290282995086313
e1/L/R2/94,L,2,quadruplet,6400,0.8,True,True,9.112853743857892e-06,0.058322263960690506
e1/L/R2/94,L,2,quadruplet,51200,1.0,True,True,9.112853743857892e-06,0.46657811168552404
e1/L/R2/94,L,2,quintuplet,800,0.3,True,True,3.548505752641308e-05,0.028388046021130466
e1/L/R2/94,L,2,quintuplet,6400,0.8,True,True,3.548505752641308e-05,0.22710436816904372
e1/L/R2/94,L,2,quintuplet,51200,1.0,True,True,3.548505752641308e-05,1.8168349453523498
e1/L/R2/95,L,2,quadruplet,800,0.0,False,,,
e1/L/R2/95,L,2,quadruplet,6400,0.0,False,,,
e1/L/R2/95,L,2,quadruplet,51200,0.0,False,,,
e1/L/R2/95,L,2,quintuplet,800,0.1,False,,,
e1/L/R2/95,L,2,quintuplet,6400,0.0,False,,,
e1/L/R2/95,L,2,quintuplet,51200,0.0,False,,,
e1/L/R2/96,L,2,quadruplet,800,0.0,True,False,,
e1/L/R2/96,L,2,quadruplet,6400,0.0,True,False,,
e1/L/R2/96,L,2,quadruplet,51200,0.0,True,False,,
e1/L/R2/96,L,2,quintuplet,800,0.0,True,False,,
e1/L/R2/96,L,2,quintuplet,6400,0.0,True,False,,
e1/L/R2/96,L,2,quintuplet,51200,0.0,True,False,,
e1/L/R2/97,L,2,quadruplet,800,0.0,False,,,
e1/L/R2/97,L,2,quadruplet,6400,0.2,False,,,
e1/L/R2/97,L,2,quadruplet,51200,0.2,False,,,
e1/L/R2/97,L,2,quintuplet,800,0.0,False,,,
e1/L/R2/97,L,2,quintuplet,6400,0.0,False,,,
e1/L/R2/97,L,2,quintuplet,51200,0.0,False,,,
e1/L/R2/98,L,2,quadruplet,800,0.3,False,,,
e1/L/R2/98,L,2,quadruplet,6400,1.0,False,,,
e1/L/R2/98,L,2,quadruplet,51200,1.0,False,,,
e1/L/R2/98,L,2,quintuplet,800,0.1,False,,,
e1/L/R2/98,L,2,quintuplet,6400,1.0,False,,,
e1/L/R2/98,L,2,quintuplet,51200,1.0,False,,,
e1/L/R2/99,L,2,quadruplet,800,0.0,False,,,
e1/L/R2/99,L,2,quadruplet,6400,0.9,False,,,
e1/L/R2/99,L,2,quadruplet,51200,1.0,False,,,
e1/L/R2/99,L,2,quintuplet,800,0.1,False,,,
e1/L/R2/99,L,2,quintuplet,6400,0.8,False,,,
e1/L/R2/99,L,2,quintuplet,51200,1.0,False,,,
e1/L/R3/0,L,3,quadruplet,800,0.0,True,False,,
e1/L/R3/0,L,3,quadruplet,6400,0.0,True,False,,
e1/L/R3/0,L,3,quadruplet,51200,0.0,True,False,,
e1/L/R3/0,L,3,quintuplet,800,0.0,True,True,6.567077010735153e-08,5.2536616085881224e-05
e1/L/R3/0,L,3,quintuplet,6400,0.3,True,True,6.567077010735153e-08,0.0004202929286870498
e1/L/R3/0,L,3,quintuplet,51200,0.4,True,True,6.567077010735153e-08,0.0033623434294963984
e1/L/R3/0,L,3,random,800,0.0,True,False,,
e1/L/R3/0,L,3,random,6400,0.0,True,False,,
e1/L/R3/0,L,3,random,51200,0.0,True,False,,
e1/L/R3/1,L,3,quadruplet,800,0.1,False,,,
e1/L/R3/1,L,3,quadruplet,6400,0.2,False,,,
e1/L/R3/1,L,3,quadruplet,51200,0.2,False,,,
e1/L/R3/1,L,3,quintuplet,800,0.3,False,,,
e1/L/R3/1,L,3,quintuplet,6400,0.8,False,,,
e1/L/R3/1,L,3,quintuplet,51200,1.0,False,,,
e1/L/R3/1,L,3,random,800,0.0,False,,,
e1/L/R3/1,L,3,random,6400,0.0,False,,,
e1/L/R3/1,L,3,random,51200,0.0,False,,,
e1/L/R3/10,L,3,quadruplet,800,0.0,False,,,
e1/L/R3/10,L,3,quadruplet,6400,0.0,False,,,
e1/L/R3/10,L,3,quadruplet,51200,0.0,False,,,
e1/L/R3/10,L,3,quintuplet,800,0.1,False,,,
e1/L/R3/10,L,3,quintuplet,6400,0.1,False,,,
e1/L/R3/10,L,3,quintuplet,51200,0.1,False,,,
e1/L/R3/11,L,3,quadruplet,800,0.0,True,True,5.20241782140231e-06,0.004161934257121848
e1/L/R3/11,L,3,quadruplet,6400,0.3,True,True,5.20241782140231e-06,0.033295474056974785
e1/L/R3/11,L,3,quadruplet,51200,0.9,True,True,5.20241782140231e-06,0.2663637924557983
e1/L/R3/11,L,3,quintuplet,800,0.0,True,True,5.64820321891227e-06,0.004518562575129816
e1/L/R3/11,L,3,quintuplet,6400,0.3,True,True,5.64820321891227e-06,0.036148500601038525
e1/L/R3/11,L,3,quintuplet,51200,1.0,True,True,5.64820321891227e-06,0.2891880048083082
e1/L/R3/12,L,3,quadruplet,800,0.4,True,True,1.7293534887870113e-07,0.0001383482791029609
e1/L/R3/12,L,3,quadruplet,6400,0.6,True,True,1.7293534887870113e-07,0.0011067862328236872
e1/L/R3/12,L,3,quadruplet,51200,1.0,True,True,1.7293534887870113e-07,0.008854289862589498
e1/L/R3/12,L,3,quintuplet,800,0.5,True,True,2.0475461562174855e-06,0.0016380369249739883
e1/L/R3/12,L,3,quintuplet,6400,0.7,True,True,2.0475461562174855e-06,0.013104295399791906
e1/L/R3/12,L,3,quintuplet,51200,1.0,True,True,2.0475461562174855e-06,0.10483436319833525
e1/L/R3/13,L,3,quadruplet,800,0.0,True,False,,
e1/L/R3/13,L,3,quadruplet,6400,0.1,True,False,,
e1/L/R3/13,L,3,quadruplet,51200,0.0,True,False,,
e1/L/R3/13,L,3,quintuplet,800,0.2,True,True,3.4700743688292165e-05,0.02776059495063373
e1/L/R3/13,L,3,quintuplet,6400,0.5,True,True,3.4700743688292165e-05,0.22208475960506985
e1/L/R3/13,L,3,quintuplet,51200,1.0,True,True,3.4700743688292165e-05,1.7766780768405588
e1/L/R3/14,L,3,quadruplet,800,0.1,True,True,2.4670260175738378e-05,0.019736208140590704
e1/L/R3/14,L,3,quadruplet,6400,0.6,True,True,2.4670260175738378e-05,0.15788966512472563
e1/L/R3/14,L,3,quadruplet,51200,1.0,True,True,2.4670260175738378e-05,1.263117320997805
e1/L/R3/14,L,3,quintuplet,800,0.2,True,True,3.583728713139576e-05,0.028669829705116612
e1/L/R3/14,L,3,quintuplet,6400,0.7,True,True,3.583728713139576e-05,0.2293586376409329
e1/L/R3/14,L,3,quintuplet,51200,1.0,True,True,3.583728713139576e-05,1.8348691011274632
e1/L/R3/15,L,3,quadruplet,800,0.1,True,True,3.7988049756776995e-06,0.0030390439805421596
e1/L/R3/15,L,3,quadruplet,6400,0.2,True,True,3.7988049756776995e-06,0.024312351844337277
e1/L/R3/15,L,3,quadruplet,51200,0.8,True,True,3.7988049756776995e-06,0.1944988147546982
e1/L/R3/15,L,3,quintuplet,800,0.1,True,True,1.9304703795443982e-05,0.015443763036355185
e1/L/R3/15,L,3,quintuplet,6400,0.5,True,True,1.9304703795443982e-05,0.12355010429084148
e1/L/R3/15,L,3,quintuplet,51200,1.0,True,True,1.9304703795443982e-05,0.9884008343267319
e1/L/R3/16,L,3,quadruplet,800,0.1,False,,,
e1/L/R3/16,L,3,quadruplet,6400,0.7,False,,,
e1/L/R3/16,L,3,quadruplet,51200,1.0,False,,,
e1/L/R3/16,L,3,quintuplet,800,0.1,False,,,
e1/L/R3/16,L,3,quintuplet,6400,0.5,False,,,
e1/L/R3/16,L,3,quintuplet,51200,0.9,False,,,
e1/L/R3/17,L,3,quadruplet,800,0.5,True,True,2.793581361925867e-06,0.002234865089540694
e1/L/R3/17,L,3,quadruplet,6400,0.7,True,True,2.793581361925867e-06,0.01787892071632555
e1/L/R3/17,L,3,quadruplet,51200,0.9,True,True,2.793581361925867e-06,0.1430313657306044
e1/L/R3/17,L,3,quintuplet,800,0.4,True,True,2.4332737892880825e-08,1.946619031430466e-05
e1/L/R3/17,L,3,quintuplet,6400,0.7,True,True,2.4332737892880825e-08,0.00015572952251443728
e1/L/R3/17,L,3,quintuplet,51200,0.7,True,True,2.4332737892880825e-08,0.0012458361801154982
e1/L/R3/18,L,3,quadruplet,800,0.3,False,,,
e1/L/R3/18,L,3,quadruplet,6400,0.6,False,,,
e1/L/R3/18,L,3,quadruplet,51200,1.0,False,,,
e1/L/R3/18,L,3,quintuplet,800,0.2,False,,,
e1/L/R3/18,L,3,quintuplet,6400,1.0,False,,,
e1/L/R3/18,L,3,quintuplet,51200,1.0,False,,,
e1/L/R3/19,L,3,quadruplet,800,0.1,True,True,5.048774118562198e-05,0.040390192948497584
e1/L/R3/19,L,3,quadruplet,6400,0.7,True,True,5.048774118562198e-05,0.3231215435879807
e1/L/R3/19,L,3,quadruplet,51200,1.0,True,True,5.048774118562198e-05,2.5849723487038454
e1/L/R3/19,L,3,quintuplet,800,0.1,True,True,2.068260733939461e-05,0.016546085871515688
e1/L/R3/19,L,3,quintuplet,6400,0.5,True,True,2.068260733939461e-05,0.1323686869721255
e1/L/R3/19,L,3,quintuplet,51200,0.9,True,True,2.068260733939461e-05,1.058949495777004
e1/L/R3/2,L,3,quadruplet,800,0.1,True,True,2.4224870876208405e-05,0.019379896700966723
e1/L/R3/2,L,3,quadruplet,6400,0.9,True,True,2.4224870876208405e-05,0.15503917360773378
e1/L/R3/2,L,3,quadruplet,51200,1.0,True,True,2.4224870876208405e-05,1.2403133888618703
e1/L/R3/2,L,3,quintuplet,800,0.1,True,True,3.485906994499684e-05,0.027887255955997475
e1/L/R3/2,L,3,quintuplet,6400,0.7,True,True,3.485906994499684e-05,0.2230980476479798
e1/L/R3/2,L,3,quintuplet,51200,1.0,True,True,3.485906994499684e-05,1.7847843811838384
e1/L/R3/2,L,3,random,800,0.0,True,False,,
e1/L/R3/2,L,3,random,6400,0.0,True,False,,
e1/L/R3/2,L,3,random,51200,0.0,True,False,,
e1/L/R3/20,L,3,quadruplet,800,0.2,False,,,
e1/L/R3/20,L,3,quadruplet,6400,1.0,False,,,
e1/L/R3/20,L,3,quadruplet,51200,1.0,False,,,
e1/L/R3/20,L,3,quintuplet,800,0.1,False,,,
e1/L/R3/20,L,3,quintuplet,6400,1.0,False,,,
e1/L/R3/20,L,3,quintuplet,51200,1.0,False,,,
e1/L/R3/21,L,3,quadruplet,800,0.7,False,,,
e1/L/R3/21,L,3,quadruplet,6400,1.0,False,,,
e1/L/R3/21,L,3,quadruplet,51200,1.0,False,,,
e1/L/R3/21,L,3,quintuplet,800,0.8,False,,,
e1/L/R3/21,L,3,quintuplet,6400,1.0,False,,,
e1/L/R3/21,L,3,quintuplet,51200,1.0,False,,,
e1/L/R3/22,L,3,quadruplet,800,0.0,False,,,
e1/L/R3/22,L,3,quadruplet,6400,0.0,False,,,
e1/L/R3/22,L,3,quadruplet,51200,0.0,False,,,
e1/L/R3/22,L,3,quintuplet,800,0.0,False,,,
e1/L/R3/22,L,3,quintuplet,6400,0.1,False,,,
e1/L/R3/22,L,3,quintuplet,51200,0.1,False,,,
e1/L/R3/23,L,3,quadruplet,800,0.0,True,False,,
e1/L/R3/23,L,3,quadruplet,6400,0.0,True,False,,
e1/L/R3/23,L,3,quadruplet,51200,0.0,True,False,,
e1/L/R3/23,L,3,quintuplet,800,0.0,True,False,,
e1/L/R3/23,L,3,quintuplet,6400,0.0,True,False,,
e1/L/R3/23,L,3,quintuplet,51200,0.0,True,False,,
e1/L/R3/24,L,3,quadruplet,800,0.0,False,,,
e1/L/R3/24,L,3,quadruplet,6400,0.0,False,,,
e1/L/R3/24,L,3,quadruplet,51200,0.0,False,,,
e1/L/R3/24,L,3,quintuplet,800,0.0,False,,,
e1/L/R3/24,L,3,quintuplet,6400,0.0,False,,,
e1/L/R3/24,L,3,quintuplet,51200,0.0,False,,,
e1/L/R3/25,L,3,quadruplet,800,0.9,True,True,1.9894112664610375e-05,0.0159152901316883
e1/L/R3/25,L,3,quadruplet,6400,1.0,True,True,1.9894112664610375e-05,0.1273223210535064
e1/L/R3/25,L,3,quadruplet,51200,1.0,True,True,1.9894112664610375e-05,1.0185785684280513
e1/L/R3/25,L,3,quintuplet,800,0.8,True,True,1.528451486838372e-05,0.012227611894706976
e1/L/R3/25,L,3,quintuplet,6400,1.0,True,True,1.528451486838372e-05,0.09782089515765581
e1/L/R3/25,L,3,quintuplet,51200,1.0,True,True,1.528451486838372e-05,0.7825671612612465
e1/L/R3/26,L,3,quadruplet,800,0.2,False,,,
e1/L/R3/26,L,3,quadruplet,6400,0.4,False,,,
e1/L/R3/26,L,3,quadruplet,51200,1.0,False,,,
e1/L/R3/26,L,3,quintuplet,800,0.3,False,,,
e1/L/R3/26,L,3,quintuplet,6400,0.6,False,,,
e1/L/R3/26,L,3,quintuplet,51200,0.9,False,,,
e1/L/R3/27,L,3,quadruplet,800,0.5,True,True,5.91261828311941e-06,0.004730094626495528
e1/L/R3/27,L,3,quadruplet,6400,0.6,True,True,5.91261828311941e-06,0.037840757011964224
e1/L/R3/27,L,3,quadruplet,51200,1.0,True,True,5.91261828311941e-06,0.3027260560957138
e1/L/R3/27,L,3,quintuplet,800,0.3,True,True,8.823452397445155e-06,0.0070587619179561245
e1/L/R3/27,L,3,quintuplet,6400,0.6,True,True,8.823452397445155e-06,0.056470095343648996
e1/L/R3/27,L,3,quintuplet,51200,1.0,True,True,8.823452397445155e-06,0.45176076274919197
e1/L/R3/28,L,3,quadruplet,800,0.1,True,True,9.678422303997777e-06,0.007742737843198222
e1/L/R3/28,L,3,quadruplet,6400,0.1,True,True,9.678422303997777e-06,0.061941902745585774
e1/L/R3/28,L,3,quadruplet,51200,0.6,True,True,9.678422303997777e-06,0.4955352219646862
e1/L/R3/28,L,3,quintuplet,800,0.1,True,True,1.8164713531939227e-05,0.014531770825551382
e1/L/R3/28,L,3,quintuplet,6400,0.2,True,True,1.8164713531939227e-05,0.11625416660441105
e1/L/R3/28,L,3,quintuplet,51200,0.8,True,True,1.8164713531939227e-05,0.9300333328352884
e1/L/R3/29,L,3,quadruplet,800,0.1,True,True,9.877750171560449e-06,0.007902200137248358
e1/L/R3/29,L,3,quadruplet,6400,0.2,True,True,9.877750171560449e-06,0.06321760109798687
e1/L/R3/29,L,3,quadruplet,51200,0.9,True,True,9.877750171560449e-06,0.5057408087838949
e1/L/R3/29,L,3,quintuplet,800,0.2,True,True,1.6044555428080117e-05,0.012835644342464094
e1/L/R3/29,L,3,quintuplet,6400,0.4,True,True,1.6044555428080117e-05,0.10268515473971275
e1/L/R3/29,L,3,quintuplet,51200,1.0,True,True,1.6044555428080117e-05,0.821481237917702
e1/L/R3/3,L,3,quadruplet,800,0.0,True,False,,
e1/L/R3/3,L,3,quadruplet,6400,0.1,True,False,,
e1/L/R3/3,L,3,quadruplet,51200,0.0,True,False,,
e1/L/R3/3,L,3,quintuplet,800,0.0,True,False,,
e1/L/R3/3,L,3,quintuplet,6400,0.0,True,False,,
e1/L/R3/3,L,3,quintuplet,51200,0.0,True,False,,
e1/L/R3/3,L,3,random,800,0.0,True,False,,
e1/L/R3/3,L,3,random,6400,0.0,True,False,,
e1/L/R3/3,L,3,random,51200,0.0,True,False,,
e1/L/R3/30,L,3,quadruplet,800,0.2,True,True,0.0001108521993666595,0.0886817594933276
e1/L/R3/30,L,3,quadruplet,6400,0.6,True,True,0.0001108521993666595,0.7094540759466208
e1/L/R3/30,L,3,quadruplet,51200,1.0,True,True,0.0001108521993666595,5.675632607572966
e1/L/R3/30,L,3,quintuplet,800,0.2,True,True,4.401820285136252e-05,0.03521456228109002
e1/L/R3/30,L,3,quintuplet,6400,0.4,True,True,4.401820285136252e-05,0.28171649824872014
e1/L/R3/30,L,3,quintuplet,51200,0.9,True,True,4.401820285136252e-05,2.253731985989761
e1/L/R3/31,L,3,quadruplet,800,0.7,True,True,2.496788026908553e-06,0.001997430421526842
e1/L/R3/31,L,3,quadruplet,6400,1.0,True,True,2.496788026908553e-06,0.015979443372214738
e1/L/R3/31,L,3,quadruplet,51200,1.0,True,True,2.496788026908553e-06,0.1278355469777179
e1/L/R3/31,L,3,quintuplet,800,0.5,True,True,2.092293993054037e-06,0.0016738351944432296
e1/L/R3/31,L,3,quintuplet,6400,0.9,True,True,2.092293993054037e-06,0.013390681555545837
e1/L/R3/31,L,3,quintuplet,51200,1.0,True,True,2.092293993054037e-06,0.10712545244436669
e1/L/R3/32,L,3,quadruplet,800,0.0,False,,,
e1/L/R3/32,L,3,quadruplet,6400,0.3,False,,,
e1/L/R3/32,L,3,quadruplet,51200,0.8,False,,,
e1/L/R3/32,L,3,quintuplet,800,0.0,False,,,
e1/L/R3/32,L,3,quintuplet,6400,0.3,False,,,
e1/L/R3/32,L,3,quintuplet,51200,0.9,False,,,
e1/L/R3/33,L,3,quadruplet,800,0.2,False,,,
e1/L/R3/33,L,3,quadruplet,6400,0.6,False,,,
e1/L/R3/33,L,3,quadruplet,51200,1.0,False,,,
e1/L/R3/33,L,3,quintuplet,800,0.3,False,,,
e1/L/R3/33,L,3,quintuplet,6400,1.0,False,,,
e1/L/R3/33,L,3,quintuplet,51200,1.0,False,,,
e1/L/R3/34,L,3,quadruplet,800,0.0,True,False,,
e1/L/R3/34,L,3,quadruplet,6400,0.0,True,False,,
e1/L/R3/34,L,3,quadruplet,51200,0.0,True,False,,
e1/L/R3/34,L,3,quintuplet,800,0.0,True,False,,
e1/L/R3/34,L,3,quintuplet,6400,0.0,True,False,,
e1/L/R3/34,L,3,quintuplet,51200,0.0,True,False,,
e1/L/R3/35,L,3,quadruplet,800,0.0,True,True,0.00011676208803114057,0.09340967042491245
e1/L/R3/35,L,3,quadruplet,6400,0.9,True,True,0.00011676208803114057,0.7472773633992996
e1/L/R3/35,L,3,quadruplet,51200,1.0,True,True,0.00011676208803114057,5.978218907194397
e1/L/R3/35,L,3,quintuplet,800,0.0,True,True,4.617401958618422e-05,0.036939215668947374
e1/L/R3/35,L,3,quintuplet,6400,0.7,True,True,4.617401958618422e-05,0.295513725351579
e1/L/R3/35,L,3,quintuplet,51200,0.9,True,True,4.617401958618422e-05,2.364109802812632
e1/L/R3/36,L,3,quadruplet,800,0.0,False,,,
e1/L/R3/36,L,3,quadruplet,6400,0.0,False,,,
e1/L/R3/36,L,3,quadruplet,51200,0.0,False,,,
e1/L/R3/36,L,3,quintuplet,800,0.1,False,,,
e1/L/R3/36,L,3,quintuplet,6400,0.2,False,,,
e1/L/R3/36,L,3,quintuplet,51200,0.2,False,,,
e1/L/R3/37,L,3,quadruplet,800,0.0,False,,,
e1/L/R3/37,L,3,quadruplet,6400,0.0,False,,,
e1/L/R3/37,L,3,quadruplet,51200,0.0,False,,,
e1/L/R3/37,L,3,quintuplet,800,0.1,False,,,
e1/L/R3/37,L,3,quintuplet,6400,0.1,False,,,
e1/L/R3/37,L,3,quintuplet,51200,0.5,False,,,
e1/L/R3/38,L,3,quadruplet,800,0.0,False,,,
e1/L/R3/38,L,3,quadruplet,6400,0.0,False,,,
e1/L/R3/38,L,3,quadruplet,51200,0.0,False,,,
e1/L/R3/38,L,3,quintuplet,800,0.0,False,,,
e1/L/R3/38,L,3,quintuplet,6400,0.0,False,,,
e1/L/R3/38,L,3,quintuplet,51200,0.6,False,,,
e1/L/R3/39,L,3,quadruplet,800,0.0,True,False,,
e1/L/R3/39,L,3,quadruplet,6400,0.0,True,False,,
e1/L/R3/39,L,3,quadruplet,51200,0.0,True,False,,
e1/L/R3/39,L,3,quintuplet,800,0.0,True,False,,
e1/L/R3/39,L,3,quintuplet,6400,0.0,True,False,,
e1/L/R3/39,L,3,quintuplet,51200,0.0,True,False,,
e1/L/R3/4,L,3,quadruplet,800,0.1,True,True,7.985329763491607e-07,0.0006388263810793286
e1/L/R3/4,L,3,quadruplet,6400,0.1,True,True,7.985329763491607e-07,0.005110611048634629
e1/L/R3/4,L,3,quadruplet,51200,0.6,True,True,7.985329763491607e-07,0.04088488838907703
e1/L/R3/4,L,3,quintuplet,800,0.2,True,True,8.310447476842996e-07,0.0006648357981474396
e1/L/R3/4,L,3,quintuplet,6400,0.3,True,True,8.310447476842996e-07,0.005318686385179517
e1/L/R3/4,L,3,quintuplet,51200,1.0,True,True,8.310447476842996e-07,0.04254949108143614
e1/L/R3/4,L,3,random,800,0.0,True,False,,
e1/L/R3/4,L,3,random,6400,0.0,True,False,,
e1/L/R3/4,L,3,random,51200,0.0,True,False,,
e1/L/R3/40,L,3,quadruplet,800,0.0,False,,,
e1/L/R3/40,L,3,quadruplet,6400,0.0,False,,,
e1/L/R3/40,L,3,quadruplet,51200,0.0,False,,,
e1/L/R3/40,L,3,quintuplet,800,0.0,False,,,
e1/L/R3/40,L,3,quintuplet,6400,0.0,False,,,
e1/L/R3/40,L,3,quintuplet,51200,0.0,False,,,
e1/L/R3/41,L,3,quadruplet,800,0.1,False,,,
e1/L/R3/41,L,3,quadruplet,6400,0.0,False,,,
e1/L/R3/41,L,3,quadruplet,51200,0.0,False,,,
e1/L/R3/41,L,3,quintuplet,800,0.1,False,,,
e1/L/R3/41,L,3,quintuplet,6400,0.6,False,,,
e1/L/R3/41,L,3,quintuplet,51200,0.9,False,,,
e1/L/R3/42,L,3,quadruplet,800,0.3,False,,,
e1/L/R3/42,L,3,quadruplet,6400,0.6,False,,,
e1/L/R3/42,L,3,quadruplet,51200,0.5,False,,,
e1/L/R3/42,L,3,quintuplet,800,0.5,False,,,
e1/L/R3/42,L,3,quintuplet,6400,1.0,False,,,
e1/L/R3/42,L,3,quintuplet,51200,1.0,False,,,
e1/L/R3/43,L,3,quadruplet,800,0.0,True,False,,
e1/L/R3/43,L,3,quadruplet,6400,0.0,True,False,,
e1/L/R3/43,L,3,quadruplet,51200,0.0,True,False,,
e1/L/R3/43,L,3,quintuplet,800,0.1,True,True,2.047961828004736e-07,0.00016383694624037888
e1/L/R3/43,L,3,quintuplet,6400,0.4,True,True,2.047961828004736e-07,0.001310695569923031
e1/L/R3/43,L,3,quintuplet,51200,0.8,True,True,2.047961828004736e-07,0.010485564559384248
e1/L/R3/44,L,3,quadruplet,800,0.0,False,,,
e1/L/R3/44,L,3,quadruplet,6400,0.0,False,,,
e1/L/R3/44,L,3,quadruplet,51200,0.0,False,,,
e1/L/R3/44,L,3,quintuplet,800,0.0,False,,,
e1/L/R3/44,L,3,quintuplet,6400,0.0,False,,,
e1/L/R3/44,L,3,quintuplet,51200,0.0,False,,,
e1/L/R3/45,L,3,quadruplet,800,0.9,True,True,8.778210595971058e-06,0.007022568476776846
e1/L/R3/45,L,3,quadruplet,6400,1.0,True,True,8.778210595971058e-06,0.05618054781421477
e1/L/R3/45,L,3,quadruplet,51200,1.0,True,True,8.778210595971058e-06,0.44944438251371815
e1/L/R3/45,L,3,quintuplet,800,0.5,True,True,1.0824801502192093e-05,0.008659841201753674
e1/L/R3/45,L,3,quintuplet,6400,1.0,True,True,1.0824801502192093e-05,0.0692787296140294
e1/L/R3/45,L,3,quintuplet,51200,1.0,True,True,1.0824801502192093e-05,0.5542298369122352
e1/L/R3/46,L,3,quadruplet,800,0.0,False,,,
e1/L/R3/46,L,3,quadruplet,6400,0.7,False,,,
e1/L/R3/46,L,3,quadruplet,51200,1.0,False,,,
e1/L/R3/46,L,3,quintuplet,800,0.0,False,,,
e1/L/R3/46,L,3,quintuplet,6400,0.8,False,,,
e1/L/R3/46,L,3,quintuplet,51200,1.0,False,,,
e1/L/R3/47,L,3,quadruplet,800,0.0,True,False,,
e1/L/R3/47,L,3,quadruplet,6400,0.0,True,False,,
e1/L/R3/47,L,3,quadruplet,51200,0.0,True,False,,
e1/L/R3/47,L,3,quintuplet,800,0.0,True,True,6.6813000190728246e-06,0.00534504001525826
e1/L/R3/47,L,3,quintuplet,6400,0.2,True,True,6.6813000190728246e-06,0.04276032012206608
e1/L/R3/47,L,3,quintuplet,51200,0.8,True,True,6.6813000190728246e-06,0.3420825609765286
e1/L/R3/48,L,3,quadruplet,800,0.0,True,False,,
e1/L/R3/48,L,3,quadruplet,6400,0.0,True,False,,
e1/L/R3/48,L,3,quadruplet,51200,0.0,True,False,,
e1/L/R3/48,L,3,quintuplet,800,0.0,True,False,,
e1/L/R3/48,L,3,quintuplet,6400,0.0,True,False,,
e1/L/R3/48,L,3,quintuplet,51200,0.0,True,False,,
e1/L/R3/49,L,3,quadruplet,800,0.2,False,,,
e1/L/R3/49,L,3,quadruplet,6400,0.9,False,,,
e1/L/R3/49,L,3,quadruplet,51200,1.0,False,,,
e1/L/R3/49,L,3,quintuplet,800,0.2,False,,,
e1/L/R3/49,L,3,quintuplet,6400,0.9,False,,,
e1/L/R3/49,L,3,quintuplet,51200,1.0,False,,,
e1/L/R3/5,L,3,quadruplet,800,0.9,True,True,1.6628414562143126e-05,0.013302731649714501
e1/L/R3/5,L,3,quadruplet,6400,1.0,True,True,1.6628414562143126e-05,0.10642185319771601
e1/L/R3/5,L,3,quadruplet,51200,1.0,True,True,1.6628414562143126e-05,0.8513748255817281
e1/L/R3/5,L,3,quintuplet,800,0.6,True,True,9.180669341492788e-06,0.0073445354731942305
e1/L/R3/5,L,3,quintuplet,6400,1.0,True,True,9.180669341492788e-06,0.058756283785553844
e1/L/R3/5,L,3,quintuplet,51200,1.0,True,True,9.180669341492788e-06,0.47005027028443075
e1/L/R3/5,L,3,random,800,0.0,True,False,,
e1/L/R3/5,L,3,random,6400,0.0,True,False,,
e1/L/R3/5,L,3,random,51200,0.0,True,False,,
e1/L/R3/50,L,3,quadruplet,800,0.0,True,True,7.278400527573363e-08,5.82272042205869e-05
e1/L/R3/50,L,3,quadruplet,6400,0.2,True,True,7.278400527573363e-08,0.0004658176337646952
e1/L/R3/50,L,3,quadruplet,51200,0.9,True,True,7.278400527573363e-08,0.003726541070117562
e1/L/R3/50,L,3,quintuplet,800,0.0,True,True,1.1198342782624626e-07,8.9586742260997e-05
e1/L/R3/50,L,3,quintuplet,6400,0.5,True,True,1.1198342782624626e-07,0.000716693938087976
e1/L/R3/50,L,3,quintuplet,51200,0.7,True,True,1.1198342782624626e-07,0.005733551504703808
e1/L/R3/51,L,3,quadruplet,800,0.1,False,,,
e1/L/R3/51,L,3,quadruplet,6400,0.0,False,,,
e1/L/R3/51,L,3,quadruplet,51200,0.1,False,,,
e1/L/R3/51,L,3,quintuplet,800,0.1,False,,,
e1/L/R3/51,L,3,quintuplet,6400,0.0,False,,,
e1/L/R3/51,L,3,quintuplet,51200,0.0,False,,,
e1/L/R3/52,L,3,quadruplet,800,0.0,False,,,
e1/L/R3/52,L,3,quadruplet,6400,0.0,False,,,
e1/L/R3/52,L,3,quadruplet,51200,0.0,False,,,
e1/L/R3/52,L,3,quintuplet,800,0.0,False,,,
e1/L/R3/52,L,3,quintuplet,6400,0.6,False,,,
e1/L/R3/52,L,3,quintuplet,51200,0.5,False,,,
e1/L/R3/53,L,3,quadruplet,800,0.1,True,False,,
e1/L/R3/53,L,3,quadruplet,6400,0.0,True,False,,
e1/L/R3/53,L,3,quadruplet,51200,0.0,True,False,,
e1/L/R3/53,L,3,quintuplet,800,0.5,True,True,7.974640613167304e-06,0.006379712490533843
e1/L/R3/53,L,3,quintuplet,6400,0.7,True,True,7.974640613167304e-06,0.05103769992427074
e1/L/R3/53,L,3,quintuplet,51200,1.0,True,True,7.974640613167304e-06,0.40830159939416594
e1/L/R3/54,L,3,quadruplet,800,0.0,True,False,,
e1/L/R3/54,L,3,quadruplet,6400,0.0,True,False,,
e1/L/R3/54,L,3,quadruplet,51200,0.1,True,False,,
e1/L/R3/54,L,3,quintuplet,800,0.0,True,True,1.732502543451512e-07,0.00013860020347612097
e1/L/R3/54,L,3,quintuplet,6400,0.2,True,True,1.732502543451512e-07,0.0011088016278089678
e1/L/R3/54,L,3,quintuplet,51200,0.3,True,True,1.732502543451512e-07,0.008870413022471742
e1/L/R3/55,L,3,quadruplet,800,0.2,False,,,
e1/L/R3/55,L,3,quadruplet,6400,0.5,False,,,
e1/L/R3/55,L,3,quadruplet,51200,0.7,False,,,
e1/L/R3/55,L,3,quintuplet,800,0.3,False,,,
e1/L/R3/55,L,3,quintuplet,6400,0.9,False,,,
e1/L/R3/55,L,3,quintuplet,51200,1.0,False,,,
e1/L/R3/56,L,3,quadruplet,800,0.0,True,True,1.4858805533861927e-05,0.011887044427089542
e1/L/R3/56,L,3,quadruplet,6400,0.4,True,True,1.4858805533861927e-05,0.09509635541671634
e1/L/R3/56,L,3,quadruplet,51200,1.0,True,True,1.4858805533861927e-05,0.7607708433337307
e1/L/R3/56,L,3,quintuplet,800,0.0,True,True,9.89474286860411e-06,0.007915794294883288
e1/L/R3/56,L,3,quintuplet,6400,0.4,True,True,9.89474286860411e-06,0.0633263543590663
e1/L/R3/56,L,3,quintuplet,51200,0.8,True,True,9.89474286860411e-06,0.5066108348725304
e1/L/R3/57,L,3,quadruplet,800,0.0,True,False,,
e1/L/R3/57,L,3,quadruplet,6400,0.0,True,False,,
e1/L/R3/57,L,3,quadruplet,51200,0.0,True,False,,
e1/L/R3/57,L,3,quintuplet,800,0.0,True,False,,
e1/L/R3/57,L,3,quintuplet,6400,0.0,True,False,,
e1/L/R3/57,L,3,quintuplet,51200,0.0,True,False,,
e1/L/R3/58,L,3,quadruplet,800,0.0,True,False,,
e1/L/R3/58,L,3,quadruplet,6400,0.0,True,False,,
e1/L/R3/58,L,3,quadruplet,51200,0.0,True,False,,
e1/L/R3/58,L,3,quintuplet,800,0.0,True,False,,
e1/L/R3/58,L,3,quintuplet,6400,0.3,True,False,,
e1/L/R3/58,L,3,quintuplet,51200,0.0,True,False,,
e1/L/R3/59,L,3,quadruplet,800,0.0,False,,,
e1/L/R3/59,L,3,quadruplet,6400,0.0,False,,,
e1/L/R3/59,L,3,quadruplet,51200,0.0,False,,,
e1/L/R3/59,L,3,quintuplet,800,0.0,False,,,
e1/L/R3/59,L,3,quintuplet,6400,0.0,False,,,
e1/L/R3/59,L,3,quintuplet,51200,0.0,False,,,
e1/L/R3/6,L,3,quadruplet,800,0.0,True,True,1.5636001324192788e-06,0.001250880105935423
e1/L/R3/6,L,3,quadruplet,6400,0.0,True,True,1.5636001324192788e-06,0.010007040847483384
e1/L/R3/6,L,3,quadruplet,51200,0.3,True,True,1.5636001324192788e-06,0.08005632677986707
e1/L/R3/6,L,3,quintuplet,800,0.0,True,False,,
e1/L/R3/6,L,3,quintuplet,6400,0.0,True,False,,
e1/L/R3/6,L,3,quintuplet,51200,0.0,True,False,,
e1/L/R3/6,L,3,random,800,0.0,True,False,,
e1/L/R3/6,L,3,random,6400,0.0,True,False,,
e1/L/R3/6,L,3,random,51200,0.0,True,False,,
e1/L/R3/60,L,3,quadruplet,800,0.0,True,False,,
e1/L/R3/60,L,3,quadruplet,6400,0.0,True,False,,
e1/L/R3/60,L,3,quadruplet,51200,0.0,True,False,,
e1/L/R3/60,L,3,quintuplet,800,0.0,True,False,,
e1/L/R3/60,L,3,quintuplet,6400,0.0,True,False,,
e1/L/R3/60,L,3,quintuplet,51200,0.0,True,False,,
e1/L/R3/61,L,3,quadruplet,800,0.1,False,,,
e1/L/R3/61,L,3,quadruplet,6400,0.0,False,,,
e1/L/R3/61,L,3,quadruplet,51200,0.0,False,,,
e1/L/R3/61,L,3,quintuplet,800,0.0,False,,,
e1/L/R3/61,L,3,quintuplet,6400,0.0,False,,,
e1/L/R3/61,L,3,quintuplet,51200,0.0,False,,,
e1/L/R3/62,L,3,quadruplet,800,0.0,False,,,
e1/L/R3/62,L,3,quadruplet,6400,1.0,False,,,
e1/L/R3/62,L,3,quadruplet,51200,1.0,False,,,
e1/L/R3/62,L,3,quintuplet,800,0.1,False,,,
e1/L/R3/62,L,3,quintuplet,6400,1.0,False,,,
e1/L/R3/62,L,3,quintuplet,51200,1.0,False,,,
e1/L/R3/63,L,3,quadruplet,800,0.5,True,True,9.032374127736377e-06,0.007225899302189102
e1/L/R3/63,L,3,quadruplet,6400,1.0,True,True,9.032374127736377e-06,0.057807194417512815
e1/L/R3/63,L,3,quadruplet,51200,1.0,True,True,9.032374127736377e-06,0.4624575553401025
e1/L/R3/63,L,3,quintuplet,800,0.7,True,True,1.264426487752066e-05,0.010115411902016529
e1/L/R3/63,L,3,quintuplet,6400,1.0,True,True,1.264426487752066e-05,0.08092329521613223
e1/L/R3/63,L,3,quintuplet,51200,1.0,True,True,1.264426487752066e-05,0.6473863617290578
e1/L/R3/64,L,3,quadruplet,800,0.1,True,True,1.784978946783472e-05,0.014279831574267777
e1/L/R3/64,L,3,quadruplet,6400,0.6,True,True,1.784978946783472e-05,0.11423865259414222
e1/L/R3/64,L,3,quadruplet,51200,1.0,True,True,1.784978946783472e-05,0.9139092207531377
e1/L/R3/64,L,3,quintuplet,800,0.2,True,True,2.5499990802883987e-05,0.02039999264230719
e1/L/R3/64,L,3,quintuplet,6400,0.6,True,True,2.5499990802883987e-05,0.1631999411384575
e1/L/R3/64,L,3,quintuplet,51200,1.0,True,True,2.5499990802883987e-05,1.30559952910766
e1/L/R3/65,L,3,quadruplet,800,0.0,True,True,3.5374158029768456e-06,0.0028299326423814764
e1/L/R3/65,L,3,quadruplet,6400,0.2,True,True,3.5374158029768456e-06,0.02263946113905181
e1/L/R3/65,L,3,quadruplet,51200,0.3,True,True,3.5374158029768456e-06,0.1811156891124145
e1/L/R3/65,L,3,quintuplet,800,0.0,True,False,,
e1/L/R3/65,L,3,quintuplet,6400,0.0,True,False,,
e1/L/R3/65,L,3,quintuplet,51200,0.0,True,False,,
e1/L/R3/66,L,3,quadruplet,800,0.3,False,,,
e1/L/R3/66,L,3,quadruplet,6400,0.7,False,,,
e1/L/R3/66,L,3,quadruplet,51200,1.0,False,,,
e1/L/R3/66,L,3,quintuplet,800,0.1,False,,,
e1/L/R3/66,L,3,quintuplet,6400,0.9,False,,,
e1/L/R3/66,L,3,quintuplet,51200,1.0,False,,,
e1/L/R3/67,L,3,quadruplet,800,0.0,True,False,,
e1/L/R3/67,L,3,quadruplet,6400,0.0,True,False,,
e1/L/R3/67,L,3,quadruplet,51200,0.0,True,False,,
e1/L/R3/67,L,3,quintuplet,800,0.0,True,True,5.059083177017165e-08,4.047266541613732e-05
e1/L/R3/67,L,3,quintuplet,6400,0.2,True,True,5.059083177017165e-08,0.00032378132332909856
e1/L/R3/67,L,3,quintuplet,51200,0.6,True,True,5.059083177017165e-08,0.0025902505866327885
e1/L/R3/68,L,3,quadruplet,800,0.0,False,,,
e1/L/R3/68,L,3,quadruplet,6400,0.0,False,,,
e1/L/R3/68,L,3,quadruplet,51200,0.0,False,,,
e1/L/R3/68,L,3,quintuplet,800,0.1,False,,,
e1/L/R3/68,L,3,quintuplet,6400,0.1,False,,,
e1/L/R3/68,L,3,quintuplet,51200,0.1,False,,,
e1/L/R3/69,L,3,quadruplet,800,0.5,True,True,3.067695673564856e-05,0.024541565388518847
e1/L/R3/69,L,3,quadruplet,6400,1.0,True,True,3.067695673564856e-05,0.19633252310815077
e1/L/R3/69,L,3,quadruplet,51200,1.0,True,True,3.067695673564856e-05,1.5706601848652062
e1/L/R3/69,L,3,quintuplet,800,0.6,True,True,2.2223379579348595e-05,0.017778703663478876
e1/L/R3/69,L,3,quintuplet,6400,0.9,True,True,2.2223379579348595e-05,0.142229629307831
e1/L/R3/69,L,3,quintuplet,51200,1.0,True,True,2.2223379579348595e-05,1.137837034462648
e1/L/R3/7,L,3,quadruplet,800,0.3,True,True,3.129066247867436e-06,0.002503252998293949
e1/L/R3/7,L,3,quadruplet,6400,1.0,True,True,3.129066247867436e-06,0.02002602398635159
e1/L/R3/7,L,3,quadruplet,51200,1.0,True,True,3.129066247867436e-06,0.16020819189081273
e1/L/R3/7,L,3,quintuplet,800,0.7,True,True,4.288192288975842e-06,0.0034305538311806736
e1/L/R3/7,L,3,quintuplet,6400,1.0,True,True,4.288192288975842e-06,0.02744443064944539
e1/L/R3/7,L,3,quintuplet,51200,1.0,True,True,4.288192288975842e-06,0.2195554451955631
e1/L/R3/7,L,3,random,800,0.0,True,False,,
e1/L/R3/7,L,3,random,6400,0.0,True,False,,
e1/L/R3/7,L,3,random,51200,0.0,True,False,,
e1/L/R3/70,L,3,quadruplet,800,0.0,False,,,
e1/L/R3/70,L,3,quadruplet,6400,0.0,False,,,
e1/L/R3/70,L,3,quadruplet,51200,0.0,False,,,
e1/L/R3/70,L,3,quintuplet,800,0.0,False,,,
e1/L/R3/70,L,3,quintuplet,6400,0.0,False,,,
e1/L/R3/70,L,3,quintuplet,51200,0.0,False,,,
e1/L/R3/71,L,3,quadruplet,800,0.0,False,,,
e1/L/R3/71,L,3,quadruplet,6400,0.0,False,,,
e1/L/R3/71,L,3,quadruplet,51200,0.0,False,,,
e1/L/R3/71,L,3,quintuplet,800,0.0,False,,,
e1/L/R3/71,L,3,quintuplet,6400,0.0,False,,,
e1/L/R3/71,L,3,quintuplet,51200,0.0,False,,,
e1/L/R3/72,L,3,quadruplet,800,0.0,True,False,,
e1/L/R3/72,L,3,quadruplet,6400,0.0,True,False,,
e1/L/R3/72,L,3,quadruplet,51200,0.0,True,False,,
e1/L/R3/72,L,3,quintuplet,800,0.1,True,False,,
e1/L/R3/72,L,3,quintuplet,6400,0.4,True,False,,
e1/L/R3/72,L,3,quintuplet,51200,0.0,True,False,,
e1/L/R3/73,L,3,quadruplet,800,0.0,True,False,,
e1/L/R3/73,L,3,quadruplet,6400,0.0,True,False,,
e1/L/R3/73,L,3,quadruplet,51200,0.0,True,False,,
e1/L/R3/73,L,3,quintuplet,800,0.1,True,True,3.078837940859715e-06,0.002463070352687772
e1/L/R3/73,L,3,quintuplet,6400,0.0,True,True,3.078837940859715e-06,0.019704562821502177
e1/L/R3/73,L,3,quintuplet,51200,0.4,True,True,3.078837940859715e-06,0.15763650257201742
e1/L/R3/74,L,3,quadruplet,800,0.0,True,True,1.5295158343079258e-05,0.012236126674463405
e1/L/R3/74,L,3,quadruplet,6400,0.2,True,True,1.5295158343079258e-05,0.09788901339570724
e1/L/R3/74,L,3,quadruplet,51200,1.0,True,True,1.5295158343079258e-05,0.7831121071656579
e1/L/R3/74,L,3,quintuplet,800,0.0,True,True,1.5012362545236592e-05,0.012009890036189274
e1/L/R3/74,L,3,quintuplet,6400,0.2,True,True,1.5012362545236592e-05,0.0960791202895142
e1/L/R3/74,L,3,quintuplet,51200,0.9,True,True,1.5012362545236592e-05,0.7686329623161136
e1/L/R3/75,L,3,quadruplet,800,0.0,False,,,
e1/L/R3/75,L,3,quadruplet,6400,0.0,False,,,
e1/L/R3/75,L,3,quadruplet,51200,0.0,False,,,
e1/L/R3/75,L,3,quintuplet,800,0.0,False,,,
e1/L/R3/75,L,3,quintuplet,6400,0.0,False,,,
e1/L/R3/75,L,3,quintuplet,51200,0.0,False,,,
e1/L/R3/76,L,3,quadruplet,800,0.1,True,False,,
e1/L/R3/76,L,3,quadruplet,6400,0.0,True,False,,
e1/L/R3/76,L,3,quadruplet,51200,0.0,True,False,,
e1/L/R3/76,L,3,quintuplet,800,0.1,True,False,,
e1/L/R3/76,L,3,quintuplet,6400,0.1,True,False,,
e1/L/R3/76,L,3,quintuplet,51200,0.1,True,False,,
e1/L/R3/77,L,3,quadruplet,800,0.2,False,,,
e1/L/R3/77,L,3,quadruplet,6400,1.0,False,,,
e1/L/R3/77,L,3,quadruplet,51200,1.0,False,,,
e1/L/R3/77,L,3,quintuplet,800,0.2,False,,,
e1/L/R3/77,L,3,quintuplet,6400,1.0,False,,,
e1/L/R3/77,L,3,quintuplet,51200,1.0,False,,,
e1/L/R3/78,L,3,quadruplet,800,0.6,True,True,1.582965619338138e-05,0.012663724954705104
e1/L/R3/78,L,3,quadruplet,6400,0.7,True,True,1.582965619338138e-05,0.10130979963764083
e1/L/R3/78,L,3,quadruplet,51200,1.0,True,True,1.582965619338138e-05,0.8104783971011267
e1/L/R3/78,L,3,quintuplet,800,0.5,True,True,8.446431045864031e-06,0.006757144836691225
e1/L/R3/78,L,3,quintuplet,6400,0.7,True,True,8.446431045864031e-06,0.0540571586935298
e1/L/R3/78,L,3,quintuplet,51200,1.0,True,True,8.446431045864031e-06,0.4324572695482384
e1/L/R3/79,L,3,quadruplet,800,0.1,True,True,1.7338783260067942e-05,0.013871026608054353
e1/L/R3/79,L,3,quadruplet,6400,0.5,True,True,1.7338783260067942e-05,0.11096821286443483
e1/L/R3/79,L,3,quadruplet,51200,1.0,True,True,1.7338783260067942e-05,0.8877457029154786
e1/L/R3/79,L,3,quintuplet,800,0.0,True,True,4.5137901658745895e-05,0.036110321326996715
e1/L/R3/79,L,3,quintuplet,6400,0.9,True,True,4.5137901658745895e-05,0.2888825706159737
e1/L/R3/79,L,3,quintuplet,51200,1.0,True,True,4.5137901658745895e-05,2.3110605649277898
e1/L/R3/8,L,3,quadruplet,800,0.2,False,,,
e1/L/R3/8,L,3,quadruplet,6400,0.5,False,,,
e1/L/R3/8,L,3,quadruplet,51200,0.8,False,,,
e1/L/R3/8,L,3,quintuplet,800,0.1,False,,,
e1/L/R3/8,L,3,quintuplet,6400,0.3,False,,,
e1/L/R3/8,L,3,quintuplet,51200,0.3,False,,,
e1/L/R3/8,L,3,random,800,0.0,False,,,
e1/L/R3/8,L,3,random,6400,0.0,False,,,
e1/L/R3/8,L,3,random,51200,0.0,False,,,
e1/L/R3/80,L,3,quadruplet,800,0.0,True,True,1.9142270744458534e-05,0.015313816595566828
e1/L/R3/80,L,3,quadruplet,6400,1.0,True,True,1.9142270744458534e-05,0.12251053276453462
e1/L/R3/80,L,3,quadruplet,51200,1.0,True,True,1.9142270744458534e-05,0.980084262116277
e1/L/R3/80,L,3,quintuplet,800,0.0,True,True,2.8212437085861208e-05,0.022569949668688968
e1/L/R3/80,L,3,quintuplet,6400,1.0,True,True,2.8212437085861208e-05,0.18055959734951174
e1/L/R3/80,L,3,quintuplet,51200,1.0,True,True,2.8212437085861208e-05,1.444476778796094
e1/L/R3/81,L,3,quadruplet,800,0.0,True,False,,
e1/L/R3/81,L,3,quadruplet,6400,0.0,True,False,,
e1/L/R3/81,L,3,quadruplet,51200,0.1,True,False,,
e1/L/R3/81,L,3,quintuplet,800,0.0,True,True,3.1783728233124624e-07,0.000254269825864997
e1/L/R3/81,L,3,quintuplet,6400,0.1,True,True,3.1783728233124624e-07,0.002034158606919976
e1/L/R3/81,L,3,quintuplet,51200,0.4,True,True,3.1783728233124624e-07,0.016273268855359808
e1/L/R3/82,L,3,quadruplet,800,0.4,True,False,,
e1/L/R3/82,L,3,quadruplet,6400,0.2,True,False,,
e1/L/R3/82,L,3,quadruplet,51200,0.1,True,False,,
e1/L/R3/82,L,3,quintuplet,800,0.2,True,False,,
e1/L/R3/82,L,3,quintuplet,6400,0.4,True,False,,
e1/L/R3/82,L,3,quintuplet,51200,0.0,True,False,,
e1/L/R3/83,L,3,quadruplet,800,0.0,False,,,
e1/L/R3/83,L,3,quadruplet,6400,0.0,False,,,
e1/L/R3/83,L,3,quadruplet,51200,0.0,False,,,
e1/L/R3/83,L,3,quintuplet,800,0.0,False,,,
e1/L/R3/83,L,3,quintuplet,6400,0.0,False,,,
e1/L/R3/83,L,3,quintuplet,51200,0.2,False,,,
e1/L/R3/84,L,3,quadruplet,800,0.0,True,False,,
e1/L/R3/84,L,3,quadruplet,6400,0.0,True,False,,
e1/L/R3/84,L,3,quadruplet,51200,0.0,True,False,,
e1/L/R3/84,L,3,quintuplet,800,0.0,True,False,,
e1/L/R3/84,L,3,quintuplet,6400,0.1,True,False,,
e1/L/R3/84,L,3,quintuplet,51200,0.2,True,False,,
e1/L/R3/85,L,3,quadruplet,800,0.0,True,False,,
e1/L/R3/85,L,3,quadruplet,6400,0.0,True,False,,
e1/L/R3/85,L,3,quadruplet,51200,0.0,True,False,,
e1/L/R3/85,L,3,quintuplet,800,0.0,True,False,,
e1/L/R3/85,L,3,quintuplet,6400,0.0,True,False,,
e1/L/R3/85,L,3,quintuplet,51200,0.0,True,False,,
e1/L/R3/86,L,3,quadruplet,800,0.9,True,True,1.3314450178942411e-05,0.010651560143153929
e1/L/R3/86,L,3,quadruplet,6400,1.0,True,True,1.3314450178942411e-05,0.08521248114523143
e1/L/R3/86,L,3,quadruplet,51200,1.0,True,True,1.3314450178942411e-05,0.6816998491618514
e1/L/R3/86,L,3,quintuplet,800,0.9,True,True,1.306119868197809e-05,0.010448958945582473
e1/L/R3/86,L,3,quintuplet,6400,1.0,True,True,1.306119868197809e-05,0.08359167156465978
e1/L/R3/86,L,3,quintuplet,51200,1.0,True,True,1.306119868197809e-05,0.6687333725172783
e1/L/R3/87,L,3,quadruplet,800,0.0,True,True,4.68299130688041e-08,3.746393045504328e-05
e1/L/R3/87,L,3,quadruplet,6400,0.0,True,True,4.68299130688041e-08,0.0002997114436403462
e1/L/R3/87,L,3,quadruplet,51200,0.0,True,True,4.68299130688041e-08,0.00239769154912277
e1/L/R3/87,L,3,quintuplet,800,0.0,True,True,2.643735278304119e-05,0.021149882226432954
e1/L/R3/87,L,3,quintuplet,6400,0.1,True,True,2.643735278304119e-05,0.16919905781146363
e1/L/R3/87,L,3,quintuplet,51200,0.9,True,True,2.643735278304119e-05,1.353592462491709
e1/L/R3/88,L,3,quadruplet,800,0.0,False,,,
e1/L/R3/88,L,3,quadruplet,6400,0.2,False,,,
e1/L/R3/88,L,3,quadruplet,51200,0.9,False,,,
e1/L/R3/88,L,3,quintuplet,800,0.1,False,,,
e1/L/R3/88,L,3,quintuplet,6400,0.4,False,,,
e1/L/R3/88,L,3,quintuplet,51200,1.0,False,,,
e1/L/R3/89,L,3,quadruplet,800,0.0,False,,,
e1/L/R3/89,L,3,quadruplet,6400,0.0,False,,,
e1/L/R3/89,L,3,quadruplet,51200,0.0,False,,,
e1/L/R3/89,L,3,quintuplet,800,0.0,False,,,
e1/L/R3/89,L,3,quintuplet,6400,0.0,False,,,
e1/L/R3/89,L,3,quintuplet,51200,0.0,False,,,
e1/L/R3/9,L,3,quadruplet,800,0.0,True,False,,
e1/L/R3/9,L,3,quadruplet,6400,0.0,True,False,,
e1/L/R3/9,L,3,quadruplet,51200,0.0,True,False,,
e1/L/R3/9,L,3,quintuplet,800,0.0,True,False,,
e1/L/R3/9,L,3,quintuplet,6400,0.0,True,False,,
e1/L/R3/9,L,3,quintuplet,51200,0.0,True,False,,
e1/L/R3/9,L,3,random,800,0.0,True,False,,
e1/L/R3/9,L,3,random,6400,0.0,True,False,,
e1/L/R3/9,L,3,random,51200,0.0,True,False,,
e1/L/R3/90,L,3,quadruplet,800,0.0,True,False,,
e1/L/R3/90,L,3,quadruplet,6400,0.0,True,False,,
e1/L/R3/90,L,3,quadruplet,51200,0.1,True,False,,
e1/L/R3/90,L,3,quintuplet,800,0.0,True,True,9.164401246680845e-06,0.007331520997344677
e1/L/R3/90,L,3,quintuplet,6400,0.0,True,True,9.164401246680845e-06,0.058652167978757414
e1/L/R3/90,L,3,quintuplet,51200,0.7,True,True,9.164401246680845e-06,0.4692173438300593
e1/L/R3/91,L,3,quadruplet,800,0.0,True,False,,
e1/L/R3/91,L,3,quadruplet,6400,0.0,True,False,,
e1/L/R3/91,L,3,quadruplet,51200,0.0,True,False,,
e1/L/R3/91,L,3,quintuplet,800,0.0,True,True,1.2711112749490431e-05,0.010168890199592344
e1/L/R3/91,L,3,quintuplet,6400,0.0,True,True,1.2711112749490431e-05,0.08135112159673875
e1/L/R3/91,L,3,quintuplet,51200,0.6,True,True,1.2711112749490431e-05,0.65080897277391
e1/L/R3/92,L,3,quadruplet,800,0.0,True,False,,
e1/L/R3/92,L,3,quadruplet,6400,0.0,True,False,,
e1/L/R3/92,L,3,quadruplet,51200,0.0,True,False,,
e1/L/R3/92,L,3,quintuplet,800,0.0,True,False,,
e1/L/R3/92,L,3,quintuplet,6400,0.0,True,False,,
e1/L/R3/92,L,3,quintuplet,51200,0.0,True,False,,
e1/L/R3/93,L,3,quadruplet,800,0.0,True,False,,
e1/L/R3/93,L,3,quadruplet,6400,0.0,True,False,,
e1/L/R3/93,L,3,quadruplet,51200,0.0,True,False,,
e1/L/R3/93,L,3,quintuplet,800,0.0,True,False,,
e1/L/R3/93,L,3,quintuplet,6400,0.0,True,False,,
e1/L/R3/93,L,3,quintuplet,51200,0.0,True,False,,
e1/L/R3/94,L,3,quadruplet,800,0.0,False,,,
e1/L/R3/94,L,3,quadruplet,6400,0.1,False,,,
e1/L/R3/94,L,3,quadruplet,51200,0.0,False,,,
e1/L/R3/94,L,3,quintuplet,800,0.0,False,,,
e1/L/R3/94,L,3,quintuplet,6400,0.1,False,,,
e1/L/R3/94,L,3,quintuplet,51200,0.1,False,,,
e1/L/R3/95,L,3,quadruplet,800,0.2,False,,,
e1/L/R3/95,L,3,quadruplet,6400,0.6,False,,,
e1/L/R3/95,L,3,quadruplet,51200,1.0,False,,,
e1/L/R3/95,L,3,quintuplet,800,0.3,False,,,
e1/L/R3/95,L,3,quintuplet,6400,0.9,False,,,
e1/L/R3/95,L,3,quintuplet,51200,1.0,False,,,
e1/L/R3/96,L,3,quadruplet,800,0.0,False,,,
e1/L/R3/96,L,3,quadruplet,6400,0.0,False,,,
e1/L/R3/96,L,3,quadruplet,51200,0.0,False,,,
e1/L/R3/96,L,3,quintuplet,800,0.0,False,,,
e1/L/R3/96,L,3,quintuplet,6400,0.0,False,,,
e1/L/R3/96,L,3,quintuplet,51200,0.0,False,,,
e1/L/R3/97,L,3,quadruplet,800,0.0,False,,,
e1/L/R3/97,L,3,quadruplet,6400,0.4,False,,,
e1/L/R3/97,L,3,quadruplet,51200,0.9,False,,,
e1/L/R3/97,L,3,quintuplet,800,0.0,False,,,
e1/L/R3/97,L,3,quintuplet,6400,0.0,False,,,
e1/L/R3/97,L,3,quintuplet,51200,0.0,False,,,
e1/L/R3/98,L,3,quadruplet,800,0.0,False,,,
e1/L/R3/98,L,3,quadruplet,6400,0.1,False,,,
e1/L/R3/98,L,3,quadruplet,51200,0.7,False,,,
e1/L/R3/98,L,3,quintuplet,800,0.0,False,,,
e1/L/R3/98,L,3,quintuplet,6400,0.3,False,,,
e1/L/R3/98,L,3,quintuplet,51200,0.8,False,,,
e1/L/R3/99,L,3,quadruplet,800,0.4,True,True,1.228416563357482e-05,0.009827332506859856
e1/L/R3/99,L,3,quadruplet,6400,1.0,True,True,1.228416563357482e-05,0.07861866005487884
e1/L/R3/99,L,3,quadruplet,51200,1.0,True,True,1.228416563357482e-05,0.6289492804390308
e1/L/R3/99,L,3,quintuplet,800,0.4,True,True,9.938353580646936e-06,0.007950682864517548
e1/L/R3/99,L,3,quintuplet,6400,1.0,True,True,9.938353580646936e-06,0.06360546291614039
e1/L/R3/99,L,3,quintuplet,51200,1.0,True,True,9.938353580646936e-06,0.5088437033291231
e1/L/R4/0,L,4,quadruplet,800,0.3,True,True,9.696956612404359e-06,0.007757565289923487
e1/L/R4/0,L,4,quadruplet,6400,0.9,True,True,9.696956612404359e-06,0.0620605223193879
e1/L/R4/0,L,4,quadruplet,51200,1.0,True,True,9.696956612404359e-06,0.4964841785551032
e1/L/R4/0,L,4,quintuplet,800,0.3,True,True,1.4239226758005697e-05,0.011391381406404558
e1/L/R4/0,L,4,quintuplet,6400,0.9,True,True,1.4239226758005697e-05,0.09113105125123647
e1/L/R4/0,L,4,quintuplet,51200,1.0,True,True,1.4239226758005697e-05,0.7290484100098917
e1/L/R4/0,L,4,random,800,0.0,True,False,,
e1/L/R4/0,L,4,random,6400,0.0,True,False,,
e1/L/R4/0,L,4,random,51200,0.0,True,False,,
e1/L/R4/1,L,4,quadruplet,800,1.0,True,True,9.199399374593102e-06,0.007359519499674482
e1/L/R4/1,L,4,quadruplet,6400,1.0,True,True,9.199399374593102e-06,0.05887615599739585
e1/L/R4/1,L,4,quadruplet,51200,1.0,True,True,9.199399374593102e-06,0.4710092479791668
e1/L/R4/1,L,4,quintuplet,800,1.0,True,True,1.2844524562296191e-05,0.010275619649836953
e1/L/R4/1,L,4,quintuplet,6400,1.0,True,True,1.2844524562296191e-05,0.08220495719869562
e1/L/R4/1,L,4,quintuplet,51200,1.0,True,True,1.2844524562296191e-05,0.657639657589565
e1/L/R4/1,L,4,random,800,0.0,True,False,,
e1/L/R4/1,L,4,random,6400,0.0,True,False,,
e1/L/R4/1,L,4,random,51200,0.0,True,False,,
e1/L/R4/10,L,4,quadruplet,800,0.1,False,,,
e1/L/R4/10,L,4,quadruplet,6400,0.1,False,,,
e1/L/R4/10,L,4,quadruplet,51200,0.7,False,,,
e1/L/R4/10,L,4,quintuplet,800,0.1,False,,,
e1/L/R4/10,L,4,quintuplet,6400,0.5,False,,,
e1/L/R4/10,L,4,quintuplet,51200,1.0,False,,,
e1/L/R4/11,L,4,quadruplet,800,0.4,True,True,1.1089768736459951e-06,0.0008871814989167961
e1/L/R4/11,L,4,quadruplet,6400,0.8,True,True,1.1089768736459951e-06,0.007097451991334369
e1/L/R4/11,L,4,quadruplet,51200,1.0,True,True,1.1089768736459951e-06,0.05677961593067495
e1/L/R4/11,L,4,quintuplet,800,0.0,True,True,1.6103787084942199e-09,1.288302966795376e-06
e1/L/R4/11,L,4,quintuplet,6400,0.2,True,True,1.6103787084942199e-09,1.0306423734363008e-05
e1/L/R4/11,L,4,quintuplet,51200,0.6,True,True,1.6103787084942199e-09,8.245138987490406e-05
e1/L/R4/12,L,4,quadruplet,800,0.0,True,True,1.6601327476670858e-05,0.013281061981336686
e1/L/R4/12,L,4,quadruplet,6400,0.4,True,True,1.6601327476670858e-05,0.10624849585069349
e1/L/R4/12,L,4,quadruplet,51200,1.0,True,True,1.6601327476670858e-05,0.8499879668055479
e1/L/R4/12,L,4,quintuplet,800,0.0,True,True,1.0107977231978857e-05,0.008086381785583087
e1/L/R4/12,L,4,quintuplet,6400,0.4,True,True,1.0107977231978857e-05,0.06469105428466469
e1/L/R4/12,L,4,quintuplet,51200,1.0,True,True,1.0107977231978857e-05,0.5175284342773175
e1/L/R4/13,L,4,quadruplet,800,0.0,True,False,,
e1/L/R4/13,L,4,quadruplet,6400,0.0,True,False,,
e1/L/R4/13,L,4,quadruplet,51200,0.0,True,False,,
e1/L/R4/13,L,4,quintuplet,800,0.1,True,False,,
e1/L/R4/13,L,4,quintuplet,6400,0.0,True,False,,
e1/L/R4/13,L,4,quintuplet,51200,0.0,True,False,,
e1/L/R4/14,L,4,quadruplet,800,0.3,True,True,1.680065829630838e-05,0.013440526637046703
e1/L/R4/14,L,4,quadruplet,6400,0.9,True,True,1.680065829630838e-05,0.10752421309637362
e1/L/R4/14,L,4,quadruplet,51200,1.0,True,True,1.680065829630838e-05,0.860193704770989
e1/L/R4/14,L,4,quintuplet,800,0.2,True,True,1.2149795419661543e-05,0.009719836335729235
e1/L/R4/14,L,4,quintuplet,6400,0.9,True,True,1.2149795419661543e-05,0.07775869068583388
e1/L/R4/14,L,4,quintuplet,51200,0.9,True,True,1.2149795419661543e-05,0.622069525486671
e1/L/R4/15,L,4,quadruplet,800,0.0,True,False,,
e1/L/R4/15,L,4,quadruplet,6400,0.0,True,False,,
e1/L/R4/15,L,4,quadruplet,51200,0.0,True,False,,
e1/L/R4/15,L,4,quintuplet,800,0.0,True,False,,
e1/L/R4/15,L,4,quintuplet,6400,0.1,True,False,,
e1/L/R4/15,L,4,quintuplet,51200,0.1,True,False,,
e1/L/R4/16,L,4,quadruplet,800,0.0,False,,,
e1/L/R4/16,L,4,quadruplet,6400,0.1,False,,,
e1/L/R4/16,L,4,quadruplet,51200,0.0,False,,,
e1/L/R4/16,L,4,quintuplet,800,0.0,False,,,
e1/L/R4/16,L,4,quintuplet,6400,0.3,False,,,
e1/L/R4/16,L,4,quintuplet,51200,0.8,False,,,
e1/L/R4/17,L,4,quadruplet,800,0.0,False,,,
e1/L/R4/17,L,4,quadruplet,6400,0.0,False,,,
e1/L/R4/17,L,4,quadruplet,51200,0.0,False,,,
e1/L/R4/17,L,4,quintuplet,800,0.0,False,,,
e1/L/R4/17,L,4,quintuplet,6400,0.2,False,,,
e1/L/R4/17,L,4,quintuplet,51200,0.1,False,,,
e1/L/R4/18,L,4,quadruplet,800,0.0,True,False,,
e1/L/R4/18,L,4,quadruplet,6400,0.0,True,False,,
e1/L/R4/18,L,4,quadruplet,51200,0.0,True,False,,
e1/L/R4/18,L,4,quintuplet,800,0.0,True,False,,
e1/L/R4/18,L,4,quintuplet,6400,0.0,True,False,,
e1/L/R4/18,L,4,quintuplet,51200,0.0,True,False,,
e1/L/R4/19,L,4,quadruplet,800,0.0,True,False,,
e1/L/R4/19,L,4,quadruplet,6400,0.0,True,False,,
e1/L/R4/19,L,4,quadruplet,51200,0.0,True,False,,
e1/L/R4/19,L,4,quintuplet,800,0.0,True,False,,
e1/L/R4/19,L,4,quintuplet,6400,0.0,True,False,,
e1/L/R4/19,L,4,quintuplet,51200,0.0,True,False,,
e1/L/R4/2,L,4,quadruplet,800,0.2,False,,,
e1/L/R4/2,L,4,quadruplet,6400,0.2,False,,,
e1/L/R4/2,L,4,quadruplet,51200,0.6,False,,,
e1/L/R4/2,L,4,quintuplet,800,0.5,False,,,
e1/L/R4/2,L,4,quintuplet,6400,0.7,False,,,
e1/L/R4/2,L,4,quintuplet,51200,1.0,False,,,
e1/L/R4/2,L,4,random,800,0.0,False,,,
e1/L/R4/2,L,4,random,6400,0.0,False,,,
e1/L/R4/2,L,4,random,51200,0.0,False,,,
e1/L/R4/20,L,4,quadruplet,800,0.4,True,True,5.108174570858626e-06,0.0040865396566869
e1/L/R4/20,L,4,quadruplet,6400,0.9,True,True,5.108174570858626e-06,0.0326923172534952
e1/L/R4/20,L,4,quadruplet,51200,1.0,True,True,5.108174570858626e-06,0.2615385380279616
e1/L/R4/20,L,4,quintuplet,800,0.2,True,True,7.73752609636004e-08,6.190020877088032e-05
e1/L/R4/20,L,4,quintuplet,6400,0.2,True,True,7.73752609636004e-08,0.0004952016701670425
e1/L/R4/20,L,4,quintuplet,51200,0.4,True,True,7.73752609636004e-08,0.00396161336133634
e1/L/R4/21,L,4,quadruplet,800,0.8,True,True,1.6529850489310817e-05,0.013223880391448653
e1/L/R4/21,L,4,quadruplet,6400,1.0,True,True,1.6529850489310817e-05,0.10579104313158923
e1/L/R4/21,L,4,quadruplet,51200,1.0,True,True,1.6529850489310817e-05,0.8463283450527138
e1/L/R4/21,L,4,quintuplet,800,0.8,True,True,1.2826155946880887e-05,0.01026092475750471
e1/L/R4/21,L,4,quintuplet,6400,1.0,True,True,1.2826155946880887e-05,0.08208739806003768
e1/L/R4/21,L,4,quintuplet,51200,1.0,True,True,1.2826155946880887e-05,0.6566991844803014
e1/L/R4/22,L,4,quadruplet,800,0.2,True,True,8.413702967700386e-06,0.006730962374160309
e1/L/R4/22,L,4,quadruplet,6400,0.4,True,True,8.413702967700386e-06,0.05384769899328247
e1/L/R4/22,L,4,quadruplet,51200,0.9,True,True,8.413702967700386e-06,0.43078159194625976
e1/L/R4/22,L,4,quintuplet,800,0.0,True,True,5.4462730687516706e-06,0.004357018455001337
e1/L/R4/22,L,4,quintuplet,6400,0.2,True,True,5.4462730687516706e-06,0.034856147640010694
e1/L/R4/22,L,4,quintuplet,51200,0.7,True,True,5.4462730687516706e-06,0.27884918112008555
e1/L/R4/23,L,4,quadruplet,800,0.0,False,,,
e1/L/R4/23,L,4,quadruplet,6400,0.1,False,,,
e1/L/R4/23,L,4,quadruplet,51200,0.0,False,,,
e1/L/R4/23,L,4,quintuplet,800,0.0,False,,,
e1/L/R4/23,L,4,quintuplet,6400,0.4,False,,,
e1/L/R4/23,L,4,quintuplet,51200,0.7,False,,,
e1/L/R4/24,L,4,quadruplet,800,0.0,True,False,,
e1/L/R4/24,L,4,quadruplet,6400,0.0,True,False,,
e1/L/R4/24,L,4,quadruplet,51200,0.0,True,False,,
e1/L/R4/24,L,4,quintuplet,800,0.0,True,False,,
e1/L/R4/24,L,4,quintuplet,6400,0.0,True,False,,
e1/L/R4/24,L,4,quintuplet,51200,0.0,True,False,,
e1/L/R4/25,L,4,quadruplet,800,0.0,True,False,,
e1/L/R4/25,L,4,quadruplet,6400,0.2,True,False,,
e1/L/R4/25,L,4,quadruplet,51200,0.1,True,False,,
e1/L/R4/25,L,4,quintuplet,800,0.0,True,True,2.6947285556196993e-08,2.1557828444957594e-05
e1/L/R4/25,L,4,quintuplet,6400,0.4,True,True,2.6947285556196993e-08,0.00017246262755966075
e1/L/R4/25,L,4,quintuplet,51200,0.6,True,True,2.6947285556196993e-08,0.001379701020477286
e1/L/R4/26,L,4,quadruplet,800,0.0,True,True,4.571973573165368e-06,0.0036575788585322946
e1/L/R4/26,L,4,quadruplet,6400,0.0,True,True,4.571973573165368e-06,0.029260630868258357
e1/L/R4/26,L,4,quadruplet,51200,0.5,True,True,4.571973573165368e-06,0.23408504694606685
e1/L/R4/26,L,4,quintuplet,800,0.0,True,True,7.1501551231303886e-06,0.005720124098504311
e1/L/R4/26,L,4,quintuplet,6400,0.1,True,True,7.1501551231303886e-06,0.045760992788034485
e1/L/R4/26,L,4,quintuplet,51200,0.8,True,True,7.1501551231303886e-06,0.3660879423042759
e1/L/R4/27,L,4,quadruplet,800,0.0,True,False,,
e1/L/R4/27,L,4,quadruplet,6400,0.0,True,False,,
e1/L/R4/27,L,4,quadruplet,51200,0.0,True,False,,
e1/L/R4/27,L,4,quintuplet,800,0.1,True,True,2.7905623103982316e-06,0.002232449848318585
e1/L/R4/27,L,4,quintuplet,6400,0.2,True,True,2.7905623103982316e-06,0.01785959878654868
e1/L/R4/27,L,4,quintuplet,51200,0.8,True,True,2.7905623103982316e-06,0.14287679029238945
e1/L/R4/28,L,4,quadruplet,800,0.3,True,False,,
e1/L/R4/28,L,4,quadruplet,6400,0.1,True,False,,
e1/L/R4/28,L,4,quadruplet,51200,0.0,True,False,,
e1/L/R4/28,L,4,quintuplet,800,0.4,True,False,,
e1/L/R4/28,L,4,quintuplet,6400,0.5,True,False,,
e1/L/R4/28,L,4,quintuplet,51200,0.2,True,False,,
e1/L/R4/29,L,4,quadruplet,800,0.0,True,False,,
e1/L/R4/29,L,4,quadruplet,6400,0.0,True,False,,
e1/L/R4/29,L,4,quadruplet,51200,0.0,True,False,,
e1/L/R4/29,L,4,quintuplet,800,0.0,True,False,,
e1/L/R4/29,L,4,quintuplet,6400,0.0,True,False,,
e1/L/R4/29,L,4,quintuplet,51200,0.2,True,False,,
e1/L/R4/3,L,4,quadruplet,800,1.0,True,True,1.665055894477752e-05,0.013320447155822018
e1/L/R4/3,L,4,quadruplet,6400,1.0,True,True,1.665055894477752e-05,0.10656357724657614
e1/L/R4/3,L,4,quadruplet,51200,1.0,True,True,1.665055894477752e-05,0.8525086179726091
e1/L/R4/3,L,4,quintuplet,800,0.9,True,True,1.3278169510333517e-05,0.010622535608266813
e1/L/R4/3,L,4,quintuplet,6400,1.0,True,True,1.3278169510333517e-05,0.0849802848661345
e1/L/R4/3,L,4,quintuplet,51200,1.0,True,True,1.3278169510333517e-05,0.679842278929076
e1/L/R4/3,L,4,random,800,0.0,True,False,,
e1/L/R4/3,L,4,random,6400,0.0,True,False,,
e1/L/R4/3,L,4,random,51200,0.0,True,False,,
e1/L/R4/30,L,4,quadruplet,800,0.1,True,False,,
e1/L/R4/30,L,4,quadruplet,6400,0.0,True,False,,
e1/L/R4/30,L,4,quadruplet,51200,0.0,True,False,,
e1/L/R4/30,L,4,quintuplet,800,0.1,True,False,,
e1/L/R4/30,L,4,quintuplet,6400,0.0,True,False,,
e1/L/R4/30,L,4,quintuplet,51200,0.0,True,False,,
e1/L/R4/31,L,4,quadruplet,800,0.0,True,False,,
e1/L/R4/31,L,4,quadruplet,6400,0.0,True,False,,
e1/L/R4/31,L,4,quadruplet,51200,0.0,True,False,,
e1/L/R4/31,L,4,quintuplet,800,0.0,True,False,,
e1/L/R4/31,L,4,quintuplet,6400,0.0,True,False,,
e1/L/R4/31,L,4,quintuplet,51200,0.0,True,False,,
e1/L/R4/32,L,4,quadruplet,800,0.0,True,False,,
e1/L/R4/32,L,4,quadruplet,6400,0.0,True,False,,
e1/L/R4/32,L,4,quadruplet,51200,0.0,True,False,,
e1/L/R4/32,L,4,quintuplet,800,0.0,True,True,2.639010266530212e-07,0.00021112082132241698
e1/L/R4/32,L,4,quintuplet,6400,0.0,True,True,2.639010266530212e-07,0.0016889665705793358
e1/L/R4/32,L,4,quintuplet,51200,0.3,True,True,2.639010266530212e-07,0.013511732564634686
e1/L/R4/33,L,4,quadruplet,800,0.2,True,True,1.81705388257789e-08,1.453643106062312e-05
e1/L/R4/33,L,4,quadruplet,6400,0.5,True,True,1.81705388257789e-08,0.00011629144848498496
e1/L/R4/33,L,4,quadruplet,51200,0.8,True,True,1.81705388257789e-08,0.0009303315878798797
e1/L/R4/33,L,4,quintuplet,800,0.0,True,True,1.813204849097962e-08,1.4505638792783695e-05
e1/L/R4/33,L,4,quintuplet,6400,0.6,True,True,1.813204849097962e-08,0.00011604511034226956
e1/L/R4/33,L,4,quintuplet,51200,0.8,True,True,1.813204849097962e-08,0.0009283608827381565
e1/L/R4/34,L,4,quadruplet,800,0.0,True,True,2.5567935698939866e-07,0.00020454348559151894
e1/L/R4/34,L,4,quadruplet,6400,0.5,True,True,2.5567935698939866e-07,0.0016363478847321515
e1/L/R4/34,L,4,quadruplet,51200,0.4,True,True,2.5567935698939866e-07,0.013090783077857212
e1/L/R4/34,L,4,quintuplet,800,0.0,True,True,7.614680609812338e-08,6.0917444878498704e-05
e1/L/R4/34,L,4,quintuplet,6400,0.3,True,True,7.614680609812338e-08,0.00048733955902798963
e1/L/R4/34,L,4,quintuplet,51200,0.2,True,True,7.614680609812338e-08,0.003898716472223917
e1/L/R4/35,L,4,quadruplet,800,0.0,True,False,,
e1/L/R4/35,L,4,quadruplet,6400,0.0,True,False,,
e1/L/R4/35,L,4,quadruplet,51200,0.0,True,False,,
e1/L/R4/35,L,4,quintuplet,800,0.0,True,False,,
e1/L/R4/35,L,4,quintuplet,6400,0.0,True,False,,
e1/L/R4/35,L,4,quintuplet,51200,0.0,True,False,,
e1/L/R4/36,L,4,quadruplet,800,0.5,True,True,1.029988205033184e-05,0.008239905640265471
e1/L/R4/36,L,4,quadruplet,6400,1.0,True,True,1.029988205033184e-05,0.06591924512212377
e1/L/R4/36,L,4,quadruplet,51200,1.0,True,True,1.029988205033184e-05,0.5273539609769902
e1/L/R4/36,L,4,quintuplet,800,0.4,True,True,2.546857181917239e-06,0.0020374857455337913
e1/L/R4/36,L,4,quintuplet,6400,0.9,True,True,2.546857181917239e-06,0.01629988596427033
e1/L/R4/36,L,4,quintuplet,51200,1.0,True,True,2.546857181917239e-06,0.13039908771416264
e1/L/R4/37,L,4,quadruplet,800,0.0,False,,,
e1/L/R4/37,L,4,quadruplet,6400,0.0,False,,,
e1/L/R4/37,L,4,quadruplet,51200,0.0,False,,,
e1/L/R4/37,L,4,quintuplet,800,0.1,False,,,
e1/L/R4/37,L,4,quintuplet,6400,0.0,False,,,
e1/L/R4/37,L,4,quintuplet,51200,0.0,False,,,
e1/L/R4/38,L,4,quadruplet,800,0.5,True,True,1.2741990852735595e-05,0.010193592682188475
e1/L/R4/38,L,4,quadruplet,6400,1.0,True,True,1.2741990852735595e-05,0.0815487414575078
e1/L/R4/38,L,4,quadruplet,51200,1.0,True,True,1.2741990852735595e-05,0.6523899316600624
e1/L/R4/38,L,4,quintuplet,800,0.3,True,True,9.950737586820996e-06,0.007960590069456796
e1/L/R4/38,L,4,quintuplet,6400,1.0,True,True,9.950737586820996e-06,0.06368472055565437
e1/L/R4/38,L,4,quintuplet,51200,1.0,True,True,9.950737586820996e-06,0.509477764445235
e1/L/R4/39,L,4,quadruplet,800,0.0,True,False,,
e1/L/R4/39,L,4,quadruplet,6400,0.0,True,False,,
e1/L/R4/39,L,4,quadruplet,51200,0.0,True,False,,
e1/L/R4/39,L,4,quintuplet,800,0.0,True,False,,
e1/L/R4/39,L,4,quintuplet,6400,0.0,True,False,,
e1/L/R4/39,L,4,quintuplet,51200,0.0,True,False,,
e1/L/R4/4,L,4,quadruplet,800,0.1,False,,,
e1/L/R4/4,L,4,quadruplet,6400,0.0,False,,,
e1/L/R4/4,L,4,quadruplet,51200,0.0,False,,,
e1/L/R4/4,L,4,quintuplet,800,0.3,False,,,
e1/L/R4/4,L,4,quintuplet,6400,0.0,False,,,
e1/L/R4/4,L,4,quintuplet,51200,0.0,False,,,
e1/L/R4/4,L,4,random,800,0.0,False,,,
e1/L/R4/4,L,4,random,6400,0.0,False,,,
e1/L/R4/4,L,4,random,51200,0.0,False,,,
e1/L/R4/40,L,4,quadruplet,800,0.0,True,False,,
e1/L/R4/40,L,4,quadruplet,6400,0.0,True,False,,
e1/L/R4/40,L,4,quadruplet,51200,0.0,True,False,,
e1/L/R4/40,L,4,quintuplet,800,0.0,True,False,,
e1/L/R4/40,L,4,quintuplet,6400,0.0,True,False,,
e1/L/R4/40,L,4,quintuplet,51200,0.0,True,False,,
e1/L/R4/41,L,4,quadruplet,800,0.0,False,,,
e1/L/R4/41,L,4,quadruplet,6400,0.0,False,,,
e1/L/R4/41,L,4,quadruplet,51200,0.0,False,,,
e1/L/R4/41,L,4,quintuplet,800,0.0,False,,,
e1/L/R4/41,L,4,quintuplet,6400,0.0,False,,,
e1/L/R4/41,L,4,quintuplet,51200,0.0,False,,,
e1/L/R4/42,L,4,quadruplet,800,0.0,True,True,1.4874248163773861e-05,0.011899398531019088
e1/L/R4/42,L,4,quadruplet,6400,0.5,True,True,1.4874248163773861e-05,0.0951951882481527
e1/L/R4/42,L,4,quadruplet,51200,1.0,True,True,1.4874248163773861e-05,0.7615615059852217
e1/L/R4/42,L,4,quintuplet,800,0.0,True,True,2.133476842809389e-05,0.017067814742475113
e1/L/R4/42,L,4,quintuplet,6400,0.7,True,True,2.133476842809389e-05,0.1365425179398009
e1/L/R4/42,L,4,quintuplet,51200,1.0,True,True,2.133476842809389e-05,1.0923401435184072
e1/L/R4/43,L,4,quadruplet,800,0.0,False,,,
e1/L/R4/43,L,4,quadruplet,6400,0.0,False,,,
e1/L/R4/43,L,4,quadruplet,51200,0.0,False,,,
e1/L/R4/43,L,4,quintuplet,800,0.0,False,,,
e1/L/R4/43,L,4,quintuplet,6400,0.0,False,,,
e1/L/R4/43,L,4,quintuplet,51200,0.0,False,,,
e1/L/R4/44,L,4,quadruplet,800,0.4,True,True,1.4548335222123896e-07,0.00011638668177699117
e1/L/R4/44,L,4,quadruplet,6400,0.7,True,True,1.4548335222123896e-07,0.0009310934542159293
e1/L/R4/44,L,4,quadruplet,51200,0.9,True,True,1.4548335222123896e-07,0.007448747633727435
e1/L/R4/44,L,4,quintuplet,800,0.3,True,True,5.753669560620021e-07,0.0004602935648496017
e1/L/R4/44,L,4,quintuplet,6400,0.6,True,True,5.753669560620021e-07,0.0036823485187968135
e1/L/R4/44,L,4,quintuplet,51200,0.9,True,True,5.753669560620021e-07,0.029458788150374508
e1/L/R4/45,L,4,quadruplet,800,0.1,True,True,2.4831937959473808e-06,0.0019865550367579045
e1/L/R4/45,L,4,quadruplet,6400,0.4,True,True,2.4831937959473808e-06,0.015892440294063236
e1/L/R4/45,L,4,quadruplet,51200,0.8,True,True,2.4831937959473808e-06,0.1271395223525059
e1/L/R4/45,L,4,quintuplet,800,0.3,True,True,3.5674031662497224e-06,0.002853922532999778
e1/L/R4/45,L,4,quintuplet,6400,1.0,True,True,3.5674031662497224e-06,0.022831380263998224
e1/L/R4/45,L,4,quintuplet,51200,1.0,True,True,3.5674031662497224e-06,0.1826510421119858
e1/L/R4/46,L,4,quadruplet,800,0.3,True,True,6.886577378488424e-06,0.005509261902790739
e1/L/R4/46,L,4,quadruplet,6400,0.9,True,True,6.886577378488424e-06,0.044074095222325915
e1/L/R4/46,L,4,quadruplet,51200,1.0,True,True,6.886577378488424e-06,0.3525927617786073
e1/L/R4/46,L,4,quintuplet,800,0.3,True,True,3.040076651552528e-05,0.024320613212420225
e1/L/R4/46,L,4,quintuplet,6400,0.8,True,True,3.040076651552528e-05,0.1945649056993618
e1/L/R4/46,L,4,quintuplet,51200,1.0,True,True,3.040076651552528e-05,1.5565192455948944
e1/L/R4/47,L,4,quadruplet,800,0.0,True,False,,
e1/L/R4/47,L,4,quadruplet,6400,0.0,True,False,,
e1/L/R4/47,L,4,quadruplet,51200,0.0,True,False,,
e1/L/R4/47,L,4,quintuplet,800,0.0,True,False,,
e1/L/R4/47,L,4,quintuplet,6400,0.0,True,False,,
e1/L/R4/47,L,4,quintuplet,51200,0.0,True,False,,
e1/L/R4/48,L,4,quadruplet,800,0.0,True,False,,
e1/L/R4/48,L,4,quadruplet,6400,0.0,True,False,,
e1/L/R4/48,L,4,quadruplet,51200,0.0,True,False,,
e1/L/R4/48,L,4,quintuplet,800,0.0,True,False,,
e1/L/R4/48,L,4,quintuplet,6400,0.0,True,False,,
e1/L/R4/48,L,4,quintuplet,51200,0.0,True,False,,
e1/L/R4/49,L,4,quadruplet,800,0.1,True,True,2.8147740615565756e-05,0.022518192492452606
e1/L/R4/49,L,4,quadruplet,6400,1.0,True,True,2.8147740615565756e-05,0.18014553993962085
e1/L/R4/49,L,4,quadruplet,51200,1.0,True,True,2.8147740615565756e-05,1.4411643195169668
e1/L/R4/49,L,4,quintuplet,800,0.1,True,True,1.4660185303216558e-05,0.011728148242573247
e1/L/R4/49,L,4,quintuplet,6400,0.8,True,True,1.4660185303216558e-05,0.09382518594058598
e1/L/R4/49,L,4,quintuplet,51200,1.0,True,True,1.4660185303216558e-05,0.7506014875246878
e1/L/R4/5,L,4,quadruplet,800,0.0,False,,,
e1/L/R4/5,L,4,quadruplet,6400,0.0,False,,,
e1/L/R4/5,L,4,quadruplet,51200,0.0,False,,,
e1/L/R4/5,L,4,quintuplet,800,0.0,False,,,
e1/L/R4/5,L,4,quintuplet,6400,0.0,False,,,
e1/L/R4/5,L,4,quintuplet,51200,0.0,False,,,
e1/L/R4/5,L,4,random,800,0.0,False,,,
e1/L/R4/5,L,4,random,6400,0.0,False,,,
e1/L/R4/5,L,4,random,51200,0.0,False,,,
e1/L/R4/50,L,4,quadruplet,800,0.0,True,False,,
e1/L/R4/50,L,4,quadruplet,6400,0.0,True,False,,
e1/L/R4/50,L,4,quadruplet,51200,0.0,True,False,,
e1/L/R4/50,L,4,quintuplet,800,0.0,True,True,1.2735877880661195e-05,0.010188702304528957
e1/L/R4/50,L,4,quintuplet,6400,0.2,True,True,1.2735877880661195e-05,0.08150961843623165
e1/L/R4/50,L,4,quintuplet,51200,0.9,True,True,1.2735877880661195e-05,0.6520769474898532
e1/L/R4/51,L,4,quadruplet,800,0.0,True,False,,
e1/L/R4/51,L,4,quadruplet,6400,0.1,True,False,,
e1/L/R4/51,L,4,quadruplet,51200,0.0,True,False,,
e1/L/R4/51,L,4,quintuplet,800,0.1,True,False,,
e1/L/R4/51,L,4,quintuplet,6400,0.2,True,False,,
e1/L/R4/51,L,4,quintuplet,51200,0.2,True,False,,
e1/L/R4/52,L,4,quadruplet,800,0.0,True,False,,
e1/L/R4/52,L,4,quadruplet,6400,0.0,True,False,,
e1/L/R4/52,L,4,quadruplet,51200,0.0,True,False,,
e1/L/R4/52,L,4,quintuplet,800,0.0,True,False,,
e1/L/R4/52,L,4,quintuplet,6400,0.0,True,False,,
e1/L/R4/52,L,4,quintuplet,51200,0.0,True,False,,
e1/L/R4/53,L,4,quadruplet,800,0.0,False,,,
e1/L/R4/53,L,4,quadruplet,6400,0.4,False,,,
e1/L/R4/53,L,4,quadruplet,51200,0.9,False,,,
e1/L/R4/53,L,4,quintuplet,800,0.1,False,,,
e1/L/R4/53,L,4,quintuplet,6400,0.6,False,,,
e1/L/R4/53,L,4,quintuplet,51200,1.0,False,,,
e1/L/R4/54,L,4,quadruplet,800,0.8,True,True,1.90710937628873e-05,0.01525687501030984
e1/L/R4/54,L,4,quadruplet,6400,1.0,True,True,1.90710937628873e-05,0.12205500008247872
e1/L/R4/54,L,4,quadruplet,51200,1.0,True,True,1.90710937628873e-05,0.9764400006598297
e1/L/R4/54,L,4,quintuplet,800,0.6,True,True,1.534146017346653e-05,0.012273168138773223
e1/L/R4/54,L,4,quintuplet,6400,1.0,True,True,1.534146017346653e-05,0.09818534511018578
e1/L/R4/54,L,4,quintuplet,51200,1.0,True,True,1.534146017346653e-05,0.7854827608814863
e1/L/R4/55,L,4,quadruplet,800,0.0,False,,,
e1/L/R4/55,L,4,quadruplet,6400,0.0,False,,,
e1/L/R4/55,L,4,quadruplet,51200,0.0,False,,,
e1/L/R4/55,L,4,quintuplet,800,0.0,False,,,
e1/L/R4/55,L,4,quintuplet,6400,0.0,False,,,
e1/L/R4/55,L,4,quintuplet,51200,0.0,False,,,
e1/L/R4/56,L,4,quadruplet,800,0.7,True,True,2.058015107773659e-06,0.0016464120862189273
e1/L/R4/56,L,4,quadruplet,6400,1.0,True,True,2.058015107773659e-06,0.013171296689751418
e1/L/R4/56,L,4,quadruplet,51200,1.0,True,True,2.058015107773659e-06,0.10537037351801135
e1/L/R4/56,L,4,quintuplet,800,0.4,True,True,1.1456460836600535e-07,9.165168669280428e-05
e1/L/R4/56,L,4,quintuplet,6400,0.9,True,True,1.1456460836600535e-07,0.0007332134935424343
e1/L/R4/56,L,4,quintuplet,51200,0.5,True,True,1.1456460836600535e-07,0.005865707948339474
e1/L/R4/57,L,4,quadruplet,800,0.1,True,False,,
e1/L/R4/57,L,4,quadruplet,6400,0.2,True,False,,
e1/L/R4/57,L,4,quadruplet,51200,0.1,True,False,,
e1/L/R4/57,L,4,quintuplet,800,0.1,True,False,,
e1/L/R4/57,L,4,quintuplet,6400,0.1,True,False,,
e1/L/R4/57,L,4,quintuplet,51200,0.2,True,False,,
e1/L/R4/58,L,4,quadruplet,800,0.1,True,False,,
e1/L/R4/58,L,4,quadruplet,6400,0.0,True,False,,
e1/L/R4/58,L,4,quadruplet,51200,0.0,True,False,,
e1/L/R4/58,L,4,quintuplet,800,0.1,True,True,1.0471669607058115e-05,0.008377335685646492
e1/L/R4/58,L,4,quintuplet,6400,0.4,True,True,1.0471669607058115e-05,0.06701868548517194
e1/L/R4/58,L,4,quintuplet,51200,0.9,True,True,1.0471669607058115e-05,0.5361494838813755
e1/L/R4/59,L,4,quadruplet,800,0.0,False,,,
e1/L/R4/59,L,4,quadruplet,6400,0.0,False,,,
e1/L/R4/59,L,4,quadruplet,51200,0.0,False,,,
e1/L/R4/59,L,4,quintuplet,800,0.0,False,,,
e1/L/R4/59,L,4,quintuplet,6400,0.1,False,,,
e1/L/R4/59,L,4,quintuplet,51200,0.5,False,,,
e1/L/R4/6,L,4,quadruplet,800,0.0,True,False,,
e1/L/R4/6,L,4,quadruplet,6400,0.0,True,False,,
e1/L/R4/6,L,4,quadruplet,51200,0.0,True,False,,
e1/L/R4/6,L,4,quintuplet,800,0.0,True,False,,
e1/L/R4/6,L,4,quintuplet,6400,0.0,True,False,,
e1/L/R4/6,L,4,quintuplet,51200,0.0,True,False,,
e1/L/R4/6,L,4,random,800,0.0,True,False,,
e1/L/R4/6,L,4,random,6400,0.0,True,False,,
e1/L/R4/6,L,4,random,51200,0.0,True,False,,
e1/L/R4/60,L,4,quadruplet,800,0.0,True,False,,
e1/L/R4/60,L,4,quadruplet,6400,0.0,True,False,,
e1/L/R4/60,L,4,quadruplet,51200,0.0,True,False,,
e1/L/R4/60,L,4,quintuplet,800,0.0,True,False,,
e1/L/R4/60,L,4,quintuplet,6400,0.0,True,False,,
e1/L/R4/60,L,4,quintuplet,51200,0.1,True,False,,
e1/L/R4/61,L,4,quadruplet,800,0.0,False,,,
e1/L/R4/61,L,4,quadruplet,6400,0.0,False,,,
e1/L/R4/61,L,4,quadruplet,51200,0.4,False,,,
e1/L/R4/61,L,4,quintuplet,800,0.0,False,,,
e1/L/R4/61,L,4,quintuplet,6400,0.8,False,,,
e1/L/R4/61,L,4,quintuplet,51200,1.0,False,,,
e1/L/R4/62,L,4,quadruplet,800,0.0,False,,,
e1/L/R4/62,L,4,quadruplet,6400,0.0,False,,,
e1/L/R4/62,L,4,quadruplet,51200,0.0,False,,,
e1/L/R4/62,L,4,quintuplet,800,0.0,False,,,
e1/L/R4/62,L,4,quintuplet,6400,0.0,False,,,
e1/L/R4/62,L,4,quintuplet,51200,0.0,False,,,
e1/L/R4/63,L,4,quadruplet,800,0.0,False,,,
e1/L/R4/63,L,4,quadruplet,6400,0.1,False,,,
e1/L/R4/63,L,4,quadruplet,51200,0.0,False,,,
e1/L/R4/63,L,4,quintuplet,800,0.0,False,,,
e1/L/R4/63,L,4,quintuplet,6400,0.0,False,,,
e1/L/R4/63,L,4,quintuplet,51200,0.8,False,,,
e1/L/R4/64,L,4,quadruplet,800,0.4,False,,,
e1/L/R4/64,L,4,quadruplet,6400,0.9,False,,,
e1/L/R4/64,L,4,quadruplet,51200,1.0,False,,,
e1/L/R4/64,L,4,quintuplet,800,0.3,False,,,
e1/L/R4/64,L,4,quintuplet,6400,0.9,False,,,
e1/L/R4/64,L,4,quintuplet,51200,1.0,False,,,
e1/L/R4/65,L,4,quadruplet,800,0.0,True,True,3.836185873277926e-05,0.03068948698622341
e1/L/R4/65,L,4,quadruplet,6400,0.4,True,True,3.836185873277926e-05,0.24551589588978728
e1/L/R4/65,L,4,quadruplet,51200,1.0,True,True,3.836185873277926e-05,1.9641271671182983
e1/L/R4/65,L,4,quintuplet,800,0.0,True,True,4.1513724608033597e-05,0.033210979686426875
e1/L/R4/65,L,4,quintuplet,6400,0.5,True,True,4.1513724608033597e-05,0.265687837491415
e1/L/R4/65,L,4,quintuplet,51200,1.0,True,True,4.1513724608033597e-05,2.12550269993132
e1/L/R4/66,L,4,quadruplet,800,0.0,False,,,
e1/L/R4/66,L,4,quadruplet,6400,0.0,False,,,
e1/L/R4/66,L,4,quadruplet,51200,0.0,False,,,
e1/L/R4/66,L,4,quintuplet,800,0.0,False,,,
e1/L/R4/66,L,4,quintuplet,6400,0.0,False,,,
e1/L/R4/66,L,4,quintuplet,51200,0.0,False,,,
e1/L/R4/67,L,4,quadruplet,800,0.0,True,False,,
e1/L/R4/67,L,4,quadruplet,6400,0.0,True,False,,
e1/L/R4/67,L,4,quadruplet,51200,0.0,True,False,,
e1/L/R4/67,L,4,quintuplet,800,0.1,True,False,,
e1/L/R4/67,L,4,quintuplet,6400,0.0,True,False,,
e1/L/R4/67,L,4,quintuplet,51200,0.0,True,False,,
e1/L/R4/68,L,4,quadruplet,800,0.0,False,,,
e1/L/R4/68,L,4,quadruplet,6400,0.0,False,,,
e1/L/R4/68,L,4,quadruplet,51200,0.0,False,,,
e1/L/R4/68,L,4,quintuplet,800,0.1,False,,,
e1/L/R4/68,L,4,quintuplet,6400,0.2,False,,,
e1/L/R4/68,L,4,quintuplet,51200,0.5,False,,,
e1/L/R4/69,L,4,quadruplet,800,0.0,True,False,,
e1/L/R4/69,L,4,quadruplet,6400,0.2,True,False,,
e1/L/R4/69,L,4,quadruplet,51200,0.4,True,False,,
e1/L/R4/69,L,4,quintuplet,800,0.0,True,True,6.815854069771978e-09,5.452683255817582e-06
e1/L/R4/69,L,4,quintuplet,6400,0.4,True,True,6.815854069771978e-09,4.3621466046540655e-05
e1/L/R4/69,L,4,quintuplet,51200,0.5,True,True,6.815854069771978e-09,0.00034897172837232524
e1/L/R4/7,L,4,quadruplet,800,0.7,True,True,9.35592760221755e-06,0.007484742081774041
e1/L/R4/7,L,4,quadruplet,6400,1.0,True,True,9.35592760221755e-06,0.059877936654192325
e1/L/R4/7,L,4,quadruplet,51200,1.0,True,True,9.35592760221755e-06,0.4790234932335386
e1/L/R4/7,L,4,quintuplet,800,0.7,True,True,1.3292653340647346e-05,0.010634122672517878
e1/L/R4/7,L,4,quintuplet,6400,1.0,True,True,1.3292653340647346e-05,0.08507298138014302
e1/L/R4/7,L,4,quintuplet,51200,1.0,True,True,1.3292653340647346e-05,0.6805838510411442
e1/L/R4/7,L,4,random,800,0.0,True,False,,
e1/L/R4/7,L,4,random,6400,0.0,True,False,,
e1/L/R4/7,L,4,random,51200,0.0,True,False,,
e1/L/R4/70,L,4,quadruplet,800,0.0,True,False,,
e1/L/R4/70,L,4,quadruplet,6400,0.0,True,False,,
e1/L/R4/70,L,4,quadruplet,51200,0.0,True,False,,
e1/L/R4/70,L,4,quintuplet,800,0.0,True,False,,
e1/L/R4/70,L,4,quintuplet,6400,0.0,True,False,,
e1/L/R4/70,L,4,quintuplet,51200,0.0,True,False,,
e1/L/R4/71,L,4,quadruplet,800,0.0,False,,,
e1/L/R4/71,L,4,quadruplet,6400,0.0,False,,,
e1/L/R4/71,L,4,quadruplet,51200,0.0,False,,,
e1/L/R4/71,L,4,quintuplet,800,0.0,False,,,
e1/L/R4/71,L,4,quintuplet,6400,0.0,False,,,
e1/L/R4/71,L,4,quintuplet,51200,0.0,False,,,
e1/L/R4/72,L,4,quadruplet,800,0.0,True,False,,
e1/L/R4/72,L,4,quadruplet,6400,0.0,True,False,,
e1/L/R4/72,L,4,quadruplet,51200,0.0,True,False,,
e1/L/R4/72,L,4,quintuplet,800,0.0,True,False,,
e1/L/R4/72,L,4,quintuplet,6400,0.0,True,False,,
e1/L/R4/72,L,4,quintuplet,51200,0.0,True,False,,
e1/L/R4/73,L,4,quadruplet,800,0.1,True,True,1.5913658104668026e-05,0.01273092648373442
e1/L/R4/73,L,4,quadruplet,6400,0.6,True,True,1.5913658104668026e-05,0.10184741186987536
e1/L/R4/73,L,4,quadruplet,51200,1.0,True,True,1.5913658104668026e-05,0.8147792949590029
e1/L/R4/73,L,4,quintuplet,800,0.0,True,True,1.1752606945770255e-05,0.009402085556616204
e1/L/R4/73,L,4,quintuplet,6400,0.5,True,True,1.1752606945770255e-05,0.07521668445292963
e1/L/R4/73,L,4,quintuplet,51200,0.9,True,True,1.1752606945770255e-05,0.601733475623437
e1/L/R4/74,L,4,quadruplet,800,0.0,True,True,1.227911465296132e-05,0.009823291722369057
e1/L/R4/74,L,4,quadruplet,6400,0.3,True,True,1.227911465296132e-05,0.07858633377895245
e1/L/R4/74,L,4,quadruplet,51200,1.0,True,True,1.227911465296132e-05,0.6286906702316196
e1/L/R4/74,L,4,quintuplet,800,0.0,True,True,1.1022100652130142e-05,0.008817680521704114
e1/L/R4/74,L,4,quintuplet,6400,0.2,True,True,1.1022100652130142e-05,0.07054144417363291
e1/L/R4/74,L,4,quintuplet,51200,0.8,True,True,1.1022100652130142e-05,0.5643315533890633
e1/L/R4/75,L,4,quadruplet,800,0.3,True,True,7.15323350874353e-07,0.0005722586806994824
e1/L/R4/75,L,4,quadruplet,6400,0.7,True,True,7.15323350874353e-07,0.004578069445595859
e1/L/R4/75,L,4,quadruplet,51200,0.9,True,True,7.15323350874353e-07,0.036624555564766875
e1/L/R4/75,L,4,quintuplet,800,0.3,True,False,,
e1/L/R4/75,L,4,quintuplet,6400,0.6,True,False,,
e1/L/R4/75,L,4,quintuplet,51200,0.7,True,False,,
e1/L/R4/76,L,4,quadruplet,800,0.2,True,True,2.5053426769366193e-05,0.020042741415492955
e1/L/R4/76,L,4,quadruplet,6400,0.7,True,True,2.5053426769366193e-05,0.16034193132394364
e1/L/R4/76,L,4,quadruplet,51200,1.0,True,True,2.5053426769366193e-05,1.2827354505915491
e1/L/R4/76,L,4,quintuplet,800,0.2,True,True,3.5326909611510056e-05,0.028261527689208046
e1/L/R4/76,L,4,quintuplet,6400,0.6,True,True,3.5326909611510056e-05,0.22609222151366437
e1/L/R4/76,L,4,quintuplet,51200,1.0,True,True,3.5326909611510056e-05,1.808737772109315
e1/L/R4/77,L,4,quadruplet,800,0.1,False,,,
e1/L/R4/77,L,4,quadruplet,6400,0.0,False,,,
e1/L/R4/77,L,4,quadruplet,51200,0.0,False,,,
e1/L/R4/77,L,4,quintuplet,800,0.2,False,,,
e1/L/R4/77,L,4,quintuplet,6400,0.3,False,,,
e1/L/R4/77,L,4,quintuplet,51200,0.0,False,,,
e1/L/R4/78,L,4,quadruplet,800,0.0,False,,,
e1/L/R4/78,L,4,quadruplet,6400,0.0,False,,,
e1/L/R4/78,L,4,quadruplet,51200,0.0,False,,,
e1/L/R4/78,L,4,quintuplet,800,0.0,False,,,
e1/L/R4/78,L,4,quintuplet,6400,0.1,False,,,
e1/L/R4/78,L,4,quintuplet,51200,0.6,False,,,
e1/L/R4/79,L,4,quadruplet,800,0.9,True,True,1.7987330510909987e-05,0.01438986440872799
e1/L/R4/79,L,4,quadruplet,6400,1.0,True,True,1.7987330510909987e-05,0.11511891526982392
e1/L/R4/79,L,4,quadruplet,51200,1.0,True,True,1.7987330510909987e-05,0.9209513221585913
e1/L/R4/79,L,4,quintuplet,800,0.8,True,True,1.4475364624429748e-05,0.011580291699543799
e1/L/R4/79,L,4,quintuplet,6400,1.0,True,True,1.4475364624429748e-05,0.09264233359635039
e1/L/R4/79,L,4,quintuplet,51200,1.0,True,True,1.4475364624429748e-05,0.7411386687708031
e1/L/R4/8,L,4,quadruplet,800,0.4,False,,,
e1/L/R4/8,L,4,quadruplet,6400,1.0,False,,,
e1/L/R4/8,L,4,quadruplet,51200,1.0,False,,,
e1/L/R4/8,L,4,quintuplet,800,0.3,False,,,
e1/L/R4/8,L,4,quintuplet,6400,1.0,False,,,
e1/L/R4/8,L,4,quintuplet,51200,1.0,False,,,
e1/L/R4/8,L,4,random,800,0.0,False,,,
e1/L/R4/8,L,4,random,6400,0.0,False,,,
e1/L/R4/8,L,4,random,51200,0.0,False,,,
e1/L/R4/80,L,4,quadruplet,800,0.1,True,False,,
e1/L/R4/80,L,4,quadruplet,6400,0.0,True,False,,
e1/L/R4/80,L,4,quadruplet,51200,0.0,True,False,,
e1/L/R4/80,L,4,quintuplet,800,0.3,True,True,2.2045869848970947e-07,0.00017636695879176756
e1/L/R4/80,L,4,quintuplet,6400,0.3,True,True,2.2045869848970947e-07,0.0014109356703341405
e1/L/R4/80,L,4,quintuplet,51200,1.0,True,True,2.2045869848970947e-07,0.011287485362673124
e1/L/R4/81,L,4,quadruplet,800,0.4,True,True,3.778027536704053e-05,0.030224220293632423
e1/L/R4/81,L,4,quadruplet,6400,0.8,True,True,3.778027536704053e-05,0.2417937623490594
e1/L/R4/81,L,4,quadruplet,51200,1.0,True,True,3.778027536704053e-05,1.934350098792475
e1/L/R4/81,L,4,quintuplet,800,0.3,True,True,2.044297169132583e-05,0.016354377353060664
e1/L/R4/81,L,4,quintuplet,6400,0.5,True,True,2.044297169132583e-05,0.1308350188244853
e1/L/R4/81,L,4,quintuplet,51200,1.0,True,True,2.044297169132583e-05,1.0466801505958825
e1/L/R4/82,L,4,quadruplet,800,0.0,True,False,,
e1/L/R4/82,L,4,quadruplet,6400,0.0,True,False,,
e1/L/R4/82,L,4,quadruplet,51200,0.0,True,False,,
e1/L/R4/82,L,4,quintuplet,800,0.0,True,False,,
e1/L/R4/82,L,4,quintuplet,6400,0.0,True,False,,
e1/L/R4/82,L,4,quintuplet,51200,0.0,True,False,,
e1/L/R4/83,L,4,quadruplet,800,0.4,True,True,2.2015720597973007e-05,0.017612576478378404
e1/L/R4/83,L,4,quadruplet,6400,0.9,True,True,2.2015720597973007e-05,0.14090061182702723
e1/L/R4/83,L,4,quadruplet,51200,1.0,True,True,2.2015720597973007e-05,1.1272048946162179
e1/L/R4/83,L,4,quintuplet,800,0.2,True,True,1.2118699716998835e-05,0.009694959773599068
e1/L/R4/83,L,4,quintuplet,6400,0.9,True,True,1.2118699716998835e-05,0.07755967818879254
e1/L/R4/83,L,4,quintuplet,51200,1.0,True,True,1.2118699716998835e-05,0.6204774255103404
e1/L/R4/84,L,4,quadruplet,800,0.0,False,,,
e1/L/R4/84,L,4,quadruplet,6400,0.0,False,,,
e1/L/R4/84,L,4,quadruplet,51200,0.0,False,,,
e1/L/R4/84,L,4,quintuplet,800,0.0,False,,,
e1/L/R4/84,L,4,quintuplet,6400,0.0,False,,,
e1/L/R4/84,L,4,quintuplet,51200,0.0,False,,,
e1/L/R4/85,L,4,quadruplet,800,0.0,True,False,,
e1/L/R4/85,L,4,quadruplet,6400,0.0,True,False,,
e1/L/R4/85,L,4,quadruplet,51200,0.0,True,False,,
e1/L/R4/85,L,4,quintuplet,800,0.1,True,True,1.814487924076319e-08,1.4515903392610551e-05
e1/L/R4/85,L,4,quintuplet,6400,0.0,True,True,1.814487924076319e-08,0.00011612722714088441
e1/L/R4/85,L,4,quintuplet,51200,0.5,True,True,1.814487924076319e-08,0.0009290178171270753
e1/L/R4/86,L,4,quadruplet,800,0.0,True,False,,
e1/L/R4/86,L,4,quadruplet,6400,0.0,True,False,,
e1/L/R4/86,L,4,quadruplet,51200,0.0,True,False,,
e1/L/R4/86,L,4,quintuplet,800,0.0,True,False,,
e1/L/R4/86,L,4,quintuplet,6400,0.0,True,False,,
e1/L/R4/86,L,4,quintuplet,51200,0.0,True,False,,
e1/L/R4/87,L,4,quadruplet,800,0.0,True,False,,
e1/L/R4/87,L,4,quadruplet,6400,0.0,True,False,,
e1/L/R4/87,L,4,quadruplet,51200,0.0,True,False,,
e1/L/R4/87,L,4,quintuplet,800,0.0,True,False,,
e1/L/R4/87,L,4,quintuplet,6400,0.0,True,False,,
e1/L/R4/87,L,4,quintuplet,51200,0.0,True,False,,
e1/L/R4/88,L,4,quadruplet,800,0.0,True,True,3.849765696698564e-06,0.0030798125573588513
e1/L/R4/88,L,4,quadruplet,6400,0.2,True,True,3.849765696698564e-06,0.02463850045887081
e1/L/R4/88,L,4,quadruplet,51200,0.4,True,True,3.849765696698564e-06,0.19710800367096648
e1/L/R4/88,L,4,quintuplet,800,0.0,True,True,1.946366355696517e-06,0.0015570930845572137
e1/L/R4/88,L,4,quintuplet,6400,0.2,True,True,1.946366355696517e-06,0.01245674467645771
e1/L/R4/88,L,4,quintuplet,51200,0.2,True,True,1.946366355696517e-06,0.09965395741166168
e1/L/R4/89,L,4,quadruplet,800,0.0,True,False,,
e1/L/R4/89,L,4,quadruplet,6400,0.0,True,False,,
e1/L/R4/89,L,4,quadruplet,51200,0.0,True,False,,
e1/L/R4/89,L,4,quintuplet,800,0.0,True,False,,
e1/L/R4/89,L,4,quintuplet,6400,0.1,True,False,,
e1/L/R4/89,L,4,quintuplet,51200,0.0,True,False,,
e1/L/R4/9,L,4,quadruplet,800,0.9,True,True,1.3340509743593375e-05,0.0106724077948747
e1/L/R4/9,L,4,quadruplet,6400,1.0,True,True,1.3340509743593375e-05,0.0853792623589976
e1/L/R4/9,L,4,quadruplet,51200,1.0,True,True,1.3340509743593375e-05,0.6830340988719809
e1/L/R4/9,L,4,quintuplet,800,0.5,True,True,1.024143926613554e-05,0.008193151412908432
e1/L/R4/9,L,4,quintuplet,6400,1.0,True,True,1.024143926613554e-05,0.06554521130326746
e1/L/R4/9,L,4,quintuplet,51200,1.0,True,True,1.024143926613554e-05,0.5243616904261397
e1/L/R4/9,L,4,random,800,0.0,True,False,,
e1/L/R4/9,L,4,random,6400,0.0,True,False,,
e1/L/R4/9,L,4,random,51200,0.0,True,False,,
e1/L/R4/90,L,4,quadruplet,800,0.0,False,,,
e1/L/R4/90,L,4,quadruplet,6400,0.3,False,,,
e1/L/R4/90,L,4,quadruplet,51200,0.7,False,,,
e1/L/R4/90,L,4,quintuplet,800,0.1,False,,,
e1/L/R4/90,L,4,quintuplet,6400,0.5,False,,,
e1/L/R4/90,L,4,quintuplet,51200,0.8,False,,,
e1/L/R4/91,L,4,quadruplet,800,0.1,True,True,4.450925112619548e-06,0.0035607400900956386
e1/L/R4/91,L,4,quadruplet,6400,0.7,True,True,4.450925112619548e-06,0.02848592072076511
e1/L/R4/91,L,4,quadruplet,51200,1.0,True,True,4.450925112619548e-06,0.22788736576612087
e1/L/R4/91,L,4,quintuplet,800,0.3,True,True,6.295609908627113e-06,0.00503648792690169
e1/L/R4/91,L,4,quintuplet,6400,1.0,True,True,6.295609908627113e-06,0.04029190341521352
e1/L/R4/91,L,4,quintuplet,51200,1.0,True,True,6.295609908627113e-06,0.32233522732170816
e1/L/R4/92,L,4,quadruplet,800,0.8,True,True,1.2319965032448307e-05,0.009855972025958646
e1/L/R4/92,L,4,quadruplet,6400,1.0,True,True,1.2319965032448307e-05,0.07884777620766917
e1/L/R4/92,L,4,quadruplet,51200,1.0,True,True,1.2319965032448307e-05,0.6307822096613533
e1/L/R4/92,L,4,quintuplet,800,0.6,True,True,7.769698889022087e-06,0.00621575911121767
e1/L/R4/92,L,4,quintuplet,6400,1.0,True,True,7.769698889022087e-06,0.04972607288974136
e1/L/R4/92,L,4,quintuplet,51200,1.0,True,True,7.769698889022087e-06,0.3978085831179309
e1/L/R4/93,L,4,quadruplet,800,0.0,False,,,
e1/L/R4/93,L,4,quadruplet,6400,0.0,False,,,
e1/L/R4/93,L,4,quadruplet,51200,0.0,False,,,
e1/L/R4/93,L,4,quintuplet,800,0.0,False,,,
e1/L/R4/93,L,4,quintuplet,6400,0.0,False,,,
e1/L/R4/93,L,4,quintuplet,51200,0.0,False,,,
e1/L/R4/94,L,4,quadruplet,800,0.0,True,True,7.669167415480232e-07,0.0006135333932384186
e1/L/R4/94,L,4,quadruplet,6400,0.1,True,True,7.669167415480232e-07,0.004908267145907349
e1/L/R4/94,L,4,quadruplet,51200,0.6,True,True,7.669167415480232e-07,0.03926613716725879
e1/L/R4/94,L,4,quintuplet,800,0.0,True,False,,
e1/L/R4/94,L,4,quintuplet,6400,0.0,True,False,,
e1/L/R4/94,L,4,quintuplet,51200,0.0,True,False,,
e1/L/R4/95,L,4,quadruplet,800,0.0,True,False,,
e1/L/R4/95,L,4,quadruplet,6400,0.0,True,False,,
e1/L/R4/95,L,4,quadruplet,51200,0.0,True,False,,
e1/L/R4/95,L,4,quintuplet,800,0.1,True,False,,
e1/L/R4/95,L,4,quintuplet,6400,0.1,True,False,,
e1/L/R4/95,L,4,quintuplet,51200,0.0,True,False,,
e1/L/R4/96,L,4,quadruplet,800,0.0,False,,,
e1/L/R4/96,L,4,quadruplet,6400,0.0,False,,,
e1/L/R4/96,L,4,quadruplet,51200,0.0,False,,,
e1/L/R4/96,L,4,quintuplet,800,0.0,False,,,
e1/L/R4/96,L,4,quintuplet,6400,0.0,False,,,
e1/L/R4/96,L,4,quintuplet,51200,0.0,False,,,
e1/L/R4/97,L,4,quadruplet,800,0.2,True,True,4.405758212773167e-07,0.00035246065702185334
e1/L/R4/97,L,4,quadruplet,6400,0.2,True,True,4.405758212773167e-07,0.0028196852561748267
e1/L/R4/97,L,4,quadruplet,51200,0.5,True,True,4.405758212773167e-07,0.022557482049398614
e1/L/R4/97,L,4,quintuplet,800,0.1,True,True,5.177979416918487e-06,0.00414238353353479
e1/L/R4/97,L,4,quintuplet,6400,0.3,True,True,5.177979416918487e-06,0.03313906826827832
e1/L/R4/97,L,4,quintuplet,51200,0.8,True,True,5.177979416918487e-06,0.26511254614622654
e1/L/R4/98,L,4,quadruplet,800,0.0,False,,,
e1/L/R4/98,L,4,quadruplet,6400,0.0,False,,,
e1/L/R4/98,L,4,quadruplet,51200,0.0,False,,,
e1/L/R4/98,L,4,quintuplet,800,0.0,False,,,
e1/L/R4/98,L,4,quintuplet,6400,0.0,False,,,
e1/L/R4/98,L,4,quintuplet,51200,0.0,False,,,
e1/L/R4/99,L,4,quadruplet,800,0.2,True,True,2.2929309500292293e-06,0.0018343447600233835
e1/L/R4/99,L,4,quadruplet,6400,0.7,True,True,2.2929309500292293e-06,0.014674758080187068
e1/L/R4/99,L,4,quadruplet,51200,0.9,True,True,2.2929309500292293e-06,0.11739806464149655
e1/L/R4/99,L,4,quintuplet,800,0.2,True,True,3.953146446630639e-06,0.0031625171573045115
e1/L/R4/99,L,4,quintuplet,6400,0.6,True,True,3.953146446630639e-06,0.025300137258436092
e1/L/R4/99,L,4,quintuplet,51200,0.4,True,True,3.953146446630639e-06,0.20240109806748874
e1/L/R5/0,L,5,quadruplet,800,0.2,False,,,
e1/L/R5/0,L,5,quadruplet,6400,0.6,False,,,
e1/L/R5/0,L,5,quadruplet,51200,1.0,False,,,
e1/L/R5/0,L,5,quintuplet,800,0.1,False,,,
e1/L/R5/0,L,5,quintuplet,6400,0.7,False,,,
e1/L/R5/0,L,5,quintuplet,51200,1.0,False,,,
e1/L/R5/0,L,5,random,800,0.0,False,,,
e1/L/R5/0,L,5,random,6400,0.0,False,,,
e1/L/R5/0,L,5,random,51200,0.0,False,,,
e1/L/R5/1,L,5,quadruplet,800,0.0,False,,,
e1/L/R5/1,L,5,quadruplet,6400,0.0,False,,,
e1/L/R5/1,L,5,quadruplet,51200,0.0,False,,,
e1/L/R5/1,L,5,quintuplet,800,0.0,False,,,
e1/L/R5/1,L,5,quintuplet,6400,0.0,False,,,
e1/L/R5/1,L,5,quintuplet,51200,0.0,False,,,
e1/L/R5/1,L,5,random,800,0.0,False,,,
e1/L/R5/1,L,5,random,6400,0.0,False,,,
e1/L/R5/1,L,5,random,51200,0.0,False,,,
e1/L/R5/10,L,5,quadruplet,800,0.0,False,,,
e1/L/R5/10,L,5,quadruplet,6400,0.0,False,,,
e1/L/R5/10,L,5,quadruplet,51200,0.2,False,,,
e1/L/R5/10,L,5,quintuplet,800,0.0,False,,,
e1/L/R5/10,L,5,quintuplet,6400,0.5,False,,,
e1/L/R5/10,L,5,quintuplet,51200,0.8,False,,,
e1/L/R5/11,L,5,quadruplet,800,0.1,False,,,
e1/L/R5/11,L,5,quadruplet,6400,0.3,False,,,
e1/L/R5/11,L,5,quadruplet,51200,0.4,False,,,
e1/L/R5/11,L,5,quintuplet,800,0.0,False,,,
e1/L/R5/11,L,5,quintuplet,6400,0.1,False,,,
e1/L/R5/11,L,5,quintuplet,51200,0.4,False,,,
e1/L/R5/12,L,5,quadruplet,800,0.1,True,False,,
e1/L/R5/12,L,5,quadruplet,6400,0.4,True,False,,
e1/L/R5/12,L,5,quadruplet,51200,0.2,True,False,,
e1/L/R5/12,L,5,quintuplet,800,0.1,True,False,,
e1/L/R5/12,L,5,quintuplet,6400,0.2,True,False,,
e1/L/R5/12,L,5,quintuplet,51200,0.1,True,False,,
e1/L/R5/13,L,5,quadruplet,800,0.8,True,True,1.619047077522494e-05,0.012952376620179952
e1/L/R5/13,L,5,quadruplet,6400,1.0,True,True,1.619047077522494e-05,0.10361901296143962
e1/L/R5/13,L,5,quadruplet,51200,1.0,True,True,1.619047077522494e-05,0.828952103691517
e1/L/R5/13,L,5,quintuplet,800,0.7,True,True,1.4273598061070521e-05,0.011418878448856418
e1/L/R5/13,L,5,quintuplet,6400,1.0,True,True,1.4273598061070521e-05,0.09135102759085134
e1/L/R5/13,L,5,quintuplet,51200,1.0,True,True,1.4273598061070521e-05,0.7308082207268107
e1/L/R5/14,L,5,quadruplet,800,0.6,True,True,5.755090461716557e-07,0.00046040723693732455
e1/L/R5/14,L,5,quadruplet,6400,0.5,True,True,5.755090461716557e-07,0.0036832578954985964
e1/L/R5/14,L,5,quadruplet,51200,0.9,True,True,5.755090461716557e-07,0.02946606316398877
e1/L/R5/14,L,5,quintuplet,800,0.3,True,True,1.9785175741707096e-09,1.5828140593365677e-06
e1/L/R5/14,L,5,quintuplet,6400,0.3,True,True,1.9785175741707096e-09,1.2662512474692541e-05
e1/L/R5/14,L,5,quintuplet,51200,0.6,True,True,1.9785175741707096e-09,0.00010130009979754033
e1/L/R5/15,L,5,quadruplet,800,0.0,True,False,,
e1/L/R5/15,L,5,quadruplet,6400,0.0,True,False,,
e1/L/R5/15,L,5,quadruplet,51200,0.0,True,False,,
e1/L/R5/15,L,5,quintuplet,800,0.0,True,False,,
e1/L/R5/15,L,5,quintuplet,6400,0.0,True,False,,
e1/L/R5/15,L,5,quintuplet,51200,0.0,True,False,,
e1/L/R5/16,L,5,quadruplet,800,0.0,False,,,
e1/L/R5/16,L,5,quadruplet,6400,0.0,False,,,
e1/L/R5/16,L,5,quadruplet,51200,0.0,False,,,
e1/L/R5/16,L,5,quintuplet,800,0.0,False,,,
e1/L/R5/16,L,5,quintuplet,6400,0.1,False,,,
e1/L/R5/16,L,5,quintuplet,51200,0.0,False,,,
e1/L/R5/17,L,5,quadruplet,800,0.1,True,True,3.379479061440812e-06,0.0027035832491526498
e1/L/R5/17,L,5,quadruplet,6400,0.6,True,True,3.379479061440812e-06,0.021628665993221198
e1/L/R5/17,L,5,quadruplet,51200,1.0,True,True,3.379479061440812e-06,0.17302932794576958
e1/L/R5/17,L,5,quintuplet,800,0.1,True,True,4.8714355711335636e-06,0.003897148456906851
e1/L/R5/17,L,5,quintuplet,6400,0.6,True,True,4.8714355711335636e-06,0.031177187655254807
e1/L/R5/17,L,5,quintuplet,51200,0.9,True,True,4.8714355711335636e-06,0.24941750124203846
e1/L/R5/18,L,5,quadruplet,800,0.9,True,True,1.6077377381727487e-05,0.01286190190538199
e1/L/R5/18,L,5,quadruplet,6400,1.0,True,True,1.6077377381727487e-05,0.10289521524305592
e1/L/R5/18,L,5,quadruplet,51200,1.0,True,True,1.6077377381727487e-05,0.8231617219444474
e1/L/R5/18,L,5,quintuplet,800,0.7,True,True,1.204749461660922e-05,0.009637995693287375
e1/L/R5/18,L,5,quintuplet,6400,1.0,True,True,1.204749461660922e-05,0.077103965546299
e1/L/R5/18,L,5,quintuplet,51200,1.0,True,True,1.204749461660922e-05,0.616831724370392
e1/L/R5/19,L,5,quadruplet,800,0.0,False,,,
e1/L/R5/19,L,5,quadruplet,6400,0.0,False,,,
e1/L/R5/19,L,5,quadruplet,51200,0.0,False,,,
e1/L/R5/19,L,5,quintuplet,800,0.0,False,,,
e1/L/R5/19,L,5,quintuplet,6400,0.0,False,,,
e1/L/R5/19,L,5,quintuplet,51200,0.0,False,,,
e1/L/R5/2,L,5,quadruplet,800,0.3,False,,,
e1/L/R5/2,L,5,quadruplet,6400,0.7,False,,,
e1/L/R5/2,L,5,quadruplet,51200,0.7,False,,,
e1/L/R5/2,L,5,quintuplet,800,0.4,False,,,
e1/L/R5/2,L,5,quintuplet,6400,0.9,False,,,
e1/L/R5/2,L,5,quintuplet,51200,0.9,False,,,
e1/L/R5/2,L,5,random,800,0.0,False,,,
e1/L/R5/2,L,5,random,6400,0.0,False,,,
e1/L/R5/2,L,5,random,51200,0.0,False,,,
e1/L/R5/20,L,5,quadruplet,800,0.0,False,,,
e1/L/R5/20,L,5,quadruplet,6400,0.0,False,,,
e1/L/R5/20,L,5,quadruplet,51200,0.0,False,,,
e1/L/R5/20,L,5,quintuplet,800,0.0,False,,,
e1/L/R5/20,L,5,quintuplet,6400,0.0,False,,,
e1/L/R5/20,L,5,quintuplet,51200,0.1,False,,,
e1/L/R5/21,L,5,quadruplet,800,0.0,False,,,
e1/L/R5/21,L,5,quadruplet,6400,0.0,False,,,
e1/L/R5/21,L,5,quadruplet,51200,0.0,False,,,
e1/L/R5/21,L,5,quintuplet,800,0.1,False,,,
e1/L/R5/21,L,5,quintuplet,6400,0.1,False,,,
e1/L/R5/21,L,5,quintuplet,51200,0.0,False,,,
e1/L/R5/22,L,5,quadruplet,800,0.0,True,False,,
e1/L/R5/22,L,5,quadruplet,6400,0.0,True,False,,
e1/L/R5/22,L,5,quadruplet,51200,0.0,True,False,,
e1/L/R5/22,L,5,quintuplet,800,0.0,True,False,,
e1/L/R5/22,L,5,quintuplet,6400,0.0,True,False,,
e1/L/R5/22,L,5,quintuplet,51200,0.0,True,False,,
e1/L/R5/23,L,5,quadruplet,800,0.2,True,False,,
e1/L/R5/23,L,5,quadruplet,6400,0.2,True,False,,
e1/L/R5/23,L,5,quadruplet,51200,0.0,True,False,,
e1/L/R5/23,L,5,quintuplet,800,0.2,True,False,,
e1/L/R5/23,L,5,quintuplet,6400,0.3,True,False,,
e1/L/R5/23,L,5,quintuplet,51200,0.1,True,False,,
e1/L/R5/24,L,5,quadruplet,800,0.7,True,True,8.939502905431304e-06,0.007151602324345043
e1/L/R5/24,L,5,quadruplet,6400,1.0,True,True,8.939502905431304e-06,0.057212818594760344
e1/L/R5/24,L,5,quadruplet,51200,1.0,True,True,8.939502905431304e-06,0.45770254875808275
e1/L/R5/24,L,5,quintuplet,800,0.8,True,True,1.2620098903586365e-05,0.010096079122869092
e1/L/R5/24,L,5,quintuplet,6400,1.0,True,True,1.2620098903586365e-05,0.08076863298295274
e1/L/R5/24,L,5,quintuplet,51200,1.0,True,True,1.2620098903586365e-05,0.6461490638636219
e1/L/R5/25,L,5,quadruplet,800,0.7,True,True,8.008092721437785e-06,0.006406474177150228
e1/L/R5/25,L,5,quadruplet,6400,0.9,True,True,8.008092721437785e-06,0.051251793417201826
e1/L/R5/25,L,5,quadruplet,51200,1.0,True,True,8.008092721437785e-06,0.4100143473376146
e1/L/R5/25,L,5,quintuplet,800,0.8,True,True,1.1308716857672075e-05,0.00904697348613766
e1/L/R5/25,L,5,quintuplet,6400,1.0,True,True,1.1308716857672075e-05,0.07237578788910128
e1/L/R5/25,L,5,quintuplet,51200,1.0,True,True,1.1308716857672075e-05,0.5790063031128102
e1/L/R5/26,L,5,quadruplet,800,0.0,False,,,
e1/L/R5/26,L,5,quadruplet,6400,0.0,False,,,
e1/L/R5/26,L,5,quadruplet,51200,0.0,False,,,
e1/L/R5/26,L,5,quintuplet,800,0.0,False,,,
e1/L/R5/26,L,5,quintuplet,6400,0.0,False,,,
e1/L/R5/26,L,5,quintuplet,51200,0.0,False,,,
e1/L/R5/27,L,5,quadruplet,800,0.0,True,False,,
e1/L/R5/27,L,5,quadruplet,6400,0.0,True,False,,
e1/L/R5/27,L,5,quadruplet,51200,0.1,True,False,,
e1/L/R5/27,L,5,quintuplet,800,0.0,True,True,5.699735513278697e-08,4.5597884106229575e-05
e1/L/R5/27,L,5,quintuplet,6400,0.0,True,True,5.699735513278697e-08,0.0003647830728498366
e1/L/R5/27,L,5,quintuplet,51200,0.3,True,True,5.699735513278697e-08,0.002918264582798693
e1/L/R5/28,L,5,quadruplet,800,0.0,True,False,,
e1/L/R5/28,L,5,quadruplet,6400,0.0,True,False,,
e1/L/R5/28,L,5,quadruplet,51200,0.1,True,False,,
e1/L/R5/28,L,5,quintuplet,800,0.0,True,False,,
e1/L/R5/28,L,5,quintuplet,6400,0.1,True,False,,
e1/L/R5/28,L,5,quintuplet,51200,0.1,True,False,,
e1/L/R5/29,L,5,quadruplet,800,0.0,False,,,
e1/L/R5/29,L,5,quadruplet,6400,0.0,False,,,
e1/L/R5/29,L,5,quadruplet,51200,0.0,False,,,
e1/L/R5/29,L,5,quintuplet,800,0.0,False,,,
e1/L/R5/29,L,5,quintuplet,6400,0.0,False,,,
e1/L/R5/29,L,5,quintuplet,51200,0.0,False,,,
e1/L/R5/3,L,5,quadruplet,800,0.1,False,,,
e1/L/R5/3,L,5,quadruplet,6400,0.4,False,,,
e1/L/R5/3,L,5,quadruplet,51200,0.4,False,,,
e1/L/R5/3,L,5,quintuplet,800,0.3,False,,,
e1/L/R5/3,L,5,quintuplet,6400,0.8,False,,,
e1/L/R5/3,L,5,quintuplet,51200,1.0,False,,,
e1/L/R5/3,L,5,random,800,0.0,False,,,
e1/L/R5/3,L,5,random,6400,0.0,False,,,
e1/L/R5/3,L,5,random,51200,0.0,False,,,
e1/L/R5/30,L,5,quadruplet,800,0.0,False,,,
e1/L/R5/30,L,5,quadruplet,6400,0.0,False,,,
e1/L/R5/30,L,5,quadruplet,51200,0.0,False,,,
e1/L/R5/30,L,5,quintuplet,800,0.0,False,,,
e1/L/R5/30,L,5,quintuplet,6400,0.1,False,,,
e1/L/R5/30,L,5,quintuplet,51200,0.5,False,,,
e1/L/R5/31,L,5,quadruplet,800,0.1,False,,,
e1/L/R5/31,L,5,quadruplet,6400,1.0,False,,,
e1/L/R5/31,L,5,quadruplet,51200,1.0,False,,,
e1/L/R5/31,L,5,quintuplet,800,0.1,False,,,
e1/L/R5/31,L,5,quintuplet,6400,0.6,False,,,
e1/L/R5/31,L,5,quintuplet,51200,0.4,False,,,
e1/L/R5/32,L,5,quadruplet,800,0.6,True,True,1.3119086113951073e-05,0.010495268891160857
e1/L/R5/32,L,5,quadruplet,6400,0.9,True,True,1.3119086113951073e-05,0.08396215112928686
e1/L/R5/32,L,5,quadruplet,51200,1.0,True,True,1.3119086113951073e-05,0.6716972090342949
e1/L/R5/32,L,5,quintuplet,800,0.5,True,True,4.116166643966259e-06,0.003292933315173007
e1/L/R5/32,L,5,quintuplet,6400,0.9,True,True,4.116166643966259e-06,0.026343466521384057
e1/L/R5/32,L,5,quintuplet,51200,1.0,True,True,4.116166643966259e-06,0.21074773217107245
e1/L/R5/33,L,5,quadruplet,800,0.0,False,,,
e1/L/R5/33,L,5,quadruplet,6400,0.0,False,,,
e1/L/R5/33,L,5,quadruplet,51200,0.0,False,,,
e1/L/R5/33,L,5,quintuplet,800,0.0,False,,,
e1/L/R5/33,L,5,quintuplet,6400,0.4,False,,,
e1/L/R5/33,L,5,quintuplet,51200,1.0,False,,,
e1/L/R5/34,L,5,quadruplet,800,0.0,False,,,
e1/L/R5/34,L,5,quadruplet,6400,0.0,False,,,
e1/L/R5/34,L,5,quadruplet,51200,0.0,False,,,
e1/L/R5/34,L,5,quintuplet,800,0.0,False,,,
e1/L/R5/34,L,5,quintuplet,6400,0.0,False,,,
e1/L/R5/34,L,5,quintuplet,51200,0.0,False,,,
e1/L/R5/35,L,5,quadruplet,800,0.0,True,False,,
e1/L/R5/35,L,5,quadruplet,6400,0.0,True,False,,
e1/L/R5/35,L,5,quadruplet,51200,0.0,True,False,,
e1/L/R5/35,L,5,quintuplet,800,0.0,True,True,1.3772070848130421e-06,0.0011017656678504338
e1/L/R5/35,L,5,quintuplet,6400,0.0,True,True,1.3772070848130421e-06,0.00881412534280347
e1/L/R5/35,L,5,quintuplet,51200,0.3,True,True,1.3772070848130421e-06,0.07051300274242776
e1/L/R5/36,L,5,quadruplet,800,0.9,True,True,1.5355552859059983e-05,0.012284442287247985
e1/L/R5/36,L,5,quadruplet,6400,1.0,True,True,1.5355552859059983e-05,0.09827553829798388
e1/L/R5/36,L,5,quadruplet,51200,1.0,True,True,1.5355552859059983e-05,0.7862043063838711
e1/L/R5/36,L,5,quintuplet,800,0.6,True,True,9.859724976445797e-06,0.007887779981156638
e1/L/R5/36,L,5,quintuplet,6400,1.0,True,True,9.859724976445797e-06,0.0631022398492531
e1/L/R5/36,L,5,quintuplet,51200,1.0,True,True,9.859724976445797e-06,0.5048179187940248
e1/L/R5/37,L,5,quadruplet,800,0.8,True,True,1.739123536897276e-05,0.013912988295178208
e1/L/R5/37,L,5,quadruplet,6400,1.0,True,True,1.739123536897276e-05,0.11130390636142566
e1/L/R5/37,L,5,quadruplet,51200,1.0,True,True,1.739123536897276e-05,0.8904312508914053
e1/L/R5/37,L,5,quintuplet,800,0.7,True,True,1.4916316294324983e-05,0.011933053035459986
e1/L/R5/37,L,5,quintuplet,6400,1.0,True,True,1.4916316294324983e-05,0.09546442428367989
e1/L/R5/37,L,5,quintuplet,51200,1.0,True,True,1.4916316294324983e-05,0.7637153942694391
e1/L/R5/38,L,5,quadruplet,800,0.0,False,,,
e1/L/R5/38,L,5,quadruplet,6400,0.0,False,,,
e1/L/R5/38,L,5,quadruplet,51200,0.0,False,,,
e1/L/R5/38,L,5,quintuplet,800,0.0,False,,,
e1/L/R5/38,L,5,quintuplet,6400,0.0,False,,,
e1/L/R5/38,L,5,quintuplet,51200,0.0,False,,,
e1/L/R5/39,L,5,quadruplet,800,0.1,False,,,
e1/L/R5/39,L,5,quadruplet,6400,0.0,False,,,
e1/L/R5/39,L,5,quadruplet,51200,0.0,False,,,
e1/L/R5/39,L,5,quintuplet,800,0.2,False,,,
e1/L/R5/39,L,5,quintuplet,6400,0.3,False,,,
e1/L/R5/39,L,5,quintuplet,51200,0.0,False,,,
e1/L/R5/4,L,5,quadruplet,800,0.0,True,False,,
e1/L/R5/4,L,5,quadruplet,6400,0.0,True,False,,
e1/L/R5/4,L,5,quadruplet,51200,0.0,True,False,,
e1/L/R5/4,L,5,quintuplet,800,0.0,True,False,,
e1/L/R5/4,L,5,quintuplet,6400,0.1,True,False,,
e1/L/R5/4,L,5,quintuplet,51200,0.0,True,False,,
e1/L/R5/4,L,5,random,800,0.0,True,False,,
e1/L/R5/4,L,5,random,6400,0.0,True,False,,
e1/L/R5/4,L,5,random,51200,0.0,True,False,,
e1/L/R5/40,L,5,quadruplet,800,0.0,False,,,
e1/L/R5/40,L,5,quadruplet,6400,0.0,False,,,
e1/L/R5/40,L,5,quadruplet,51200,0.0,False,,,
e1/L/R5/40,L,5,quintuplet,800,0.0,False,,,
e1/L/R5/40,L,5,quintuplet,6400,0.0,False,,,
e1/L/R5/40,L,5,quintuplet,51200,0.4,False,,,
e1/L/R5/41,L,5,quadruplet,800,0.9,True,True,1.2507809259276987e-05,0.010006247407421589
e1/L/R5/41,L,5,quadruplet,6400,1.0,True,True,1.2507809259276987e-05,0.08004997925937271
e1/L/R5/41,L,5,quadruplet,51200,1.0,True,True,1.2507809259276987e-05,0.6403998340749817
e1/L/R5/41,L,5,quintuplet,800,0.7,True,True,9.25027220785691e-06,0.007400217766285528
e1/L/R5/41,L,5,quintuplet,6400,1.0,True,True,9.25027220785691e-06,0.05920174213028422
e1/L/R5/41,L,5,quintuplet,51200,1.0,True,True,9.25027220785691e-06,0.4736139370422738
e1/L/R5/42,L,5,quadruplet,800,0.0,True,False,,
e1/L/R5/42,L,5,quadruplet,6400,0.0,True,False,,
e1/L/R5/42,L,5,quadruplet,51200,0.0,True,False,,
e1/L/R5/42,L,5,quintuplet,800,0.0,True,False,,
e1/L/R5/42,L,5,quintuplet,6400,0.0,True,False,,
e1/L/R5/42,L,5,quintuplet,51200,0.0,True,False,,
e1/L/R5/43,L,5,quadruplet,800,0.7,True,True,9.603239191739443e-06,0.007682591353391555
e1/L/R5/43,L,5,quadruplet,6400,1.0,True,True,9.603239191739443e-06,0.06146073082713244
e1/L/R5/43,L,5,quadruplet,51200,1.0,True,True,9.603239191739443e-06,0.4916858466170595
e1/L/R5/43,L,5,quintuplet,800,0.9,True,True,1.347845976763523e-05,0.010782767814108184
e1/L/R5/43,L,5,quintuplet,6400,1.0,True,True,1.347845976763523e-05,0.08626214251286547
e1/L/R5/43,L,5,quintuplet,51200,1.0,True,True,1.347845976763523e-05,0.6900971401029238
e1/L/R5/44,L,5,quadruplet,800,0.0,True,False,,
e1/L/R5/44,L,5,quadruplet,6400,0.0,True,False,,
e1/L/R5/44,L,5,quadruplet,51200,0.0,True,False,,
e1/L/R5/44,L,5,quintuplet,800,0.0,True,False,,
e1/L/R5/44,L,5,quintuplet,6400,0.0,True,False,,
e1/L/R5/44,L,5,quintuplet,51200,0.0,True,False,,
e1/L/R5/45,L,5,quadruplet,800,0.0,True,False,,
e1/L/R5/45,L,5,quadruplet,6400,0.0,True,False,,
e1/L/R5/45,L,5,quadruplet,51200,0.0,True,False,,
e1/L/R5/45,L,5,quintuplet,800,0.0,True,False,,
e1/L/R5/45,L,5,quintuplet,6400,0.0,True,False,,
e1/L/R5/45,L,5,quintuplet,51200,0.0,True,False,,
e1/L/R5/46,L,5,quadruplet,800,0.0,True,False,,
e1/L/R5/46,L,5,quadruplet,6400,0.0,True,False,,
e1/L/R5/46,L,5,quadruplet,51200,0.0,True,False,,
e1/L/R5/46,L,5,quintuplet,800,0.0,True,False,,
e1/L/R5/46,L,5,quintuplet,6400,0.0,True,False,,
e1/L/R5/46,L,5,quintuplet,51200,0.0,True,False,,
e1/L/R5/47,L,5,quadruplet,800,0.0,True,False,,
e1/L/R5/47,L,5,quadruplet,6400,0.0,True,False,,
e1/L/R5/47,L,5,quadruplet,51200,0.0,True,False,,
e1/L/R5/47,L,5,quintuplet,800,0.0,True,False,,
e1/L/R5/47,L,5,quintuplet,6400,0.0,True,False,,
e1/L/R5/47,L,5,quintuplet,51200,0.0,True,False,,
e1/L/R5/48,L,5,quadruplet,800,0.0,True,True,9.337273140076709e-06,0.007469818512061367
e1/L/R5/48,L,5,quadruplet,6400,0.3,True,True,9.337273140076709e-06,0.059758548096490935
e1/L/R5/48,L,5,quadruplet,51200,0.8,True,True,9.337273140076709e-06,0.4780683847719275
e1/L/R5/48,L,5,quintuplet,800,0.0,True,True,2.4495730583552035e-05,0.019596584466841628
e1/L/R5/48,L,5,quintuplet,6400,0.2,True,True,2.4495730583552035e-05,0.15677267573473302
e1/L/R5/48,L,5,quintuplet,51200,0.8,True,True,2.4495730583552035e-05,1.2541814058778642
e1/L/R5/49,L,5,quadruplet,800,0.4,True,True,8.900108908557133e-07,0.0007120087126845706
e1/L/R5/49,L,5,quadruplet,6400,0.7,True,True,8.900108908557133e-07,0.005696069701476565
e1/L/R5/49,L,5,quadruplet,51200,1.0,True,True,8.900108908557133e-07,0.04556855761181252
e1/L/R5/49,L,5,quintuplet,800,0.4,True,True,5.512887463178774e-07,0.00044103099705430194
e1/L/R5/49,L,5,quintuplet,6400,0.8,True,True,5.512887463178774e-07,0.0035282479764344155
e1/L/R5/49,L,5,quintuplet,51200,1.0,True,True,5.512887463178774e-07,0.028225983811475324
e1/L/R5/5,L,5,quadruplet,800,0.0,True,False,,
e1/L/R5/5,L,5,quadruplet,6400,0.0,True,False,,
e1/L/R5/5,L,5,quadruplet,51200,0.0,True,False,,
e1/L/R5/5,L,5,quintuplet,800,0.0,True,False,,
e1/L/R5/5,L,5,quintuplet,6400,0.0,True,False,,
e1/L/R5/5,L,5,quintuplet,51200,0.0,True,False,,
e1/L/R5/5,L,5,random,800,0.0,True,False,,
e1/L/R5/5,L,5,random,6400,0.0,True,False,,
e1/L/R5/5,L,5,random,51200,0.0,True,False,,
e1/L/R5/50,L,5,quadruplet,800,0.5,True,True,3.730395036987407e-09,2.984316029589926e-06
e1/L/R5/50,L,5,quadruplet,6400,0.7,True,True,3.730395036987407e-09,2.3874528236719406e-05
e1/L/R5/50,L,5,quadruplet,51200,0.3,True,True,3.730395036987407e-09,0.00019099622589375525
e1/L/R5/50,L,5,quintuplet,800,0.3,True,True,1.239043986000186e-06,0.0009912351888001487
e1/L/R5/50,L,5,quintuplet,6400,0.8,True,True,1.239043986000186e-06,0.00792988151040119
e1/L/R5/50,L,5,quintuplet,51200,1.0,True,True,1.239043986000186e-06,0.06343905208320952
e1/L/R5/51,L,5,quadruplet,800,0.0,True,False,,
e1/L/R5/51,L,5,quadruplet,6400,0.0,True,False,,
e1/L/R5/51,L,5,quadruplet,51200,0.0,True,False,,
e1/L/R5/51,L,5,quintuplet,800,0.0,True,False,,
e1/L/R5/51,L,5,quintuplet,6400,0.1,True,False,,
e1/L/R5/51,L,5,quintuplet,51200,0.0,True,False,,
e1/L/R5/52,L,5,quadruplet,800,0.0,True,False,,
e1/L/R5/52,L,5,quadruplet,6400,0.0,True,False,,
e1/L/R5/52,L,5,quadruplet,51200,0.0,True,False,,
e1/L/R5/52,L,5,quintuplet,800,0.0,True,False,,
e1/L/R5/52,L,5,quintuplet,6400,0.0,True,False,,
e1/L/R5/52,L,5,quintuplet,51200,0.0,True,False,,
e1/L/R5/53,L,5,quadruplet,800,0.1,False,,,
e1/L/R5/53,L,5,quadruplet,6400,0.1,False,,,
e1/L/R5/53,L,5,quadruplet,51200,0.5,False,,,
e1/L/R5/53,L,5,quintuplet,800,0.2,False,,,
e1/L/R5/53,L,5,quintuplet,6400,0.3,False,,,
e1/L/R5/53,L,5,quintuplet,51200,0.9,False,,,
e1/L/R5/54,L,5,quadruplet,800,0.0,True,False,,
e1/L/R5/54,L,5,quadruplet,6400,0.0,True,False,,
e1/L/R5/54,L,5,quadruplet,51200,0.0,True,False,,
e1/L/R5/54,L,5,quintuplet,800,0.0,True,True,1.4760165473102102e-05,0.01180813237848168
e1/L/R5/54,L,5,quintuplet,6400,0.1,True,True,1.4760165473102102e-05,0.09446505902785345
e1/L/R5/54,L,5,quintuplet,51200,0.5,True,True,1.4760165473102102e-05,0.7557204722228276
e1/L/R5/55,L,5,quadruplet,800,0.5,True,True,4.2872637231494965e-06,0.003429810978519597
e1/L/R5/55,L,5,quadruplet,6400,0.9,True,True,4.2872637231494965e-06,0.027438487828156777
e1/L/R5/55,L,5,quadruplet,51200,1.0,True,True,4.2872637231494965e-06,0.21950790262525421
e1/L/R5/55,L,5,quintuplet,800,0.7,True,True,6.156020725729462e-06,0.004924816580583569
e1/L/R5/55,L,5,quintuplet,6400,1.0,True,True,6.156020725729462e-06,0.039398532644668555
e1/L/R5/55,L,5,quintuplet,51200,1.0,True,True,6.156020725729462e-06,0.31518826115734844
e1/L/R5/56,L,5,quadruplet,800,0.8,True,True,1.1807738365604542e-05,0.009446190692483633
e1/L/R5/56,L,5,quadruplet,6400,1.0,True,True,1.1807738365604542e-05,0.07556952553986906
e1/L/R5/56,L,5,quadruplet,51200,1.0,True,True,1.1807738365604542e-05,0.6045562043189525
e1/L/R5/56,L,5,quintuplet,800,0.7,True,True,1.0348705026840722e-05,0.008278964021472579
e1/L/R5/56,L,5,quintuplet,6400,1.0,True,True,1.0348705026840722e-05,0.06623171217178063
e1/L/R5/56,L,5,quintuplet,51200,1.0,True,True,1.0348705026840722e-05,0.529853697374245
e1/L/R5/57,L,5,quadruplet,800,0.6,True,True,7.444816278534353e-06,0.005955853022827482
e1/L/R5/57,L,5,quadruplet,6400,1.0,True,True,7.444816278534353e-06,0.047646824182619854
e1/L/R5/57,L,5,quadruplet,51200,1.0,True,True,7.444816278534353e-06,0.38117459346095883
e1/L/R5/57,L,5,quintuplet,800,0.7,True,True,1.0684616292397183e-05,0.008547693033917746
e1/L/R5/57,L,5,quintuplet,6400,1.0,True,True,1.0684616292397183e-05,0.06838154427134197
e1/L/R5/57,L,5,quintuplet,51200,1.0,True,True,1.0684616292397183e-05,0.5470523541707357
e1/L/R5/58,L,5,quadruplet,800,0.9,True,True,1.4625043577825877e-05,0.011700034862260702
e1/L/R5/58,L,5,quadruplet,6400,1.0,True,True,1.4625043577825877e-05,0.09360027889808561
e1/L/R5/58,L,5,quadruplet,51200,1.0,True,True,1.4625043577825877e-05,0.7488022311846849
e1/L/R5/58,L,5,quintuplet,800,0.6,True,True,1.435648478411498e-05,0.011485187827291984
e1/L/R5/58,L,5,quintuplet,6400,1.0,True,True,1.435648478411498e-05,0.09188150261833587
e1/L/R5/58,L,5,quintuplet,51200,1.0,True,True,1.435648478411498e-05,0.735052020946687
e1/L/R5/59,L,5,quadruplet,800,0.0,True,False,,
e1/L/R5/59,L,5,quadruplet,6400,0.3,True,False,,
e1/L/R5/59,L,5,quadruplet,51200,0.4,True,False,,
e1/L/R5/59,L,5,quintuplet,800,0.2,True,False,,
e1/L/R5/59,L,5,quintuplet,6400,0.3,True,False,,
e1/L/R5/59,L,5,quintuplet,51200,0.5,True,False,,
e1/L/R5/6,L,5,quadruplet,800,0.0,True,True,8.751103613865627e-06,0.007000882891092502
e1/L/R5/6,L,5,quadruplet,6400,0.0,True,True,8.751103613865627e-06,0.056007063128740014
e1/L/R5/6,L,5,quadruplet,51200,0.8,True,True,8.751103613865627e-06,0.4480565050299201
e1/L/R5/6,L,5,quintuplet,800,0.0,True,True,2.2186091784465616e-06,0.0017748873427572492
e1/L/R5/6,L,5,quintuplet,6400,0.0,True,True,2.2186091784465616e-06,0.014199098742057993
e1/L/R5/6,L,5,quintuplet,51200,0.7,True,True,2.2186091784465616e-06,0.11359278993646395
e1/L/R5/6,L,5,random,800,0.0,True,False,,
e1/L/R5/6,L,5,random,6400,0.0,True,False,,
e1/L/R5/6,L,5,random,51200,0.0,True,False,,
e1/L/R5/60,L,5,quadruplet,800,0.0,True,False,,
e1/L/R5/60,L,5,quadruplet,6400,0.0,True,False,,
e1/L/R5/60,L,5,quadruplet,51200,0.0,True,False,,
e1/L/R5/60,L,5,quintuplet,800,0.0,True,False,,
e1/L/R5/60,L,5,quintuplet,6400,0.0,True,False,,
e1/L/R5/60,L,5,quintuplet,51200,0.0,True,False,,
e1/L/R5/61,L,5,quadruplet,800,0.1,True,True,1.6165091089093477e-05,0.012932072871274783
e1/L/R5/61,L,5,quadruplet,6400,1.0,True,True,1.6165091089093477e-05,0.10345658297019826
e1/L/R5/61,L,5,quadruplet,51200,1.0,True,True,1.6165091089093477e-05,0.8276526637615861
e1/L/R5/61,L,5,quintuplet,800,0.0,True,True,2.368199590546857e-05,0.018945596724374854
e1/L/R5/61,L,5,quintuplet,6400,0.9,True,True,2.368199590546857e-05,0.15156477379499883
e1/L/R5/61,L,5,quintuplet,51200,1.0,True,True,2.368199590546857e-05,1.2125181903599906
e1/L/R5/62,L,5,quadruplet,800,0.0,True,True,8.175688413938409e-06,0.006540550731150727
e1/L/R5/62,L,5,quadruplet,6400,0.1,True,True,8.175688413938409e-06,0.052324405849205814
e1/L/R5/62,L,5,quadruplet,51200,0.7,True,True,8.175688413938409e-06,0.4185952467936465
e1/L/R5/62,L,5,quintuplet,800,0.0,True,True,7.118226927941273e-06,0.005694581542353018
e1/L/R5/62,L,5,quintuplet,6400,0.1,True,True,7.118226927941273e-06,0.045556652338824145
e1/L/R5/62,L,5,quintuplet,51200,0.6,True,True,7.118226927941273e-06,0.36445321871059316
e1/L/R5/63,L,5,quadruplet,800,0.0,False,,,
e1/L/R5/63,L,5,quadruplet,6400,0.0,False,,,
e1/L/R5/63,L,5,quadruplet,51200,0.0,False,,,
e1/L/R5/63,L,5,quintuplet,800,0.0,False,,,
e1/L/R5/63,L,5,quintuplet,6400,0.0,False,,,
e1/L/R5/63,L,5,quintuplet,51200,0.0,False,,,
e1/L/R5/64,L,5,quadruplet,800,0.0,False,,,
e1/L/R5/64,L,5,quadruplet,6400,0.0,False,,,
e1/L/R5/64,L,5,quadruplet,51200,0.0,False,,,
e1/L/R5/64,L,5,quintuplet,800,0.0,False,,,
e1/L/R5/64,L,5,quintuplet,6400,0.0,False,,,
e1/L/R5/64,L,5,quintuplet,51200,0.0,False,,,
e1/L/R5/65,L,5,quadruplet,800,0.0,True,False,,
e1/L/R5/65,L,5,quadruplet,6400,0.3,True,False,,
e1/L/R5/65,L,5,quadruplet,51200,0.2,True,False,,
e1/L/R5/65,L,5,quintuplet,800,0.0,True,True,7.815608911632584e-07,0.0006252487129306067
e1/L/R5/65,L,5,quintuplet,6400,0.3,True,True,7.815608911632584e-07,0.005001989703444854
e1/L/R5/65,L,5,quintuplet,51200,0.4,True,True,7.815608911632584e-07,0.04001591762755883
e1/L/R5/66,L,5,quadruplet,800,0.0,False,,,
e1/L/R5/66,L,5,quadruplet,6400,0.0,False,,,
e1/L/R5/66,L,5,quadruplet,51200,0.0,False,,,
e1/L/R5/66,L,5,quintuplet,800,0.1,False,,,
e1/L/R5/66,L,5,quintuplet,6400,0.0,False,,,
e1/L/R5/66,L,5,quintuplet,51200,0.0,False,,,
e1/L/R5/67,L,5,quadruplet,800,0.0,True,False,,
e1/L/R5/67,L,5,quadruplet,6400,0.0,True,False,,
e1/L/R5/67,L,5,quadruplet,51200,0.0,True,False,,
e1/L/R5/67,L,5,quintuplet,800,0.0,True,True,4.0905247706943065e-08,3.2724198165554455e-05
e1/L/R5/67,L,5,quintuplet,6400,0.2,True,True,4.0905247706943065e-08,0.00026179358532443564
e1/L/R5/67,L,5,quintuplet,51200,0.5,True,True,4.0905247706943065e-08,0.002094348682595485
e1/L/R5/68,L,5,quadruplet,800,0.0,True,False,,
e1/L/R5/68,L,5,quadruplet,6400,0.0,True,False,,
e1/L/R5/68,L,5,quadruplet,51200,0.0,True,False,,
e1/L/R5/68,L,5,quintuplet,800,0.0,True,False,,
e1/L/R5/68,L,5,quintuplet,6400,0.0,True,False,,
e1/L/R5/68,L,5,quintuplet,51200,0.0,True,False,,
e1/L/R5/69,L,5,quadruplet,800,0.1,False,,,
e1/L/R5/69,L,5,quadruplet,6400,0.1,False,,,
e1/L/R5/69,L,5,quadruplet,51200,0.0,False,,,
e1/L/R5/69,L,5,quintuplet,800,0.0,False,,,
e1/L/R5/69,L,5,quintuplet,6400,0.0,False,,,
e1/L/R5/69,L,5,quintuplet,51200,0.0,False,,,
e1/L/R5/7,L,5,quadruplet,800,0.0,True,False,,
e1/L/R5/7,L,5,quadruplet,6400,0.0,True,False,,
e1/L/R5/7,L,5,quadruplet,51200,0.0,True,False,,
e1/L/R5/7,L,5,quintuplet,800,0.1,True,False,,
e1/L/R5/7,L,5,quintuplet,6400,0.3,True,False,,
e1/L/R5/7,L,5,quintuplet,51200,0.2,True,False,,
e1/L/R5/7,L,5,random,800,0.0,True,False,,
e1/L/R5/7,L,5,random,6400,0.0,True,False,,
e1/L/R5/7,L,5,random,51200,0.0,True,False,,
e1/L/R5/70,L,5,quadruplet,800,0.0,True,False,,
e1/L/R5/70,L,5,quadruplet,6400,0.1,True,False,,
e1/L/R5/70,L,5,quadruplet,51200,0.2,True,False,,
e1/L/R5/70,L,5,quintuplet,800,0.0,True,False,,
e1/L/R5/70,L,5,quintuplet,6400,0.3,True,False,,
e1/L/R5/70,L,5,quintuplet,51200,0.1,True,False,,
e1/L/R5/71,L,5,quadruplet,800,0.2,True,True,2.5280330879405755e-05,0.020224264703524605
e1/L/R5/71,L,5,quadruplet,6400,0.7,True,True,2.5280330879405755e-05,0.16179411762819684
e1/L/R5/71,L,5,quadruplet,51200,1.0,True,True,2.5280330879405755e-05,1.2943529410255747
e1/L/R5/71,L,5,quintuplet,800,0.3,True,True,3.679208913086037e-05,0.029433671304688297
e1/L/R5/71,L,5,quintuplet,6400,0.8,True,True,3.679208913086037e-05,0.23546937043750638
e1/L/R5/71,L,5,quintuplet,51200,1.0,True,True,3.679208913086037e-05,1.883754963500051
e1/L/R5/72,L,5,quadruplet,800,0.0,True,False,,
e1/L/R5/72,L,5,quadruplet,6400,0.0,True,False,,
e1/L/R5/72,L,5,quadruplet,51200,0.0,True,False,,
e1/L/R5/72,L,5,quintuplet,800,0.0,True,False,,
e1/L/R5/72,L,5,quintuplet,6400,0.0,True,False,,
e1/L/R5/72,L,5,quintuplet,51200,0.0,True,False,,
e1/L/R5/73,L,5,quadruplet,800,0.1,False,,,
e1/L/R5/73,L,5,quadruplet,6400,0.3,False,,,
e1/L/R5/73,L,5,quadruplet,51200,0.4,False,,,
e1/L/R5/73,L,5,quintuplet,800,0.1,False,,,
e1/L/R5/73,L,5,quintuplet,6400,0.5,False,,,
e1/L/R5/73,L,5,quintuplet,51200,0.8,False,,,
e1/L/R5/74,L,5,quadruplet,800,0.1,True,True,2.487305569379696e-05,0.01989844455503757
e1/L/R5/74,L,5,quadruplet,6400,0.8,True,True,2.487305569379696e-05,0.15918755644030055
e1/L/R5/74,L,5,quadruplet,51200,1.0,True,True,2.487305569379696e-05,1.2735004515224044
e1/L/R5/74,L,5,quintuplet,800,0.4,True,True,3.601580433189364e-05,0.02881264346551491
e1/L/R5/74,L,5,quintuplet,6400,0.8,True,True,3.601580433189364e-05,0.23050114772411928
e1/L/R5/74,L,5,quintuplet,51200,1.0,True,True,3.601580433189364e-05,1.8440091817929543
e1/L/R5/75,L,5,quadruplet,800,0.2,False,,,
e1/L/R5/75,L,5,quadruplet,6400,0.9,False,,,
e1/L/R5/75,L,5,quadruplet,51200,1.0,False,,,
e1/L/R5/75,L,5,quintuplet,800,0.2,False,,,
e1/L/R5/75,L,5,quintuplet,6400,1.0,False,,,
e1/L/R5/75,L,5,quintuplet,51200,1.0,False,,,
e1/L/R5/76,L,5,quadruplet,800,0.0,True,False,,
e1/L/R5/76,L,5,quadruplet,6400,0.0,True,False,,
e1/L/R5/76,L,5,quadruplet,51200,0.1,True,False,,
e1/L/R5/76,L,5,quintuplet,800,0.1,True,True,9.331211277716581e-07,0.0007464969022173265
e1/L/R5/76,L,5,quintuplet,6400,0.2,True,True,9.331211277716581e-07,0.005971975217738612
e1/L/R5/76,L,5,quintuplet,51200,0.4,True,True,9.331211277716581e-07,0.047775801741908895
e1/L/R5/77,L,5,quadruplet,800,0.1,True,True,1.3428901924522475e-06,0.001074312153961798
e1/L/R5/77,L,5,quadruplet,6400,0.2,True,True,1.3428901924522475e-06,0.008594497231694384
e1/L/R5/77,L,5,quadruplet,51200,0.6,True,True,1.3428901924522475e-06,0.06875597785355507
e1/L/R5/77,L,5,quintuplet,800,0.1,True,False,,
e1/L/R5/77,L,5,quintuplet,6400,0.2,True,False,,
e1/L/R5/77,L,5,quintuplet,51200,0.1,True,False,,
e1/L/R5/78,L,5,quadruplet,800,0.0,True,False,,
e1/L/R5/78,L,5,quadruplet,6400,0.0,True,False,,
e1/L/R5/78,L,5,quadruplet,51200,0.0,True,False,,
e1/L/R5/78,L,5,quintuplet,800,0.0,True,False,,
e1/L/R5/78,L,5,quintuplet,6400,0.0,True,False,,
e1/L/R5/78,L,5,quintuplet,51200,0.0,True,False,,
e1/L/R5/79,L,5,quadruplet,800,0.4,True,True,3.2124595297952854e-06,0.002569967623836228
e1/L/R5/79,L,5,quadruplet,6400,0.7,True,True,3.2124595297952854e-06,0.020559740990689825
e1/L/R5/79,L,5,quadruplet,51200,0.7,True,True,3.2124595297952854e-06,0.1644779279255186
e1/L/R5/79,L,5,quintuplet,800,0.4,True,True,1.7780018569113112e-06,0.001422401485529049
e1/L/R5/79,L,5,quintuplet,6400,0.7,True,True,1.7780018569113112e-06,0.011379211884232392
e1/L/R5/79,L,5,quintuplet,51200,0.5,True,True,1.7780018569113112e-06,0.09103369507385914
e1/L/R5/8,L,5,quadruplet,800,0.0,False,,,
e1/L/R5/8,L,5,quadruplet,6400,0.0,False,,,
e1/L/R5/8,L,5,quadruplet,51200,0.0,False,,,
e1/L/R5/8,L,5,quintuplet,800,0.0,False,,,
e1/L/R5/8,L,5,quintuplet,6400,0.2,False,,,
e1/L/R5/8,L,5,quintuplet,51200,0.1,False,,,
e1/L/R5/8,L,5,random,800,0.0,False,,,
e1/L/R5/8,L,5,random,6400,0.0,False,,,
e1/L/R5/8,L,5,random,51200,0.0,False,,,
e1/L/R5/80,L,5,quadruplet,800,0.0,True,False,,
e1/L/R5/80,L,5,quadruplet,6400,0.0,True,False,,
e1/L/R5/80,L,5,quadruplet,51200,0.0,True,False,,
e1/L/R5/80,L,5,quintuplet,800,0.0,True,False,,
e1/L/R5/80,L,5,quintuplet,6400,0.1,True,False,,
e1/L/R5/80,L,5,quintuplet,51200,0.1,True,False,,
e1/L/R5/81,L,5,quadruplet,800,0.0,True,False,,
e1/L/R5/81,L,5,quadruplet,6400,0.0,True,False,,
e1/L/R5/81,L,5,quadruplet,51200,0.0,True,False,,
e1/L/R5/81,L,5,quintuplet,800,0.0,True,False,,
e1/L/R5/81,L,5,quintuplet,6400,0.0,True,False,,
e1/L/R5/81,L,5,quintuplet,51200,0.0,True,False,,
e1/L/R5/82,L,5,quadruplet,800,0.1,True,True,8.941626988484773e-06,0.007153301590787819
e1/L/R5/82,L,5,quadruplet,6400,0.6,True,True,8.941626988484773e-06,0.05722641272630255
e1/L/R5/82,L,5,quadruplet,51200,1.0,True,True,8.941626988484773e-06,0.4578113018104204
e1/L/R5/82,L,5,quintuplet,800,0.2,True,True,1.2912366552999214e-05,0.010329893242399371
e1/L/R5/82,L,5,quintuplet,6400,0.6,True,True,1.2912366552999214e-05,0.08263914593919497
e1/L/R5/82,L,5,quintuplet,51200,1.0,True,True,1.2912366552999214e-05,0.6611131675135598
e1/L/R5/83,L,5,quadruplet,800,0.8,True,True,1.5232222217094812e-05,0.01218577777367585
e1/L/R5/83,L,5,quadruplet,6400,1.0,True,True,1.5232222217094812e-05,0.0974862221894068
e1/L/R5/83,L,5,quadruplet,51200,1.0,True,True,1.5232222217094812e-05,0.7798897775152543
e1/L/R5/83,L,5,quintuplet,800,0.8,True,True,1.100066938829161e-05,0.008800535510633289
e1/L/R5/83,L,5,quintuplet,6400,1.0,True,True,1.100066938829161e-05,0.07040428408506631
e1/L/R5/83,L,5,quintuplet,51200,1.0,True,True,1.100066938829161e-05,0.5632342726805305
e1/L/R5/84,L,5,quadruplet,800,0.7,True,True,1.3730236150646264e-05,0.010984188920517012
e1/L/R5/84,L,5,quadruplet,6400,1.0,True,True,1.3730236150646264e-05,0.0878735113641361
e1/L/R5/84,L,5,quadruplet,51200,1.0,True,True,1.3730236150646264e-05,0.7029880909130888
e1/L/R5/84,L,5,quintuplet,800,0.5,True,True,9.333619858175254e-06,0.0074668958865402035
e1/L/R5/84,L,5,quintuplet,6400,1.0,True,True,9.333619858175254e-06,0.05973516709232163
e1/L/R5/84,L,5,quintuplet,51200,1.0,True,True,9.333619858175254e-06,0.477881336738573
e1/L/R5/85,L,5,quadruplet,800,0.9,True,True,4.7644974859480534e-06,0.0038115979887584426
e1/L/R5/85,L,5,quadruplet,6400,0.9,True,True,4.7644974859480534e-06,0.03049278391006754
e1/L/R5/85,L,5,quadruplet,51200,1.0,True,True,4.7644974859480534e-06,0.24394227128054033
e1/L/R5/85,L,5,quintuplet,800,0.6,True,True,2.0757637174602566e-06,0.0016606109739682052
e1/L/R5/85,L,5,quintuplet,6400,0.9,True,True,2.0757637174602566e-06,0.013284887791745642
e1/L/R5/85,L,5,quintuplet,51200,1.0,True,True,2.0757637174602566e-06,0.10627910233396513
e1/L/R5/86,L,5,quadruplet,800,0.1,False,,,
e1/L/R5/86,L,5,quadruplet,6400,0.0,False,,,
e1/L/R5/86,L,5,quadruplet,51200,0.0,False,,,
e1/L/R5/86,L,5,quintuplet,800,0.0,False,,,
e1/L/R5/86,L,5,quintuplet,6400,0.3,False,,,
e1/L/R5/86,L,5,quintuplet,51200,0.0,False,,,
e1/L/R5/87,L,5,quadruplet,800,0.0,True,False,,
e1/L/R5/87,L,5,quadruplet,6400,0.1,True,False,,
e1/L/R5/87,L,5,quadruplet,51200,0.1,True,False,,
e1/L/R5/87,L,5,quintuplet,800,0.0,True,True,4.820841239158601e-06,0.0038566729913268806
e1/L/R5/87,L,5,quintuplet,6400,0.2,True,True,4.820841239158601e-06,0.030853383930615045
e1/L/R5/87,L,5,quintuplet,51200,0.4,True,True,4.820841239158601e-06,0.24682707144492036
e1/L/R5/88,L,5,quadruplet,800,0.0,True,False,,
e1/L/R5/88,L,5,quadruplet,6400,0.0,True,False,,
e1/L/R5/88,L,5,quadruplet,51200,0.0,True,False,,
e1/L/R5/88,L,5,quintuplet,800,0.0,True,False,,
e1/L/R5/88,L,5,quintuplet,6400,0.0,True,False,,
e1/L/R5/88,L,5,quintuplet,51200,0.0,True,False,,
e1/L/R5/89,L,5,quadruplet,800,1.0,True,True,8.961587124065926e-06,0.007169269699252741
e1/L/R5/89,L,5,quadruplet,6400,1.0,True,True,8.961587124065926e-06,0.057354157594021925
e1/L/R5/89,L,5,quadruplet,51200,1.0,True,True,8.961587124065926e-06,0.4588332607521754
e1/L/R5/89,L,5,quintuplet,800,0.6,True,True,6.8568432128992235e-06,0.005485474570319379
e1/L/R5/89,L,5,quintuplet,6400,1.0,True,True,6.8568432128992235e-06,0.04388379656255503
e1/L/R5/89,L,5,quintuplet,51200,1.0,True,True,6.8568432128992235e-06,0.35107037250044026
e1/L/R5/9,L,5,quadruplet,800,0.0,False,,,
e1/L/R5/9,L,5,quadruplet,6400,0.0,False,,,
e1/L/R5/9,L,5,quadruplet,51200,0.0,False,,,
e1/L/R5/9,L,5,quintuplet,800,0.1,False,,,
e1/L/R5/9,L,5,quintuplet,6400,0.0,False,,,
e1/L/R5/9,L,5,quintuplet,51200,0.0,False,,,
e1/L/R5/9,L,5,random,800,0.0,False,,,
e1/L/R5/9,L,5,random,6400,0.0,False,,,
e1/L/R5/9,L,5,random,51200,0.0,False,,,
e1/L/R5/90,L,5,quadruplet,800,0.0,False,,,
e1/L/R5/90,L,5,quadruplet,6400,0.0,False,,,
e1/L/R5/90,L,5,quadruplet,51200,0.0,False,,,
e1/L/R5/90,L,5,quintuplet,800,0.0,False,,,
e1/L/R5/90,L,5,quintuplet,6400,0.0,False,,,
e1/L/R5/90,L,5,quintuplet,51200,0.0,False,,,
e1/L/R5/91,L,5,quadruplet,800,0.2,False,,,
e1/L/R5/91,L,5,quadruplet,6400,0.5,False,,,
e1/L/R5/91,L,5,quadruplet,51200,0.9,False,,,
e1/L/R5/91,L,5,quintuplet,800,0.4,False,,,
e1/L/R5/91,L,5,quintuplet,6400,0.4,False,,,
e1/L/R5/91,L,5,quintuplet,51200,0.9,False,,,
e1/L/R5/92,L,5,quadruplet,800,0.5,True,False,,
e1/L/R5/92,L,5,quadruplet,6400,0.6,True,False,,
e1/L/R5/92,L,5,quadruplet,51200,0.1,True,False,,
e1/L/R5/92,L,5,quintuplet,800,0.4,True,True,3.4656842722141587e-07,0.0002772547417771327
e1/L/R5/92,L,5,quintuplet,6400,0.9,True,True,3.4656842722141587e-07,0.0022180379342170617
e1/L/R5/92,L,5,quintuplet,51200,1.0,True,True,3.4656842722141587e-07,0.017744303473736494
e1/L/R5/93,L,5,quadruplet,800,0.3,False,,,
e1/L/R5/93,L,5,quadruplet,6400,0.9,False,,,
e1/L/R5/93,L,5,quadruplet,51200,0.8,False,,,
e1/L/R5/93,L,5,quintuplet,800,0.3,False,,,
e1/L/R5/93,L,5,quintuplet,6400,0.7,False,,,
e1/L/R5/93,L,5,quintuplet,51200,0.4,False,,,
e1/L/R5/94,L,5,quadruplet,800,0.0,False,,,
e1/L/R5/94,L,5,quadruplet,6400,0.0,False,,,
e1/L/R5/94,L,5,quadruplet,51200,0.0,False,,,
e1/L/R5/94,L,5,quintuplet,800,0.0,False,,,
e1/L/R5/94,L,5,quintuplet,6400,0.0,False,,,
e1/L/R5/94,L,5,quintuplet,51200,0.0,False,,,
e1/L/R5/95,L,5,quadruplet,800,0.1,True,True,1.7013693885762414e-05,0.013610955108609931
e1/L/R5/95,L,5,quadruplet,6400,0.7,True,True,1.7013693885762414e-05,0.10888764086887945
e1/L/R5/95,L,5,quadruplet,51200,1.0,True,True,1.7013693885762414e-05,0.8711011269510356
e1/L/R5/95,L,5,quintuplet,800,0.0,True,True,1.3717487331913197e-05,0.010973989865530559
e1/L/R5/95,L,5,quintuplet,6400,0.6,True,True,1.3717487331913197e-05,0.08779191892424447
e1/L/R5/95,L,5,quintuplet,51200,1.0,True,True,1.3717487331913197e-05,0.7023353513939558
e1/L/R5/96,L,5,quadruplet,800,0.1,True,True,8.118800468225864e-06,0.006495040374580691
e1/L/R5/96,L,5,quadruplet,6400,1.0,True,True,8.118800468225864e-06,0.051960322996645526
e1/L/R5/96,L,5,quadruplet,51200,1.0,True,True,8.118800468225864e-06,0.4156825839731642
e1/L/R5/96,L,5,quintuplet,800,0.6,True,True,2.4500677598061383e-05,0.019600542078449107
e1/L/R5/96,L,5,quintuplet,6400,0.9,True,True,2.4500677598061383e-05,0.15680433662759286
e1/L/R5/96,L,5,quintuplet,51200,1.0,True,True,2.4500677598061383e-05,1.2544346930207428
e1/L/R5/97,L,5,quadruplet,800,0.0,True,False,,
e1/L/R5/97,L,5,quadruplet,6400,0.0,True,False,,
e1/L/R5/97,L,5,quadruplet,51200,0.0,True,False,,
e1/L/R5/97,L,5,quintuplet,800,0.0,True,False,,
e1/L/R5/97,L,5,quintuplet,6400,0.0,True,False,,
e1/L/R5/97,L,5,quintuplet,51200,0.0,True,False,,
e1/L/R5/98,L,5,quadruplet,800,0.0,True,False,,
e1/L/R5/98,L,5,quadruplet,6400,0.0,True,False,,
e1/L/R5/98,L,5,quadruplet,51200,0.0,True,False,,
e1/L/R5/98,L,5,quintuplet,800,0.0,True,False,,
e1/L/R5/98,L,5,quintuplet,6400,0.0,True,False,,
e1/L/R5/98,L,5,quintuplet,51200,0.0,True,False,,
e1/L/R5/99,L,5,quadruplet,800,0.1,True,False,,
e1/L/R5/99,L,5,quadruplet,6400,0.0,True,False,,
e1/L/R5/99,L,5,quadruplet,51200,0.0,True,False,,
e1/L/R5/99,L,5,quintuplet,800,0.1,True,True,6.660194127297578e-09,5.3281553018380625e-06
e1/L/R5/99,L,5,quintuplet,6400,0.6,True,True,6.660194127297578e-09,4.26252424147045e-05
e1/L/R5/99,L,5,quintuplet,51200,0.6,True,True,6.660194127297578e-09,0.000341001939317636
e1/W/R1/0,W,1,quadruplet,800,0.3,False,,,
e1/W/R1/0,W,1,quadruplet,6400,0.9,False,,,
e1/W/R1/0,W,1,quadruplet,51200,1.0,False,,,
e1/W/R1/0,W,1,quintuplet,800,0.3,False,,,
e1/W/R1/0,W,1,quintuplet,6400,1.0,False,,,
e1/W/R1/0,W,1,quintuplet,51200,1.0,False,,,
e1/W/R1/0,W,1,random,800,0.0,False,,,
e1/W/R1/0,W,1,random,6400,0.0,False,,,
e1/W/R1/0,W,1,random,51200,0.0,False,,,
e1/W/R1/1,W,1,quadruplet,800,0.6,False,,,
e1/W/R1/1,W,1,quadruplet,6400,1.0,False,,,
e1/W/R1/1,W,1,quadruplet,51200,1.0,False,,,
e1/W/R1/1,W,1,quintuplet,800,0.8,False,,,
e1/W/R1/1,W,1,quintuplet,6400,1.0,False,,,
e1/W/R1/1,W,1,quintuplet,51200,1.0,False,,,
e1/W/R1/1,W,1,random,800,0.0,False,,,
e1/W/R1/1,W,1,random,6400,0.0,False,,,
e1/W/R1/1,W,1,random,51200,0.0,False,,,
e1/W/R1/10,W,1,quadruplet,800,0.4,False,,,
e1/W/R1/10,W,1,quadruplet,6400,0.7,False,,,
e1/W/R1/10,W,1,quadruplet,51200,0.9,False,,,
e1/W/R1/10,W,1,quintuplet,800,0.5,False,,,
e1/W/R1/10,W,1,quintuplet,6400,0.9,False,,,
e1/W/R1/10,W,1,quintuplet,51200,1.0,False,,,
e1/W/R1/11,W,1,quadruplet,800,0.0,False,,,
e1/W/R1/11,W,1,quadruplet,6400,0.1,False,,,
e1/W/R1/11,W,1,quadruplet,51200,0.3,False,,,
e1/W/R1/11,W,1,quintuplet,800,0.4,False,,,
e1/W/R1/11,W,1,quintuplet,6400,0.7,False,,,
e1/W/R1/11,W,1,quintuplet,51200,1.0,False,,,
e1/W/R1/12,W,1,quadruplet,800,0.5,True,True,1.5145898837905847e-05,0.012116719070324678
e1/W/R1/12,W,1,quadruplet,6400,1.0,True,True,1.5145898837905847e-05,0.09693375256259743
e1/W/R1/12,W,1,quadruplet,51200,1.0,True,True,1.5145898837905847e-05,0.7754700205007794
e1/W/R1/12,W,1,quintuplet,800,0.4,True,True,9.02768902088931e-06,0.007222151216711448
e1/W/R1/12,W,1,quintuplet,6400,1.0,True,True,9.02768902088931e-06,0.05777720973369158
e1/W/R1/12,W,1,quintuplet,51200,1.0,True,True,9.02768902088931e-06,0.46221767786953266
e1/W/R1/13,W,1,quadruplet,800,0.0,True,True,2.3845180256569297e-05,0.019076144205255437
e1/W/R1/13,W,1,quadruplet,6400,0.3,True,True,2.3845180256569297e-05,0.1526091536420435
e1/W/R1/13,W,1,quadruplet,51200,1.0,True,True,2.3845180256569297e-05,1.220873229136348
e1/W/R1/13,W,1,quintuplet,800,0.0,True,True,3.29439270406307e-05,0.02635514163250456
e1/W/R1/13,W,1,quintuplet,6400,0.5,True,True,3.29439270406307e-05,0.2108411330600365
e1/W/R1/13,W,1,quintuplet,51200,1.0,True,True,3.29439270406307e-05,1.686729064480292
e1/W/R1/14,W,1,quadruplet,800,0.0,False,,,
e1/W/R1/14,W,1,quadruplet,6400,0.0,False,,,
e1/W/R1/14,W,1,quadruplet,51200,0.0,False,,,
e1/W/R1/14,W,1,quintuplet,800,0.0,False,,,
e1/W/R1/14,W,1,quintuplet,6400,0.0,False,,,
e1/W/R1/14,W,1,quintuplet,51200,0.0,False,,,
e1/W/R1/15,W,1,quadruplet,800,0.3,True,True,6.181413038189807e-06,0.004945130430551846
e1/W/R1/15,W,1,quadruplet,6400,0.9,True,True,6.181413038189807e-06,0.039561043444414766
e1/W/R1/15,W,1,quadruplet,51200,1.0,True,True,6.181413038189807e-06,0.31648834755531813
e1/W/R1/15,W,1,quintuplet,800,0.2,True,True,2.9871263945081694e-06,0.0023897011156065353
e1/W/R1/15,W,1,quintuplet,6400,0.8,True,True,2.9871263945081694e-06,0.019117608924852283
e1/W/R1/15,W,1,quintuplet,51200,1.0,True,True,2.9871263945081694e-06,0.15294087139881826
e1/W/R1/16,W,1,quadruplet,800,0.0,False,,,
e1/W/R1/16,W,1,quadruplet,6400,0.0,False,,,
e1/W/R1/16,W,1,quadruplet,51200,0.0,False,,,
e1/W/R1/16,W,1,quintuplet,800,0.0,False,,,
e1/W/R1/16,W,1,quintuplet,6400,0.2,False,,,
e1/W/R1/16,W,1,quintuplet,51200,0.9,False,,,
e1/W/R1/17,W,1,quadruplet,800,0.4,False,,,
e1/W/R1/17,W,1,quadruplet,6400,1.0,False,,,
e1/W/R1/17,W,1,quadruplet,51200,1.0,False,,,
e1/W/R1/17,W,1,quintuplet,800,0.3,False,,,
e1/W/R1/17,W,1,quintuplet,6400,1.0,False,,,
e1/W/R1/17,W,1,quintuplet,51200,1.0,False,,,
e1/W/R1/18,W,1,quadruplet,800,0.6,False,,,
e1/W/R1/18,W,1,quadruplet,6400,0.9,False,,,
e1/W/R1/18,W,1,quadruplet,51200,1.0,False,,,
e1/W/R1/18,W,1,quintuplet,800,0.4,False,,,
e1/W/R1/18,W,1,quintuplet,6400,0.8,False,,,
e1/W/R1/18,W,1,quintuplet,51200,1.0,False,,,
e1/W/R1/19,W,1,quadruplet,800,0.1,True,True,0.0001206359240067386,0.09650873920539088
e1/W/R1/19,W,1,quadruplet,6400,0.8,True,True,0.0001206359240067386,0.772069913643127
e1/W/R1/19,W,1,quadruplet,51200,1.0,True,True,0.0001206359240067386,6.176559309145016
e1/W/R1/19,W,1,quintuplet,800,0.2,True,True,4.469605220514116e-05,0.03575684176411292
e1/W/R1/19,W,1,quintuplet,6400,0.5,True,True,4.469605220514116e-05,0.2860547341129034
e1/W/R1/19,W,1,quintuplet,51200,1.0,True,True,4.469605220514116e-05,2.288437872903227
e1/W/R1/2,W,1,quadruplet,800,0.0,False,,,
e1/W/R1/2,W,1,quadruplet,6400,0.0,False,,,
e1/W/R1/2,W,1,quadruplet,51200,0.0,False,,,
e1/W/R1/2,W,1,quintuplet,800,0.0,False,,,
e1/W/R1/2,W,1,quintuplet,6400,0.0,False,,,
e1/W/R1/2,W,1,quintuplet,51200,0.0,False,,,
e1/W/R1/2,W,1,random,800,0.0,False,,,
e1/W/R1/2,W,1,random,6400,0.0,False,,,
e1/W/R1/2,W,1,random,51200,0.0,False,,,
e1/W/R1/20,W,1,quadruplet,800,0.0,False,,,
e1/W/R1/20,W,1,quadruplet,6400,0.0,False,,,
e1/W/R1/20,W,1,quadruplet,51200,0.0,False,,,
e1/W/R1/20,W,1,quintuplet,800,0.1,False,,,
e1/W/R1/20,W,1,quintuplet,6400,0.2,False,,,
e1/W/R1/20,W,1,quintuplet,51200,0.1,False,,,
e1/W/R1/21,W,1,quadruplet,800,0.0,False,,,
e1/W/R1/21,W,1,quadruplet,6400,0.0,False,,,
e1/W/R1/21,W,1,quadruplet,51200,0.0,False,,,
e1/W/R1/21,W,1,quintuplet,800,0.0,False,,,
e1/W/R1/21,W,1,quintuplet,6400,0.1,False,,,
e1/W/R1/21,W,1,quintuplet,51200,0.0,False,,,
e1/W/R1/22,W,1,quadruplet,800,0.3,True,True,3.225338257345866e-05,0.02580270605876693
e1/W/R1/22,W,1,quadruplet,6400,0.8,True,True,3.225338257345866e-05,0.20642164847013544
e1/W/R1/22,W,1,quadruplet,51200,1.0,True,True,3.225338257345866e-05,1.6513731877610835
e1/W/R1/22,W,1,quintuplet,800,0.3,True,True,4.669705866897278e-05,0.03735764693517822
e1/W/R1/22,W,1,quintuplet,6400,0.8,True,True,4.669705866897278e-05,0.29886117548142577
e1/W/R1/22,W,1,quintuplet,51200,1.0,True,True,4.669705866897278e-05,2.390889403851406
e1/W/R1/23,W,1,quadruplet,800,0.0,False,,,
e1/W/R1/23,W,1,quadruplet,6400,0.0,False,,,
e1/W/R1/23,W,1,quadruplet,51200,0.0,False,,,
e1/W/R1/23,W,1,quintuplet,800,0.1,False,,,
e1/W/R1/23,W,1,quintuplet,6400,0.0,False,,,
e1/W/R1/23,W,1,quintuplet,51200,0.1,False,,,
e1/W/R1/24,W,1,quadruplet,800,0.4,False,,,
e1/W/R1/24,W,1,quadruplet,6400,0.9,False,,,
e1/W/R1/24,W,1,quadruplet,51200,1.0,False,,,
e1/W/R1/24,W,1,quintuplet,800,0.3,False,,,
e1/W/R1/24,W,1,quintuplet,6400,1.0,False,,,
e1/W/R1/24,W,1,quintuplet,51200,1.0,False,,,
e1/W/R1/25,W,1,quadruplet,800,0.1,False,,,
e1/W/R1/25,W,1,quadruplet,6400,0.4,False,,,
e1/W/R1/25,W,1,quadruplet,51200,0.2,False,,,
e1/W/R1/25,W,1,quintuplet,800,0.3,False,,,
e1/W/R1/25,W,1,quintuplet,6400,0.8,False,,,
e1/W/R1/25,W,1,quintuplet,51200,1.0,False,,,
e1/W/R1/26,W,1,quadruplet,800,0.6,True,True,8.034869500017225e-06,0.00642789560001378
e1/W/R1/26,W,1,quadruplet,6400,1.0,True,True,8.034869500017225e-06,0.05142316480011024
e1/W/R1/26,W,1,quadruplet,51200,1.0,True,True,8.034869500017225e-06,0.41138531840088194
e1/W/R1/26,W,1,quintuplet,800,0.6,True,True,1.1799643463712404e-05,0.009439714770969923
e1/W/R1/26,W,1,quintuplet,6400,1.0,True,True,1.1799643463712404e-05,0.07551771816775939
e1/W/R1/26,W,1,quintuplet,51200,1.0,True,True,1.1799643463712404e-05,0.6041417453420751
e1/W/R1/27,W,1,quadruplet,800,0.1,False,,,
e1/W/R1/27,W,1,quadruplet,6400,0.0,False,,,
e1/W/R1/27,W,1,quadruplet,51200,0.0,False,,,
e1/W/R1/27,W,1,quintuplet,800,0.0,False,,,
e1/W/R1/27,W,1,quintuplet,6400,0.4,False,,,
e1/W/R1/27,W,1,quintuplet,51200,0.6,False,,,
e1/W/R1/28,W,1,quadruplet,800,0.4,False,,,
e1/W/R1/28,W,1,quadruplet,6400,1.0,False,,,
e1/W/R1/28,W,1,quadruplet,51200,1.0,False,,,
e1/W/R1/28,W,1,quintuplet,800,0.5,False,,,
e1/W/R1/28,W,1,quintuplet,6400,1.0,False,,,
e1/W/R1/28,W,1,quintuplet,51200,1.0,False,,,
e1/W/R1/29,W,1,quadruplet,800,0.3,False,,,
e1/W/R1/29,W,1,quadruplet,6400,0.9,False,,,
e1/W/R1/29,W,1,quadruplet,51200,1.0,False,,,
e1/W/R1/29,W,1,quintuplet,800,0.2,False,,,
e1/W/R1/29,W,1,quintuplet,6400,0.9,False,,,
e1/W/R1/29,W,1,quintuplet,51200,1.0,False,,,
e1/W/R1/3,W,1,quadruplet,800,0.3,False,,,
e1/W/R1/3,W,1,quadruplet,6400,1.0,False,,,
e1/W/R1/3,W,1,quadruplet,51200,1.0,False,,,
e1/W/R1/3,W,1,quintuplet,800,0.3,False,,,
e1/W/R1/3,W,1,quintuplet,6400,0.8,False,,,
e1/W/R1/3,W,1,quintuplet,51200,1.0,False,,,
e1/W/R1/3,W,1,random,800,0.0,False,,,
e1/W/R1/3,W,1,random,6400,0.0,False,,,
e1/W/R1/3,W,1,random,51200,0.0,False,,,
e1/W/R1/30,W,1,quadruplet,800,0.3,False,,,
e1/W/R1/30,W,1,quadruplet,6400,0.9,False,,,
e1/W/R1/30,W,1,quadruplet,51200,1.0,False,,,
e1/W/R1/30,W,1,quintuplet,800,0.4,False,,,
e1/W/R1/30,W,1,quintuplet,6400,1.0,False,,,
e1/W/R1/30,W,1,quintuplet,51200,1.0,False,,,
e1/W/R1/31,W,1,quadruplet,800,0.2,False,,,
e1/W/R1/31,W,1,quadruplet,6400,0.8,False,,,
e1/W/R1/31,W,1,quadruplet,51200,1.0,False,,,
e1/W/R1/31,W,1,quintuplet,800,0.2,False,,,
e1/W/R1/31,W,1,quintuplet,6400,0.7,False,,,
e1/W/R1/31,W,1,quintuplet,51200,1.0,False,,,
e1/W/R1/32,W,1,quadruplet,800,0.1,False,,,
e1/W/R1/32,W,1,quadruplet,6400,0.0,False,,,
e1/W/R1/32,W,1,quadruplet,51200,0.0,False,,,
e1/W/R1/32,W,1,quintuplet,800,0.3,False,,,
e1/W/R1/32,W,1,quintuplet,6400,0.2,False,,,
e1/W/R1/32,W,1,quintuplet,51200,0.8,False,,,
e1/W/R1/33,W,1,quadruplet,800,0.0,True,False,,
e1/W/R1/33,W,1,quadruplet,6400,0.0,True,False,,
e1/W/R1/33,W,1,quadruplet,51200,0.0,True,False,,
e1/W/R1/33,W,1,quintuplet,800,0.0,True,False,,
e1/W/R1/33,W,1,quintuplet,6400,0.0,True,False,,
e1/W/R1/33,W,1,quintuplet,51200,0.0,True,False,,
e1/W/R1/34,W,1,quadruplet,800,0.4,False,,,
e1/W/R1/34,W,1,quadruplet,6400,0.7,False,,,
e1/W/R1/34,W,1,quadruplet,51200,1.0,False,,,
e1/W/R1/34,W,1,quintuplet,800,0.7,False,,,
e1/W/R1/34,W,1,quintuplet,6400,0.9,False,,,
e1/W/R1/34,W,1,quintuplet,51200,1.0,False,,,
e1/W/R1/35,W,1,quadruplet,800,0.0,False,,,
e1/W/R1/35,W,1,quadruplet,6400,0.0,False,,,
e1/W/R1/35,W,1,quadruplet,51200,0.0,False,,,
e1/W/R1/35,W,1,quintuplet,800,0.2,False,,,
e1/W/R1/35,W,1,quintuplet,6400,0.0,False,,,
e1/W/R1/35,W,1,quintuplet,51200,0.0,False,,,
e1/W/R1/36,W,1,quadruplet,800,0.0,False,,,
e1/W/R1/36,W,1,quadruplet,6400,0.0,False,,,
e1/W/R1/36,W,1,quadruplet,51200,0.0,False,,,
e1/W/R1/36,W,1,quintuplet,800,0.2,False,,,
e1/W/R1/36,W,1,quintuplet,6400,0.0,False,,,
e1/W/R1/36,W,1,quintuplet,51200,0.0,False,,,
e1/W/R1/37,W,1,quadruplet,800,0.0,False,,,
e1/W/R1/37,W,1,quadruplet,6400,0.0,False,,,
e1/W/R1/37,W,1,quadruplet,51200,0.0,False,,,
e1/W/R1/37,W,1,quintuplet,800,0.0,False,,,
e1/W/R1/37,W,1,quintuplet,6400,0.3,False,,,
e1/W/R1/37,W,1,quintuplet,51200,0.6,False,,,
e1/W/R1/38,W,1,quadruplet,800,0.6,False,,,
e1/W/R1/38,W,1,quadruplet,6400,1.0,False,,,
e1/W/R1/38,W,1,quadruplet,51200,1.0,False,,,
e1/W/R1/38,W,1,quintuplet,800,0.3,False,,,
e1/W/R1/38,W,1,quintuplet,6400,1.0,False,,,
e1/W/R1/38,W,1,quintuplet,51200,1.0,False,,,
e1/W/R1/39,W,1,quadruplet,800,0.7,False,,,
e1/W/R1/39,W,1,quadruplet,6400,1.0,False,,,
e1/W/R1/39,W,1,quadruplet,51200,1.0,False,,,
e1/W/R1/39,W,1,quintuplet,800,0.8,False,,,
e1/W/R1/39,W,1,quintuplet,6400,0.9,False,,,
e1/W/R1/39,W,1,quintuplet,51200,1.0,False,,,
e1/W/R1/4,W,1,quadruplet,800,0.8,True,True,1.720001866324775e-05,0.0137600149305982
e1/W/R1/4,W,1,quadruplet,6400,1.0,True,True,1.720001866324775e-05,0.1100801194447856
e1/W/R1/4,W,1,quadruplet,51200,1.0,True,True,1.720001866324775e-05,0.8806409555582848
e1/W/R1/4,W,1,quintuplet,800,0.5,True,True,1.2236610404883065e-05,0.009789288323906452
e1/W/R1/4,W,1,quintuplet,6400,1.0,True,True,1.2236610404883065e-05,0.07831430659125162
e1/W/R1/4,W,1,quintuplet,51200,1.0,True,True,1.2236610404883065e-05,0.6265144527300129
e1/W/R1/4,W,1,random,800,0.0,True,False,,
e1/W/R1/4,W,1,random,6400,0.0,True,False,,
e1/W/R1/4,W,1,random,51200,0.0,True,False,,
e1/W/R1/40,W,1,quadruplet,800,0.1,True,True,0.00012063592400646412,0.09650873920517129
e1/W/R1/40,W,1,quadruplet,6400,0.5,True,True,0.00012063592400646412,0.7720699136413703
e1/W/R1/40,W,1,quadruplet,51200,1.0,True,True,0.00012063592400646412,6.176559309130963
e1/W/R1/40,W,1,quintuplet,800,0.0,True,True,4.469605220516004e-05,0.035756841764128036
e1/W/R1/40,W,1,quintuplet,6400,0.3,True,True,4.469605220516004e-05,0.2860547341130243
e1/W/R1/40,W,1,quintuplet,51200,1.0,True,True,4.469605220516004e-05,2.2884378729041943
e1/W/R1/41,W,1,quadruplet,800,0.5,False,,,
e1/W/R1/41,W,1,quadruplet,6400,0.9,False,,,
e1/W/R1/41,W,1,quadruplet,51200,1.0,False,,,
e1/W/R1/41,W,1,quintuplet,800,0.6,False,,,
e1/W/R1/41,W,1,quintuplet,6400,0.9,False,,,
e1/W/R1/41,W,1,quintuplet,51200,1.0,False,,,
e1/W/R1/42,W,1,quadruplet,800,0.0,False,,,
e1/W/R1/42,W,1,quadruplet,6400,0.2,False,,,
e1/W/R1/42,W,1,quadruplet,51200,0.4,False,,,
e1/W/R1/42,W,1,quintuplet,800,0.1,False,,,
e1/W/R1/42,W,1,quintuplet,6400,0.5,False,,,
e1/W/R1/42,W,1,quintuplet,51200,1.0,False,,,
e1/W/R1/43,W,1,quadruplet,800,0.2,True,True,3.304392363542786e-05,0.026435138908342287
e1/W/R1/43,W,1,quadruplet,6400,0.9,True,True,3.304392363542786e-05,0.2114811112667383
e1/W/R1/43,W,1,quadruplet,51200,1.0,True,True,3.304392363542786e-05,1.6918488901339064
e1/W/R1/43,W,1,quintuplet,800,0.3,True,True,4.766614631119702e-05,0.03813291704895762
e1/W/R1/43,W,1,quintuplet,6400,0.7,True,True,4.766614631119702e-05,0.30506333639166094
e1/W/R1/43,W,1,quintuplet,51200,1.0,True,True,4.766614631119702e-05,2.4405066911332876
e1/W/R1/44,W,1,quadruplet,800,0.0,False,,,
e1/W/R1/44,W,1,quadruplet,6400,0.0,False,,,
e1/W/R1/44,W,1,quadruplet,51200,0.0,False,,,
e1/W/R1/44,W,1,quintuplet,800,0.1,False,,,
e1/W/R1/44,W,1,quintuplet,6400,0.1,False,,,
e1/W/R1/44,W,1,quintuplet,51200,0.1,False,,,
e1/W/R1/45,W,1,quadruplet,800,0.0,False,,,
e1/W/R1/45,W,1,quadruplet,6400,0.0,False,,,
e1/W/R1/45,W,1,quadruplet,51200,0.0,False,,,
e1/W/R1/45,W,1,quintuplet,800,0.1,False,,,
e1/W/R1/45,W,1,quintuplet,6400,0.0,False,,,
e1/W/R1/45,W,1,quintuplet,51200,0.0,False,,,
e1/W/R1/46,W,1,quadruplet,800,0.5,False,,,
e1/W/R1/46,W,1,quadruplet,6400,1.0,False,,,
e1/W/R1/46,W,1,quadruplet,51200,1.0,False,,,
e1/W/R1/46,W,1,quintuplet,800,0.7,False,,,
e1/W/R1/46,W,1,quintuplet,6400,1.0,False,,,
e1/W/R1/46,W,1,quintuplet,51200,1.0,False,,,
e1/W/R1/47,W,1,quadruplet,800,0.1,True,True,2.3845180256586746e-05,0.0190761442052694
e1/W/R1/47,W,1,quadruplet,6400,0.5,True,True,2.3845180256586746e-05,0.1526091536421552
e1/W/R1/47,W,1,quadruplet,51200,0.9,True,True,2.3845180256586746e-05,1.2208732291372415
e1/W/R1/47,W,1,quintuplet,800,0.1,True,True,3.2943927040620436e-05,0.02635514163249635
e1/W/R1/47,W,1,quintuplet,6400,0.6,True,True,3.2943927040620436e-05,0.2108411330599708
e1/W/R1/47,W,1,quintuplet,51200,1.0,True,True,3.2943927040620436e-05,1.6867290644797663
e1/W/R1/48,W,1,quadruplet,800,0.0,False,,,
e1/W/R1/48,W,1,quadruplet,6400,0.4,False,,,
e1/W/R1/48,W,1,quadruplet,51200,1.0,False,,,
e1/W/R1/48,W,1,quintuplet,800,0.0,False,,,
e1/W/R1/48,W,1,quintuplet,6400,0.9,False,,,
e1/W/R1/48,W,1,quintuplet,51200,1.0,False,,,
e1/W/R1/49,W,1,quadruplet,800,0.1,False,,,
e1/W/R1/49,W,1,quadruplet,6400,0.1,False,,,
e1/W/R1/49,W,1,quadruplet,51200,0.0,False,,,
e1/W/R1/49,W,1,quintuplet,800,0.6,False,,,
e1/W/R1/49,W,1,quintuplet,6400,1.0,False,,,
e1/W/R1/49,W,1,quintuplet,51200,1.0,False,,,
e1/W/R1/5,W,1,quadruplet,800,0.2,False,,,
e1/W/R1/5,W,1,quadruplet,6400,0.6,False,,,
e1/W/R1/5,W,1,quadruplet,51200,1.0,False,,,
e1/W/R1/5,W,1,quintuplet,800,0.3,False,,,
e1/W/R1/5,W,1,quintuplet,6400,1.0,False,,,
e1/W/R1/5,W,1,quintuplet,51200,1.0,False,,,
e1/W/R1/5,W,1,random,800,0.0,False,,,
e1/W/R1/5,W,1,random,6400,0.0,False,,,
e1/W/R1/5,W,1,random,51200,0.0,False,,,
e1/W/R1/50,W,1,quadruplet,800,0.4,True,True,1.5145898837922098e-05,0.012116719070337678
e1/W/R1/50,W,1,quadruplet,6400,1.0,True,True,1.5145898837922098e-05,0.09693375256270143
e1/W/R1/50,W,1,quadruplet,51200,1.0,True,True,1.5145898837922098e-05,0.7754700205016114
e1/W/R1/50,W,1,quintuplet,800,0.2,True,True,9.027689020886738e-06,0.0072221512167093905
e1/W/R1/50,W,1,quintuplet,6400,1.0,True,True,9.027689020886738e-06,0.057777209733675124
e1/W/R1/50,W,1,quintuplet,51200,1.0,True,True,9.027689020886738e-06,0.462217677869401
e1/W/R1/51,W,1,quadruplet,800,0.0,False,,,
e1/W/R1/51,W,1,quadruplet,6400,0.0,False,,,
e1/W/R1/51,W,1,quadruplet,51200,0.0,False,,,
e1/W/R1/51,W,1,quintuplet,800,0.3,False,,,
e1/W/R1/51,W,1,quintuplet,6400,0.3,False,,,
e1/W/R1/51,W,1,quintuplet,51200,0.4,False,,,
e1/W/R1/52,W,1,quadruplet,800,0.4,False,,,
e1/W/R1/52,W,1,quadruplet,6400,0.4,False,,,
e1/W/R1/52,W,1,quadruplet,51200,0.5,False,,,
e1/W/R1/52,W,1,quintuplet,800,0.6,False,,,
e1/W/R1/52,W,1,quintuplet,6400,1.0,False,,,
e1/W/R1/52,W,1,quintuplet,51200,1.0,False,,,
e1/W/R1/53,W,1,quadruplet,800,0.2,False,,,
e1/W/R1/53,W,1,quadruplet,6400,0.0,False,,,
e1/W/R1/53,W,1,quadruplet,51200,0.2,False,,,
e1/W/R1/53,W,1,quintuplet,800,0.3,False,,,
e1/W/R1/53,W,1,quintuplet,6400,0.1,False,,,
e1/W/R1/53,W,1,quintuplet,51200,0.2,False,,,
e1/W/R1/54,W,1,quadruplet,800,0.1,False,,,
e1/W/R1/54,W,1,quadruplet,6400,0.0,False,,,
e1/W/R1/54,W,1,quadruplet,51200,0.0,False,,,
e1/W/R1/54,W,1,quintuplet,800,0.2,False,,,
e1/W/R1/54,W,1,quintuplet,6400,0.4,False,,,
e1/W/R1/54,W,1,quintuplet,51200,0.8,False,,,
e1/W/R1/55,W,1,quadruplet,800,0.5,False,,,
e1/W/R1/55,W,1,quadruplet,6400,0.9,False,,,
e1/W/R1/55,W,1,quadruplet,51200,1.0,False,,,
e1/W/R1/55,W,1,quintuplet,800,0.2,False,,,
e1/W/R1/55,W,1,quintuplet,6400,1.0,False,,,
e1/W/R1/55,W,1,quintuplet,51200,1.0,False,,,
e1/W/R1/56,W,1,quadruplet,800,0.8,True,True,1.7200018663254896e-05,0.013760014930603916
e1/W/R1/56,W,1,quadruplet,6400,1.0,True,True,1.7200018663254896e-05,0.11008011944483133
e1/W/R1/56,W,1,quadruplet,51200,1.0,True,True,1.7200018663254896e-05,0.8806409555586506
e1/W/R1/56,W,1,quintuplet,800,0.5,True,True,1.2236610404882463e-05,0.00978928832390597
e1/W/R1/56,W,1,quintuplet,6400,1.0,True,True,1.2236610404882463e-05,0.07831430659124776
e1/W/R1/56,W,1,quintuplet,51200,1.0,True,True,1.2236610404882463e-05,0.6265144527299821
e1/W/R1/57,W,1,quadruplet,800,0.3,False,,,
e1/W/R1/57,W,1,quadruplet,6400,1.0,False,,,
e1/W/R1/57,W,1,quadruplet,51200,1.0,False,,,
e1/W/R1/57,W,1,quintuplet,800,0.4,False,,,
e1/W/R1/57,W,1,quintuplet,6400,1.0,False,,,
e1/W/R1/57,W,1,quintuplet,51200,1.0,False,,,
e1/W/R1/58,W,1,quadruplet,800,0.0,False,,,
e1/W/R1/58,W,1,quadruplet,6400,0.0,False,,,
e1/W/R1/58,W,1,quadruplet,51200,0.0,False,,,
e1/W/R1/58,W,1,quintuplet,800,0.0,False,,,
e1/W/R1/58,W,1,quintuplet,6400,0.0,False,,,
e1/W/R1/58,W,1,quintuplet,51200,0.0,False,,,
e1/W/R1/59,W,1,quadruplet,800,0.0,False,,,
e1/W/R1/59,W,1,quadruplet,6400,0.0,False,,,
e1/W/R1/59,W,1,quadruplet,51200,0.0,False,,,
e1/W/R1/59,W,1,quintuplet,800,0.1,False,,,
e1/W/R1/59,W,1,quintuplet,6400,0.3,False,,,
e1/W/R1/59,W,1,quintuplet,51200,0.3,False,,,
e1/W/R1/6,W,1,quadruplet,800,0.7,True,True,1.0367828972293774e-05,0.008294263177835019
e1/W/R1/6,W,1,quadruplet,6400,1.0,True,True,1.0367828972293774e-05,0.06635410542268015
e1/W/R1/6,W,1,quadruplet,51200,1.0,True,True,1.0367828972293774e-05,0.5308328433814412
e1/W/R1/6,W,1,quintuplet,800,0.7,True,True,1.4435187212346447e-05,0.011548149769877157
e1/W/R1/6,W,1,quintuplet,6400,1.0,True,True,1.4435187212346447e-05,0.09238519815901726
e1/W/R1/6,W,1,quintuplet,51200,1.0,True,True,1.4435187212346447e-05,0.7390815852721381
e1/W/R1/6,W,1,random,800,0.0,True,False,,
e1/W/R1/6,W,1,random,6400,0.0,True,False,,
e1/W/R1/6,W,1,random,51200,0.0,True,False,,
e1/W/R1/60,W,1,quadruplet,800,0.0,True,False,,
e1/W/R1/60,W,1,quadruplet,6400,0.0,True,False,,
e1/W/R1/60,W,1,quadruplet,51200,0.0,True,False,,
e1/W/R1/60,W,1,quintuplet,800,0.1,True,True,3.761125408952816e-05,0.03008900327162253
e1/W/R1/60,W,1,quintuplet,6400,0.1,True,True,3.761125408952816e-05,0.24071202617298024
e1/W/R1/60,W,1,quintuplet,51200,0.9,True,True,3.761125408952816e-05,1.925696209383842
e1/W/R1/61,W,1,quadruplet,800,0.0,False,,,
e1/W/R1/61,W,1,quadruplet,6400,0.0,False,,,
e1/W/R1/61,W,1,quadruplet,51200,0.0,False,,,
e1/W/R1/61,W,1,quintuplet,800,0.0,False,,,
e1/W/R1/61,W,1,quintuplet,6400,0.0,False,,,
e1/W/R1/61,W,1,quintuplet,51200,0.0,False,,,
e1/W/R1/62,W,1,quadruplet,800,0.0,True,False,,
e1/W/R1/62,W,1,quadruplet,6400,0.0,True,False,,
e1/W/R1/62,W,1,quadruplet,51200,0.0,True,False,,
e1/W/R1/62,W,1,quintuplet,800,0.0,True,True,3.721281090612614e-06,0.0029770248724900914
e1/W/R1/62,W,1,quintuplet,6400,0.1,True,True,3.721281090612614e-06,0.02381619897992073
e1/W/R1/62,W,1,quintuplet,51200,0.3,True,True,3.721281090612614e-06,0.19052959183936585
e1/W/R1/63,W,1,quadruplet,800,0.6,False,,,
e1/W/R1/63,W,1,quadruplet,6400,1.0,False,,,
e1/W/R1/63,W,1,quadruplet,51200,1.0,False,,,
e1/W/R1/63,W,1,quintuplet,800,0.7,False,,,
e1/W/R1/63,W,1,quintuplet,6400,1.0,False,,,
e1/W/R1/63,W,1,quintuplet,51200,1.0,False,,,
e1/W/R1/64,W,1,quadruplet,800,0.0,True,True,0.00012063592400653692,0.09650873920522954
e1/W/R1/64,W,1,quadruplet,6400,0.3,True,True,0.00012063592400653692,0.7720699136418363
e1/W/R1/64,W,1,quadruplet,51200,1.0,True,True,0.00012063592400653692,6.17655930913469
e1/W/R1/64,W,1,quintuplet,800,0.0,True,True,4.4696052205214625e-05,0.0357568417641717
e1/W/R1/64,W,1,quintuplet,6400,0.2,True,True,4.4696052205214625e-05,0.2860547341133736
e1/W/R1/64,W,1,quintuplet,51200,0.9,True,True,4.4696052205214625e-05,2.288437872906989
e1/W/R1/65,W,1,quadruplet,800,0.6,False,,,
e1/W/R1/65,W,1,quadruplet,6400,0.9,False,,,
e1/W/R1/65,W,1,quadruplet,51200,1.0,False,,,
e1/W/R1/65,W,1,quintuplet,800,0.4,False,,,
e1/W/R1/65,W,1,quintuplet,6400,0.7,False,,,
e1/W/R1/65,W,1,quintuplet,51200,1.0,False,,,
e1/W/R1/66,W,1,quadruplet,800,0.1,False,,,
e1/W/R1/66,W,1,quadruplet,6400,0.7,False,,,
e1/W/R1/66,W,1,quadruplet,51200,1.0,False,,,
e1/W/R1/66,W,1,quintuplet,800,0.2,False,,,
e1/W/R1/66,W,1,quintuplet,6400,0.8,False,,,
e1/W/R1/66,W,1,quintuplet,51200,1.0,False,,,
e1/W/R1/67,W,1,quadruplet,800,0.5,False,,,
e1/W/R1/67,W,1,quadruplet,6400,1.0,False,,,
e1/W/R1/67,W,1,quadruplet,51200,1.0,False,,,
e1/W/R1/67,W,1,quintuplet,800,0.5,False,,,
e1/W/R1/67,W,1,quintuplet,6400,1.0,False,,,
e1/W/R1/67,W,1,quintuplet,51200,1.0,False,,,
e1/W/R1/68,W,1,quadruplet,800,0.2,True,True,0.00012063592400666197,0.09650873920532957
e1/W/R1/68,W,1,quadruplet,6400,0.5,True,True,0.00012063592400666197,0.7720699136426366
e1/W/R1/68,W,1,quadruplet,51200,1.0,True,True,0.00012063592400666197,6.176559309141092
e1/W/R1/68,W,1,quintuplet,800,0.0,True,True,4.4696052205196126e-05,0.0357568417641569
e1/W/R1/68,W,1,quintuplet,6400,0.1,True,True,4.4696052205196126e-05,0.2860547341132552
e1/W/R1/68,W,1,quintuplet,51200,1.0,True,True,4.4696052205196126e-05,2.2884378729060417
e1/W/R1/69,W,1,quadruplet,800,0.5,False,,,
e1/W/R1/69,W,1,quadruplet,6400,0.9,False,,,
e1/W/R1/69,W,1,quadruplet,51200,1.0,False,,,
e1/W/R1/69,W,1,quintuplet,800,0.2,False,,,
e1/W/R1/69,W,1,quintuplet,6400,0.9,False,,,
e1/W/R1/69,W,1,quintuplet,51200,1.0,False,,,
e1/W/R1/7,W,1,quadruplet,800,0.2,False,,,
e1/W/R1/7,W,1,quadruplet,6400,0.6,False,,,
e1/W/R1/7,W,1,quadruplet,51200,0.8,False,,,
e1/W/R1/7,W,1,quintuplet,800,0.4,False,,,
e1/W/R1/7,W,1,quintuplet,6400,1.0,False,,,
e1/W/R1/7,W,1,quintuplet,51200,1.0,False,,,
e1/W/R1/7,W,1,random,800,0.0,False,,,
e1/W/R1/7,W,1,random,6400,0.0,False,,,
e1/W/R1/7,W,1,random,51200,0.0,False,,,
e1/W/R1/70,W,1,quadruplet,800,0.2,False,,,
e1/W/R1/70,W,1,quadruplet,6400,0.7,False,,,
e1/W/R1/70,W,1,quadruplet,51200,1.0,False,,,
e1/W/R1/70,W,1,quintuplet,800,0.2,False,,,
e1/W/R1/70,W,1,quintuplet,6400,0.8,False,,,
e1/W/R1/70,W,1,quintuplet,51200,1.0,False,,,
e1/W/R1/71,W,1,quadruplet,800,0.0,False,,,
e1/W/R1/71,W,1,quadruplet,6400,0.0,False,,,
e1/W/R1/71,W,1,quadruplet,51200,0.0,False,,,
e1/W/R1/71,W,1,quintuplet,800,0.0,False,,,
e1/W/R1/71,W,1,quintuplet,6400,0.0,False,,,
e1/W/R1/71,W,1,quintuplet,51200,0.0,False,,,
e1/W/R1/72,W,1,quadruplet,800,1.0,True,True,1.532997557476648e-05,0.012263980459813185
e1/W/R1/72,W,1,quadruplet,6400,1.0,True,True,1.532997557476648e-05,0.09811184367850548
e1/W/R1/72,W,1,quadruplet,51200,1.0,True,True,1.532997557476648e-05,0.7848947494280438
e1/W/R1/72,W,1,quintuplet,800,0.9,True,True,1.3488967307263496e-05,0.010791173845810798
e1/W/R1/72,W,1,quintuplet,6400,1.0,True,True,1.3488967307263496e-05,0.08632939076648638
e1/W/R1/72,W,1,quintuplet,51200,1.0,True,True,1.3488967307263496e-05,0.690635126131891
e1/W/R1/73,W,1,quadruplet,800,0.1,False,,,
e1/W/R1/73,W,1,quadruplet,6400,0.4,False,,,
e1/W/R1/73,W,1,quadruplet,51200,0.5,False,,,
e1/W/R1/73,W,1,quintuplet,800,0.1,False,,,
e1/W/R1/73,W,1,quintuplet,6400,0.7,False,,,
e1/W/R1/73,W,1,quintuplet,51200,0.9,False,,,
e1/W/R1/74,W,1,quadruplet,800,0.4,False,,,
e1/W/R1/74,W,1,quadruplet,6400,1.0,False,,,
e1/W/R1/74,W,1,quadruplet,51200,1.0,False,,,
e1/W/R1/74,W,1,quintuplet,800,0.2,False,,,
e1/W/R1/74,W,1,quintuplet,6400,1.0,False,,,
e1/W/R1/74,W,1,quintuplet,51200,1.0,False,,,
e1/W/R1/75,W,1,quadruplet,800,0.3,True,True,1.7262854173622542e-06,0.0013810283338898035
e1/W/R1/75,W,1,quadruplet,6400,0.9,True,True,1.7262854173622542e-06,0.011048226671118428
e1/W/R1/75,W,1,quadruplet,51200,1.0,True,True,1.7262854173622542e-06,0.08838581336894742
e1/W/R1/75,W,1,quintuplet,800,0.2,True,True,2.423268802297506e-06,0.001938615041838005
e1/W/R1/75,W,1,quintuplet,6400,0.9,True,True,2.423268802297506e-06,0.01550892033470404
e1/W/R1/75,W,1,quintuplet,51200,1.0,True,True,2.423268802297506e-06,0.12407136267763232
e1/W/R1/76,W,1,quadruplet,800,0.0,False,,,
e1/W/R1/76,W,1,quadruplet,6400,0.0,False,,,
e1/W/R1/76,W,1,quadruplet,51200,0.0,False,,,
e1/W/R1/76,W,1,quintuplet,800,0.0,False,,,
e1/W/R1/76,W,1,quintuplet,6400,0.3,False,,,
e1/W/R1/76,W,1,quintuplet,51200,0.5,False,,,
e1/W/R1/77,W,1,quadruplet,800,0.1,False,,,
e1/W/R1/77,W,1,quadruplet,6400,0.2,False,,,
e1/W/R1/77,W,1,quadruplet,51200,0.3,False,,,
e1/W/R1/77,W,1,quintuplet,800,0.1,False,,,
e1/W/R1/77,W,1,quintuplet,6400,0.7,False,,,
e1/W/R1/77,W,1,quintuplet,51200,1.0,False,,,
e1/W/R1/78,W,1,quadruplet,800,0.5,False,,,
e1/W/R1/78,W,1,quadruplet,6400,1.0,False,,,
e1/W/R1/78,W,1,quadruplet,51200,1.0,False,,,
e1/W/R1/78,W,1,quintuplet,800,0.6,False,,,
e1/W/R1/78,W,1,quintuplet,6400,1.0,False,,,
e1/W/R1/78,W,1,quintuplet,51200,0.9,False,,,
e1/W/R1/79,W,1,quadruplet,800,0.7,False,,,
e1/W/R1/79,W,1,quadruplet,6400,0.9,False,,,
e1/W/R1/79,W,1,quadruplet,51200,1.0,False,,,
e1/W/R1/79,W,1,quintuplet,800,0.8,False,,,
e1/W/R1/79,W,1,quintuplet,6400,0.9,False,,,
e1/W/R1/79,W,1,quintuplet,51200,1.0,False,,,
e1/W/R1/8,W,1,quadruplet,800,0.0,False,,,
e1/W/R1/8,W,1,quadruplet,6400,0.0,False,,,
e1/W/R1/8,W,1,quadruplet,51200,0.0,False,,,
e1/W/R1/8,W,1,quintuplet,800,0.0,False,,,
e1/W/R1/8,W,1,quintuplet,6400,0.0,False,,,
e1/W/R1/8,W,1,quintuplet,51200,0.0,False,,,
e1/W/R1/8,W,1,random,800,0.0,False,,,
e1/W/R1/8,W,1,random,6400,0.0,False,,,
e1/W/R1/8,W,1,random,51200,0.0,False,,,
e1/W/R1/80,W,1,quadruplet,800,0.5,True,True,2.810693181028335e-06,0.002248554544822668
e1/W/R1/80,W,1,quadruplet,6400,0.9,True,True,2.810693181028335e-06,0.017988436358581345
e1/W/R1/80,W,1,quadruplet,51200,1.0,True,True,2.810693181028335e-06,0.14390749086865076
e1/W/R1/80,W,1,quintuplet,800,0.3,True,True,4.005531846646537e-06,0.00320442547731723
e1/W/R1/80,W,1,quintuplet,6400,0.8,True,True,4.005531846646537e-06,0.02563540381853784
e1/W/R1/80,W,1,quintuplet,51200,1.0,True,True,4.005531846646537e-06,0.20508323054830271
e1/W/R1/81,W,1,quadruplet,800,0.2,False,,,
e1/W/R1/81,W,1,quadruplet,6400,0.6,False,,,
e1/W/R1/81,W,1,quadruplet,51200,0.8,False,,,
e1/W/R1/81,W,1,quintuplet,800,0.1,False,,,
e1/W/R1/81,W,1,quintuplet,6400,1.0,False,,,
e1/W/R1/81,W,1,quintuplet,51200,1.0,False,,,
e1/W/R1/82,W,1,quadruplet,800,0.2,False,,,
e1/W/R1/82,W,1,quadruplet,6400,0.6,False,,,
e1/W/R1/82,W,1,quadruplet,51200,0.7,False,,,
e1/W/R1/82,W,1,quintuplet,800,0.2,False,,,
e1/W/R1/82,W,1,quintuplet,6400,1.0,False,,,
e1/W/R1/82,W,1,quintuplet,51200,1.0,False,,,
e1/W/R1/83,W,1,quadruplet,800,0.0,False,,,
e1/W/R1/83,W,1,quadruplet,6400,0.1,False,,,
e1/W/R1/83,W,1,quadruplet,51200,0.0,False,,,
e1/W/R1/83,W,1,quintuplet,800,0.1,False,,,
e1/W/R1/83,W,1,quintuplet,6400,0.3,False,,,
e1/W/R1/83,W,1,quintuplet,51200,1.0,False,,,
e1/W/R1/84,W,1,quadruplet,800,0.0,True,False,,
e1/W/R1/84,W,1,quadruplet,6400,0.0,True,False,,
e1/W/R1/84,W,1,quadruplet,51200,0.0,True,False,,
e1/W/R1/84,W,1,quintuplet,800,0.0,True,True,3.7212810906076217e-06,0.0029770248724860972
e1/W/R1/84,W,1,quintuplet,6400,0.0,True,True,3.7212810906076217e-06,0.023816198979888778
e1/W/R1/84,W,1,quintuplet,51200,0.1,True,True,3.7212810906076217e-06,0.19052959183911022
e1/W/R1/85,W,1,quadruplet,800,0.4,False,,,
e1/W/R1/85,W,1,quadruplet,6400,1.0,False,,,
e1/W/R1/85,W,1,quadruplet,51200,1.0,False,,,
e1/W/R1/85,W,1,quintuplet,800,0.7,False,,,
e1/W/R1/85,W,1,quintuplet,6400,1.0,False,,,
e1/W/R1/85,W,1,quintuplet,51200,1.0,False,,,
e1/W/R1/86,W,1,quadruplet,800,0.6,False,,,
e1/W/R1/86,W,1,quadruplet,6400,0.3,False,,,
e1/W/R1/86,W,1,quadruplet,51200,0.4,False,,,
e1/W/R1/86,W,1,quintuplet,800,0.6,False,,,
e1/W/R1/86,W,1,quintuplet,6400,1.0,False,,,
e1/W/R1/86,W,1,quintuplet,51200,1.0,False,,,
e1/W/R1/87,W,1,quadruplet,800,0.3,False,,,
e1/W/R1/87,W,1,quadruplet,6400,1.0,False,,,
e1/W/R1/87,W,1,quadruplet,51200,0.9,False,,,
e1/W/R1/87,W,1,quintuplet,800,0.2,False,,,
e1/W/R1/87,W,1,quintuplet,6400,0.9,False,,,
e1/W/R1/87,W,1,quintuplet,51200,1.0,False,,,
e1/W/R1/88,W,1,quadruplet,800,0.0,True,False,,
e1/W/R1/88,W,1,quadruplet,6400,0.0,True,False,,
e1/W/R1/88,W,1,quadruplet,51200,0.0,True,False,,
e1/W/R1/88,W,1,quintuplet,800,0.1,True,True,2.5130390075990146e-05,0.020104312060792117
e1/W/R1/88,W,1,quintuplet,6400,0.4,True,True,2.5130390075990146e-05,0.16083449648633694
e1/W/R1/88,W,1,quintuplet,51200,0.8,True,True,2.5130390075990146e-05,1.2866759718906955
e1/W/R1/89,W,1,quadruplet,800,0.3,False,,,
e1/W/R1/89,W,1,quadruplet,6400,0.6,False,,,
e1/W/R1/89,W,1,quadruplet,51200,0.9,False,,,
e1/W/R1/89,W,1,quintuplet,800,0.4,False,,,
e1/W/R1/89,W,1,quintuplet,6400,0.9,False,,,
e1/W/R1/89,W,1,quintuplet,51200,1.0,False,,,
e1/W/R1/9,W,1,quadruplet,800,0.4,False,,,
e1/W/R1/9,W,1,quadruplet,6400,0.3,False,,,
e1/W/R1/9,W,1,quadruplet,51200,0.2,False,,,
e1/W/R1/9,W,1,quintuplet,800,0.6,False,,,
e1/W/R1/9,W,1,quintuplet,6400,1.0,False,,,
e1/W/R1/9,W,1,quintuplet,51200,1.0,False,,,
e1/W/R1/9,W,1,random,800,0.1,False,,,
e1/W/R1/9,W,1,random,6400,0.0,False,,,
e1/W/R1/9,W,1,random,51200,0.0,False,,,
e1/W/R1/90,W,1,quadruplet,800,0.3,False,,,
e1/W/R1/90,W,1,quadruplet,6400,0.8,False,,,
e1/W/R1/90,W,1,quadruplet,51200,1.0,False,,,
e1/W/R1/90,W,1,quintuplet,800,0.4,False,,,
e1/W/R1/90,W,1,quintuplet,6400,0.9,False,,,
e1/W/R1/90,W,1,quintuplet,51200,0.9,False,,,
e1/W/R1/91,W,1,quadruplet,800,0.3,True,True,3.672258291962514e-06,0.0029378066335700114
e1/W/R1/91,W,1,quadruplet,6400,1.0,True,True,3.672258291962514e-06,0.02350245306856009
e1/W/R1/91,W,1,quadruplet,51200,1.0,True,True,3.672258291962514e-06,0.18801962454848073
e1/W/R1/91,W,1,quintuplet,800,0.3,True,True,5.09854857068845e-06,0.00407883885655076
e1/W/R1/91,W,1,quintuplet,6400,1.0,True,True,5.09854857068845e-06,0.03263071085240608
e1/W/R1/91,W,1,quintuplet,51200,1.0,True,True,5.09854857068845e-06,0.2610456868192486
e1/W/R1/92,W,1,quadruplet,800,0.6,False,,,
e1/W/R1/92,W,1,quadruplet,6400,1.0,False,,,
e1/W/R1/92,W,1,quadruplet,51200,1.0,False,,,
e1/W/R1/92,W,1,quintuplet,800,0.5,False,,,
e1/W/R1/92,W,1,quintuplet,6400,1.0,False,,,
e1/W/R1/92,W,1,quintuplet,51200,1.0,False,,,
e1/W/R1/93,W,1,quadruplet,800,0.1,True,False,,
e1/W/R1/93,W,1,quadruplet,6400,0.0,True,False,,
e1/W/R1/93,W,1,quadruplet,51200,0.0,True,False,,
e1/W/R1/93,W,1,quintuplet,800,0.1,True,True,3.7212810906122355e-06,0.0029770248724897883
e1/W/R1/93,W,1,quintuplet,6400,0.0,True,True,3.7212810906122355e-06,0.023816198979918306
e1/W/R1/93,W,1,quintuplet,51200,0.5,True,True,3.7212810906122355e-06,0.19052959183934645
e1/W/R1/94,W,1,quadruplet,800,0.1,True,True,2.3845180256646323e-05,0.019076144205317058
e1/W/R1/94,W,1,quadruplet,6400,0.2,True,True,2.3845180256646323e-05,0.15260915364253647
e1/W/R1/94,W,1,quadruplet,51200,1.0,True,True,2.3845180256646323e-05,1.2208732291402917
e1/W/R1/94,W,1,quintuplet,800,0.1,True,True,3.294392704062347e-05,0.026355141632498778
e1/W/R1/94,W,1,quintuplet,6400,0.5,True,True,3.294392704062347e-05,0.21084113305999022
e1/W/R1/94,W,1,quintuplet,51200,1.0,True,True,3.294392704062347e-05,1.6867290644799218
e1/W/R1/95,W,1,quadruplet,800,0.6,False,,,
e1/W/R1/95,W,1,quadruplet,6400,0.8,False,,,
e1/W/R1/95,W,1,quadruplet,51200,1.0,False,,,
e1/W/R1/95,W,1,quintuplet,800,0.6,False,,,
e1/W/R1/95,W,1,quintuplet,6400,0.8,False,,,
e1/W/R1/95,W,1,quintuplet,51200,1.0,False,,,
e1/W/R1/96,W,1,quadruplet,800,0.0,False,,,
e1/W/R1/96,W,1,quadruplet,6400,0.0,False,,,
e1/W/R1/96,W,1,quadruplet,51200,0.0,False,,,
e1/W/R1/96,W,1,quintuplet,800,0.0,False,,,
e1/W/R1/96,W,1,quintuplet,6400,0.0,False,,,
e1/W/R1/96,W,1,quintuplet,51200,0.0,False,,,
e1/W/R1/97,W,1,quadruplet,800,0.0,True,False,,
e1/W/R1/97,W,1,quadruplet,6400,0.0,True,False,,
e1/W/R1/97,W,1,quadruplet,51200,0.0,True,False,,
e1/W/R1/97,W,1,quintuplet,800,0.0,True,True,3.7212810906089676e-06,0.002977024872487174
e1/W/R1/97,W,1,quintuplet,6400,0.2,True,True,3.7212810906089676e-06,0.023816198979897393
e1/W/R1/97,W,1,quintuplet,51200,0.4,True,True,3.7212810906089676e-06,0.19052959183917914
e1/W/R1/98,W,1,quadruplet,800,0.0,False,,,
e1/W/R1/98,W,1,quadruplet,6400,0.0,False,,,
e1/W/R1/98,W,1,quadruplet,51200,0.0,False,,,
e1/W/R1/98,W,1,quintuplet,800,0.2,False,,,
e1/W/R1/98,W,1,quintuplet,6400,0.3,False,,,
e1/W/R1/98,W,1,quintuplet,51200,0.0,False,,,
e1/W/R1/99,W,1,quadruplet,800,0.5,True,True,5.275996777321738e-06,0.00422079742185739
e1/W/R1/99,W,1,quadruplet,6400,0.9,True,True,5.275996777321738e-06,0.03376637937485912
e1/W/R1/99,W,1,quadruplet,51200,1.0,True,True,5.275996777321738e-06,0.270131034998873
e1/W/R1/99,W,1,quintuplet,800,0.5,True,True,7.927789650276964e-06,0.006342231720221571
e1/W/R1/99,W,1,quintuplet,6400,1.0,True,True,7.927789650276964e-06,0.05073785376177257
e1/W/R1/99,W,1,quintuplet,51200,1.0,True,True,7.927789650276964e-06,0.40590283009418054
e1/W/R2/0,W,2,quadruplet,800,0.7,True,True,1.4418811649196642e-05,0.011535049319357314
e1/W/R2/0,W,2,quadruplet,6400,1.0,True,True,1.4418811649196642e-05,0.09228039455485851
e1/W/R2/0,W,2,quadruplet,51200,1.0,True,True,1.4418811649196642e-05,0.7382431564388681
e1/W/R2/0,W,2,quintuplet,800,0.6,True,True,1.0534595065623778e-05,0.008427676052499023
e1/W/R2/0,W,2,quintuplet,6400,1.0,True,True,1.0534595065623778e-05,0.06742140841999218
e1/W/R2/0,W,2,quintuplet,51200,1.0,True,True,1.0534595065623778e-05,0.5393712673599375
e1/W/R2/0,W,2,random,800,0.0,True,False,,
e1/W/R2/0,W,2,random,6400,0.0,True,False,,
e1/W/R2/0,W,2,random,51200,0.0,True,False,,
e1/W/R2/1,W,2,quadruplet,800,0.6,True,True,1.437264319687004e-05,0.011498114557496032
e1/W/R2/1,W,2,quadruplet,6400,1.0,True,True,1.437264319687004e-05,0.09198491645996826
e1/W/R2/1,W,2,quadruplet,51200,1.0,True,True,1.437264319687004e-05,0.7358793316797461
e1/W/R2/1,W,2,quintuplet,800,0.4,True,True,1.023511776664524e-05,0.008188094213316193
e1/W/R2/1,W,2,quintuplet,6400,1.0,True,True,1.023511776664524e-05,0.06550475370652954
e1/W/R2/1,W,2,quintuplet,51200,1.0,True,True,1.023511776664524e-05,0.5240380296522363
e1/W/R2/1,W,2,random,800,0.0,True,False,,
e1/W/R2/1,W,2,random,6400,0.0,True,False,,
e1/W/R2/1,W,2,random,51200,0.0,True,False,,
e1/W/R2/10,W,2,quadruplet,800,0.4,False,,,
e1/W/R2/10,W,2,quadruplet,6400,1.0,False,,,
e1/W/R2/10,W,2,quadruplet,51200,1.0,False,,,
e1/W/R2/10,W,2,quintuplet,800,0.3,False,,,
e1/W/R2/10,W,2,quintuplet,6400,1.0,False,,,
e1/W/R2/10,W,2,quintuplet,51200,1.0,False,,,
e1/W/R2/11,W,2,quadruplet,800,0.0,False,,,
e1/W/R2/11,W,2,quadruplet,6400,0.0,False,,,
e1/W/R2/11,W,2,quadruplet,51200,0.0,False,,,
e1/W/R2/11,W,2,quintuplet,800,0.1,False,,,
e1/W/R2/11,W,2,quintuplet,6400,0.0,False,,,
e1/W/R2/11,W,2,quintuplet,51200,0.1,False,,,
e1/W/R2/12,W,2,quadruplet,800,0.2,False,,,
e1/W/R2/12,W,2,quadruplet,6400,0.7,False,,,
e1/W/R2/12,W,2,quadruplet,51200,1.0,False,,,
e1/W/R2/12,W,2,quintuplet,800,0.2,False,,,
e1/W/R2/12,W,2,quintuplet,6400,0.6,False,,,
e1/W/R2/12,W,2,quintuplet,51200,1.0,False,,,
e1/W/R2/13,W,2,quadruplet,800,0.4,False,,,
e1/W/R2/13,W,2,quadruplet,6400,0.9,False,,,
e1/W/R2/13,W,2,quadruplet,51200,1.0,False,,,
e1/W/R2/13,W,2,quintuplet,800,0.3,False,,,
e1/W/R2/13,W,2,quintuplet,6400,0.8,False,,,
e1/W/R2/13,W,2,quintuplet,51200,1.0,False,,,
e1/W/R2/14,W,2,quadruplet,800,0.0,False,,,
e1/W/R2/14,W,2,quadruplet,6400,0.0,False,,,
e1/W/R2/14,W,2,quadruplet,51200,0.0,False,,,
e1/W/R2/14,W,2,quintuplet,800,0.0,False,,,
e1/W/R2/14,W,2,quintuplet,6400,0.0,False,,,
e1/W/R2/14,W,2,quintuplet,51200,0.0,False,,,
e1/W/R2/15,W,2,quadruplet,800,0.6,True,True,3.8731263836978805e-06,0.0030985011069583042
e1/W/R2/15,W,2,quadruplet,6400,0.8,True,True,3.8731263836978805e-06,0.024788008855666434
e1/W/R2/15,W,2,quadruplet,51200,1.0,True,True,3.8731263836978805e-06,0.19830407084533147
e1/W/R2/15,W,2,quintuplet,800,0.7,True,True,5.370642655350659e-06,0.004296514124280527
e1/W/R2/15,W,2,quintuplet,6400,1.0,True,True,5.370642655350659e-06,0.03437211299424422
e1/W/R2/15,W,2,quintuplet,51200,1.0,True,True,5.370642655350659e-06,0.27497690395395374
e1/W/R2/16,W,2,quadruplet,800,0.0,False,,,
e1/W/R2/16,W,2,quadruplet,6400,0.2,False,,,
e1/W/R2/16,W,2,quadruplet,51200,0.2,False,,,
e1/W/R2/16,W,2,quintuplet,800,0.0,False,,,
e1/W/R2/16,W,2,quintuplet,6400,0.7,False,,,
e1/W/R2/16,W,2,quintuplet,51200,1.0,False,,,
e1/W/R2/17,W,2,quadruplet,800,0.0,True,False,,
e1/W/R2/17,W,2,quadruplet,6400,0.0,True,False,,
e1/W/R2/17,W,2,quadruplet,51200,0.0,True,False,,
e1/W/R2/17,W,2,quintuplet,800,0.0,True,False,,
e1/W/R2/17,W,2,quintuplet,6400,0.0,True,False,,
e1/W/R2/17,W,2,quintuplet,51200,0.1,True,False,,
e1/W/R2/18,W,2,quadruplet,800,0.2,False,,,
e1/W/R2/18,W,2,quadruplet,6400,0.7,False,,,
e1/W/R2/18,W,2,quadruplet,51200,1.0,False,,,
e1/W/R2/18,W,2,quintuplet,800,0.5,False,,,
e1/W/R2/18,W,2,quintuplet,6400,1.0,False,,,
e1/W/R2/18,W,2,quintuplet,51200,1.0,False,,,
e1/W/R2/19,W,2,quadruplet,800,0.4,False,,,
e1/W/R2/19,W,2,quadruplet,6400,1.0,False,,,
e1/W/R2/19,W,2,quadruplet,51200,1.0,False,,,
e1/W/R2/19,W,2,quintuplet,800,0.3,False,,,
e1/W/R2/19,W,2,quintuplet,6400,1.0,False,,,
e1/W/R2/19,W,2,quintuplet,51200,1.0,False,,,
e1/W/R2/2,W,2,quadruplet,800,0.0,False,,,
e1/W/R2/2,W,2,quadruplet,6400,0.0,False,,,
e1/W/R2/2,W,2,quadruplet,51200,0.0,False,,,
e1/W/R2/2,W,2,quintuplet,800,0.2,False,,,
e1/W/R2/2,W,2,quintuplet,6400,0.2,False,,,
e1/W/R2/2,W,2,quintuplet,51200,0.2,False,,,
e1/W/R2/2,W,2,random,800,0.1,False,,,
e1/W/R2/2,W,2,random,6400,0.0,False,,,
e1/W/R2/2,W,2,random,51200,0.0,False,,,
e1/W/R2/20,W,2,quadruplet,800,0.1,False,,,
e1/W/R2/20,W,2,quadruplet,6400,0.6,False,,,
e1/W/R2/20,W,2,quadruplet,51200,1.0,False,,,
e1/W/R2/20,W,2,quintuplet,800,0.2,False,,,
e1/W/R2/20,W,2,quintuplet,6400,0.5,False,,,
e1/W/R2/20,W,2,quintuplet,51200,1.0,False,,,
e1/W/R2/21,W,2,quadruplet,800,0.0,False,,,
e1/W/R2/21,W,2,quadruplet,6400,0.0,False,,,
e1/W/R2/21,W,2,quadruplet,51200,0.0,False,,,
e1/W/R2/21,W,2,quintuplet,800,0.3,False,,,
e1/W/R2/21,W,2,quintuplet,6400,0.0,False,,,
e1/W/R2/21,W,2,quintuplet,51200,0.0,False,,,
e1/W/R2/22,W,2,quadruplet,800,0.2,True,True,3.965218778828009e-06,0.0031721750230624076
e1/W/R2/22,W,2,quadruplet,6400,0.9,True,True,3.965218778828009e-06,0.02537740018449926
e1/W/R2/22,W,2,quadruplet,51200,1.0,True,True,3.965218778828009e-06,0.2030192014759941
e1/W/R2/22,W,2,quintuplet,800,0.1,True,True,1.8200503697634287e-05,0.01456040295810743
e1/W/R2/22,W,2,quintuplet,6400,0.9,True,True,1.8200503697634287e-05,0.11648322366485944
e1/W/R2/22,W,2,quintuplet,51200,1.0,True,True,1.8200503697634287e-05,0.9318657893188755
e1/W/R2/23,W,2,quadruplet,800,0.9,True,True,1.2322461582836885e-05,0.009857969266269508
e1/W/R2/23,W,2,quadruplet,6400,1.0,True,True,1.2322461582836885e-05,0.07886375413015606
e1/W/R2/23,W,2,quadruplet,51200,1.0,True,True,1.2322461582836885e-05,0.6309100330412485
e1/W/R2/23,W,2,quintuplet,800,0.8,True,True,1.128317561073517e-05,0.009026540488588137
e1/W/R2/23,W,2,quintuplet,6400,1.0,True,True,1.128317561073517e-05,0.07221232390870509
e1/W/R2/23,W,2,quintuplet,51200,1.0,True,True,1.128317561073517e-05,0.5776985912696407
e1/W/R2/24,W,2,quadruplet,800,0.0,False,,,
e1/W/R2/24,W,2,quadruplet,6400,0.6,False,,,
e1/W/R2/24,W,2,quadruplet,51200,1.0,False,,,
e1/W/R2/24,W,2,quintuplet,800,0.0,False,,,
e1/W/R2/24,W,2,quintuplet,6400,0.7,False,,,
e1/W/R2/24,W,2,quintuplet,51200,1.0,False,,,
e1/W/R2/25,W,2,quadruplet,800,0.1,True,True,1.501165338221087e-06,0.0012009322705768695
e1/W/R2/25,W,2,quadruplet,6400,0.5,True,True,1.501165338221087e-06,0.009607458164614956
e1/W/R2/25,W,2,quadruplet,51200,1.0,True,True,1.501165338221087e-06,0.07685966531691965
e1/W/R2/25,W,2,quintuplet,800,0.1,True,True,2.9037772270070703e-06,0.0023230217816056563
e1/W/R2/25,W,2,quintuplet,6400,0.8,True,True,2.9037772270070703e-06,0.01858417425284525
e1/W/R2/25,W,2,quintuplet,51200,1.0,True,True,2.9037772270070703e-06,0.148673394022762
e1/W/R2/26,W,2,quadruplet,800,0.0,False,,,
e1/W/R2/26,W,2,quadruplet,6400,0.0,False,,,
e1/W/R2/26,W,2,quadruplet,51200,0.0,False,,,
e1/W/R2/26,W,2,quintuplet,800,0.0,False,,,
e1/W/R2/26,W,2,quintuplet,6400,0.3,False,,,
e1/W/R2/26,W,2,quintuplet,51200,1.0,False,,,
e1/W/R2/27,W,2,quadruplet,800,0.0,False,,,
e1/W/R2/27,W,2,quadruplet,6400,0.5,False,,,
e1/W/R2/27,W,2,quadruplet,51200,0.9,False,,,
e1/W/R2/27,W,2,quintuplet,800,0.1,False,,,
e1/W/R2/27,W,2,quintuplet,6400,0.8,False,,,
e1/W/R2/27,W,2,quintuplet,51200,1.0,False,,,
e1/W/R2/28,W,2,quadruplet,800,0.0,False,,,
e1/W/R2/28,W,2,quadruplet,6400,0.1,False,,,
e1/W/R2/28,W,2,quadruplet,51200,0.5,False,,,
e1/W/R2/28,W,2,quintuplet,800,0.1,False,,,
e1/W/R2/28,W,2,quintuplet,6400,0.2,False,,,
e1/W/R2/28,W,2,quintuplet,51200,1.0,False,,,
e1/W/R2/29,W,2,quadruplet,800,0.6,True,True,1.452950140418859e-05,0.011623601123350872
e1/W/R2/29,W,2,quadruplet,6400,1.0,True,True,1.452950140418859e-05,0.09298880898680698
e1/W/R2/29,W,2,quadruplet,51200,1.0,True,True,1.452950140418859e-05,0.7439104718944558
e1/W/R2/29,W,2,quintuplet,800,0.6,True,True,1.1655680325850501e-05,0.009324544260680401
e1/W/R2/29,W,2,quintuplet,6400,0.9,True,True,1.1655680325850501e-05,0.07459635408544321
e1/W/R2/29,W,2,quintuplet,51200,1.0,True,True,1.1655680325850501e-05,0.5967708326835457
e1/W/R2/3,W,2,quadruplet,800,0.4,True,True,1.0257976026653416e-05,0.008206380821322733
e1/W/R2/3,W,2,quadruplet,6400,1.0,True,True,1.0257976026653416e-05,0.06565104657058186
e1/W/R2/3,W,2,quadruplet,51200,1.0,True,True,1.0257976026653416e-05,0.5252083725646549
e1/W/R2/3,W,2,quintuplet,800,0.4,True,True,7.5424895576105374e-06,0.00603399164608843
e1/W/R2/3,W,2,quintuplet,6400,1.0,True,True,7.5424895576105374e-06,0.04827193316870744
e1/W/R2/3,W,2,quintuplet,51200,1.0,True,True,7.5424895576105374e-06,0.3861754653496595
e1/W/R2/3,W,2,random,800,0.0,True,False,,
e1/W/R2/3,W,2,random,6400,0.0,True,False,,
e1/W/R2/3,W,2,random,51200,0.0,True,False,,
e1/W/R2/30,W,2,quadruplet,800,0.3,True,True,7.90414988825995e-06,0.00632331991060796
e1/W/R2/30,W,2,quadruplet,6400,0.6,True,True,7.90414988825995e-06,0.05058655928486368
e1/W/R2/30,W,2,quadruplet,51200,1.0,True,True,7.90414988825995e-06,0.4046924742789094
e1/W/R2/30,W,2,quintuplet,800,0.1,True,True,1.0960935015838008e-05,0.008768748012670406
e1/W/R2/30,W,2,quintuplet,6400,0.6,True,True,1.0960935015838008e-05,0.07014998410136325
e1/W/R2/30,W,2,quintuplet,51200,1.0,True,True,1.0960935015838008e-05,0.561199872810906
e1/W/R2/31,W,2,quadruplet,800,0.0,True,False,,
e1/W/R2/31,W,2,quadruplet,6400,0.1,True,False,,
e1/W/R2/31,W,2,quadruplet,51200,0.0,True,False,,
e1/W/R2/31,W,2,quintuplet,800,0.0,True,True,1.1086874384516473e-07,8.869499507613178e-05
e1/W/R2/31,W,2,quintuplet,6400,0.2,True,True,1.1086874384516473e-07,0.0007095599606090542
e1/W/R2/31,W,2,quintuplet,51200,0.4,True,True,1.1086874384516473e-07,0.005676479684872434
e1/W/R2/32,W,2,quadruplet,800,0.0,True,False,,
e1/W/R2/32,W,2,quadruplet,6400,0.0,True,False,,
e1/W/R2/32,W,2,quadruplet,51200,0.0,True,False,,
e1/W/R2/32,W,2,quintuplet,800,0.0,True,False,,
e1/W/R2/32,W,2,quintuplet,6400,0.0,True,False,,
e1/W/R2/32,W,2,quintuplet,51200,0.0,True,False,,
e1/W/R2/33,W,2,quadruplet,800,0.4,True,True,1.558415965861125e-05,0.012467327726889
e1/W/R2/33,W,2,quadruplet,6400,1.0,True,True,1.558415965861125e-05,0.099738621815112
e1/W/R2/33,W,2,quadruplet,51200,1.0,True,True,1.558415965861125e-05,0.797908974520896
e1/W/R2/33,W,2,quintuplet,800,0.5,True,True,1.1672093765049227e-05,0.009337675012039382
e1/W/R2/33,W,2,quintuplet,6400,1.0,True,True,1.1672093765049227e-05,0.07470140009631505
e1/W/R2/33,W,2,quintuplet,51200,1.0,True,True,1.1672093765049227e-05,0.5976112007705204
e1/W/R2/34,W,2,quadruplet,800,0.6,False,,,
e1/W/R2/34,W,2,quadruplet,6400,1.0,False,,,
e1/W/R2/34,W,2,quadruplet,51200,1.0,False,,,
e1/W/R2/34,W,2,quintuplet,800,0.5,False,,,
e1/W/R2/34,W,2,quintuplet,6400,1.0,False,,,
e1/W/R2/34,W,2,quintuplet,51200,1.0,False,,,
e1/W/R2/35,W,2,quadruplet,800,0.0,True,True,1.4543317163285466e-06,0.0011634653730628372
e1/W/R2/35,W,2,quadruplet,6400,0.9,True,True,1.4543317163285466e-06,0.009307722984502697
e1/W/R2/35,W,2,quadruplet,51200,1.0,True,True,1.4543317163285466e-06,0.07446178387602158
e1/W/R2/35,W,2,quintuplet,800,0.0,True,True,4.4856526570651603e-07,0.0003588522125652128
e1/W/R2/35,W,2,quintuplet,6400,0.8,True,True,4.4856526570651603e-07,0.0028708177005217026
e1/W/R2/35,W,2,quintuplet,51200,0.7,True,True,4.4856526570651603e-07,0.02296654160417362
e1/W/R2/36,W,2,quadruplet,800,0.7,True,True,1.8279198847926995e-05,0.014623359078341596
e1/W/R2/36,W,2,quadruplet,6400,0.9,True,True,1.8279198847926995e-05,0.11698687262673277
e1/W/R2/36,W,2,quadruplet,51200,1.0,True,True,1.8279198847926995e-05,0.9358949810138621
e1/W/R2/36,W,2,quintuplet,800,0.8,True,True,1.3406300888603312e-05,0.01072504071088265
e1/W/R2/36,W,2,quintuplet,6400,0.9,True,True,1.3406300888603312e-05,0.0858003256870612
e1/W/R2/36,W,2,quintuplet,51200,1.0,True,True,1.3406300888603312e-05,0.6864026054964896
e1/W/R2/37,W,2,quadruplet,800,1.0,True,True,1.924066728538846e-05,0.015392533828310767
e1/W/R2/37,W,2,quadruplet,6400,1.0,True,True,1.924066728538846e-05,0.12314027062648614
e1/W/R2/37,W,2,quadruplet,51200,1.0,True,True,1.924066728538846e-05,0.9851221650118891
e1/W/R2/37,W,2,quintuplet,800,0.6,True,True,1.3639716244204477e-05,0.010911772995363582
e1/W/R2/37,W,2,quintuplet,6400,1.0,True,True,1.3639716244204477e-05,0.08729418396290865
e1/W/R2/37,W,2,quintuplet,51200,1.0,True,True,1.3639716244204477e-05,0.6983534717032692
e1/W/R2/38,W,2,quadruplet,800,0.0,False,,,
e1/W/R2/38,W,2,quadruplet,6400,0.0,False,,,
e1/W/R2/38,W,2,quadruplet,51200,0.0,False,,,
e1/W/R2/38,W,2,quintuplet,800,0.0,False,,,
e1/W/R2/38,W,2,quintuplet,6400,0.0,False,,,
e1/W/R2/38,W,2,quintuplet,51200,0.0,False,,,
e1/W/R2/39,W,2,quadruplet,800,0.4,False,,,
e1/W/R2/39,W,2,quadruplet,6400,1.0,False,,,
e1/W/R2/39,W,2,quadruplet,51200,1.0,False,,,
e1/W/R2/39,W,2,quintuplet,800,0.3,False,,,
e1/W/R2/39,W,2,quintuplet,6400,0.9,False,,,
e1/W/R2/39,W,2,quintuplet,51200,1.0,False,,,
e1/W/R2/4,W,2,quadruplet,800,0.0,True,False,,
e1/W/R2/4,W,2,quadruplet,6400,0.1,True,False,,
e1/W/R2/4,W,2,quadruplet,51200,0.3,True,False,,
e1/W/R2/4,W,2,quintuplet,800,0.2,True,True,9.624033343027056e-06,0.007699226674421644
e1/W/R2/4,W,2,quintuplet,6400,1.0,True,True,9.624033343027056e-06,0.061593813395373155
e1/W/R2/4,W,2,quintuplet,51200,1.0,True,True,9.624033343027056e-06,0.49275050716298524
e1/W/R2/4,W,2,random,800,0.0,True,False,,
e1/W/R2/4,W,2,random,6400,0.0,True,False,,
e1/W/R2/4,W,2,random,51200,0.0,True,False,,
e1/W/R2/40,W,2,quadruplet,800,0.0,False,,,
e1/W/R2/40,W,2,quadruplet,6400,0.0,False,,,
e1/W/R2/40,W,2,quadruplet,51200,0.0,False,,,
e1/W/R2/40,W,2,quintuplet,800,0.0,False,,,
e1/W/R2/40,W,2,quintuplet,6400,0.0,False,,,
e1/W/R2/40,W,2,quintuplet,51200,0.0,False,,,
e1/W/R2/41,W,2,quadruplet,800,0.9,True,True,1.2265720973339619e-05,0.009812576778671695
e1/W/R2/41,W,2,quadruplet,6400,1.0,True,True,1.2265720973339619e-05,0.07850061422937356
e1/W/R2/41,W,2,quadruplet,51200,1.0,True,True,1.2265720973339619e-05,0.6280049138349885
e1/W/R2/41,W,2,quintuplet,800,0.7,True,True,7.484272094544057e-06,0.005987417675635246
e1/W/R2/41,W,2,quintuplet,6400,1.0,True,True,7.484272094544057e-06,0.047899341405081966
e1/W/R2/41,W,2,quintuplet,51200,1.0,True,True,7.484272094544057e-06,0.38319473124065573
e1/W/R2/42,W,2,quadruplet,800,0.1,True,False,,
e1/W/R2/42,W,2,quadruplet,6400,0.0,True,False,,
e1/W/R2/42,W,2,quadruplet,51200,0.0,True,False,,
e1/W/R2/42,W,2,quintuplet,800,0.0,True,False,,
e1/W/R2/42,W,2,quintuplet,6400,0.0,True,False,,
e1/W/R2/42,W,2,quintuplet,51200,0.2,True,False,,
e1/W/R2/43,W,2,quadruplet,800,0.9,False,,,
e1/W/R2/43,W,2,quadruplet,6400,1.0,False,,,
e1/W/R2/43,W,2,quadruplet,51200,1.0,False,,,
e1/W/R2/43,W,2,quintuplet,800,1.0,False,,,
e1/W/R2/43,W,2,quintuplet,6400,1.0,False,,,
e1/W/R2/43,W,2,quintuplet,51200,1.0,False,,,
e1/W/R2/44,W,2,quadruplet,800,0.1,False,,,
e1/W/R2/44,W,2,quadruplet,6400,0.3,False,,,
e1/W/R2/44,W,2,quadruplet,51200,0.8,False,,,
e1/W/R2/44,W,2,quintuplet,800,0.1,False,,,
e1/W/R2/44,W,2,quintuplet,6400,0.3,False,,,
e1/W/R2/44,W,2,quintuplet,51200,0.7,False,,,
e1/W/R2/45,W,2,quadruplet,800,0.6,True,True,2.5101225053371053e-06,0.0020080980042696843
e1/W/R2/45,W,2,quadruplet,6400,1.0,True,True,2.5101225053371053e-06,0.016064784034157474
e1/W/R2/45,W,2,quadruplet,51200,1.0,True,True,2.5101225053371053e-06,0.1285182722732598
e1/W/R2/45,W,2,quintuplet,800,0.5,True,True,3.6379589342029466e-06,0.002910367147362357
e1/W/R2/45,W,2,quintuplet,6400,0.7,True,True,3.6379589342029466e-06,0.023282937178898858
e1/W/R2/45,W,2,quintuplet,51200,1.0,True,True,3.6379589342029466e-06,0.18626349743119086
e1/W/R2/46,W,2,quadruplet,800,0.1,False,,,
e1/W/R2/46,W,2,quadruplet,6400,0.8,False,,,
e1/W/R2/46,W,2,quadruplet,51200,1.0,False,,,
e1/W/R2/46,W,2,quintuplet,800,0.1,False,,,
e1/W/R2/46,W,2,quintuplet,6400,0.8,False,,,
e1/W/R2/46,W,2,quintuplet,51200,1.0,False,,,
e1/W/R2/47,W,2,quadruplet,800,0.0,False,,,
e1/W/R2/47,W,2,quadruplet,6400,0.5,False,,,
e1/W/R2/47,W,2,quadruplet,51200,0.9,False,,,
e1/W/R2/47,W,2,quintuplet,800,0.0,False,,,
e1/W/R2/47,W,2,quintuplet,6400,0.8,False,,,
e1/W/R2/47,W,2,quintuplet,51200,1.0,False,,,
e1/W/R2/48,W,2,quadruplet,800,0.0,False,,,
e1/W/R2/48,W,2,quadruplet,6400,0.0,False,,,
e1/W/R2/48,W,2,quadruplet,51200,0.0,False,,,
e1/W/R2/48,W,2,quintuplet,800,0.0,False,,,
e1/W/R2/48,W,2,quintuplet,6400,0.1,False,,,
e1/W/R2/48,W,2,quintuplet,51200,0.8,False,,,
e1/W/R2/49,W,2,quadruplet,800,0.0,False,,,
e1/W/R2/49,W,2,quadruplet,6400,0.0,False,,,
e1/W/R2/49,W,2,quadruplet,51200,0.0,False,,,
e1/W/R2/49,W,2,quintuplet,800,0.0,False,,,
e1/W/R2/49,W,2,quintuplet,6400,0.0,False,,,
e1/W/R2/49,W,2,quintuplet,51200,0.0,False,,,
e1/W/R2/5,W,2,quadruplet,800,0.0,False,,,
e1/W/R2/5,W,2,quadruplet,6400,0.4,False,,,
e1/W/R2/5,W,2,quadruplet,51200,1.0,False,,,
e1/W/R2/5,W,2,quintuplet,800,0.0,False,,,
e1/W/R2/5,W,2,quintuplet,6400,0.5,False,,,
e1/W/R2/5,W,2,quintuplet,51200,1.0,False,,,
e1/W/R2/5,W,2,random,800,0.0,False,,,
e1/W/R2/5,W,2,random,6400,0.0,False,,,
e1/W/R2/5,W,2,random,51200,0.0,False,,,
e1/W/R2/50,W,2,quadruplet,800,0.2,True,True,5.8696872784026585e-08,4.695749822722127e-05
e1/W/R2/50,W,2,quadruplet,6400,0.3,True,True,5.8696872784026585e-08,0.00037565998581777017
e1/W/R2/50,W,2,quadruplet,51200,0.8,True,True,5.8696872784026585e-08,0.0030052798865421613
e1/W/R2/50,W,2,quintuplet,800,0.2,True,False,,
e1/W/R2/50,W,2,quintuplet,6400,0.0,True,False,,
e1/W/R2/50,W,2,quintuplet,51200,0.0,True,False,,
e1/W/R2/51,W,2,quadruplet,800,0.0,True,False,,
e1/W/R2/51,W,2,quadruplet,6400,0.0,True,False,,
e1/W/R2/51,W,2,quadruplet,51200,0.0,True,False,,
e1/W/R2/51,W,2,quintuplet,800,0.0,True,False,,
e1/W/R2/51,W,2,quintuplet,6400,0.0,True,False,,
e1/W/R2/51,W,2,quintuplet,51200,0.0,True,False,,
e1/W/R2/52,W,2,quadruplet,800,0.4,False,,,
e1/W/R2/52,W,2,quadruplet,6400,1.0,False,,,
e1/W/R2/52,W,2,quadruplet,51200,1.0,False,,,
e1/W/R2/52,W,2,quintuplet,800,0.4,False,,,
e1/W/R2/52,W,2,quintuplet,6400,1.0,False,,,
e1/W/R2/52,W,2,quintuplet,51200,1.0,False,,,
e1/W/R2/53,W,2,quadruplet,800,0.8,True,True,1.5519521879786993e-05,0.012415617503829595
e1/W/R2/53,W,2,quadruplet,6400,1.0,True,True,1.5519521879786993e-05,0.09932494003063676
e1/W/R2/53,W,2,quadruplet,51200,1.0,True,True,1.5519521879786993e-05,0.7945995202450941
e1/W/R2/53,W,2,quintuplet,800,0.7,True,True,1.366814279724108e-05,0.010934514237792865
e1/W/R2/53,W,2,quintuplet,6400,1.0,True,True,1.366814279724108e-05,0.08747611390234292
e1/W/R2/53,W,2,quintuplet,51200,1.0,True,True,1.366814279724108e-05,0.6998089112187433
e1/W/R2/54,W,2,quadruplet,800,0.0,False,,,
e1/W/R2/54,W,2,quadruplet,6400,0.0,False,,,
e1/W/R2/54,W,2,quadruplet,51200,0.0,False,,,
e1/W/R2/54,W,2,quintuplet,800,0.0,False,,,
e1/W/R2/54,W,2,quintuplet,6400,0.2,False,,,
e1/W/R2/54,W,2,quintuplet,51200,0.0,False,,,
e1/W/R2/55,W,2,quadruplet,800,0.1,False,,,
e1/W/R2/55,W,2,quadruplet,6400,0.0,False,,,
e1/W/R2/55,W,2,quadruplet,51200,0.0,False,,,
e1/W/R2/55,W,2,quintuplet,800,0.1,False,,,
e1/W/R2/55,W,2,quintuplet,6400,0.1,False,,,
e1/W/R2/55,W,2,quintuplet,51200,0.0,False,,,
e1/W/R2/56,W,2,quadruplet,800,0.0,False,,,
e1/W/R2/56,W,2,quadruplet,6400,0.0,False,,,
e1/W/R2/56,W,2,quadruplet,51200,0.0,False,,,
e1/W/R2/56,W,2,quintuplet,800,0.0,False,,,
e1/W/R2/56,W,2,quintuplet,6400,0.0,False,,,
e1/W/R2/56,W,2,quintuplet,51200,0.0,False,,,
e1/W/R2/57,W,2,quadruplet,800,0.8,True,True,1.6630291749445073e-05,0.013304233399556059
e1/W/R2/57,W,2,quadruplet,6400,1.0,True,True,1.6630291749445073e-05,0.10643386719644847
e1/W/R2/57,W,2,quadruplet,51200,1.0,True,True,1.6630291749445073e-05,0.8514709375715878
e1/W/R2/57,W,2,quintuplet,800,0.6,True,True,1.3174580325310536e-05,0.01053966426024843
e1/W/R2/57,W,2,quintuplet,6400,1.0,True,True,1.3174580325310536e-05,0.08431731408198744
e1/W/R2/57,W,2,quintuplet,51200,1.0,True,True,1.3174580325310536e-05,0.6745385126558995
e1/W/R2/58,W,2,quadruplet,800,0.0,True,False,,
e1/W/R2/58,W,2,quadruplet,6400,0.1,True,False,,
e1/W/R2/58,W,2,quadruplet,51200,0.0,True,False,,
e1/W/R2/58,W,2,quintuplet,800,0.0,True,False,,
e1/W/R2/58,W,2,quintuplet,6400,0.0,True,False,,
e1/W/R2/58,W,2,quintuplet,51200,0.0,True,False,,
e1/W/R2/59,W,2,quadruplet,800,0.4,False,,,
e1/W/R2/59,W,2,quadruplet,6400,0.9,False,,,
e1/W/R2/59,W,2,quadruplet,51200,1.0,False,,,
e1/W/R2/59,W,2,quintuplet,800,0.5,False,,,
e1/W/R2/59,W,2,quintuplet,6400,0.8,False,,,
e1/W/R2/59,W,2,quintuplet,51200,1.0,False,,,
e1/W/R2/6,W,2,quadruplet,800,0.1,False,,,
e1/W/R2/6,W,2,quadruplet,6400,0.6,False,,,
e1/W/R2/6,W,2,quadruplet,51200,0.9,False,,,
e1/W/R2/6,W,2,quintuplet,800,0.2,False,,,
e1/W/R2/6,W,2,quintuplet,6400,0.7,False,,,
e1/W/R2/6,W,2,quintuplet,51200,1.0,False,,,
e1/W/R2/6,W,2,random,800,0.0,False,,,
e1/W/R2/6,W,2,random,6400,0.0,False,,,
e1/W/R2/6,W,2,random,51200,0.0,False,,,
e1/W/R2/60,W,2,quadruplet,800,0.4,True,True,3.416016270247045e-05,0.027328130161976362
e1/W/R2/60,W,2,quadruplet,6400,0.8,True,True,3.416016270247045e-05,0.2186250412958109
e1/W/R2/60,W,2,quadruplet,51200,1.0,True,True,3.416016270247045e-05,1.7490003303664872
e1/W/R2/60,W,2,quintuplet,800,0.4,True,True,1.7010228903569908e-05,0.013608183122855926
e1/W/R2/60,W,2,quintuplet,6400,0.7,True,True,1.7010228903569908e-05,0.10886546498284741
e1/W/R2/60,W,2,quintuplet,51200,1.0,True,True,1.7010228903569908e-05,0.8709237198627793
e1/W/R2/61,W,2,quadruplet,800,0.2,False,,,
e1/W/R2/61,W,2,quadruplet,6400,0.0,False,,,
e1/W/R2/61,W,2,quadruplet,51200,0.0,False,,,
e1/W/R2/61,W,2,quintuplet,800,0.2,False,,,
e1/W/R2/61,W,2,quintuplet,6400,0.2,False,,,
e1/W/R2/61,W,2,quintuplet,51200,0.2,False,,,
e1/W/R2/62,W,2,quadruplet,800,0.1,False,,,
e1/W/R2/62,W,2,quadruplet,6400,0.3,False,,,
e1/W/R2/62,W,2,quadruplet,51200,1.0,False,,,
e1/W/R2/62,W,2,quintuplet,800,0.0,False,,,
e1/W/R2/62,W,2,quintuplet,6400,0.1,False,,,
e1/W/R2/62,W,2,quintuplet,51200,0.9,False,,,
e1/W/R2/63,W,2,quadruplet,800,0.0,True,True,3.567960389901589e-05,0.028543683119212713
e1/W/R2/63,W,2,quadruplet,6400,0.5,True,True,3.567960389901589e-05,0.2283494649537017
e1/W/R2/63,W,2,quadruplet,51200,1.0,True,True,3.567960389901589e-05,1.8267957196296136
e1/W/R2/63,W,2,quintuplet,800,0.1,True,True,4.19562737874688e-05,0.03356501902997504
e1/W/R2/63,W,2,quintuplet,6400,0.4,True,True,4.19562737874688e-05,0.2685201522398003
e1/W/R2/63,W,2,quintuplet,51200,1.0,True,True,4.19562737874688e-05,2.1481612179184024
e1/W/R2/64,W,2,quadruplet,800,0.7,True,True,2.292933367922494e-05,0.018343466943379953
e1/W/R2/64,W,2,quadruplet,6400,1.0,True,True,2.292933367922494e-05,0.14674773554703963
e1/W/R2/64,W,2,quadruplet,51200,1.0,True,True,2.292933367922494e-05,1.173981884376317
e1/W/R2/64,W,2,quintuplet,800,0.4,True,True,1.7525626366540157e-05,0.014020501093232125
e1/W/R2/64,W,2,quintuplet,6400,1.0,True,True,1.7525626366540157e-05,0.112164008745857
e1/W/R2/64,W,2,quintuplet,51200,1.0,True,True,1.7525626366540157e-05,0.897312069966856
e1/W/R2/65,W,2,quadruplet,800,0.0,True,False,,
e1/W/R2/65,W,2,quadruplet,6400,0.0,True,False,,
e1/W/R2/65,W,2,quadruplet,51200,0.0,True,False,,
e1/W/R2/65,W,2,quintuplet,800,0.0,True,False,,
e1/W/R2/65,W,2,quintuplet,6400,0.0,True,False,,
e1/W/R2/65,W,2,quintuplet,51200,0.0,True,False,,
e1/W/R2/66,W,2,quadruplet,800,0.0,False,,,
e1/W/R2/66,W,2,quadruplet,6400,0.0,False,,,
e1/W/R2/66,W,2,quadruplet,51200,0.0,False,,,
e1/W/R2/66,W,2,quintuplet,800,0.0,False,,,
e1/W/R2/66,W,2,quintuplet,6400,0.2,False,,,
e1/W/R2/66,W,2,quintuplet,51200,0.0,False,,,
e1/W/R2/67,W,2,quadruplet,800,0.8,True,True,1.3507519997452224e-05,0.01080601599796178
e1/W/R2/67,W,2,quadruplet,6400,1.0,True,True,1.3507519997452224e-05,0.08644812798369424
e1/W/R2/67,W,2,quadruplet,51200,1.0,True,True,1.3507519997452224e-05,0.6915850238695539
e1/W/R2/67,W,2,quintuplet,800,0.6,True,True,8.629595462221479e-06,0.006903676369777183
e1/W/R2/67,W,2,quintuplet,6400,1.0,True,True,8.629595462221479e-06,0.05522941095821746
e1/W/R2/67,W,2,quintuplet,51200,1.0,True,True,8.629595462221479e-06,0.4418352876657397
e1/W/R2/68,W,2,quadruplet,800,0.0,False,,,
e1/W/R2/68,W,2,quadruplet,6400,0.0,False,,,
e1/W/R2/68,W,2,quadruplet,51200,0.0,False,,,
e1/W/R2/68,W,2,quintuplet,800,0.0,False,,,
e1/W/R2/68,W,2,quintuplet,6400,0.0,False,,,
e1/W/R2/68,W,2,quintuplet,51200,0.0,False,,,
e1/W/R2/69,W,2,quadruplet,800,0.0,False,,,
e1/W/R2/69,W,2,quadruplet,6400,0.0,False,,,
e1/W/R2/69,W,2,quadruplet,51200,0.0,False,,,
e1/W/R2/69,W,2,quintuplet,800,0.0,False,,,
e1/W/R2/69,W,2,quintuplet,6400,0.3,False,,,
e1/W/R2/69,W,2,quintuplet,51200,0.1,False,,,
e1/W/R2/7,W,2,quadruplet,800,0.0,True,True,5.487384581242795e-07,0.0004389907664994236
e1/W/R2/7,W,2,quadruplet,6400,0.0,True,True,5.487384581242795e-07,0.003511926131995389
e1/W/R2/7,W,2,quadruplet,51200,0.4,True,True,5.487384581242795e-07,0.02809540905596311
e1/W/R2/7,W,2,quintuplet,800,0.0,True,True,4.868688378003619e-07,0.00038949507024028956
e1/W/R2/7,W,2,quintuplet,6400,0.1,True,True,4.868688378003619e-07,0.0031159605619223165
e1/W/R2/7,W,2,quintuplet,51200,0.4,True,True,4.868688378003619e-07,0.024927684495378532
e1/W/R2/7,W,2,random,800,0.0,True,False,,
e1/W/R2/7,W,2,random,6400,0.0,True,False,,
e1/W/R2/7,W,2,random,51200,0.0,True,False,,
e1/W/R2/70,W,2,quadruplet,800,0.0,False,,,
e1/W/R2/70,W,2,quadruplet,6400,0.0,False,,,
e1/W/R2/70,W,2,quadruplet,51200,0.0,False,,,
e1/W/R2/70,W,2,quintuplet,800,0.1,False,,,
e1/W/R2/70,W,2,quintuplet,6400,0.0,False,,,
e1/W/R2/70,W,2,quintuplet,51200,0.0,False,,,
e1/W/R2/71,W,2,quadruplet,800,0.0,True,True,3.2264470539301744e-05,0.025811576431441396
e1/W/R2/71,W,2,quadruplet,6400,0.4,True,True,3.2264470539301744e-05,0.20649261145153117
e1/W/R2/71,W,2,quadruplet,51200,1.0,True,True,3.2264470539301744e-05,1.6519408916122493
e1/W/R2/71,W,2,quintuplet,800,0.0,True,True,3.100264352957351e-05,0.024802114823658804
e1/W/R2/71,W,2,quintuplet,6400,0.4,True,True,3.100264352957351e-05,0.19841691858927044
e1/W/R2/71,W,2,quintuplet,51200,0.9,True,True,3.100264352957351e-05,1.5873353487141635
e1/W/R2/72,W,2,quadruplet,800,0.0,True,False,,
e1/W/R2/72,W,2,quadruplet,6400,0.0,True,False,,
e1/W/R2/72,W,2,quadruplet,51200,0.0,True,False,,
e1/W/R2/72,W,2,quintuplet,800,0.0,True,True,2.967838368194726e-06,0.002374270694555781
e1/W/R2/72,W,2,quintuplet,6400,0.1,True,True,2.967838368194726e-06,0.018994165556446247
e1/W/R2/72,W,2,quintuplet,51200,0.4,True,True,2.967838368194726e-06,0.15195332445156998
e1/W/R2/73,W,2,quadruplet,800,0.0,False,,,
e1/W/R2/73,W,2,quadruplet,6400,0.0,False,,,
e1/W/R2/73,W,2,quadruplet,51200,0.0,False,,,
e1/W/R2/73,W,2,quintuplet,800,0.0,False,,,
e1/W/R2/73,W,2,quintuplet,6400,0.0,False,,,
e1/W/R2/73,W,2,quintuplet,51200,0.0,False,,,
e1/W/R2/74,W,2,quadruplet,800,0.1,True,False,,
e1/W/R2/74,W,2,quadruplet,6400,0.0,True,False,,
e1/W/R2/74,W,2,quadruplet,51200,0.0,True,False,,
e1/W/R2/74,W,2,quintuplet,800,0.0,True,False,,
e1/W/R2/74,W,2,quintuplet,6400,0.0,True,False,,
e1/W/R2/74,W,2,quintuplet,51200,0.0,True,False,,
e1/W/R2/75,W,2,quadruplet,800,0.8,True,True,1.8022014971390492e-05,0.014417611977112393
e1/W/R2/75,W,2,quadruplet,6400,1.0,True,True,1.8022014971390492e-05,0.11534089581689914
e1/W/R2/75,W,2,quadruplet,51200,1.0,True,True,1.8022014971390492e-05,0.9227271665351932
e1/W/R2/75,W,2,quintuplet,800,0.7,True,True,1.2810979253124266e-05,0.010248783402499413
e1/W/R2/75,W,2,quintuplet,6400,1.0,True,True,1.2810979253124266e-05,0.0819902672199953
e1/W/R2/75,W,2,quintuplet,51200,1.0,True,True,1.2810979253124266e-05,0.6559221377599624
e1/W/R2/76,W,2,quadruplet,800,0.0,False,,,
e1/W/R2/76,W,2,quadruplet,6400,0.0,False,,,
e1/W/R2/76,W,2,quadruplet,51200,0.0,False,,,
e1/W/R2/76,W,2,quintuplet,800,0.1,False,,,
e1/W/R2/76,W,2,quintuplet,6400,0.5,False,,,
e1/W/R2/76,W,2,quintuplet,51200,0.9,False,,,
e1/W/R2/77,W,2,quadruplet,800,0.8,True,True,9.131829841897158e-06,0.007305463873517727
e1/W/R2/77,W,2,quadruplet,6400,1.0,True,True,9.131829841897158e-06,0.058443710988141814
e1/W/R2/77,W,2,quadruplet,51200,1.0,True,True,9.131829841897158e-06,0.4675496879051345
e1/W/R2/77,W,2,quintuplet,800,1.0,True,True,1.2895237962920586e-05,0.01031619037033647
e1/W/R2/77,W,2,quintuplet,6400,1.0,True,True,1.2895237962920586e-05,0.08252952296269175
e1/W/R2/77,W,2,quintuplet,51200,1.0,True,True,1.2895237962920586e-05,0.660236183701534
e1/W/R2/78,W,2,quadruplet,800,0.4,True,False,,
e1/W/R2/78,W,2,quadruplet,6400,0.5,True,False,,
e1/W/R2/78,W,2,quadruplet,51200,0.1,True,False,,
e1/W/R2/78,W,2,quintuplet,800,0.3,True,True,5.131637425040295e-06,0.004105309940032236
e1/W/R2/78,W,2,quintuplet,6400,1.0,True,True,5.131637425040295e-06,0.032842479520257886
e1/W/R2/78,W,2,quintuplet,51200,1.0,True,True,5.131637425040295e-06,0.2627398361620631
e1/W/R2/79,W,2,quadruplet,800,0.3,False,,,
e1/W/R2/79,W,2,quadruplet,6400,0.4,False,,,
e1/W/R2/79,W,2,quadruplet,51200,0.1,False,,,
e1/W/R2/79,W,2,quintuplet,800,0.1,False,,,
e1/W/R2/79,W,2,quintuplet,6400,0.5,False,,,
e1/W/R2/79,W,2,quintuplet,51200,0.9,False,,,
e1/W/R2/8,W,2,quadruplet,800,0.0,False,,,
e1/W/R2/8,W,2,quadruplet,6400,0.0,False,,,
e1/W/R2/8,W,2,quadruplet,51200,0.0,False,,,
e1/W/R2/8,W,2,quintuplet,800,0.0,False,,,
e1/W/R2/8,W,2,quintuplet,6400,0.0,False,,,
e1/W/R2/8,W,2,quintuplet,51200,0.0,False,,,
e1/W/R2/8,W,2,random,800,0.0,False,,,
e1/W/R2/8,W,2,random,6400,0.0,False,,,
e1/W/R2/8,W,2,random,51200,0.0,False,,,
e1/W/R2/80,W,2,quadruplet,800,0.7,True,True,9.017729750737206e-06,0.007214183800589765
e1/W/R2/80,W,2,quadruplet,6400,1.0,True,True,9.017729750737206e-06,0.05771347040471812
e1/W/R2/80,W,2,quadruplet,51200,1.0,True,True,9.017729750737206e-06,0.461707763237745
e1/W/R2/80,W,2,quintuplet,800,0.9,True,True,1.2625964986297431e-05,0.010100771989037945
e1/W/R2/80,W,2,quintuplet,6400,1.0,True,True,1.2625964986297431e-05,0.08080617591230356
e1/W/R2/80,W,2,quintuplet,51200,1.0,True,True,1.2625964986297431e-05,0.6464494072984285
e1/W/R2/81,W,2,quadruplet,800,0.2,False,,,
e1/W/R2/81,W,2,quadruplet,6400,1.0,False,,,
e1/W/R2/81,W,2,quadruplet,51200,1.0,False,,,
e1/W/R2/81,W,2,quintuplet,800,0.2,False,,,
e1/W/R2/81,W,2,quintuplet,6400,0.9,False,,,
e1/W/R2/81,W,2,quintuplet,51200,1.0,False,,,
e1/W/R2/82,W,2,quadruplet,800,0.0,True,False,,
e1/W/R2/82,W,2,quadruplet,6400,0.0,True,False,,
e1/W/R2/82,W,2,quadruplet,51200,0.0,True,False,,
e1/W/R2/82,W,2,quintuplet,800,0.0,True,True,5.517524036513957e-06,0.004414019229211166
e1/W/R2/82,W,2,quintuplet,6400,0.3,True,True,5.517524036513957e-06,0.035312153833689325
e1/W/R2/82,W,2,quintuplet,51200,0.8,True,True,5.517524036513957e-06,0.2824972306695146
e1/W/R2/83,W,2,quadruplet,800,0.6,True,True,8.785911261119624e-06,0.007028729008895699
e1/W/R2/83,W,2,quadruplet,6400,1.0,True,True,8.785911261119624e-06,0.056229832071165595
e1/W/R2/83,W,2,quadruplet,51200,1.0,True,True,8.785911261119624e-06,0.44983865656932476
e1/W/R2/83,W,2,quintuplet,800,0.6,True,True,1.0212922836014631e-05,0.008170338268811705
e1/W/R2/83,W,2,quintuplet,6400,1.0,True,True,1.0212922836014631e-05,0.06536270615049364
e1/W/R2/83,W,2,quintuplet,51200,1.0,True,True,1.0212922836014631e-05,0.5229016492039491
e1/W/R2/84,W,2,quadruplet,800,0.0,False,,,
e1/W/R2/84,W,2,quadruplet,6400,0.0,False,,,
e1/W/R2/84,W,2,quadruplet,51200,0.0,False,,,
e1/W/R2/84,W,2,quintuplet,800,0.0,False,,,
e1/W/R2/84,W,2,quintuplet,6400,0.2,False,,,
e1/W/R2/84,W,2,quintuplet,51200,0.5,False,,,
e1/W/R2/85,W,2,quadruplet,800,0.0,False,,,
e1/W/R2/85,W,2,quadruplet,6400,0.0,False,,,
e1/W/R2/85,W,2,quadruplet,51200,0.1,False,,,
e1/W/R2/85,W,2,quintuplet,800,0.0,False,,,
e1/W/R2/85,W,2,quintuplet,6400,0.1,False,,,
e1/W/R2/85,W,2,quintuplet,51200,0.9,False,,,
e1/W/R2/86,W,2,quadruplet,800,0.0,True,False,,
e1/W/R2/86,W,2,quadruplet,6400,0.0,True,False,,
e1/W/R2/86,W,2,quadruplet,51200,0.0,True,False,,
e1/W/R2/86,W,2,quintuplet,800,0.0,True,False,,
e1/W/R2/86,W,2,quintuplet,6400,0.0,True,False,,
e1/W/R2/86,W,2,quintuplet,51200,0.0,True,False,,
e1/W/R2/87,W,2,quadruplet,800,0.7,True,True,9.23903006532938e-06,0.007391224052263504
e1/W/R2/87,W,2,quadruplet,6400,1.0,True,True,9.23903006532938e-06,0.059129792418108035
e1/W/R2/87,W,2,quadruplet,51200,1.0,True,True,9.23903006532938e-06,0.4730383393448643
e1/W/R2/87,W,2,quintuplet,800,0.9,True,True,1.2985885804387736e-05,0.01038870864351019
e1/W/R2/87,W,2,quintuplet,6400,1.0,True,True,1.2985885804387736e-05,0.08310966914808152
e1/W/R2/87,W,2,quintuplet,51200,1.0,True,True,1.2985885804387736e-05,0.6648773531846521
e1/W/R2/88,W,2,quadruplet,800,0.6,False,,,
e1/W/R2/88,W,2,quadruplet,6400,0.9,False,,,
e1/W/R2/88,W,2,quadruplet,51200,1.0,False,,,
e1/W/R2/88,W,2,quintuplet,800,0.5,False,,,
e1/W/R2/88,W,2,quintuplet,6400,0.9,False,,,
e1/W/R2/88,W,2,quintuplet,51200,1.0,False,,,
e1/W/R2/89,W,2,quadruplet,800,0.1,False,,,
e1/W/R2/89,W,2,quadruplet,6400,0.9,False,,,
e1/W/R2/89,W,2,quadruplet,51200,1.0,False,,,
e1/W/R2/89,W,2,quintuplet,800,0.0,False,,,
e1/W/R2/89,W,2,quintuplet,6400,0.7,False,,,
e1/W/R2/89,W,2,quintuplet,51200,1.0,False,,,
e1/W/R2/9,W,2,quadruplet,800,0.4,False,,,
e1/W/R2/9,W,2,quadruplet,6400,0.8,False,,,
e1/W/R2/9,W,2,quadruplet,51200,1.0,False,,,
e1/W/R2/9,W,2,quintuplet,800,0.4,False,,,
e1/W/R2/9,W,2,quintuplet,6400,0.7,False,,,
e1/W/R2/9,W,2,quintuplet,51200,1.0,False,,,
e1/W/R2/9,W,2,random,800,0.0,False,,,
e1/W/R2/9,W,2,random,6400,0.0,False,,,
e1/W/R2/9,W,2,random,51200,0.0,False,,,
e1/W/R2/90,W,2,quadruplet,800,0.0,False,,,
e1/W/R2/90,W,2,quadruplet,6400,0.0,False,,,
e1/W/R2/90,W,2,quadruplet,51200,0.0,False,,,
e1/W/R2/90,W,2,quintuplet,800,0.1,False,,,
e1/W/R2/90,W,2,quintuplet,6400,0.0,False,,,
e1/W/R2/90,W,2,quintuplet,51200,0.0,False,,,
e1/W/R2/91,W,2,quadruplet,800,0.0,False,,,
e1/W/R2/91,W,2,quadruplet,6400,0.3,False,,,
e1/W/R2/91,W,2,quadruplet,51200,0.1,False,,,
e1/W/R2/91,W,2,quintuplet,800,0.0,False,,,
e1/W/R2/91,W,2,quintuplet,6400,0.8,False,,,
e1/W/R2/91,W,2,quintuplet,51200,0.9,False,,,
e1/W/R2/92,W,2,quadruplet,800,0.0,True,False,,
e1/W/R2/92,W,2,quadruplet,6400,0.1,True,False,,
e1/W/R2/92,W,2,quadruplet,51200,0.0,True,False,,
e1/W/R2/92,W,2,quintuplet,800,0.1,True,True,1.9236947167898234e-05,0.015389557734318587
e1/W/R2/92,W,2,quintuplet,6400,0.9,True,True,1.9236947167898234e-05,0.1231164618745487
e1/W/R2/92,W,2,quintuplet,51200,0.9,True,True,1.9236947167898234e-05,0.9849316949963896
e1/W/R2/93,W,2,quadruplet,800,0.3,False,,,
e1/W/R2/93,W,2,quadruplet,6400,0.8,False,,,
e1/W/R2/93,W,2,quadruplet,51200,1.0,False,,,
e1/W/R2/93,W,2,quintuplet,800,0.5,False,,,
e1/W/R2/93,W,2,quintuplet,6400,0.8,False,,,
e1/W/R2/93,W,2,quintuplet,51200,1.0,False,,,
e1/W/R2/94,W,2,quadruplet,800,0.0,False,,,
e1/W/R2/94,W,2,quadruplet,6400,0.0,False,,,
e1/W/R2/94,W,2,quadruplet,51200,0.1,False,,,
e1/W/R2/94,W,2,quintuplet,800,0.0,False,,,
e1/W/R2/94,W,2,quintuplet,6400,0.1,False,,,
e1/W/R2/94,W,2,quintuplet,51200,0.7,False,,,
e1/W/R2/95,W,2,quadruplet,800,0.6,True,True,4.992876292453831e-06,0.003994301033963065
e1/W/R2/95,W,2,quadruplet,6400,1.0,True,True,4.992876292453831e-06,0.03195440827170452
e1/W/R2/95,W,2,quadruplet,51200,1.0,True,True,4.992876292453831e-06,0.25563526617363613
e1/W/R2/95,W,2,quintuplet,800,0.4,True,True,4.982566343442767e-06,0.003986053074754214
e1/W/R2/95,W,2,quintuplet,6400,1.0,True,True,4.982566343442767e-06,0.03188842459803371
e1/W/R2/95,W,2,quintuplet,51200,1.0,True,True,4.982566343442767e-06,0.2551073967842697
e1/W/R2/96,W,2,quadruplet,800,0.1,True,True,2.6898803428043237e-05,0.021519042742434588
e1/W/R2/96,W,2,quadruplet,6400,0.2,True,True,2.6898803428043237e-05,0.1721523419394767
e1/W/R2/96,W,2,quadruplet,51200,0.8,True,True,2.6898803428043237e-05,1.3772187355158136
e1/W/R2/96,W,2,quintuplet,800,0.1,True,True,1.6068520373717172e-05,0.012854816298973738
e1/W/R2/96,W,2,quintuplet,6400,0.4,True,True,1.6068520373717172e-05,0.1028385303917899
e1/W/R2/96,W,2,quintuplet,51200,0.7,True,True,1.6068520373717172e-05,0.8227082431343192
e1/W/R2/97,W,2,quadruplet,800,0.3,True,True,1.1796677239827393e-05,0.009437341791861915
e1/W/R2/97,W,2,quadruplet,6400,0.9,True,True,1.1796677239827393e-05,0.07549873433489532
e1/W/R2/97,W,2,quadruplet,51200,1.0,True,True,1.1796677239827393e-05,0.6039898746791625
e1/W/R2/97,W,2,quintuplet,800,0.3,True,True,1.6993722137308913e-05,0.01359497770984713
e1/W/R2/97,W,2,quintuplet,6400,0.7,True,True,1.6993722137308913e-05,0.10875982167877704
e1/W/R2/97,W,2,quintuplet,51200,1.0,True,True,1.6993722137308913e-05,0.8700785734302163
e1/W/R2/98,W,2,quadruplet,800,0.8,True,True,1.6028811666558844e-05,0.012823049333247075
e1/W/R2/98,W,2,quadruplet,6400,1.0,True,True,1.6028811666558844e-05,0.1025843946659766
e1/W/R2/98,W,2,quadruplet,51200,1.0,True,True,1.6028811666558844e-05,0.8206751573278128
e1/W/R2/98,W,2,quintuplet,800,0.7,True,True,1.060795497214549e-05,0.008486363977716392
e1/W/R2/98,W,2,quintuplet,6400,1.0,True,True,1.060795497214549e-05,0.06789091182173114
e1/W/R2/98,W,2,quintuplet,51200,1.0,True,True,1.060795497214549e-05,0.5431272945738491
e1/W/R2/99,W,2,quadruplet,800,0.0,True,False,,
e1/W/R2/99,W,2,quadruplet,6400,0.1,True,False,,
e1/W/R2/99,W,2,quadruplet,51200,0.2,True,False,,
e1/W/R2/99,W,2,quintuplet,800,0.0,True,True,4.249343058176736e-06,0.003399474446541389
e1/W/R2/99,W,2,quintuplet,6400,0.2,True,True,4.249343058176736e-06,0.02719579557233111
e1/W/R2/99,W,2,quintuplet,51200,0.5,True,True,4.249343058176736e-06,0.2175663645786489
e1/W/R3/0,W,3,quadruplet,800,0.2,True,True,1.597620494915492e-06,0.0012780963959323937
e1/W/R3/0,W,3,quadruplet,6400,1.0,True,True,1.597620494915492e-06,0.01022477116745915
e1/W/R3/0,W,3,quadruplet,51200,1.0,True,True,1.597620494915492e-06,0.0817981693396732
e1/W/R3/0,W,3,quintuplet,800,0.1,True,True,2.513920201885289e-06,0.002011136161508231
e1/W/R3/0,W,3,quintuplet,6400,1.0,True,True,2.513920201885289e-06,0.016089089292065848
e1/W/R3/0,W,3,quintuplet,51200,1.0,True,True,2.513920201885289e-06,0.12871271433652678
e1/W/R3/0,W,3,random,800,0.0,True,False,,
e1/W/R3/0,W,3,random,6400,0.0,True,False,,
e1/W/R3/0,W,3,random,51200,0.0,True,False,,
e1/W/R3/1,W,3,quadruplet,800,0.7,True,True,1.7303045455297112e-05,0.01384243636423769
e1/W/R3/1,W,3,quadruplet,6400,1.0,True,True,1.7303045455297112e-05,0.11073949091390152
e1/W/R3/1,W,3,quadruplet,51200,1.0,True,True,1.7303045455297112e-05,0.8859159273112122
e1/W/R3/1,W,3,quintuplet,800,0.4,True,True,1.0926800364955037e-05,0.008741440291964029
e1/W/R3/1,W,3,quintuplet,6400,1.0,True,True,1.0926800364955037e-05,0.06993152233571223
e1/W/R3/1,W,3,quintuplet,51200,1.0,True,True,1.0926800364955037e-05,0.5594521786856979
e1/W/R3/1,W,3,random,800,0.0,True,False,,
e1/W/R3/1,W,3,random,6400,0.0,True,False,,
e1/W/R3/1,W,3,random,51200,0.0,True,False,,
e1/W/R3/10,W,3,quadruplet,800,0.0,True,False,,
e1/W/R3/10,W,3,quadruplet,6400,0.0,True,False,,
e1/W/R3/10,W,3,quadruplet,51200,0.0,True,False,,
e1/W/R3/10,W,3,quintuplet,800,0.0,True,False,,
e1/W/R3/10,W,3,quintuplet,6400,0.0,True,False,,
e1/W/R3/10,W,3,quintuplet,51200,0.0,True,False,,
e1/W/R3/11,W,3,quadruplet,800,0.0,True,False,,
e1/W/R3/11,W,3,quadruplet,6400,0.0,True,False,,
e1/W/R3/11,W,3,quadruplet,51200,0.0,True,False,,
e1/W/R3/11,W,3,quintuplet,800,0.0,True,False,,
e1/W/R3/11,W,3,quintuplet,6400,0.2,True,False,,
e1/W/R3/11,W,3,quintuplet,51200,0.2,True,False,,
e1/W/R3/12,W,3,quadruplet,800,0.0,False,,,
e1/W/R3/12,W,3,quadruplet,6400,0.0,False,,,
e1/W/R3/12,W,3,quadruplet,51200,0.0,False,,,
e1/W/R3/12,W,3,quintuplet,800,0.0,False,,,
e1/W/R3/12,W,3,quintuplet,6400,0.1,False,,,
e1/W/R3/12,W,3,quintuplet,51200,0.5,False,,,
e1/W/R3/13,W,3,quadruplet,800,0.7,True,True,1.706383809526611e-05,0.013651070476212886
e1/W/R3/13,W,3,quadruplet,6400,1.0,True,True,1.706383809526611e-05,0.10920856380970309
e1/W/R3/13,W,3,quadruplet,51200,1.0,True,True,1.706383809526611e-05,0.8736685104776247
e1/W/R3/13,W,3,quintuplet,800,0.4,True,True,1.3005053667260968e-05,0.010404042933808774
e1/W/R3/13,W,3,quintuplet,6400,1.0,True,True,1.3005053667260968e-05,0.08323234347047019
e1/W/R3/13,W,3,quintuplet,51200,1.0,True,True,1.3005053667260968e-05,0.6658587477637615
e1/W/R3/14,W,3,quadruplet,800,0.6,False,,,
e1/W/R3/14,W,3,quadruplet,6400,1.0,False,,,
e1/W/R3/14,W,3,quadruplet,51200,1.0,False,,,
e1/W/R3/14,W,3,quintuplet,800,0.3,False,,,
e1/W/R3/14,W,3,quintuplet,6400,0.9,False,,,
e1/W/R3/14,W,3,quintuplet,51200,1.0,False,,,
e1/W/R3/15,W,3,quadruplet,800,0.6,True,True,1.9101612110481943e-05,0.015281289688385553
e1/W/R3/15,W,3,quadruplet,6400,1.0,True,True,1.9101612110481943e-05,0.12225031750708443
e1/W/R3/15,W,3,quadruplet,51200,1.0,True,True,1.9101612110481943e-05,0.9780025400566754
e1/W/R3/15,W,3,quintuplet,800,0.7,True,True,1.411357864023869e-05,0.011290862912190953
e1/W/R3/15,W,3,quintuplet,6400,1.0,True,True,1.411357864023869e-05,0.09032690329752763
e1/W/R3/15,W,3,quintuplet,51200,1.0,True,True,1.411357864023869e-05,0.722615226380221
e1/W/R3/16,W,3,quadruplet,800,0.6,True,True,6.918254067066205e-06,0.005534603253652964
e1/W/R3/16,W,3,quadruplet,6400,1.0,True,True,6.918254067066205e-06,0.04427682602922371
e1/W/R3/16,W,3,quadruplet,51200,1.0,True,True,6.918254067066205e-06,0.3542146082337897
e1/W/R3/16,W,3,quintuplet,800,0.6,True,True,5.954290598312455e-06,0.004763432478649964
e1/W/R3/16,W,3,quintuplet,6400,1.0,True,True,5.954290598312455e-06,0.03810745982919971
e1/W/R3/16,W,3,quintuplet,51200,1.0,True,True,5.954290598312455e-06,0.3048596786335977
e1/W/R3/17,W,3,quadruplet,800,0.0,False,,,
e1/W/R3/17,W,3,quadruplet,6400,0.0,False,,,
e1/W/R3/17,W,3,quadruplet,51200,0.0,False,,,
e1/W/R3/17,W,3,quintuplet,800,0.0,False,,,
e1/W/R3/17,W,3,quintuplet,6400,0.0,False,,,
e1/W/R3/17,W,3,quintuplet,51200,0.0,False,,,
e1/W/R3/18,W,3,quadruplet,800,0.0,True,False,,
e1/W/R3/18,W,3,quadruplet,6400,0.0,True,False,,
e1/W/R3/18,W,3,quadruplet,51200,0.0,True,False,,
e1/W/R3/18,W,3,quintuplet,800,0.0,True,False,,
e1/W/R3/18,W,3,quintuplet,6400,0.0,True,False,,
e1/W/R3/18,W,3,quintuplet,51200,0.0,True,False,,
e1/W/R3/19,W,3,quadruplet,800,0.0,False,,,
e1/W/R3/19,W,3,quadruplet,6400,0.0,False,,,
e1/W/R3/19,W,3,quadruplet,51200,0.0,False,,,
e1/W/R3/19,W,3,quintuplet,800,0.0,False,,,
e1/W/R3/19,W,3,quintuplet,6400,0.0,False,,,
e1/W/R3/19,W,3,quintuplet,51200,0.0,False,,,
e1/W/R3/2,W,3,quadruplet,800,0.7,True,True,3.0331666422214436e-06,0.0024265333137771547
e1/W/R3/2,W,3,quadruplet,6400,1.0,True,True,3.0331666422214436e-06,0.019412266510217237
e1/W/R3/2,W,3,quadruplet,51200,1.0,True,True,3.0331666422214436e-06,0.1552981320817379
e1/W/R3/2,W,3,quintuplet,800,0.7,True,True,4.2817625247478185e-06,0.003425410019798255
e1/W/R3/2,W,3,quintuplet,6400,1.0,True,True,4.2817625247478185e-06,0.02740328015838604
e1/W/R3/2,W,3,quintuplet,51200,1.0,True,True,4.2817625247478185e-06,0.2192262412670883
e1/W/R3/2,W,3,random,800,0.0,True,False,,
e1/W/R3/2,W,3,random,6400,0.0,True,False,,
e1/W/R3/2,W,3,random,51200,0.0,True,False,,
e1/W/R3/20,W,3,quadruplet,800,0.5,True,True,1.570322754669815e-05,0.01256258203735852
e1/W/R3/20,W,3,quadruplet,6400,1.0,True,True,1.570322754669815e-05,0.10050065629886816
e1/W/R3/20,W,3,quadruplet,51200,1.0,True,True,1.570322754669815e-05,0.8040052503909453
e1/W/R3/20,W,3,quintuplet,800,0.5,True,True,9.416202204546854e-06,0.0075329617636374835
e1/W/R3/20,W,3,quintuplet,6400,1.0,True,True,9.416202204546854e-06,0.06026369410909987
e1/W/R3/20,W,3,quintuplet,51200,1.0,True,True,9.416202204546854e-06,0.48210955287279894
e1/W/R3/21,W,3,quadruplet,800,0.8,True,True,1.7447705957944173e-05,0.013958164766355339
e1/W/R3/21,W,3,quadruplet,6400,1.0,True,True,1.7447705957944173e-05,0.11166531813084271
e1/W/R3/21,W,3,quadruplet,51200,1.0,True,True,1.7447705957944173e-05,0.8933225450467417
e1/W/R3/21,W,3,quintuplet,800,0.8,True,True,1.3097937982043797e-05,0.010478350385635037
e1/W/R3/21,W,3,quintuplet,6400,1.0,True,True,1.3097937982043797e-05,0.0838268030850803
e1/W/R3/21,W,3,quintuplet,51200,1.0,True,True,1.3097937982043797e-05,0.6706144246806424
e1/W/R3/22,W,3,quadruplet,800,0.0,True,False,,
e1/W/R3/22,W,3,quadruplet,6400,0.0,True,False,,
e1/W/R3/22,W,3,quadruplet,51200,0.0,True,False,,
e1/W/R3/22,W,3,quintuplet,800,0.0,True,False,,
e1/W/R3/22,W,3,quintuplet,6400,0.0,True,False,,
e1/W/R3/22,W,3,quintuplet,51200,0.0,True,False,,
e1/W/R3/23,W,3,quadruplet,800,0.5,True,True,1.6805503880386396e-05,0.013444403104309118
e1/W/R3/23,W,3,quadruplet,6400,1.0,True,True,1.6805503880386396e-05,0.10755522483447294
e1/W/R3/23,W,3,quadruplet,51200,1.0,True,True,1.6805503880386396e-05,0.8604417986757835
e1/W/R3/23,W,3,quintuplet,800,0.3,True,True,1.0101531867606464e-05,0.008081225494085171
e1/W/R3/23,W,3,quintuplet,6400,1.0,True,True,1.0101531867606464e-05,0.06464980395268137
e1/W/R3/23,W,3,quintuplet,51200,1.0,True,True,1.0101531867606464e-05,0.517198431621451
e1/W/R3/24,W,3,quadruplet,800,0.0,True,False,,
e1/W/R3/24,W,3,quadruplet,6400,0.1,True,False,,
e1/W/R3/24,W,3,quadruplet,51200,0.0,True,False,,
e1/W/R3/24,W,3,quintuplet,800,0.0,True,False,,
e1/W/R3/24,W,3,quintuplet,6400,0.3,True,False,,
e1/W/R3/24,W,3,quintuplet,51200,0.1,True,False,,
e1/W/R3/25,W,3,quadruplet,800,0.5,True,True,1.6257239450067285e-05,0.013005791560053827
e1/W/R3/25,W,3,quadruplet,6400,1.0,True,True,1.6257239450067285e-05,0.10404633248043062
e1/W/R3/25,W,3,quadruplet,51200,1.0,True,True,1.6257239450067285e-05,0.8323706598434449
e1/W/R3/25,W,3,quintuplet,800,0.6,True,True,1.0031432663225654e-05,0.008025146130580522
e1/W/R3/25,W,3,quintuplet,6400,1.0,True,True,1.0031432663225654e-05,0.06420116904464418
e1/W/R3/25,W,3,quintuplet,51200,1.0,True,True,1.0031432663225654e-05,0.5136093523571534
e1/W/R3/26,W,3,quadruplet,800,0.0,False,,,
e1/W/R3/26,W,3,quadruplet,6400,0.0,False,,,
e1/W/R3/26,W,3,quadruplet,51200,0.0,False,,,
e1/W/R3/26,W,3,quintuplet,800,0.1,False,,,
e1/W/R3/26,W,3,quintuplet,6400,0.1,False,,,
e1/W/R3/26,W,3,quintuplet,51200,0.0,False,,,
e1/W/R3/27,W,3,quadruplet,800,0.0,True,True,2.8942316338391376e-05,0.0231538530707131
e1/W/R3/27,W,3,quadruplet,6400,0.5,True,True,2.8942316338391376e-05,0.1852308245657048
e1/W/R3/27,W,3,quadruplet,51200,1.0,True,True,2.8942316338391376e-05,1.4818465965256384
e1/W/R3/27,W,3,quintuplet,800,0.0,True,True,1.3599990527649084e-05,0.010879992422119268
e1/W/R3/27,W,3,quintuplet,6400,0.1,True,True,1.3599990527649084e-05,0.08703993937695415
e1/W/R3/27,W,3,quintuplet,51200,0.9,True,True,1.3599990527649084e-05,0.6963195150156332
e1/W/R3/28,W,3,quadruplet,800,0.1,True,True,1.1134052149613894e-05,0.008907241719691116
e1/W/R3/28,W,3,quadruplet,6400,0.9,True,True,1.1134052149613894e-05,0.07125793375752892
e1/W/R3/28,W,3,quadruplet,51200,1.0,True,True,1.1134052149613894e-05,0.5700634700602314
e1/W/R3/28,W,3,quintuplet,800,0.0,True,True,8.938996336580547e-06,0.007151197069264438
e1/W/R3/28,W,3,quintuplet,6400,1.0,True,True,8.938996336580547e-06,0.0572095765541155
e1/W/R3/28,W,3,quintuplet,51200,1.0,True,True,8.938996336580547e-06,0.457676612432924
e1/W/R3/29,W,3,quadruplet,800,0.0,False,,,
e1/W/R3/29,W,3,quadruplet,6400,0.3,False,,,
e1/W/R3/29,W,3,quadruplet,51200,0.7,False,,,
e1/W/R3/29,W,3,quintuplet,800,0.0,False,,,
e1/W/R3/29,W,3,quintuplet,6400,0.7,False,,,
e1/W/R3/29,W,3,quintuplet,51200,1.0,False,,,
e1/W/R3/3,W,3,quadruplet,800,0.0,False,,,
e1/W/R3/3,W,3,quadruplet,6400,0.0,False,,,
e1/W/R3/3,W,3,quadruplet,51200,0.0,False,,,
e1/W/R3/3,W,3,quintuplet,800,0.0,False,,,
e1/W/R3/3,W,3,quintuplet,6400,0.0,False,,,
e1/W/R3/3,W,3,quintuplet,51200,0.0,False,,,
e1/W/R3/3,W,3,random,800,0.0,False,,,
e1/W/R3/3,W,3,random,6400,0.0,False,,,
e1/W/R3/3,W,3,random,51200,0.0,False,,,
e1/W/R3/30,W,3,quadruplet,800,0.0,True,False,,
e1/W/R3/30,W,3,quadruplet,6400,0.0,True,False,,
e1/W/R3/30,W,3,quadruplet,51200,0.0,True,False,,
e1/W/R3/30,W,3,quintuplet,800,0.0,True,False,,
e1/W/R3/30,W,3,quintuplet,6400,0.0,True,False,,
e1/W/R3/30,W,3,quintuplet,51200,0.0,True,False,,
e1/W/R3/31,W,3,quadruplet,800,0.0,False,,,
e1/W/R3/31,W,3,quadruplet,6400,0.0,False,,,
e1/W/R3/31,W,3,quadruplet,51200,0.0,False,,,
e1/W/R3/31,W,3,quintuplet,800,0.0,False,,,
e1/W/R3/31,W,3,quintuplet,6400,0.0,False,,,
e1/W/R3/31,W,3,quintuplet,51200,0.0,False,,,
e1/W/R3/32,W,3,quadruplet,800,0.2,True,True,3.2921732294065472e-06,0.0026337385835252377
e1/W/R3/32,W,3,quadruplet,6400,0.8,True,True,3.2921732294065472e-06,0.021069908668201902
e1/W/R3/32,W,3,quadruplet,51200,1.0,True,True,3.2921732294065472e-06,0.16855926934561521
e1/W/R3/32,W,3,quintuplet,800,0.2,True,True,4.807362478948895e-06,0.003845889983159116
e1/W/R3/32,W,3,quintuplet,6400,0.9,True,True,4.807362478948895e-06,0.03076711986527293
e1/W/R3/32,W,3,quintuplet,51200,1.0,True,True,4.807362478948895e-06,0.24613695892218343
e1/W/R3/33,W,3,quadruplet,800,0.0,False,,,
e1/W/R3/33,W,3,quadruplet,6400,0.0,False,,,
e1/W/R3/33,W,3,quadruplet,51200,0.0,False,,,
e1/W/R3/33,W,3,quintuplet,800,0.0,False,,,
e1/W/R3/33,W,3,quintuplet,6400,0.0,False,,,
e1/W/R3/33,W,3,quintuplet,51200,0.0,False,,,
e1/W/R3/34,W,3,quadruplet,800,0.0,False,,,
e1/W/R3/34,W,3,quadruplet,6400,0.3,False,,,
e1/W/R3/34,W,3,quadruplet,51200,0.1,False,,,
e1/W/R3/34,W,3,quintuplet,800,0.2,False,,,
e1/W/R3/34,W,3,quintuplet,6400,0.7,False,,,
e1/W/R3/34,W,3,quintuplet,51200,0.7,False,,,
e1/W/R3/35,W,3,quadruplet,800,0.6,True,True,1.6065179693204238e-05,0.01285214375456339
e1/W/R3/35,W,3,quadruplet,6400,1.0,True,True,1.6065179693204238e-05,0.10281715003650713
e1/W/R3/35,W,3,quadruplet,51200,1.0,True,True,1.6065179693204238e-05,0.822537200292057
e1/W/R3/35,W,3,quintuplet,800,0.5,True,True,1.154500406773612e-05,0.009236003254188895
e1/W/R3/35,W,3,quintuplet,6400,1.0,True,True,1.154500406773612e-05,0.07388802603351116
e1/W/R3/35,W,3,quintuplet,51200,1.0,True,True,1.154500406773612e-05,0.5911042082680893
e1/W/R3/36,W,3,quadruplet,800,0.0,False,,,
e1/W/R3/36,W,3,quadruplet,6400,0.0,False,,,
e1/W/R3/36,W,3,quadruplet,51200,0.0,False,,,
e1/W/R3/36,W,3,quintuplet,800,0.0,False,,,
e1/W/R3/36,W,3,quintuplet,6400,0.0,False,,,
e1/W/R3/36,W,3,quintuplet,51200,0.0,False,,,
e1/W/R3/37,W,3,quadruplet,800,0.2,True,True,2.5317117951952582e-05,0.020253694361562068
e1/W/R3/37,W,3,quadruplet,6400,0.9,True,True,2.5317117951952582e-05,0.16202955489249654
e1/W/R3/37,W,3,quadruplet,51200,1.0,True,True,2.5317117951952582e-05,1.2962364391399723
e1/W/R3/37,W,3,quintuplet,800,0.1,True,True,3.697979269877427e-05,0.029583834159019416
e1/W/R3/37,W,3,quintuplet,6400,0.8,True,True,3.697979269877427e-05,0.23667067327215532
e1/W/R3/37,W,3,quintuplet,51200,1.0,True,True,3.697979269877427e-05,1.8933653861772426
e1/W/R3/38,W,3,quadruplet,800,0.0,False,,,
e1/W/R3/38,W,3,quadruplet,6400,0.0,False,,,
e1/W/R3/38,W,3,quadruplet,51200,0.0,False,,,
e1/W/R3/38,W,3,quintuplet,800,0.0,False,,,
e1/W/R3/38,W,3,quintuplet,6400,0.0,False,,,
e1/W/R3/38,W,3,quintuplet,51200,0.0,False,,,
e1/W/R3/39,W,3,quadruplet,800,0.2,False,,,
e1/W/R3/39,W,3,quadruplet,6400,0.2,False,,,
e1/W/R3/39,W,3,quadruplet,51200,0.0,False,,,
e1/W/R3/39,W,3,quintuplet,800,0.3,False,,,
e1/W/R3/39,W,3,quintuplet,6400,0.3,False,,,
e1/W/R3/39,W,3,quintuplet,51200,1.0,False,,,
e1/W/R3/4,W,3,quadruplet,800,0.1,False,,,
e1/W/R3/4,W,3,quadruplet,6400,0.0,False,,,
e1/W/R3/4,W,3,quadruplet,51200,0.0,False,,,
e1/W/R3/4,W,3,quintuplet,800,0.1,False,,,
e1/W/R3/4,W,3,quintuplet,6400,0.0,False,,,
e1/W/R3/4,W,3,quintuplet,51200,0.1,False,,,
e1/W/R3/4,W,3,random,800,0.0,False,,,
e1/W/R3/4,W,3,random,6400,0.0,False,,,
e1/W/R3/4,W,3,random,51200,0.0,False,,,
e1/W/R3/40,W,3,quadruplet,800,0.1,False,,,
e1/W/R3/40,W,3,quadruplet,6400,0.0,False,,,
e1/W/R3/40,W,3,quadruplet,51200,0.0,False,,,
e1/W/R3/40,W,3,quintuplet,800,0.0,False,,,
e1/W/R3/40,W,3,quintuplet,6400,0.1,False,,,
e1/W/R3/40,W,3,quintuplet,51200,0.3,False,,,
e1/W/R3/41,W,3,quadruplet,800,0.1,False,,,
e1/W/R3/41,W,3,quadruplet,6400,0.2,False,,,
e1/W/R3/41,W,3,quadruplet,51200,0.7,False,,,
e1/W/R3/41,W,3,quintuplet,800,0.1,False,,,
e1/W/R3/41,W,3,quintuplet,6400,0.2,False,,,
e1/W/R3/41,W,3,quintuplet,51200,0.1,False,,,
e1/W/R3/42,W,3,quadruplet,800,0.3,True,True,2.8902611597582846e-05,0.023122089278066277
e1/W/R3/42,W,3,quadruplet,6400,0.5,True,True,2.8902611597582846e-05,0.18497671422453021
e1/W/R3/42,W,3,quadruplet,51200,1.0,True,True,2.8902611597582846e-05,1.4798137137962417
e1/W/R3/42,W,3,quintuplet,800,0.2,True,True,8.143720263817338e-06,0.006514976211053871
e1/W/R3/42,W,3,quintuplet,6400,0.3,True,True,8.143720263817338e-06,0.05211980968843097
e1/W/R3/42,W,3,quintuplet,51200,0.9,True,True,8.143720263817338e-06,0.41695847750744774
e1/W/R3/43,W,3,quadruplet,800,0.2,False,,,
e1/W/R3/43,W,3,quadruplet,6400,0.7,False,,,
e1/W/R3/43,W,3,quadruplet,51200,1.0,False,,,
e1/W/R3/43,W,3,quintuplet,800,0.2,False,,,
e1/W/R3/43,W,3,quintuplet,6400,0.5,False,,,
e1/W/R3/43,W,3,quintuplet,51200,1.0,False,,,
e1/W/R3/44,W,3,quadruplet,800,0.2,True,True,2.8088510303624616e-05,0.022470808242899692
e1/W/R3/44,W,3,quadruplet,6400,0.8,True,True,2.8088510303624616e-05,0.17976646594319753
e1/W/R3/44,W,3,quadruplet,51200,1.0,True,True,2.8088510303624616e-05,1.4381317275455803
e1/W/R3/44,W,3,quintuplet,800,0.2,True,True,4.040519494643674e-05,0.03232415595714939
e1/W/R3/44,W,3,quintuplet,6400,0.6,True,True,4.040519494643674e-05,0.2585932476571951
e1/W/R3/44,W,3,quintuplet,51200,1.0,True,True,4.040519494643674e-05,2.068745981257561
e1/W/R3/45,W,3,quadruplet,800,0.0,False,,,
e1/W/R3/45,W,3,quadruplet,6400,0.4,False,,,
e1/W/R3/45,W,3,quadruplet,51200,0.6,False,,,
e1/W/R3/45,W,3,quintuplet,800,0.1,False,,,
e1/W/R3/45,W,3,quintuplet,6400,0.6,False,,,
e1/W/R3/45,W,3,quintuplet,51200,1.0,False,,,
e1/W/R3/46,W,3,quadruplet,800,0.0,False,,,
e1/W/R3/46,W,3,quadruplet,6400,0.0,False,,,
e1/W/R3/46,W,3,quadruplet,51200,0.0,False,,,
e1/W/R3/46,W,3,quintuplet,800,0.1,False,,,
e1/W/R3/46,W,3,quintuplet,6400,0.1,False,,,
e1/W/R3/46,W,3,quintuplet,51200,0.0,False,,,
e1/W/R3/47,W,3,quadruplet,800,0.8,False,,,
e1/W/R3/47,W,3,quadruplet,6400,1.0,False,,,
e1/W/R3/47,W,3,quadruplet,51200,1.0,False,,,
e1/W/R3/47,W,3,quintuplet,800,0.6,False,,,
e1/W/R3/47,W,3,quintuplet,6400,1.0,False,,,
e1/W/R3/47,W,3,quintuplet,51200,1.0,False,,,
e1/W/R3/48,W,3,quadruplet,800,0.0,True,False,,
e1/W/R3/48,W,3,quadruplet,6400,0.0,True,False,,
e1/W/R3/48,W,3,quadruplet,51200,0.0,True,False,,
e1/W/R3/48,W,3,quintuplet,800,0.2,True,True,4.3061003534588564e-06,0.0034448802827670853
e1/W/R3/48,W,3,quintuplet,6400,0.4,True,True,4.3061003534588564e-06,0.027559042262136683
e1/W/R3/48,W,3,quintuplet,51200,0.8,True,True,4.3061003534588564e-06,0.22047233809709346
e1/W/R3/49,W,3,quadruplet,800,0.1,False,,,
e1/W/R3/49,W,3,quadruplet,6400,0.5,False,,,
e1/W/R3/49,W,3,quadruplet,51200,0.7,False,,,
e1/W/R3/49,W,3,quintuplet,800,0.1,False,,,
e1/W/R3/49,W,3,quintuplet,6400,0.4,False,,,
e1/W/R3/49,W,3,quintuplet,51200,0.4,False,,,
e1/W/R3/5,W,3,quadruplet,800,0.0,False,,,
e1/W/R3/5,W,3,quadruplet,6400,0.0,False,,,
e1/W/R3/5,W,3,quadruplet,51200,0.0,False,,,
e1/W/R3/5,W,3,quintuplet,800,0.0,False,,,
e1/W/R3/5,W,3,quintuplet,6400,0.3,False,,,
e1/W/R3/5,W,3,quintuplet,51200,0.0,False,,,
e1/W/R3/5,W,3,random,800,0.0,False,,,
e1/W/R3/5,W,3,random,6400,0.0,False,,,
e1/W/R3/5,W,3,random,51200,0.0,False,,,
e1/W/R3/50,W,3,quadruplet,800,0.0,False,,,
e1/W/R3/50,W,3,quadruplet,6400,0.0,False,,,
e1/W/R3/50,W,3,quadruplet,51200,0.0,False,,,
e1/W/R3/50,W,3,quintuplet,800,0.0,False,,,
e1/W/R3/50,W,3,quintuplet,6400,0.0,False,,,
e1/W/R3/50,W,3,quintuplet,51200,0.0,False,,,
e1/W/R3/51,W,3,quadruplet,800,0.6,False,,,
e1/W/R3/51,W,3,quadruplet,6400,1.0,False,,,
e1/W/R3/51,W,3,quadruplet,51200,1.0,False,,,
e1/W/R3/51,W,3,quintuplet,800,0.4,False,,,
e1/W/R3/51,W,3,quintuplet,6400,1.0,False,,,
e1/W/R3/51,W,3,quintuplet,51200,1.0,False,,,
e1/W/R3/52,W,3,quadruplet,800,0.0,False,,,
e1/W/R3/52,W,3,quadruplet,6400,0.0,False,,,
e1/W/R3/52,W,3,quadruplet,51200,0.0,False,,,
e1/W/R3/52,W,3,quintuplet,800,0.0,False,,,
e1/W/R3/52,W,3,quintuplet,6400,0.0,False,,,
e1/W/R3/52,W,3,quintuplet,51200,0.0,False,,,
e1/W/R3/53,W,3,quadruplet,800,0.0,True,False,,
e1/W/R3/53,W,3,quadruplet,6400,0.0,True,False,,
e1/W/R3/53,W,3,quadruplet,51200,0.0,True,False,,
e1/W/R3/53,W,3,quintuplet,800,0.0,True,False,,
e1/W/R3/53,W,3,quintuplet,6400,0.1,True,False,,
e1/W/R3/53,W,3,quintuplet,51200,0.0,True,False,,
e1/W/R3/54,W,3,quadruplet,800,0.2,True,True,4.364708315198903e-06,0.0034917666521591226
e1/W/R3/54,W,3,quadruplet,6400,0.9,True,True,4.364708315198903e-06,0.02793413321727298
e1/W/R3/54,W,3,quadruplet,51200,1.0,True,True,4.364708315198903e-06,0.22347306573818385
e1/W/R3/54,W,3,quintuplet,800,0.2,True,True,8.74713127024165e-06,0.00699770501619332
e1/W/R3/54,W,3,quintuplet,6400,1.0,True,True,8.74713127024165e-06,0.05598164012954656
e1/W/R3/54,W,3,quintuplet,51200,1.0,True,True,8.74713127024165e-06,0.4478531210363725
e1/W/R3/55,W,3,quadruplet,800,0.0,True,False,,
e1/W/R3/55,W,3,quadruplet,6400,0.0,True,False,,
e1/W/R3/55,W,3,quadruplet,51200,0.0,True,False,,
e1/W/R3/55,W,3,quintuplet,800,0.0,True,False,,
e1/W/R3/55,W,3,quintuplet,6400,0.0,True,False,,
e1/W/R3/55,W,3,quintuplet,51200,0.0,True,False,,
e1/W/R3/56,W,3,quadruplet,800,0.4,True,True,7.690376624955865e-06,0.006152301299964692
e1/W/R3/56,W,3,quadruplet,6400,1.0,True,True,7.690376624955865e-06,0.049218410399717534
e1/W/R3/56,W,3,quadruplet,51200,1.0,True,True,7.690376624955865e-06,0.39374728319774027
e1/W/R3/56,W,3,quintuplet,800,0.4,True,True,9.254773858789027e-06,0.0074038190870312215
e1/W/R3/56,W,3,quintuplet,6400,1.0,True,True,9.254773858789027e-06,0.05923055269624977
e1/W/R3/56,W,3,quintuplet,51200,1.0,True,True,9.254773858789027e-06,0.4738444215699982
e1/W/R3/57,W,3,quadruplet,800,0.6,True,True,6.714055677748324e-06,0.005371244542198659
e1/W/R3/57,W,3,quadruplet,6400,1.0,True,True,6.714055677748324e-06,0.04296995633758927
e1/W/R3/57,W,3,quadruplet,51200,1.0,True,True,6.714055677748324e-06,0.3437596507007142
e1/W/R3/57,W,3,quintuplet,800,0.3,True,True,9.683356728658535e-06,0.007746685382926828
e1/W/R3/57,W,3,quintuplet,6400,1.0,True,True,9.683356728658535e-06,0.061973483063414624
e1/W/R3/57,W,3,quintuplet,51200,1.0,True,True,9.683356728658535e-06,0.495787864507317
e1/W/R3/58,W,3,quadruplet,800,0.1,True,True,3.0680825708983077e-06,0.002454466056718646
e1/W/R3/58,W,3,quadruplet,6400,0.5,True,True,3.0680825708983077e-06,0.01963572845374917
e1/W/R3/58,W,3,quadruplet,51200,1.0,True,True,3.0680825708983077e-06,0.15708582762999335
e1/W/R3/58,W,3,quintuplet,800,0.1,True,True,3.0303644812456968e-06,0.0024242915849965576
e1/W/R3/58,W,3,quintuplet,6400,0.3,True,True,3.0303644812456968e-06,0.01939433267997246
e1/W/R3/58,W,3,quintuplet,51200,1.0,True,True,3.0303644812456968e-06,0.15515466143977968
e1/W/R3/59,W,3,quadruplet,800,0.0,True,False,,
e1/W/R3/59,W,3,quadruplet,6400,0.0,True,False,,
e1/W/R3/59,W,3,quadruplet,51200,0.0,True,False,,
e1/W/R3/59,W,3,quintuplet,800,0.0,True,False,,
e1/W/R3/59,W,3,quintuplet,6400,0.0,True,False,,
e1/W/R3/59,W,3,quintuplet,51200,0.0,True,False,,
e1/W/R3/6,W,3,quadruplet,800,0.0,False,,,
e1/W/R3/6,W,3,quadruplet,6400,0.0,False,,,
e1/W/R3/6,W,3,quadruplet,51200,0.5,False,,,
e1/W/R3/6,W,3,quintuplet,800,0.0,False,,,
e1/W/R3/6,W,3,quintuplet,6400,0.1,False,,,
e1/W/R3/6,W,3,quintuplet,51200,0.9,False,,,
e1/W/R3/6,W,3,random,800,0.0,False,,,
e1/W/R3/6,W,3,random,6400,0.0,False,,,
e1/W/R3/6,W,3,random,51200,0.0,False,,,
e1/W/R3/60,W,3,quadruplet,800,0.0,False,,,
e1/W/R3/60,W,3,quadruplet,6400,0.0,False,,,
e1/W/R3/60,W,3,quadruplet,51200,0.0,False,,,
e1/W/R3/60,W,3,quintuplet,800,0.0,False,,,
e1/W/R3/60,W,3,quintuplet,6400,0.0,False,,,
e1/W/R3/60,W,3,quintuplet,51200,0.0,False,,,
e1/W/R3/61,W,3,quadruplet,800,0.6,True,True,8.127244942041353e-06,0.006501795953633082
e1/W/R3/61,W,3,quadruplet,6400,1.0,True,True,8.127244942041353e-06,0.05201436762906465
e1/W/R3/61,W,3,quadruplet,51200,1.0,True,True,8.127244942041353e-06,0.4161149410325172
e1/W/R3/61,W,3,quintuplet,800,0.2,True,True,4.52559122763649e-06,0.003620472982109192
e1/W/R3/61,W,3,quintuplet,6400,1.0,True,True,4.52559122763649e-06,0.028963783856873537
e1/W/R3/61,W,3,quintuplet,51200,1.0,True,True,4.52559122763649e-06,0.2317102708549883
e1/W/R3/62,W,3,quadruplet,800,0.0,False,,,
e1/W/R3/62,W,3,quadruplet,6400,0.0,False,,,
e1/W/R3/62,W,3,quadruplet,51200,0.0,False,,,
e1/W/R3/62,W,3,quintuplet,800,0.0,False,,,
e1/W/R3/62,W,3,quintuplet,6400,0.2,False,,,
e1/W/R3/62,W,3,quintuplet,51200,0.5,False,,,
e1/W/R3/63,W,3,quadruplet,800,0.1,False,,,
e1/W/R3/63,W,3,quadruplet,6400,0.2,False,,,
e1/W/R3/63,W,3,quadruplet,51200,0.6,False,,,
e1/W/R3/63,W,3,quintuplet,800,0.2,False,,,
e1/W/R3/63,W,3,quintuplet,6400,0.5,False,,,
e1/W/R3/63,W,3,quintuplet,51200,1.0,False,,,
e1/W/R3/64,W,3,quadruplet,800,0.0,True,True,5.5645936980255404e-06,0.0044516749584204325
e1/W/R3/64,W,3,quadruplet,6400,0.3,True,True,5.5645936980255404e-06,0.03561339966736346
e1/W/R3/64,W,3,quadruplet,51200,1.0,True,True,5.5645936980255404e-06,0.2849071973389077
e1/W/R3/64,W,3,quintuplet,800,0.0,True,True,1.6334342888255017e-05,0.013067474310604014
e1/W/R3/64,W,3,quintuplet,6400,0.5,True,True,1.6334342888255017e-05,0.10453979448483211
e1/W/R3/64,W,3,quintuplet,51200,1.0,True,True,1.6334342888255017e-05,0.8363183558786569
e1/W/R3/65,W,3,quadruplet,800,0.4,True,True,1.1495737405864057e-05,0.009196589924691245
e1/W/R3/65,W,3,quadruplet,6400,0.9,True,True,1.1495737405864057e-05,0.07357271939752996
e1/W/R3/65,W,3,quadruplet,51200,1.0,True,True,1.1495737405864057e-05,0.5885817551802397
e1/W/R3/65,W,3,quintuplet,800,0.3,True,True,1.1594868632572173e-05,0.009275894906057739
e1/W/R3/65,W,3,quintuplet,6400,1.0,True,True,1.1594868632572173e-05,0.07420715924846191
e1/W/R3/65,W,3,quintuplet,51200,1.0,True,True,1.1594868632572173e-05,0.5936572739876953
e1/W/R3/66,W,3,quadruplet,800,0.0,False,,,
e1/W/R3/66,W,3,quadruplet,6400,0.0,False,,,
e1/W/R3/66,W,3,quadruplet,51200,0.0,False,,,
e1/W/R3/66,W,3,quintuplet,800,0.3,False,,,
e1/W/R3/66,W,3,quintuplet,6400,0.4,False,,,
e1/W/R3/66,W,3,quintuplet,51200,0.5,False,,,
e1/W/R3/67,W,3,quadruplet,800,0.0,True,True,2.5398154052980536e-06,0.0020318523242384427
e1/W/R3/67,W,3,quadruplet,6400,0.3,True,True,2.5398154052980536e-06,0.016254818593907542
e1/W/R3/67,W,3,quadruplet,51200,0.9,True,True,2.5398154052980536e-06,0.13003854875126034
e1/W/R3/67,W,3,quintuplet,800,0.0,True,True,3.82701094761944e-06,0.003061608758095552
e1/W/R3/67,W,3,quintuplet,6400,0.5,True,True,3.82701094761944e-06,0.024492870064764416
e1/W/R3/67,W,3,quintuplet,51200,0.8,True,True,3.82701094761944e-06,0.19594296051811533
e1/W/R3/68,W,3,quadruplet,800,0.0,False,,,
e1/W/R3/68,W,3,quadruplet,6400,0.2,False,,,
e1/W/R3/68,W,3,quadruplet,51200,0.0,False,,,
e1/W/R3/68,W,3,quintuplet,800,0.1,False,,,
e1/W/R3/68,W,3,quintuplet,6400,0.2,False,,,
e1/W/R3/68,W,3,quintuplet,51200,0.2,False,,,
e1/W/R3/69,W,3,quadruplet,800,0.0,True,False,,
e1/W/R3/69,W,3,quadruplet,6400,0.0,True,False,,
e1/W/R3/69,W,3,quadruplet,51200,0.0,True,False,,
e1/W/R3/69,W,3,quintuplet,800,0.0,True,False,,
e1/W/R3/69,W,3,quintuplet,6400,0.0,True,False,,
e1/W/R3/69,W,3,quintuplet,51200,0.0,True,False,,
e1/W/R3/7,W,3,quadruplet,800,0.8,True,True,2.1006780427879563e-05,0.01680542434230365
e1/W/R3/7,W,3,quadruplet,6400,1.0,True,True,2.1006780427879563e-05,0.1344433947384292
e1/W/R3/7,W,3,quadruplet,51200,1.0,True,True,2.1006780427879563e-05,1.0755471579074336
e1/W/R3/7,W,3,quintuplet,800,0.8,True,True,1.7640797587647546e-05,0.014112638070118037
e1/W/R3/7,W,3,quintuplet,6400,1.0,True,True,1.7640797587647546e-05,0.1129011045609443
e1/W/R3/7,W,3,quintuplet,51200,1.0,True,True,1.7640797587647546e-05,0.9032088364875543
e1/W/R3/7,W,3,random,800,0.0,True,False,,
e1/W/R3/7,W,3,random,6400,0.0,True,False,,
e1/W/R3/7,W,3,random,51200,0.0,True,False,,
e1/W/R3/70,W,3,quadruplet,800,0.0,False,,,
e1/W/R3/70,W,3,quadruplet,6400,0.4,False,,,
e1/W/R3/70,W,3,quadruplet,51200,0.3,False,,,
e1/W/R3/70,W,3,quintuplet,800,0.1,False,,,
e1/W/R3/70,W,3,quintuplet,6400,0.9,False,,,
e1/W/R3/70,W,3,quintuplet,51200,1.0,False,,,
e1/W/R3/71,W,3,quadruplet,800,0.0,False,,,
e1/W/R3/71,W,3,quadruplet,6400,0.0,False,,,
e1/W/R3/71,W,3,quadruplet,51200,0.0,False,,,
e1/W/R3/71,W,3,quintuplet,800,0.0,False,,,
e1/W/R3/71,W,3,quintuplet,6400,0.0,False,,,
e1/W/R3/71,W,3,quintuplet,51200,0.6,False,,,
e1/W/R3/72,W,3,quadruplet,800,0.9,True,True,1.2114067330849242e-05,0.009691253864679394
e1/W/R3/72,W,3,quadruplet,6400,1.0,True,True,1.2114067330849242e-05,0.07753003091743516
e1/W/R3/72,W,3,quadruplet,51200,1.0,True,True,1.2114067330849242e-05,0.6202402473394812
e1/W/R3/72,W,3,quintuplet,800,0.6,True,True,8.496512506960927e-06,0.006797210005568741
e1/W/R3/72,W,3,quintuplet,6400,1.0,True,True,8.496512506960927e-06,0.05437768004454993
e1/W/R3/72,W,3,quintuplet,51200,1.0,True,True,8.496512506960927e-06,0.43502144035639945
e1/W/R3/73,W,3,quadruplet,800,0.0,True,False,,
e1/W/R3/73,W,3,quadruplet,6400,0.0,True,False,,
e1/W/R3/73,W,3,quadruplet,51200,0.0,True,False,,
e1/W/R3/73,W,3,quintuplet,800,0.0,True,False,,
e1/W/R3/73,W,3,quintuplet,6400,0.1,True,False,,
e1/W/R3/73,W,3,quintuplet,51200,0.0,True,False,,
e1/W/R3/74,W,3,quadruplet,800,0.4,True,True,3.126177315252087e-06,0.0025009418522016695
e1/W/R3/74,W,3,quadruplet,6400,1.0,True,True,3.126177315252087e-06,0.020007534817613356
e1/W/R3/74,W,3,quadruplet,51200,1.0,True,True,3.126177315252087e-06,0.16006027854090685
e1/W/R3/74,W,3,quintuplet,800,0.6,True,True,4.325759274038179e-06,0.003460607419230543
e1/W/R3/74,W,3,quintuplet,6400,1.0,True,True,4.325759274038179e-06,0.027684859353844345
e1/W/R3/74,W,3,quintuplet,51200,1.0,True,True,4.325759274038179e-06,0.22147887483075476
e1/W/R3/75,W,3,quadruplet,800,0.1,False,,,
e1/W/R3/75,W,3,quadruplet,6400,0.0,False,,,
e1/W/R3/75,W,3,quadruplet,51200,0.0,False,,,
e1/W/R3/75,W,3,quintuplet,800,0.1,False,,,
e1/W/R3/75,W,3,quintuplet,6400,0.1,False,,,
e1/W/R3/75,W,3,quintuplet,51200,0.2,False,,,
e1/W/R3/76,W,3,quadruplet,800,0.0,True,True,2.4860548802247352e-06,0.001988843904179788
e1/W/R3/76,W,3,quadruplet,6400,0.2,True,True,2.4860548802247352e-06,0.015910751233438304
e1/W/R3/76,W,3,quadruplet,51200,0.5,True,True,2.4860548802247352e-06,0.12728600986750643
e1/W/R3/76,W,3,quintuplet,800,0.0,True,True,1.7984938758589255e-05,0.014387951006871404
e1/W/R3/76,W,3,quintuplet,6400,0.3,True,True,1.7984938758589255e-05,0.11510360805497123
e1/W/R3/76,W,3,quintuplet,51200,0.7,True,True,1.7984938758589255e-05,0.9208288644397699
e1/W/R3/77,W,3,quadruplet,800,0.6,True,True,3.268407738402662e-05,0.026147261907221293
e1/W/R3/77,W,3,quadruplet,6400,1.0,True,True,3.268407738402662e-05,0.20917809525777034
e1/W/R3/77,W,3,quadruplet,51200,1.0,True,True,3.268407738402662e-05,1.6734247620621627
e1/W/R3/77,W,3,quintuplet,800,0.5,True,True,2.120569699225971e-05,0.01696455759380777
e1/W/R3/77,W,3,quintuplet,6400,1.0,True,True,2.120569699225971e-05,0.13571646075046215
e1/W/R3/77,W,3,quintuplet,51200,1.0,True,True,2.120569699225971e-05,1.0857316860036972
e1/W/R3/78,W,3,quadruplet,800,0.3,True,True,9.26485774231833e-07,0.0007411886193854665
e1/W/R3/78,W,3,quadruplet,6400,0.9,True,True,9.26485774231833e-07,0.005929508955083732
e1/W/R3/78,W,3,quadruplet,51200,0.9,True,True,9.26485774231833e-07,0.047436071640669854
e1/W/R3/78,W,3,quintuplet,800,0.3,True,True,1.3661034447732978e-06,0.0010928827558186382
e1/W/R3/78,W,3,quintuplet,6400,0.9,True,True,1.3661034447732978e-06,0.008743062046549106
e1/W/R3/78,W,3,quintuplet,51200,0.9,True,True,1.3661034447732978e-06,0.06994449637239285
e1/W/R3/79,W,3,quadruplet,800,0.0,True,False,,
e1/W/R3/79,W,3,quadruplet,6400,0.0,True,False,,
e1/W/R3/79,W,3,quadruplet,51200,0.0,True,False,,
e1/W/R3/79,W,3,quintuplet,800,0.0,True,False,,
e1/W/R3/79,W,3,quintuplet,6400,0.1,True,False,,
e1/W/R3/79,W,3,quintuplet,51200,0.1,True,False,,
e1/W/R3/8,W,3,quadruplet,800,0.0,False,,,
e1/W/R3/8,W,3,quadruplet,6400,0.0,False,,,
e1/W/R3/8,W,3,quadruplet,51200,0.0,False,,,
e1/W/R3/8,W,3,quintuplet,800,0.1,False,,,
e1/W/R3/8,W,3,quintuplet,6400,0.0,False,,,
e1/W/R3/8,W,3,quintuplet,51200,0.1,False,,,
e1/W/R3/8,W,3,random,800,0.0,False,,,
e1/W/R3/8,W,3,random,6400,0.0,False,,,
e1/W/R3/8,W,3,random,51200,0.0,False,,,
e1/W/R3/80,W,3,quadruplet,800,0.1,False,,,
e1/W/R3/80,W,3,quadruplet,6400,0.0,False,,,
e1/W/R3/80,W,3,quadruplet,51200,0.0,False,,,
e1/W/R3/80,W,3,quintuplet,800,0.1,False,,,
e1/W/R3/80,W,3,quintuplet,6400,0.1,False,,,
e1/W/R3/80,W,3,quintuplet,51200,0.4,False,,,
e1/W/R3/81,W,3,quadruplet,800,0.5,True,True,7.465013557902275e-06,0.00597201084632182
e1/W/R3/81,W,3,quadruplet,6400,1.0,True,True,7.465013557902275e-06,0.04777608677057456
e1/W/R3/81,W,3,quadruplet,51200,1.0,True,True,7.465013557902275e-06,0.38220869416459646
e1/W/R3/81,W,3,quintuplet,800,0.6,True,True,1.104939750215748e-05,0.008839518001725985
e1/W/R3/81,W,3,quintuplet,6400,1.0,True,True,1.104939750215748e-05,0.07071614401380788
e1/W/R3/81,W,3,quintuplet,51200,1.0,True,True,1.104939750215748e-05,0.565729152110463
e1/W/R3/82,W,3,quadruplet,800,0.1,False,,,
e1/W/R3/82,W,3,quadruplet,6400,0.5,False,,,
e1/W/R3/82,W,3,quadruplet,51200,0.6,False,,,
e1/W/R3/82,W,3,quintuplet,800,0.0,False,,,
e1/W/R3/82,W,3,quintuplet,6400,0.3,False,,,
e1/W/R3/82,W,3,quintuplet,51200,0.5,False,,,
e1/W/R3/83,W,3,quadruplet,800,0.5,True,True,4.945525172111594e-06,0.003956420137689275
e1/W/R3/83,W,3,quadruplet,6400,0.9,True,True,4.945525172111594e-06,0.0316513611015142
e1/W/R3/83,W,3,quadruplet,51200,1.0,True,True,4.945525172111594e-06,0.2532108888121136
e1/W/R3/83,W,3,quintuplet,800,0.6,True,True,7.360844586243936e-06,0.005888675668995149
e1/W/R3/83,W,3,quintuplet,6400,0.9,True,True,7.360844586243936e-06,0.04710940535196119
e1/W/R3/83,W,3,quintuplet,51200,1.0,True,True,7.360844586243936e-06,0.3768752428156895
e1/W/R3/84,W,3,quadruplet,800,0.0,True,True,1.9512083823670496e-06,0.0015609667058936398
e1/W/R3/84,W,3,quadruplet,6400,0.0,True,True,1.9512083823670496e-06,0.012487733647149118
e1/W/R3/84,W,3,quadruplet,51200,0.1,True,True,1.9512083823670496e-06,0.09990186917719295
e1/W/R3/84,W,3,quintuplet,800,0.0,True,True,1.2939115015917412e-06,0.001035129201273393
e1/W/R3/84,W,3,quintuplet,6400,0.2,True,True,1.2939115015917412e-06,0.008281033610187144
e1/W/R3/84,W,3,quintuplet,51200,0.3,True,True,1.2939115015917412e-06,0.06624826888149715
e1/W/R3/85,W,3,quadruplet,800,0.3,False,,,
e1/W/R3/85,W,3,quadruplet,6400,1.0,False,,,
e1/W/R3/85,W,3,quadruplet,51200,1.0,False,,,
e1/W/R3/85,W,3,quintuplet,800,0.2,False,,,
e1/W/R3/85,W,3,quintuplet,6400,1.0,False,,,
e1/W/R3/85,W,3,quintuplet,51200,1.0,False,,,
e1/W/R3/86,W,3,quadruplet,800,0.0,False,,,
e1/W/R3/86,W,3,quadruplet,6400,0.0,False,,,
e1/W/R3/86,W,3,quadruplet,51200,0.0,False,,,
e1/W/R3/86,W,3,quintuplet,800,0.0,False,,,
e1/W/R3/86,W,3,quintuplet,6400,0.0,False,,,
e1/W/R3/86,W,3,quintuplet,51200,0.0,False,,,
e1/W/R3/87,W,3,quadruplet,800,0.0,True,False,,
e1/W/R3/87,W,3,quadruplet,6400,0.0,True,False,,
e1/W/R3/87,W,3,quadruplet,51200,0.0,True,False,,
e1/W/R3/87,W,3,quintuplet,800,0.0,True,False,,
e1/W/R3/87,W,3,quintuplet,6400,0.0,True,False,,
e1/W/R3/87,W,3,quintuplet,51200,0.1,True,False,,
e1/W/R3/88,W,3,quadruplet,800,0.0,True,False,,
e1/W/R3/88,W,3,quadruplet,6400,0.1,True,False,,
e1/W/R3/88,W,3,quadruplet,51200,0.0,True,False,,
e1/W/R3/88,W,3,quintuplet,800,0.1,True,True,5.354212949809437e-06,0.00428337035984755
e1/W/R3/88,W,3,quintuplet,6400,0.5,True,True,5.354212949809437e-06,0.0342669628787804
e1/W/R3/88,W,3,quintuplet,51200,0.9,True,True,5.354212949809437e-06,0.2741357030302432
e1/W/R3/89,W,3,quadruplet,800,0.0,False,,,
e1/W/R3/89,W,3,quadruplet,6400,0.0,False,,,
e1/W/R3/89,W,3,quadruplet,51200,0.0,False,,,
e1/W/R3/89,W,3,quintuplet,800,0.0,False,,,
e1/W/R3/89,W,3,quintuplet,6400,0.0,False,,,
e1/W/R3/89,W,3,quintuplet,51200,0.0,False,,,
e1/W/R3/9,W,3,quadruplet,800,0.0,True,False,,
e1/W/R3/9,W,3,quadruplet,6400,0.1,True,False,,
e1/W/R3/9,W,3,quadruplet,51200,0.0,True,False,,
e1/W/R3/9,W,3,quintuplet,800,0.0,True,False,,
e1/W/R3/9,W,3,quintuplet,6400,0.2,True,False,,
e1/W/R3/9,W,3,quintuplet,51200,0.2,True,False,,
e1/W/R3/9,W,3,random,800,0.0,True,False,,
e1/W/R3/9,W,3,random,6400,0.0,True,False,,
e1/W/R3/9,W,3,random,51200,0.0,True,False,,
e1/W/R3/90,W,3,quadruplet,800,0.8,False,,,
e1/W/R3/90,W,3,quadruplet,6400,1.0,False,,,
e1/W/R3/90,W,3,quadruplet,51200,1.0,False,,,
e1/W/R3/90,W,3,quintuplet,800,0.8,False,,,
e1/W/R3/90,W,3,quintuplet,6400,1.0,False,,,
e1/W/R3/90,W,3,quintuplet,51200,1.0,False,,,
e1/W/R3/91,W,3,quadruplet,800,0.0,False,,,
e1/W/R3/91,W,3,quadruplet,6400,0.0,False,,,
e1/W/R3/91,W,3,quadruplet,51200,0.0,False,,,
e1/W/R3/91,W,3,quintuplet,800,0.0,False,,,
e1/W/R3/91,W,3,quintuplet,6400,0.0,False,,,
e1/W/R3/91,W,3,quintuplet,51200,0.0,False,,,
e1/W/R3/92,W,3,quadruplet,800,0.2,True,True,1.5087482113169887e-06,0.0012069985690535908
e1/W/R3/92,W,3,quadruplet,6400,0.6,True,True,1.5087482113169887e-06,0.009655988552428727
e1/W/R3/92,W,3,quadruplet,51200,1.0,True,True,1.5087482113169887e-06,0.07724790841942981
e1/W/R3/92,W,3,quintuplet,800,0.3,True,True,1.2042776751458445e-06,0.0009634221401166757
e1/W/R3/92,W,3,quintuplet,6400,0.7,True,True,1.2042776751458445e-06,0.007707377120933405
e1/W/R3/92,W,3,quintuplet,51200,1.0,True,True,1.2042776751458445e-06,0.06165901696746724
e1/W/R3/93,W,3,quadruplet,800,0.4,False,,,
e1/W/R3/93,W,3,quadruplet,6400,0.9,False,,,
e1/W/R3/93,W,3,quadruplet,51200,1.0,False,,,
e1/W/R3/93,W,3,quintuplet,800,0.3,False,,,
e1/W/R3/93,W,3,quintuplet,6400,0.9,False,,,
e1/W/R3/93,W,3,quintuplet,51200,1.0,False,,,
e1/W/R3/94,W,3,quadruplet,800,0.0,True,False,,
e1/W/R3/94,W,3,quadruplet,6400,0.0,True,False,,
e1/W/R3/94,W,3,quadruplet,51200,0.0,True,False,,
e1/W/R3/94,W,3,quintuplet,800,0.0,True,True,4.937058874578316e-08,3.949647099662653e-05
e1/W/R3/94,W,3,quintuplet,6400,0.0,True,True,4.937058874578316e-08,0.00031597176797301224
e1/W/R3/94,W,3,quintuplet,51200,0.2,True,True,4.937058874578316e-08,0.002527774143784098
e1/W/R3/95,W,3,quadruplet,800,0.3,True,True,1.5679174321515942e-05,0.012543339457212754
e1/W/R3/95,W,3,quadruplet,6400,1.0,True,True,1.5679174321515942e-05,0.10034671565770203
e1/W/R3/95,W,3,quadruplet,51200,1.0,True,True,1.5679174321515942e-05,0.8027737252616163
e1/W/R3/95,W,3,quintuplet,800,0.2,True,True,1.10040391006998e-05,0.00880323128055984
e1/W/R3/95,W,3,quintuplet,6400,1.0,True,True,1.10040391006998e-05,0.07042585024447871
e1/W/R3/95,W,3,quintuplet,51200,1.0,True,True,1.10040391006998e-05,0.5634068019558297
e1/W/R3/96,W,3,quadruplet,800,0.9,True,True,1.3502292349983008e-05,0.010801833879986407
e1/W/R3/96,W,3,quadruplet,6400,1.0,True,True,1.3502292349983008e-05,0.08641467103989126
e1/W/R3/96,W,3,quadruplet,51200,1.0,True,True,1.3502292349983008e-05,0.69131736831913
e1/W/R3/96,W,3,quintuplet,800,0.7,True,True,9.444322535811955e-06,0.007555458028649565
e1/W/R3/96,W,3,quintuplet,6400,1.0,True,True,9.444322535811955e-06,0.06044366422919652
e1/W/R3/96,W,3,quintuplet,51200,1.0,True,True,9.444322535811955e-06,0.48354931383357214
e1/W/R3/97,W,3,quadruplet,800,0.5,True,True,7.269030454496958e-06,0.005815224363597567
e1/W/R3/97,W,3,quadruplet,6400,1.0,True,True,7.269030454496958e-06,0.046521794908780535
e1/W/R3/97,W,3,quadruplet,51200,1.0,True,True,7.269030454496958e-06,0.3721743592702443
e1/W/R3/97,W,3,quintuplet,800,0.7,True,True,1.0736376577426841e-05,0.008589101261941474
e1/W/R3/97,W,3,quintuplet,6400,1.0,True,True,1.0736376577426841e-05,0.06871281009553179
e1/W/R3/97,W,3,quintuplet,51200,1.0,True,True,1.0736376577426841e-05,0.5497024807642543
e1/W/R3/98,W,3,quadruplet,800,0.5,True,True,1.7191169512290508e-05,0.013752935609832406
e1/W/R3/98,W,3,quadruplet,6400,1.0,True,True,1.7191169512290508e-05,0.11002348487865925
e1/W/R3/98,W,3,quadruplet,51200,1.0,True,True,1.7191169512290508e-05,0.880187879029274
e1/W/R3/98,W,3,quintuplet,800,0.3,True,True,1.0460750621528423e-05,0.008368600497222737
e1/W/R3/98,W,3,quintuplet,6400,1.0,True,True,1.0460750621528423e-05,0.0669488039777819
e1/W/R3/98,W,3,quintuplet,51200,1.0,True,True,1.0460750621528423e-05,0.5355904318222552
e1/W/R3/99,W,3,quadruplet,800,1.0,True,True,1.8185472483631632e-05,0.014548377986905305
e1/W/R3/99,W,3,quadruplet,6400,1.0,True,True,1.8185472483631632e-05,0.11638702389524244
e1/W/R3/99,W,3,quadruplet,51200,1.0,True,True,1.8185472483631632e-05,0.9310961911619395
e1/W/R3/99,W,3,quintuplet,800,0.8,True,True,1.2902835437835557e-05,0.010322268350268445
e1/W/R3/99,W,3,quintuplet,6400,1.0,True,True,1.2902835437835557e-05,0.08257814680214756
e1/W/R3/99,W,3,quintuplet,51200,1.0,True,True,1.2902835437835557e-05,0.6606251744171805
e1/W/R4/0,W,4,quadruplet,800,0.1,False,,,
e1/W/R4/0,W,4,quadruplet,6400,0.5,False,,,
e1/W/R4/0,W,4,quadruplet,51200,0.3,False,,,
e1/W/R4/0,W,4,quintuplet,800,0.1,False,,,
e1/W/R4/0,W,4,quintuplet,6400,0.5,False,,,
e1/W/R4/0,W,4,quintuplet,51200,1.0,False,,,
e1/W/R4/0,W,4,random,800,0.0,False,,,
e1/W/R4/0,W,4,random,6400,0.0,False,,,
e1/W/R4/0,W,4,random,51200,0.0,False,,,
e1/W/R4/1,W,4,quadruplet,800,0.3,True,True,7.527412955919202e-06,0.006021930364735362
e1/W/R4/1,W,4,quadruplet,6400,1.0,True,True,7.527412955919202e-06,0.048175442917882894
e1/W/R4/1,W,4,quadruplet,51200,1.0,True,True,7.527412955919202e-06,0.38540354334306315
e1/W/R4/1,W,4,quintuplet,800,0.1,True,True,8.83932539152576e-06,0.007071460313220608
e1/W/R4/1,W,4,quintuplet,6400,0.9,True,True,8.83932539152576e-06,0.056571682505764866
e1/W/R4/1,W,4,quintuplet,51200,1.0,True,True,8.83932539152576e-06,0.4525734600461189
e1/W/R4/1,W,4,random,800,0.0,True,False,,
e1/W/R4/1,W,4,random,6400,0.0,True,False,,
e1/W/R4/1,W,4,random,51200,0.0,True,False,,
e1/W/R4/10,W,4,quadruplet,800,0.1,False,,,
e1/W/R4/10,W,4,quadruplet,6400,0.4,False,,,
e1/W/R4/10,W,4,quadruplet,51200,0.6,False,,,
e1/W/R4/10,W,4,quintuplet,800,0.1,False,,,
e1/W/R4/10,W,4,quintuplet,6400,0.5,False,,,
e1/W/R4/10,W,4,quintuplet,51200,1.0,False,,,
e1/W/R4/11,W,4,quadruplet,800,0.0,True,False,,
e1/W/R4/11,W,4,quadruplet,6400,0.0,True,False,,
e1/W/R4/11,W,4,quadruplet,51200,0.0,True,False,,
e1/W/R4/11,W,4,quintuplet,800,0.0,True,True,1.9340879976240403e-06,0.0015472703980992323
e1/W/R4/11,W,4,quintuplet,6400,0.2,True,True,1.9340879976240403e-06,0.012378163184793858
e1/W/R4/11,W,4,quintuplet,51200,0.8,True,True,1.9340879976240403e-06,0.09902530547835087
e1/W/R4/12,W,4,quadruplet,800,0.4,True,True,1.3205816578004253e-05,0.010564653262403403
e1/W/R4/12,W,4,quadruplet,6400,1.0,True,True,1.3205816578004253e-05,0.08451722609922722
e1/W/R4/12,W,4,quadruplet,51200,1.0,True,True,1.3205816578004253e-05,0.6761378087938178
e1/W/R4/12,W,4,quintuplet,800,0.5,True,True,9.802740271143223e-06,0.007842192216914578
e1/W/R4/12,W,4,quintuplet,6400,1.0,True,True,9.802740271143223e-06,0.06273753773531662
e1/W/R4/12,W,4,quintuplet,51200,1.0,True,True,9.802740271143223e-06,0.501900301882533
e1/W/R4/13,W,4,quadruplet,800,0.4,True,True,1.1874925071869086e-05,0.009499940057495269
e1/W/R4/13,W,4,quadruplet,6400,1.0,True,True,1.1874925071869086e-05,0.07599952045996215
e1/W/R4/13,W,4,quadruplet,51200,1.0,True,True,1.1874925071869086e-05,0.6079961636796972
e1/W/R4/13,W,4,quintuplet,800,0.2,True,True,6.413128260650962e-06,0.00513050260852077
e1/W/R4/13,W,4,quintuplet,6400,0.9,True,True,6.413128260650962e-06,0.04104402086816616
e1/W/R4/13,W,4,quintuplet,51200,1.0,True,True,6.413128260650962e-06,0.32835216694532926
e1/W/R4/14,W,4,quadruplet,800,0.0,True,True,6.521261416975536e-06,0.005217009133580429
e1/W/R4/14,W,4,quadruplet,6400,0.6,True,True,6.521261416975536e-06,0.04173607306864343
e1/W/R4/14,W,4,quadruplet,51200,1.0,True,True,6.521261416975536e-06,0.33388858454914744
e1/W/R4/14,W,4,quintuplet,800,0.0,True,True,2.7881623551724442e-06,0.0022305298841379553
e1/W/R4/14,W,4,quintuplet,6400,0.5,True,True,2.7881623551724442e-06,0.017844239073103643
e1/W/R4/14,W,4,quintuplet,51200,1.0,True,True,2.7881623551724442e-06,0.14275391258482914
e1/W/R4/15,W,4,quadruplet,800,0.0,False,,,
e1/W/R4/15,W,4,quadruplet,6400,0.0,False,,,
e1/W/R4/15,W,4,quadruplet,51200,0.0,False,,,
e1/W/R4/15,W,4,quintuplet,800,0.0,False,,,
e1/W/R4/15,W,4,quintuplet,6400,0.0,False,,,
e1/W/R4/15,W,4,quintuplet,51200,0.0,False,,,
e1/W/R4/16,W,4,quadruplet,800,0.0,True,False,,
e1/W/R4/16,W,4,quadruplet,6400,0.0,True,False,,
e1/W/R4/16,W,4,quadruplet,51200,0.0,True,False,,
e1/W/R4/16,W,4,quintuplet,800,0.0,True,False,,
e1/W/R4/16,W,4,quintuplet,6400,0.0,True,False,,
e1/W/R4/16,W,4,quintuplet,51200,0.0,True,False,,
e1/W/R4/17,W,4,quadruplet,800,0.0,False,,,
e1/W/R4/17,W,4,quadruplet,6400,0.0,False,,,
e1/W/R4/17,W,4,quadruplet,51200,0.0,False,,,
e1/W/R4/17,W,4,quintuplet,800,0.1,False,,,
e1/W/R4/17,W,4,quintuplet,6400,0.0,False,,,
e1/W/R4/17,W,4,quintuplet,51200,0.0,False,,,
e1/W/R4/18,W,4,quadruplet,800,0.2,False,,,
e1/W/R4/18,W,4,quadruplet,6400,0.9,False,,,
e1/W/R4/18,W,4,quadruplet,51200,1.0,False,,,
e1/W/R4/18,W,4,quintuplet,800,0.2,False,,,
e1/W/R4/18,W,4,quintuplet,6400,0.8,False,,,
e1/W/R4/18,W,4,quintuplet,51200,1.0,False,,,
e1/W/R4/19,W,4,quadruplet,800,0.0,True,True,4.5836399693272386e-06,0.003666911975461791
e1/W/R4/19,W,4,quadruplet,6400,0.5,True,True,4.5836399693272386e-06,0.029335295803694327
e1/W/R4/19,W,4,quadruplet,51200,0.9,True,True,4.5836399693272386e-06,0.23468236642955462
e1/W/R4/19,W,4,quintuplet,800,0.0,True,True,2.9306516241908424e-05,0.02344521299352674
e1/W/R4/19,W,4,quintuplet,6400,0.7,True,True,2.9306516241908424e-05,0.18756170394821392
e1/W/R4/19,W,4,quintuplet,51200,1.0,True,True,2.9306516241908424e-05,1.5004936315857114
e1/W/R4/2,W,4,quadruplet,800,0.0,True,False,,
e1/W/R4/2,W,4,quadruplet,6400,0.1,True,False,,
e1/W/R4/2,W,4,quadruplet,51200,0.0,True,False,,
e1/W/R4/2,W,4,quintuplet,800,0.2,True,True,1.7045256865259192e-07,0.00013636205492207354
e1/W/R4/2,W,4,quintuplet,6400,0.2,True,True,1.7045256865259192e-07,0.0010908964393765883
e1/W/R4/2,W,4,quintuplet,51200,0.6,True,True,1.7045256865259192e-07,0.008727171515012707
e1/W/R4/2,W,4,random,800,0.0,True,False,,
e1/W/R4/2,W,4,random,6400,0.0,True,False,,
e1/W/R4/2,W,4,random,51200,0.0,True,False,,
e1/W/R4/20,W,4,quadruplet,800,0.0,True,False,,
e1/W/R4/20,W,4,quadruplet,6400,0.0,True,False,,
e1/W/R4/20,W,4,quadruplet,51200,0.0,True,False,,
e1/W/R4/20,W,4,quintuplet,800,0.0,True,False,,
e1/W/R4/20,W,4,quintuplet,6400,0.1,True,False,,
e1/W/R4/20,W,4,quintuplet,51200,0.0,True,False,,
e1/W/R4/21,W,4,quadruplet,800,0.7,True,True,3.913829361848746e-06,0.003131063489478997
e1/W/R4/21,W,4,quadruplet,6400,1.0,True,True,3.913829361848746e-06,0.025048507915831977
e1/W/R4/21,W,4,quadruplet,51200,1.0,True,True,3.913829361848746e-06,0.20038806332665582
e1/W/R4/21,W,4,quintuplet,800,0.8,True,True,5.864981432125077e-06,0.0046919851457000615
e1/W/R4/21,W,4,quintuplet,6400,1.0,True,True,5.864981432125077e-06,0.03753588116560049
e1/W/R4/21,W,4,quintuplet,51200,1.0,True,True,5.864981432125077e-06,0.30028704932480393
e1/W/R4/22,W,4,quadruplet,800,0.2,False,,,
e1/W/R4/22,W,4,quadruplet,6400,0.6,False,,,
e1/W/R4/22,W,4,quadruplet,51200,1.0,False,,,
e1/W/R4/22,W,4,quintuplet,800,0.0,False,,,
e1/W/R4/22,W,4,quintuplet,6400,0.6,False,,,
e1/W/R4/22,W,4,quintuplet,51200,1.0,False,,,
e1/W/R4/23,W,4,quadruplet,800,0.0,False,,,
e1/W/R4/23,W,4,quadruplet,6400,0.0,False,,,
e1/W/R4/23,W,4,quadruplet,51200,0.0,False,,,
e1/W/R4/23,W,4,quintuplet,800,0.1,False,,,
e1/W/R4/23,W,4,quintuplet,6400,0.3,False,,,
e1/W/R4/23,W,4,quintuplet,51200,1.0,False,,,
e1/W/R4/24,W,4,quadruplet,800,0.2,False,,,
e1/W/R4/24,W,4,quadruplet,6400,0.3,False,,,
e1/W/R4/24,W,4,quadruplet,51200,0.4,False,,,
e1/W/R4/24,W,4,quintuplet,800,0.1,False,,,
e1/W/R4/24,W,4,quintuplet,6400,0.2,False,,,
e1/W/R4/24,W,4,quintuplet,51200,0.0,False,,,
e1/W/R4/25,W,4,quadruplet,800,0.3,False,,,
e1/W/R4/25,W,4,quadruplet,6400,1.0,False,,,
e1/W/R4/25,W,4,quadruplet,51200,1.0,False,,,
e1/W/R4/25,W,4,quintuplet,800,0.2,False,,,
e1/W/R4/25,W,4,quintuplet,6400,0.8,False,,,
e1/W/R4/25,W,4,quintuplet,51200,1.0,False,,,
e1/W/R4/26,W,4,quadruplet,800,0.0,True,False,,
e1/W/R4/26,W,4,quadruplet,6400,0.0,True,False,,
e1/W/R4/26,W,4,quadruplet,51200,0.0,True,False,,
e1/W/R4/26,W,4,quintuplet,800,0.0,True,False,,
e1/W/R4/26,W,4,quintuplet,6400,0.0,True,False,,
e1/W/R4/26,W,4,quintuplet,51200,0.0,True,False,,
e1/W/R4/27,W,4,quadruplet,800,0.0,False,,,
e1/W/R4/27,W,4,quadruplet,6400,0.0,False,,,
e1/W/R4/27,W,4,quadruplet,51200,0.0,False,,,
e1/W/R4/27,W,4,quintuplet,800,0.0,False,,,
e1/W/R4/27,W,4,quintuplet,6400,0.2,False,,,
e1/W/R4/27,W,4,quintuplet,51200,0.0,False,,,
e1/W/R4/28,W,4,quadruplet,800,0.0,False,,,
e1/W/R4/28,W,4,quadruplet,6400,0.0,False,,,
e1/W/R4/28,W,4,quadruplet,51200,0.0,False,,,
e1/W/R4/28,W,4,quintuplet,800,0.0,False,,,
e1/W/R4/28,W,4,quintuplet,6400,0.0,False,,,
e1/W/R4/28,W,4,quintuplet,51200,0.0,False,,,
e1/W/R4/29,W,4,quadruplet,800,0.0,True,False,,
e1/W/R4/29,W,4,quadruplet,6400,0.0,True,False,,
e1/W/R4/29,W,4,quadruplet,51200,0.0,True,False,,
e1/W/R4/29,W,4,quintuplet,800,0.0,True,False,,
e1/W/R4/29,W,4,quintuplet,6400,0.1,True,False,,
e1/W/R4/29,W,4,quintuplet,51200,0.0,True,False,,
e1/W/R4/3,W,4,quadruplet,800,0.0,True,False,,
e1/W/R4/3,W,4,quadruplet,6400,0.0,True,False,,
e1/W/R4/3,W,4,quadruplet,51200,0.0,True,False,,
e1/W/R4/3,W,4,quintuplet,800,0.1,True,False,,
e1/W/R4/3,W,4,quintuplet,6400,0.0,True,False,,
e1/W/R4/3,W,4,quintuplet,51200,0.0,True,False,,
e1/W/R4/3,W,4,random,800,0.0,True,False,,
e1/W/R4/3,W,4,random,6400,0.0,True,False,,
e1/W/R4/3,W,4,random,51200,0.0,True,False,,
e1/W/R4/30,W,4,quadruplet,800,0.0,True,False,,
e1/W/R4/30,W,4,quadruplet,6400,0.0,True,False,,
e1/W/R4/30,W,4,quadruplet,51200,0.0,True,False,,
e1/W/R4/30,W,4,quintuplet,800,0.0,True,False,,
e1/W/R4/30,W,4,quintuplet,6400,0.0,True,False,,
e1/W/R4/30,W,4,quintuplet,51200,0.0,True,False,,
e1/W/R4/31,W,4,quadruplet,800,1.0,True,True,1.5125041031821231e-05,0.012100032825456984
e1/W/R4/31,W,4,quadruplet,6400,1.0,True,True,1.5125041031821231e-05,0.09680026260365587
e1/W/R4/31,W,4,quadruplet,51200,1.0,True,True,1.5125041031821231e-05,0.774402100829247
e1/W/R4/31,W,4,quintuplet,800,0.9,True,True,1.0157103851946177e-05,0.008125683081556942
e1/W/R4/31,W,4,quintuplet,6400,1.0,True,True,1.0157103851946177e-05,0.06500546465245553
e1/W/R4/31,W,4,quintuplet,51200,1.0,True,True,1.0157103851946177e-05,0.5200437172196443
e1/W/R4/32,W,4,quadruplet,800,0.0,False,,,
e1/W/R4/32,W,4,quadruplet,6400,0.0,False,,,
e1/W/R4/32,W,4,quadruplet,51200,0.0,False,,,
e1/W/R4/32,W,4,quintuplet,800,0.0,False,,,
e1/W/R4/32,W,4,quintuplet,6400,0.0,False,,,
e1/W/R4/32,W,4,quintuplet,51200,0.0,False,,,
e1/W/R4/33,W,4,quadruplet,800,0.0,True,False,,
e1/W/R4/33,W,4,quadruplet,6400,0.0,True,False,,
e1/W/R4/33,W,4,quadruplet,51200,0.0,True,False,,
e1/W/R4/33,W,4,quintuplet,800,0.0,True,False,,
e1/W/R4/33,W,4,quintuplet,6400,0.0,True,False,,
e1/W/R4/33,W,4,quintuplet,51200,0.0,True,False,,
e1/W/R4/34,W,4,quadruplet,800,0.1,True,True,7.180762330676255e-05,0.057446098645410046
e1/W/R4/34,W,4,quadruplet,6400,0.8,True,True,7.180762330676255e-05,0.45956878916328037
e1/W/R4/34,W,4,quadruplet,51200,1.0,True,True,7.180762330676255e-05,3.676550313306243
e1/W/R4/34,W,4,quintuplet,800,0.0,True,True,4.0673715058748156e-05,0.03253897204699852
e1/W/R4/34,W,4,quintuplet,6400,0.7,True,True,4.0673715058748156e-05,0.2603117763759882
e1/W/R4/34,W,4,quintuplet,51200,1.0,True,True,4.0673715058748156e-05,2.0824942110079054
e1/W/R4/35,W,4,quadruplet,800,0.0,True,False,,
e1/W/R4/35,W,4,quadruplet,6400,0.0,True,False,,
e1/W/R4/35,W,4,quadruplet,51200,0.0,True,False,,
e1/W/R4/35,W,4,quintuplet,800,0.0,True,True,2.06847876492047e-06,0.001654783011936376
e1/W/R4/35,W,4,quintuplet,6400,0.0,True,True,2.06847876492047e-06,0.013238264095491009
e1/W/R4/35,W,4,quintuplet,51200,0.6,True,True,2.06847876492047e-06,0.10590611276392807
e1/W/R4/36,W,4,quadruplet,800,0.0,True,False,,
e1/W/R4/36,W,4,quadruplet,6400,0.0,True,False,,
e1/W/R4/36,W,4,quadruplet,51200,0.4,True,False,,
e1/W/R4/36,W,4,quintuplet,800,0.0,True,True,4.474012119516306e-08,3.579209695613045e-05
e1/W/R4/36,W,4,quintuplet,6400,0.1,True,True,4.474012119516306e-08,0.0002863367756490436
e1/W/R4/36,W,4,quintuplet,51200,0.5,True,True,4.474012119516306e-08,0.0022906942051923486
e1/W/R4/37,W,4,quadruplet,800,0.0,False,,,
e1/W/R4/37,W,4,quadruplet,6400,0.0,False,,,
e1/W/R4/37,W,4,quadruplet,51200,0.0,False,,,
e1/W/R4/37,W,4,quintuplet,800,0.0,False,,,
e1/W/R4/37,W,4,quintuplet,6400,0.1,False,,,
e1/W/R4/37,W,4,quintuplet,51200,0.4,False,,,
e1/W/R4/38,W,4,quadruplet,800,0.0,True,False,,
e1/W/R4/38,W,4,quadruplet,6400,0.0,True,False,,
e1/W/R4/38,W,4,quadruplet,51200,0.0,True,False,,
e1/W/R4/38,W,4,quintuplet,800,0.0,True,True,5.158274501216564e-07,0.00041266196009732514
e1/W/R4/38,W,4,quintuplet,6400,0.0,True,True,5.158274501216564e-07,0.003301295680778601
e1/W/R4/38,W,4,quintuplet,51200,0.4,True,True,5.158274501216564e-07,0.02641036544622881
e1/W/R4/39,W,4,quadruplet,800,0.5,True,True,1.504433995420475e-05,0.012035471963363801
e1/W/R4/39,W,4,quadruplet,6400,1.0,True,True,1.504433995420475e-05,0.09628377570691041
e1/W/R4/39,W,4,quadruplet,51200,1.0,True,True,1.504433995420475e-05,0.7702702056552833
e1/W/R4/39,W,4,quintuplet,800,0.4,True,True,9.389138378953949e-06,0.007511310703163159
e1/W/R4/39,W,4,quintuplet,6400,1.0,True,True,9.389138378953949e-06,0.06009048562530527
e1/W/R4/39,W,4,quintuplet,51200,1.0,True,True,9.389138378953949e-06,0.4807238850024422
e1/W/R4/4,W,4,quadruplet,800,0.0,False,,,
e1/W/R4/4,W,4,quadruplet,6400,0.0,False,,,
e1/W/R4/4,W,4,quadruplet,51200,0.0,False,,,
e1/W/R4/4,W,4,quintuplet,800,0.0,False,,,
e1/W/R4/4,W,4,quintuplet,6400,0.4,False,,,
e1/W/R4/4,W,4,quintuplet,51200,0.9,False,,,
e1/W/R4/4,W,4,random,800,0.0,False,,,
e1/W/R4/4,W,4,random,6400,0.0,False,,,
e1/W/R4/4,W,4,random,51200,0.0,False,,,
e1/W/R4/40,W,4,quadruplet,800,0.0,False,,,
e1/W/R4/40,W,4,quadruplet,6400,0.0,False,,,
e1/W/R4/40,W,4,quadruplet,51200,0.0,False,,,
e1/W/R4/40,W,4,quintuplet,800,0.0,False,,,
e1/W/R4/40,W,4,quintuplet,6400,0.0,False,,,
e1/W/R4/40,W,4,quintuplet,51200,0.0,False,,,
e1/W/R4/41,W,4,quadruplet,800,0.0,True,True,5.661775953395664e-06,0.004529420762716532
e1/W/R4/41,W,4,quadruplet,6400,0.8,True,True,5.661775953395664e-06,0.03623536610173225
e1/W/R4/41,W,4,quadruplet,51200,1.0,True,True,5.661775953395664e-06,0.289882928813858
e1/W/R4/41,W,4,quintuplet,800,0.0,True,True,8.535834606100377e-06,0.006828667684880302
e1/W/R4/41,W,4,quintuplet,6400,0.7,True,True,8.535834606100377e-06,0.054629341479042415
e1/W/R4/41,W,4,quintuplet,51200,1.0,True,True,8.535834606100377e-06,0.4370347318323393
e1/W/R4/42,W,4,quadruplet,800,0.0,False,,,
e1/W/R4/42,W,4,quadruplet,6400,0.0,False,,,
e1/W/R4/42,W,4,quadruplet,51200,0.1,False,,,
e1/W/R4/42,W,4,quintuplet,800,0.1,False,,,
e1/W/R4/42,W,4,quintuplet,6400,0.6,False,,,
e1/W/R4/42,W,4,quintuplet,51200,1.0,False,,,
e1/W/R4/43,W,4,quadruplet,800,0.0,True,False,,
e1/W/R4/43,W,4,quadruplet,6400,0.2,True,False,,
e1/W/R4/43,W,4,quadruplet,51200,0.3,True,False,,
e1/W/R4/43,W,4,quintuplet,800,0.0,True,False,,
e1/W/R4/43,W,4,quintuplet,6400,0.4,True,False,,
e1/W/R4/43,W,4,quintuplet,51200,0.5,True,False,,
e1/W/R4/44,W,4,quadruplet,800,0.5,True,True,1.7375650854593066e-05,0.013900520683674452
e1/W/R4/44,W,4,quadruplet,6400,1.0,True,True,1.7375650854593066e-05,0.11120416546939561
e1/W/R4/44,W,4,quadruplet,51200,1.0,True,True,1.7375650854593066e-05,0.8896333237551649
e1/W/R4/44,W,4,quintuplet,800,0.4,True,True,2.027154159093903e-05,0.016217233272751225
e1/W/R4/44,W,4,quintuplet,6400,1.0,True,True,2.027154159093903e-05,0.1297378661820098
e1/W/R4/44,W,4,quintuplet,51200,1.0,True,True,2.027154159093903e-05,1.0379029294560784
e1/W/R4/45,W,4,quadruplet,800,0.0,False,,,
e1/W/R4/45,W,4,quadruplet,6400,0.0,False,,,
e1/W/R4/45,W,4,quadruplet,51200,0.0,False,,,
e1/W/R4/45,W,4,quintuplet,800,0.0,False,,,
e1/W/R4/45,W,4,quintuplet,6400,0.0,False,,,
e1/W/R4/45,W,4,quintuplet,51200,0.0,False,,,
e1/W/R4/46,W,4,quadruplet,800,0.0,True,False,,
e1/W/R4/46,W,4,quadruplet,6400,0.3,True,False,,
e1/W/R4/46,W,4,quadruplet,51200,0.3,True,False,,
e1/W/R4/46,W,4,quintuplet,800,0.0,True,False,,
e1/W/R4/46,W,4,quintuplet,6400,0.2,True,False,,
e1/W/R4/46,W,4,quintuplet,51200,0.2,True,False,,
e1/W/R4/47,W,4,quadruplet,800,0.0,False,,,
e1/W/R4/47,W,4,quadruplet,6400,0.1,False,,,
e1/W/R4/47,W,4,quadruplet,51200,0.3,False,,,
e1/W/R4/47,W,4,quintuplet,800,0.2,False,,,
e1/W/R4/47,W,4,quintuplet,6400,0.4,False,,,
e1/W/R4/47,W,4,quintuplet,51200,0.9,False,,,
e1/W/R4/48,W,4,quadruplet,800,0.5,True,True,1.5289332653839918e-05,0.012231466123071934
e1/W/R4/48,W,4,quadruplet,6400,1.0,True,True,1.5289332653839918e-05,0.09785172898457548
e1/W/R4/48,W,4,quadruplet,51200,1.0,True,True,1.5289332653839918e-05,0.7828138318766038
e1/W/R4/48,W,4,quintuplet,800,0.3,True,True,9.144418156762362e-06,0.0073155345254098895
e1/W/R4/48,W,4,quintuplet,6400,1.0,True,True,9.144418156762362e-06,0.058524276203279116
e1/W/R4/48,W,4,quintuplet,51200,1.0,True,True,9.144418156762362e-06,0.4681942096262329
e1/W/R4/49,W,4,quadruplet,800,0.0,False,,,
e1/W/R4/49,W,4,quadruplet,6400,0.0,False,,,
e1/W/R4/49,W,4,quadruplet,51200,0.0,False,,,
e1/W/R4/49,W,4,quintuplet,800,0.0,False,,,
e1/W/R4/49,W,4,quintuplet,6400,0.1,False,,,
e1/W/R4/49,W,4,quintuplet,51200,0.0,False,,,
e1/W/R4/5,W,4,quadruplet,800,0.2,True,True,2.415910959893972e-05,0.019327287679151775
e1/W/R4/5,W,4,quadruplet,6400,1.0,True,True,2.415910959893972e-05,0.1546183014332142
e1/W/R4/5,W,4,quadruplet,51200,1.0,True,True,2.415910959893972e-05,1.2369464114657136
e1/W/R4/5,W,4,quintuplet,800,0.1,True,True,1.4885355477529983e-05,0.011908284382023985
e1/W/R4/5,W,4,quintuplet,6400,1.0,True,True,1.4885355477529983e-05,0.09526627505619188
e1/W/R4/5,W,4,quintuplet,51200,1.0,True,True,1.4885355477529983e-05,0.7621302004495351
e1/W/R4/5,W,4,random,800,0.0,True,False,,
e1/W/R4/5,W,4,random,6400,0.0,True,False,,
e1/W/R4/5,W,4,random,51200,0.0,True,False,,
e1/W/R4/50,W,4,quadruplet,800,0.0,True,False,,
e1/W/R4/50,W,4,quadruplet,6400,0.0,True,False,,
e1/W/R4/50,W,4,quadruplet,51200,0.0,True,False,,
e1/W/R4/50,W,4,quintuplet,800,0.0,True,False,,
e1/W/R4/50,W,4,quintuplet,6400,0.0,True,False,,
e1/W/R4/50,W,4,quintuplet,51200,0.0,True,False,,
e1/W/R4/51,W,4,quadruplet,800,0.3,False,,,
e1/W/R4/51,W,4,quadruplet,6400,0.4,False,,,
e1/W/R4/51,W,4,quadruplet,51200,0.9,False,,,
e1/W/R4/51,W,4,quintuplet,800,0.3,False,,,
e1/W/R4/51,W,4,quintuplet,6400,0.7,False,,,
e1/W/R4/51,W,4,quintuplet,51200,1.0,False,,,
e1/W/R4/52,W,4,quadruplet,800,0.0,False,,,
e1/W/R4/52,W,4,quadruplet,6400,0.0,False,,,
e1/W/R4/52,W,4,quadruplet,51200,0.0,False,,,
e1/W/R4/52,W,4,quintuplet,800,0.0,False,,,
e1/W/R4/52,W,4,quintuplet,6400,0.0,False,,,
e1/W/R4/52,W,4,quintuplet,51200,0.0,False,,,
e1/W/R4/53,W,4,quadruplet,800,0.0,False,,,
e1/W/R4/53,W,4,quadruplet,6400,0.0,False,,,
e1/W/R4/53,W,4,quadruplet,51200,0.0,False,,,
e1/W/R4/53,W,4,quintuplet,800,0.0,False,,,
e1/W/R4/53,W,4,quintuplet,6400,0.1,False,,,
e1/W/R4/53,W,4,quintuplet,51200,0.0,False,,,
e1/W/R4/54,W,4,quadruplet,800,0.0,False,,,
e1/W/R4/54,W,4,quadruplet,6400,0.2,False,,,
e1/W/R4/54,W,4,quadruplet,51200,0.4,False,,,
e1/W/R4/54,W,4,quintuplet,800,0.0,False,,,
e1/W/R4/54,W,4,quintuplet,6400,0.2,False,,,
e1/W/R4/54,W,4,quintuplet,51200,0.1,False,,,
e1/W/R4/55,W,4,quadruplet,800,0.0,False,,,
e1/W/R4/55,W,4,quadruplet,6400,0.0,False,,,
e1/W/R4/55,W,4,quadruplet,51200,0.0,False,,,
e1/W/R4/55,W,4,quintuplet,800,0.0,False,,,
e1/W/R4/55,W,4,quintuplet,6400,0.2,False,,,
e1/W/R4/55,W,4,quintuplet,51200,0.4,False,,,
e1/W/R4/56,W,4,quadruplet,800,0.0,True,False,,
e1/W/R4/56,W,4,quadruplet,6400,0.0,True,False,,
e1/W/R4/56,W,4,quadruplet,51200,0.0,True,False,,
e1/W/R4/56,W,4,quintuplet,800,0.0,True,False,,
e1/W/R4/56,W,4,quintuplet,6400,0.0,True,False,,
e1/W/R4/56,W,4,quintuplet,51200,0.0,True,False,,
e1/W/R4/57,W,4,quadruplet,800,0.0,False,,,
e1/W/R4/57,W,4,quadruplet,6400,0.2,False,,,
e1/W/R4/57,W,4,quadruplet,51200,0.0,False,,,
e1/W/R4/57,W,4,quintuplet,800,0.0,False,,,
e1/W/R4/57,W,4,quintuplet,6400,0.3,False,,,
e1/W/R4/57,W,4,quintuplet,51200,0.9,False,,,
e1/W/R4/58,W,4,quadruplet,800,0.1,False,,,
e1/W/R4/58,W,4,quadruplet,6400,0.3,False,,,
e1/W/R4/58,W,4,quadruplet,51200,0.3,False,,,
e1/W/R4/58,W,4,quintuplet,800,0.1,False,,,
e1/W/R4/58,W,4,quintuplet,6400,0.6,False,,,
e1/W/R4/58,W,4,quintuplet,51200,0.7,False,,,
e1/W/R4/59,W,4,quadruplet,800,0.0,True,False,,
e1/W/R4/59,W,4,quadruplet,6400,0.0,True,False,,
e1/W/R4/59,W,4,quadruplet,51200,0.0,True,False,,
e1/W/R4/59,W,4,quintuplet,800,0.0,True,False,,
e1/W/R4/59,W,4,quintuplet,6400,0.0,True,False,,
e1/W/R4/59,W,4,quintuplet,51200,0.0,True,False,,
e1/W/R4/6,W,4,quadruplet,800,0.1,True,True,1.0454902491018725e-06,0.000836392199281498
e1/W/R4/6,W,4,quadruplet,6400,0.2,True,True,1.0454902491018725e-06,0.006691137594251984
e1/W/R4/6,W,4,quadruplet,51200,0.7,True,True,1.0454902491018725e-06,0.053529100754015874
e1/W/R4/6,W,4,quintuplet,800,0.1,True,True,1.8260517270765207e-05,0.014608413816612166
e1/W/R4/6,W,4,quintuplet,6400,0.4,True,True,1.8260517270765207e-05,0.11686731053289733
e1/W/R4/6,W,4,quintuplet,51200,0.9,True,True,1.8260517270765207e-05,0.9349384842631786
e1/W/R4/6,W,4,random,800,0.0,True,False,,
e1/W/R4/6,W,4,random,6400,0.0,True,False,,
e1/W/R4/6,W,4,random,51200,0.0,True,False,,
e1/W/R4/60,W,4,quadruplet,800,0.4,True,True,1.575582874110155e-05,0.01260466299288124
e1/W/R4/60,W,4,quadruplet,6400,0.7,True,True,1.575582874110155e-05,0.10083730394304992
e1/W/R4/60,W,4,quadruplet,51200,1.0,True,True,1.575582874110155e-05,0.8066984315443994
e1/W/R4/60,W,4,quintuplet,800,0.4,True,True,8.343704074517517e-06,0.006674963259614013
e1/W/R4/60,W,4,quintuplet,6400,0.6,True,True,8.343704074517517e-06,0.05339970607691211
e1/W/R4/60,W,4,quintuplet,51200,0.9,True,True,8.343704074517517e-06,0.42719764861529685
e1/W/R4/61,W,4,quadruplet,800,0.0,True,False,,
e1/W/R4/61,W,4,quadruplet,6400,0.0,True,False,,
e1/W/R4/61,W,4,quadruplet,51200,0.0,True,False,,
e1/W/R4/61,W,4,quintuplet,800,0.0,True,False,,
e1/W/R4/61,W,4,quintuplet,6400,0.0,True,False,,
e1/W/R4/61,W,4,quintuplet,51200,0.0,True,False,,
e1/W/R4/62,W,4,quadruplet,800,0.0,True,True,8.153945832820136e-06,0.006523156666256109
e1/W/R4/62,W,4,quadruplet,6400,0.7,True,True,8.153945832820136e-06,0.05218525333004887
e1/W/R4/62,W,4,quadruplet,51200,1.0,True,True,8.153945832820136e-06,0.41748202664039097
e1/W/R4/62,W,4,quintuplet,800,0.0,True,False,,
e1/W/R4/62,W,4,quintuplet,6400,0.2,True,False,,
e1/W/R4/62,W,4,quintuplet,51200,0.3,True,False,,
e1/W/R4/63,W,4,quadruplet,800,0.0,True,False,,
e1/W/R4/63,W,4,quadruplet,6400,0.0,True,False,,
e1/W/R4/63,W,4,quadruplet,51200,0.0,True,False,,
e1/W/R4/63,W,4,quintuplet,800,0.0,True,False,,
e1/W/R4/63,W,4,quintuplet,6400,0.0,True,False,,
e1/W/R4/63,W,4,quintuplet,51200,0.0,True,False,,
e1/W/R4/64,W,4,quadruplet,800,0.0,False,,,
e1/W/R4/64,W,4,quadruplet,6400,0.0,False,,,
e1/W/R4/64,W,4,quadruplet,51200,0.0,False,,,
e1/W/R4/64,W,4,quintuplet,800,0.0,False,,,
e1/W/R4/64,W,4,quintuplet,6400,0.0,False,,,
e1/W/R4/64,W,4,quintuplet,51200,0.0,False,,,
e1/W/R4/65,W,4,quadruplet,800,0.0,False,,,
e1/W/R4/65,W,4,quadruplet,6400,0.0,False,,,
e1/W/R4/65,W,4,quadruplet,51200,0.0,False,,,
e1/W/R4/65,W,4,quintuplet,800,0.0,False,,,
e1/W/R4/65,W,4,quintuplet,6400,0.1,False,,,
e1/W/R4/65,W,4,quintuplet,51200,0.0,False,,,
e1/W/R4/66,W,4,quadruplet,800,0.0,False,,,
e1/W/R4/66,W,4,quadruplet,6400,0.1,False,,,
e1/W/R4/66,W,4,quadruplet,51200,0.0,False,,,
e1/W/R4/66,W,4,quintuplet,800,0.0,False,,,
e1/W/R4/66,W,4,quintuplet,6400,0.3,False,,,
e1/W/R4/66,W,4,quintuplet,51200,1.0,False,,,
e1/W/R4/67,W,4,quadruplet,800,0.0,False,,,
e1/W/R4/67,W,4,quadruplet,6400,0.2,False,,,
e1/W/R4/67,W,4,quadruplet,51200,0.4,False,,,
e1/W/R4/67,W,4,quintuplet,800,0.2,False,,,
e1/W/R4/67,W,4,quintuplet,6400,0.6,False,,,
e1/W/R4/67,W,4,quintuplet,51200,1.0,False,,,
e1/W/R4/68,W,4,quadruplet,800,0.0,False,,,
e1/W/R4/68,W,4,quadruplet,6400,0.0,False,,,
e1/W/R4/68,W,4,quadruplet,51200,0.0,False,,,
e1/W/R4/68,W,4,quintuplet,800,0.0,False,,,
e1/W/R4/68,W,4,quintuplet,6400,0.0,False,,,
e1/W/R4/68,W,4,quintuplet,51200,0.0,False,,,
e1/W/R4/69,W,4,quadruplet,800,0.1,True,False,,
e1/W/R4/69,W,4,quadruplet,6400,0.1,True,False,,
e1/W/R4/69,W,4,quadruplet,51200,0.1,True,False,,
e1/W/R4/69,W,4,quintuplet,800,0.0,True,False,,
e1/W/R4/69,W,4,quintuplet,6400,0.2,True,False,,
e1/W/R4/69,W,4,quintuplet,51200,0.4,True,False,,
e1/W/R4/7,W,4,quadruplet,800,0.0,True,False,,
e1/W/R4/7,W,4,quadruplet,6400,0.1,True,False,,
e1/W/R4/7,W,4,quadruplet,51200,0.0,True,False,,
e1/W/R4/7,W,4,quintuplet,800,0.0,True,True,3.69431830065566e-06,0.002955454640524528
e1/W/R4/7,W,4,quintuplet,6400,0.3,True,True,3.69431830065566e-06,0.023643637124196225
e1/W/R4/7,W,4,quintuplet,51200,0.9,True,True,3.69431830065566e-06,0.1891490969935698
e1/W/R4/7,W,4,random,800,0.0,True,False,,
e1/W/R4/7,W,4,random,6400,0.0,True,False,,
e1/W/R4/7,W,4,random,51200,0.0,True,False,,
e1/W/R4/70,W,4,quadruplet,800,0.7,True,True,1.95869178222117e-05,0.01566953425776936
e1/W/R4/70,W,4,quadruplet,6400,1.0,True,True,1.95869178222117e-05,0.12535627406215488
e1/W/R4/70,W,4,quadruplet,51200,1.0,True,True,1.95869178222117e-05,1.002850192497239
e1/W/R4/70,W,4,quintuplet,800,0.4,True,True,1.4999516073272656e-05,0.011999612858618124
e1/W/R4/70,W,4,quintuplet,6400,1.0,True,True,1.4999516073272656e-05,0.095996902868945
e1/W/R4/70,W,4,quintuplet,51200,1.0,True,True,1.4999516073272656e-05,0.76797522295156
e1/W/R4/71,W,4,quadruplet,800,0.0,True,False,,
e1/W/R4/71,W,4,quadruplet,6400,0.0,True,False,,
e1/W/R4/71,W,4,quadruplet,51200,0.0,True,False,,
e1/W/R4/71,W,4,quintuplet,800,0.1,True,False,,
e1/W/R4/71,W,4,quintuplet,6400,0.0,True,False,,
e1/W/R4/71,W,4,quintuplet,51200,0.0,True,False,,
e1/W/R4/72,W,4,quadruplet,800,0.2,False,,,
e1/W/R4/72,W,4,quadruplet,6400,1.0,False,,,
e1/W/R4/72,W,4,quadruplet,51200,1.0,False,,,
e1/W/R4/72,W,4,quintuplet,800,0.4,False,,,
e1/W/R4/72,W,4,quintuplet,6400,0.9,False,,,
e1/W/R4/72,W,4,quintuplet,51200,1.0,False,,,
e1/W/R4/73,W,4,quadruplet,800,0.0,False,,,
e1/W/R4/73,W,4,quadruplet,6400,0.4,False,,,
e1/W/R4/73,W,4,quadruplet,51200,1.0,False,,,
e1/W/R4/73,W,4,quintuplet,800,0.1,False,,,
e1/W/R4/73,W,4,quintuplet,6400,0.5,False,,,
e1/W/R4/73,W,4,quintuplet,51200,0.2,False,,,
e1/W/R4/74,W,4,quadruplet,800,0.2,False,,,
e1/W/R4/74,W,4,quadruplet,6400,0.7,False,,,
e1/W/R4/74,W,4,quadruplet,51200,0.6,False,,,
e1/W/R4/74,W,4,quintuplet,800,0.2,False,,,
e1/W/R4/74,W,4,quintuplet,6400,1.0,False,,,
e1/W/R4/74,W,4,quintuplet,51200,1.0,False,,,
e1/W/R4/75,W,4,quadruplet,800,0.0,False,,,
e1/W/R4/75,W,4,quadruplet,6400,0.0,False,,,
e1/W/R4/75,W,4,quadruplet,51200,0.0,False,,,
e1/W/R4/75,W,4,quintuplet,800,0.0,False,,,
e1/W/R4/75,W,4,quintuplet,6400,0.0,False,,,
e1/W/R4/75,W,4,quintuplet,51200,0.0,False,,,
e1/W/R4/76,W,4,quadruplet,800,0.1,True,False,,
e1/W/R4/76,W,4,quadruplet,6400,0.2,True,False,,
e1/W/R4/76,W,4,quadruplet,51200,0.1,True,False,,
e1/W/R4/76,W,4,quintuplet,800,0.1,True,False,,
e1/W/R4/76,W,4,quintuplet,6400,0.2,True,False,,
e1/W/R4/76,W,4,quintuplet,51200,0.3,True,False,,
e1/W/R4/77,W,4,quadruplet,800,0.7,True,True,1.5296624431490876e-05,0.012237299545192702
e1/W/R4/77,W,4,quadruplet,6400,1.0,True,True,1.5296624431490876e-05,0.09789839636154161
e1/W/R4/77,W,4,quadruplet,51200,1.0,True,True,1.5296624431490876e-05,0.7831871708923329
e1/W/R4/77,W,4,quintuplet,800,0.6,True,True,1.060629753966497e-05,0.008485038031731975
e1/W/R4/77,W,4,quintuplet,6400,1.0,True,True,1.060629753966497e-05,0.0678803042538558
e1/W/R4/77,W,4,quintuplet,51200,1.0,True,True,1.060629753966497e-05,0.5430424340308464
e1/W/R4/78,W,4,quadruplet,800,0.0,False,,,
e1/W/R4/78,W,4,quadruplet,6400,0.0,False,,,
e1/W/R4/78,W,4,quadruplet,51200,0.0,False,,,
e1/W/R4/78,W,4,quintuplet,800,0.0,False,,,
e1/W/R4/78,W,4,quintuplet,6400,0.0,False,,,
e1/W/R4/78,W,4,quintuplet,51200,0.0,False,,,
e1/W/R4/79,W,4,quadruplet,800,0.4,True,True,3.410308505710337e-05,0.027282468045682698
e1/W/R4/79,W,4,quadruplet,6400,1.0,True,True,3.410308505710337e-05,0.21825974436546158
e1/W/R4/79,W,4,quadruplet,51200,1.0,True,True,3.410308505710337e-05,1.7460779549236927
e1/W/R4/79,W,4,quintuplet,800,0.2,True,True,1.8648007569598975e-05,0.01491840605567918
e1/W/R4/79,W,4,quintuplet,6400,1.0,True,True,1.8648007569598975e-05,0.11934724844543344
e1/W/R4/79,W,4,quintuplet,51200,1.0,True,True,1.8648007569598975e-05,0.9547779875634675
e1/W/R4/8,W,4,quadruplet,800,0.0,True,True,8.766402455448931e-07,0.0007013121964359145
e1/W/R4/8,W,4,quadruplet,6400,0.1,True,True,8.766402455448931e-07,0.005610497571487316
e1/W/R4/8,W,4,quadruplet,51200,0.7,True,True,8.766402455448931e-07,0.044883980571898525
e1/W/R4/8,W,4,quintuplet,800,0.0,True,True,1.848484147016738e-06,0.0014787873176133903
e1/W/R4/8,W,4,quintuplet,6400,0.3,True,True,1.848484147016738e-06,0.011830298540907122
e1/W/R4/8,W,4,quintuplet,51200,0.9,True,True,1.848484147016738e-06,0.09464238832725698
e1/W/R4/8,W,4,random,800,0.0,True,False,,
e1/W/R4/8,W,4,random,6400,0.0,True,False,,
e1/W/R4/8,W,4,random,51200,0.0,True,False,,
e1/W/R4/80,W,4,quadruplet,800,0.4,False,,,
e1/W/R4/80,W,4,quadruplet,6400,1.0,False,,,
e1/W/R4/80,W,4,quadruplet,51200,1.0,False,,,
e1/W/R4/80,W,4,quintuplet,800,0.6,False,,,
e1/W/R4/80,W,4,quintuplet,6400,0.9,False,,,
e1/W/R4/80,W,4,quintuplet,51200,1.0,False,,,
e1/W/R4/81,W,4,quadruplet,800,0.0,False,,,
e1/W/R4/81,W,4,quadruplet,6400,0.0,False,,,
e1/W/R4/81,W,4,quadruplet,51200,0.0,False,,,
e1/W/R4/81,W,4,quintuplet,800,0.0,False,,,
e1/W/R4/81,W,4,quintuplet,6400,0.1,False,,,
e1/W/R4/81,W,4,quintuplet,51200,0.0,False,,,
e1/W/R4/82,W,4,quadruplet,800,0.0,True,False,,
e1/W/R4/82,W,4,quadruplet,6400,0.1,True,False,,
e1/W/R4/82,W,4,quadruplet,51200,0.2,True,False,,
e1/W/R4/82,W,4,quintuplet,800,0.0,True,False,,
e1/W/R4/82,W,4,quintuplet,6400,0.0,True,False,,
e1/W/R4/82,W,4,quintuplet,51200,0.1,True,False,,
e1/W/R4/83,W,4,quadruplet,800,0.0,True,False,,
e1/W/R4/83,W,4,quadruplet,6400,0.0,True,False,,
e1/W/R4/83,W,4,quadruplet,51200,0.0,True,False,,
e1/W/R4/83,W,4,quintuplet,800,0.0,True,False,,
e1/W/R4/83,W,4,quintuplet,6400,0.0,True,False,,
e1/W/R4/83,W,4,quintuplet,51200,0.0,True,False,,
e1/W/R4/84,W,4,quadruplet,800,0.6,False,,,
e1/W/R4/84,W,4,quadruplet,6400,0.9,False,,,
e1/W/R4/84,W,4,quadruplet,51200,1.0,False,,,
e1/W/R4/84,W,4,quintuplet,800,0.5,False,,,
e1/W/R4/84,W,4,quintuplet,6400,0.7,False,,,
e1/W/R4/84,W,4,quintuplet,51200,1.0,False,,,
e1/W/R4/85,W,4,quadruplet,800,0.5,True,True,1.3849842680490548e-05,0.011079874144392439
e1/W/R4/85,W,4,quadruplet,6400,1.0,True,True,1.3849842680490548e-05,0.08863899315513951
e1/W/R4/85,W,4,quadruplet,51200,1.0,True,True,1.3849842680490548e-05,0.7091119452411161
e1/W/R4/85,W,4,quintuplet,800,0.5,True,True,8.459831102017603e-06,0.006767864881614082
e1/W/R4/85,W,4,quintuplet,6400,1.0,True,True,8.459831102017603e-06,0.05414291905291266
e1/W/R4/85,W,4,quintuplet,51200,1.0,True,True,8.459831102017603e-06,0.43314335242330126
e1/W/R4/86,W,4,quadruplet,800,0.1,True,True,2.404512828219174e-07,0.00019236102625753393
e1/W/R4/86,W,4,quadruplet,6400,0.2,True,True,2.404512828219174e-07,0.0015388882100602715
e1/W/R4/86,W,4,quadruplet,51200,0.8,True,True,2.404512828219174e-07,0.012311105680482172
e1/W/R4/86,W,4,quintuplet,800,0.1,True,True,3.7510215746063807e-07,0.00030008172596851046
e1/W/R4/86,W,4,quintuplet,6400,0.7,True,True,3.7510215746063807e-07,0.0024006538077480837
e1/W/R4/86,W,4,quintuplet,51200,0.7,True,True,3.7510215746063807e-07,0.01920523046198467
e1/W/R4/87,W,4,quadruplet,800,0.0,False,,,
e1/W/R4/87,W,4,quadruplet,6400,0.0,False,,,
e1/W/R4/87,W,4,quadruplet,51200,0.0,False,,,
e1/W/R4/87,W,4,quintuplet,800,0.1,False,,,
e1/W/R4/87,W,4,quintuplet,6400,0.4,False,,,
e1/W/R4/87,W,4,quintuplet,51200,0.4,False,,,
e1/W/R4/88,W,4,quadruplet,800,0.1,True,False,,
e1/W/R4/88,W,4,quadruplet,6400,0.3,True,False,,
e1/W/R4/88,W,4,quadruplet,51200,0.4,True,False,,
e1/W/R4/88,W,4,quintuplet,800,0.1,True,True,1.5950604820468259e-06,0.0012760483856374607
e1/W/R4/88,W,4,quintuplet,6400,0.6,True,True,1.5950604820468259e-06,0.010208387085099685
e1/W/R4/88,W,4,quintuplet,51200,1.0,True,True,1.5950604820468259e-06,0.08166709668079748
e1/W/R4/89,W,4,quadruplet,800,0.0,False,,,
e1/W/R4/89,W,4,quadruplet,6400,0.3,False,,,
e1/W/R4/89,W,4,quadruplet,51200,0.1,False,,,
e1/W/R4/89,W,4,quintuplet,800,0.2,False,,,
e1/W/R4/89,W,4,quintuplet,6400,0.7,False,,,
e1/W/R4/89,W,4,quintuplet,51200,0.6,False,,,
e1/W/R4/9,W,4,quadruplet,800,0.0,False,,,
e1/W/R4/9,W,4,quadruplet,6400,0.0,False,,,
e1/W/R4/9,W,4,quadruplet,51200,0.0,False,,,
e1/W/R4/9,W,4,quintuplet,800,0.0,False,,,
e1/W/R4/9,W,4,quintuplet,6400,0.0,False,,,
e1/W/R4/9,W,4,quintuplet,51200,0.0,False,,,
e1/W/R4/9,W,4,random,800,0.0,False,,,
e1/W/R4/9,W,4,random,6400,0.0,False,,,
e1/W/R4/9,W,4,random,51200,0.0,False,,,
e1/W/R4/90,W,4,quadruplet,800,0.0,True,False,,
e1/W/R4/90,W,4,quadruplet,6400,0.0,True,False,,
e1/W/R4/90,W,4,quadruplet,51200,0.0,True,False,,
e1/W/R4/90,W,4,quintuplet,800,0.0,True,False,,
e1/W/R4/90,W,4,quintuplet,6400,0.0,True,False,,
e1/W/R4/90,W,4,quintuplet,51200,0.0,True,False,,
e1/W/R4/91,W,4,quadruplet,800,0.1,True,False,,
e1/W/R4/91,W,4,quadruplet,6400,0.0,True,False,,
e1/W/R4/91,W,4,quadruplet,51200,0.0,True,False,,
e1/W/R4/91,W,4,quintuplet,800,0.1,True,False,,
e1/W/R4/91,W,4,quintuplet,6400,0.0,True,False,,
e1/W/R4/91,W,4,quintuplet,51200,0.0,True,False,,
e1/W/R4/92,W,4,quadruplet,800,0.8,True,True,1.855980051735527e-05,0.014847840413884216
e1/W/R4/92,W,4,quadruplet,6400,1.0,True,True,1.855980051735527e-05,0.11878272331107373
e1/W/R4/92,W,4,quadruplet,51200,1.0,True,True,1.855980051735527e-05,0.9502617864885898
e1/W/R4/92,W,4,quintuplet,800,0.7,True,True,1.5637317718016565e-05,0.012509854174413252
e1/W/R4/92,W,4,quintuplet,6400,1.0,True,True,1.5637317718016565e-05,0.10007883339530602
e1/W/R4/92,W,4,quintuplet,51200,1.0,True,True,1.5637317718016565e-05,0.8006306671624481
e1/W/R4/93,W,4,quadruplet,800,0.0,False,,,
e1/W/R4/93,W,4,quadruplet,6400,0.5,False,,,
e1/W/R4/93,W,4,quadruplet,51200,0.5,False,,,
e1/W/R4/93,W,4,quintuplet,800,0.0,False,,,
e1/W/R4/93,W,4,quintuplet,6400,0.5,False,,,
e1/W/R4/93,W,4,quintuplet,51200,0.8,False,,,
e1/W/R4/94,W,4,quadruplet,800,0.0,False,,,
e1/W/R4/94,W,4,quadruplet,6400,0.1,False,,,
e1/W/R4/94,W,4,quadruplet,51200,0.1,False,,,
e1/W/R4/94,W,4,quintuplet,800,0.0,False,,,
e1/W/R4/94,W,4,quintuplet,6400,0.1,False,,,
e1/W/R4/94,W,4,quintuplet,51200,0.1,False,,,
e1/W/R4/95,W,4,quadruplet,800,0.0,True,False,,
e1/W/R4/95,W,4,quadruplet,6400,0.0,True,False,,
e1/W/R4/95,W,4,quadruplet,51200,0.0,True,False,,
e1/W/R4/95,W,4,quintuplet,800,0.0,True,False,,
e1/W/R4/95,W,4,quintuplet,6400,0.0,True,False,,
e1/W/R4/95,W,4,quintuplet,51200,0.0,True,False,,
e1/W/R4/96,W,4,quadruplet,800,0.1,True,False,,
e1/W/R4/96,W,4,quadruplet,6400,0.0,True,False,,
e1/W/R4/96,W,4,quadruplet,51200,0.0,True,False,,
e1/W/R4/96,W,4,quintuplet,800,0.2,True,True,2.8626704363914555e-07,0.00022901363491131644
e1/W/R4/96,W,4,quintuplet,6400,0.7,True,True,2.8626704363914555e-07,0.0018321090792905316
e1/W/R4/96,W,4,quintuplet,51200,0.6,True,True,2.8626704363914555e-07,0.014656872634324252
e1/W/R4/97,W,4,quadruplet,800,0.0,False,,,
e1/W/R4/97,W,4,quadruplet,6400,0.0,False,,,
e1/W/R4/97,W,4,quadruplet,51200,0.0,False,,,
e1/W/R4/97,W,4,quintuplet,800,0.1,False,,,
e1/W/R4/97,W,4,quintuplet,6400,0.1,False,,,
e1/W/R4/97,W,4,quintuplet,51200,0.5,False,,,
e1/W/R4/98,W,4,quadruplet,800,0.5,True,True,1.2133432041438794e-05,0.009706745633151034
e1/W/R4/98,W,4,quadruplet,6400,1.0,True,True,1.2133432041438794e-05,0.07765396506520827
e1/W/R4/98,W,4,quadruplet,51200,1.0,True,True,1.2133432041438794e-05,0.6212317205216662
e1/W/R4/98,W,4,quintuplet,800,0.5,True,True,1.1730702063439205e-05,0.009384561650751364
e1/W/R4/98,W,4,quintuplet,6400,1.0,True,True,1.1730702063439205e-05,0.07507649320601091
e1/W/R4/98,W,4,quintuplet,51200,1.0,True,True,1.1730702063439205e-05,0.6006119456480873
e1/W/R4/99,W,4,quadruplet,800,0.0,False,,,
e1/W/R4/99,W,4,quadruplet,6400,0.0,False,,,
e1/W/R4/99,W,4,quadruplet,51200,0.0,False,,,
e1/W/R4/99,W,4,quintuplet,800,0.1,False,,,
e1/W/R4/99,W,4,quintuplet,6400,0.0,False,,,
e1/W/R4/99,W,4,quintuplet,51200,0.0,False,,,
e1/W/R5/0,W,5,quadruplet,800,0.0,True,True,1.6046146384910286e-06,0.0012836917107928228
e1/W/R5/0,W,5,quadruplet,6400,0.4,True,True,1.6046146384910286e-06,0.010269533686342583
e1/W/R5/0,W,5,quadruplet,51200,0.7,True,True,1.6046146384910286e-06,0.08215626949074066
e1/W/R5/0,W,5,quintuplet,800,0.1,True,True,9.617431352387952e-07,0.0007693945081910362
e1/W/R5/0,W,5,quintuplet,6400,0.4,True,True,9.617431352387952e-07,0.0061551560655282896
e1/W/R5/0,W,5,quintuplet,51200,0.8,True,True,9.617431352387952e-07,0.049241248524226316
e1/W/R5/0,W,5,random,800,0.0,True,False,,
e1/W/R5/0,W,5,random,6400,0.0,True,False,,
e1/W/R5/0,W,5,random,51200,0.0,True,False,,
e1/W/R5/1,W,5,quadruplet,800,0.0,False,,,
e1/W/R5/1,W,5,quadruplet,6400,0.0,False,,,
e1/W/R5/1,W,5,quadruplet,51200,0.0,False,,,
e1/W/R5/1,W,5,quintuplet,800,0.0,False,,,
e1/W/R5/1,W,5,quintuplet,6400,0.0,False,,,
e1/W/R5/1,W,5,quintuplet,51200,0.0,False,,,
e1/W/R5/1,W,5,random,800,0.0,False,,,
e1/W/R5/1,W,5,random,6400,0.0,False,,,
e1/W/R5/1,W,5,random,51200,0.0,False,,,
e1/W/R5/10,W,5,quadruplet,800,0.0,False,,,
e1/W/R5/10,W,5,quadruplet,6400,0.0,False,,,
e1/W/R5/10,W,5,quadruplet,51200,0.0,False,,,
e1/W/R5/10,W,5,quintuplet,800,0.0,False,,,
e1/W/R5/10,W,5,quintuplet,6400,0.0,False,,,
e1/W/R5/10,W,5,quintuplet,51200,0.0,False,,,
e1/W/R5/11,W,5,quadruplet,800,0.1,True,True,9.338586526421e-08,7.4708692211368e-05
e1/W/R5/11,W,5,quadruplet,6400,0.6,True,True,9.338586526421e-08,0.000597669537690944
e1/W/R5/11,W,5,quadruplet,51200,0.9,True,True,9.338586526421e-08,0.004781356301527552
e1/W/R5/11,W,5,quintuplet,800,0.2,True,True,1.4699504053114738e-07,0.0001175960324249179
e1/W/R5/11,W,5,quintuplet,6400,0.4,True,True,1.4699504053114738e-07,0.0009407682593993432
e1/W/R5/11,W,5,quintuplet,51200,1.0,True,True,1.4699504053114738e-07,0.0075261460751947454
e1/W/R5/12,W,5,quadruplet,800,0.0,True,False,,
e1/W/R5/12,W,5,quadruplet,6400,0.0,True,False,,
e1/W/R5/12,W,5,quadruplet,51200,0.0,True,False,,
e1/W/R5/12,W,5,quintuplet,800,0.0,True,False,,
e1/W/R5/12,W,5,quintuplet,6400,0.0,True,False,,
e1/W/R5/12,W,5,quintuplet,51200,0.1,True,False,,
e1/W/R5/13,W,5,quadruplet,800,0.0,True,False,,
e1/W/R5/13,W,5,quadruplet,6400,0.0,True,False,,
e1/W/R5/13,W,5,quadruplet,51200,0.0,True,False,,
e1/W/R5/13,W,5,quintuplet,800,0.1,True,True,3.913651348410866e-06,0.0031309210787286925
e1/W/R5/13,W,5,quintuplet,6400,0.8,True,True,3.913651348410866e-06,0.02504736862982954
e1/W/R5/13,W,5,quintuplet,51200,1.0,True,True,3.913651348410866e-06,0.20037894903863632
e1/W/R5/14,W,5,quadruplet,800,0.5,True,True,9.952099922323715e-07,0.0007961679937858972
e1/W/R5/14,W,5,quadruplet,6400,0.7,True,True,9.952099922323715e-07,0.0063693439502871775
e1/W/R5/14,W,5,quadruplet,51200,1.0,True,True,9.952099922323715e-07,0.05095475160229742
e1/W/R5/14,W,5,quintuplet,800,0.2,True,True,7.137275171852285e-07,0.0005709820137481829
e1/W/R5/14,W,5,quintuplet,6400,0.4,True,True,7.137275171852285e-07,0.004567856109985463
e1/W/R5/14,W,5,quintuplet,51200,0.9,True,True,7.137275171852285e-07,0.0365428488798837
e1/W/R5/15,W,5,quadruplet,800,0.7,True,True,3.107689027732204e-06,0.002486151222185763
e1/W/R5/15,W,5,quadruplet,6400,1.0,True,True,3.107689027732204e-06,0.019889209777486105
e1/W/R5/15,W,5,quadruplet,51200,1.0,True,True,3.107689027732204e-06,0.15911367821988884
e1/W/R5/15,W,5,quintuplet,800,0.3,True,True,1.4769156233692825e-06,0.001181532498695426
e1/W/R5/15,W,5,quintuplet,6400,0.8,True,True,1.4769156233692825e-06,0.009452259989563408
e1/W/R5/15,W,5,quintuplet,51200,1.0,True,True,1.4769156233692825e-06,0.07561807991650726
e1/W/R5/16,W,5,quadruplet,800,0.0,False,,,
e1/W/R5/16,W,5,quadruplet,6400,0.1,False,,,
e1/W/R5/16,W,5,quadruplet,51200,0.2,False,,,
e1/W/R5/16,W,5,quintuplet,800,0.0,False,,,
e1/W/R5/16,W,5,quintuplet,6400,0.1,False,,,
e1/W/R5/16,W,5,quintuplet,51200,0.1,False,,,
e1/W/R5/17,W,5,quadruplet,800,0.1,False,,,
e1/W/R5/17,W,5,quadruplet,6400,0.4,False,,,
e1/W/R5/17,W,5,quadruplet,51200,0.0,False,,,
e1/W/R5/17,W,5,quintuplet,800,0.0,False,,,
e1/W/R5/17,W,5,quintuplet,6400,0.5,False,,,
e1/W/R5/17,W,5,quintuplet,51200,0.4,False,,,
e1/W/R5/18,W,5,quadruplet,800,0.6,True,True,8.099650089119695e-06,0.006479720071295756
e1/W/R5/18,W,5,quadruplet,6400,1.0,True,True,8.099650089119695e-06,0.05183776057036605
e1/W/R5/18,W,5,quadruplet,51200,1.0,True,True,8.099650089119695e-06,0.4147020845629284
e1/W/R5/18,W,5,quintuplet,800,0.7,True,True,1.0718603394702624e-05,0.0085748827157621
e1/W/R5/18,W,5,quintuplet,6400,1.0,True,True,1.0718603394702624e-05,0.0685990617260968
e1/W/R5/18,W,5,quintuplet,51200,1.0,True,True,1.0718603394702624e-05,0.5487924938087744
e1/W/R5/19,W,5,quadruplet,800,0.0,True,False,,
e1/W/R5/19,W,5,quadruplet,6400,0.0,True,False,,
e1/W/R5/19,W,5,quadruplet,51200,0.0,True,False,,
e1/W/R5/19,W,5,quintuplet,800,0.0,True,True,1.7023574633674358e-07,0.00013618859706939485
e1/W/R5/19,W,5,quintuplet,6400,0.1,True,True,1.7023574633674358e-07,0.0010895087765551588
e1/W/R5/19,W,5,quintuplet,51200,0.4,True,True,1.7023574633674358e-07,0.00871607021244127
e1/W/R5/2,W,5,quadruplet,800,0.0,True,False,,
e1/W/R5/2,W,5,quadruplet,6400,0.0,True,False,,
e1/W/R5/2,W,5,quadruplet,51200,0.0,True,False,,
e1/W/R5/2,W,5,quintuplet,800,0.0,True,True,1.396142027472698e-07,0.00011169136219781583
e1/W/R5/2,W,5,quintuplet,6400,0.8,True,True,1.396142027472698e-07,0.0008935308975825267
e1/W/R5/2,W,5,quintuplet,51200,0.8,True,True,1.396142027472698e-07,0.007148247180660213
e1/W/R5/2,W,5,random,800,0.0,True,False,,
e1/W/R5/2,W,5,random,6400,0.0,True,False,,
e1/W/R5/2,W,5,random,51200,0.0,True,False,,
e1/W/R5/20,W,5,quadruplet,800,0.0,True,True,3.662881179769647e-06,0.0029303049438157173
e1/W/R5/20,W,5,quadruplet,6400,0.3,True,True,3.662881179769647e-06,0.02344243955052574
e1/W/R5/20,W,5,quadruplet,51200,0.8,True,True,3.662881179769647e-06,0.1875395164042059
e1/W/R5/20,W,5,quintuplet,800,0.0,True,True,5.684400691349696e-06,0.004547520553079757
e1/W/R5/20,W,5,quintuplet,6400,0.2,True,True,5.684400691349696e-06,0.03638016442463805
e1/W/R5/20,W,5,quintuplet,51200,0.8,True,True,5.684400691349696e-06,0.2910413153971044
e1/W/R5/21,W,5,quadruplet,800,0.0,False,,,
e1/W/R5/21,W,5,quadruplet,6400,0.0,False,,,
e1/W/R5/21,W,5,quadruplet,51200,0.0,False,,,
e1/W/R5/21,W,5,quintuplet,800,0.0,False,,,
e1/W/R5/21,W,5,quintuplet,6400,0.0,False,,,
e1/W/R5/21,W,5,quintuplet,51200,0.0,False,,,
e1/W/R5/22,W,5,quadruplet,800,0.0,True,False,,
e1/W/R5/22,W,5,quadruplet,6400,0.0,True,False,,
e1/W/R5/22,W,5,quadruplet,51200,0.0,True,False,,
e1/W/R5/22,W,5,quintuplet,800,0.0,True,False,,
e1/W/R5/22,W,5,quintuplet,6400,0.0,True,False,,
e1/W/R5/22,W,5,quintuplet,51200,0.0,True,False,,
e1/W/R5/23,W,5,quadruplet,800,0.3,True,False,,
e1/W/R5/23,W,5,quadruplet,6400,0.1,True,False,,
e1/W/R5/23,W,5,quadruplet,51200,0.0,True,False,,
e1/W/R5/23,W,5,quintuplet,800,0.5,True,True,8.016710850932497e-07,0.0006413368680745998
e1/W/R5/23,W,5,quintuplet,6400,0.9,True,True,8.016710850932497e-07,0.005130694944596798
e1/W/R5/23,W,5,quintuplet,51200,1.0,True,True,8.016710850932497e-07,0.041045559556774386
e1/W/R5/24,W,5,quadruplet,800,0.0,True,False,,
e1/W/R5/24,W,5,quadruplet,6400,0.0,True,False,,
e1/W/R5/24,W,5,quadruplet,51200,0.0,True,False,,
e1/W/R5/24,W,5,quintuplet,800,0.0,True,False,,
e1/W/R5/24,W,5,quintuplet,6400,0.0,True,False,,
e1/W/R5/24,W,5,quintuplet,51200,0.0,True,False,,
e1/W/R5/25,W,5,quadruplet,800,1.0,True,True,1.582111001221473e-05,0.012656888009771784
e1/W/R5/25,W,5,quadruplet,6400,1.0,True,True,1.582111001221473e-05,0.10125510407817427
e1/W/R5/25,W,5,quadruplet,51200,1.0,True,True,1.582111001221473e-05,0.8100408326253942
e1/W/R5/25,W,5,quintuplet,800,0.6,True,True,1.652562173002183e-05,0.013220497384017465
e1/W/R5/25,W,5,quintuplet,6400,1.0,True,True,1.652562173002183e-05,0.10576397907213972
e1/W/R5/25,W,5,quintuplet,51200,1.0,True,True,1.652562173002183e-05,0.8461118325771178
e1/W/R5/26,W,5,quadruplet,800,0.0,True,True,4.319927045418862e-06,0.0034559416363350894
e1/W/R5/26,W,5,quadruplet,6400,0.3,True,True,4.319927045418862e-06,0.027647533090680715
e1/W/R5/26,W,5,quadruplet,51200,0.9,True,True,4.319927045418862e-06,0.22118026472544572
e1/W/R5/26,W,5,quintuplet,800,0.1,True,True,7.582937977411375e-07,0.00060663503819291
e1/W/R5/26,W,5,quintuplet,6400,0.2,True,True,7.582937977411375e-07,0.00485308030554328
e1/W/R5/26,W,5,quintuplet,51200,0.8,True,True,7.582937977411375e-07,0.03882464244434624
e1/W/R5/27,W,5,quadruplet,800,0.0,False,,,
e1/W/R5/27,W,5,quadruplet,6400,0.0,False,,,
e1/W/R5/27,W,5,quadruplet,51200,0.0,False,,,
e1/W/R5/27,W,5,quintuplet,800,0.0,False,,,
e1/W/R5/27,W,5,quintuplet,6400,0.0,False,,,
e1/W/R5/27,W,5,quintuplet,51200,0.0,False,,,
e1/W/R5/28,W,5,quadruplet,800,0.1,True,True,1.7935370028773106e-06,0.0014348296023018485
e1/W/R5/28,W,5,quadruplet,6400,0.6,True,True,1.7935370028773106e-06,0.011478636818414788
e1/W/R5/28,W,5,quadruplet,51200,0.9,True,True,1.7935370028773106e-06,0.0918290945473183
e1/W/R5/28,W,5,quintuplet,800,0.0,True,True,3.1645523195360195e-06,0.0025316418556288155
e1/W/R5/28,W,5,quintuplet,6400,0.4,True,True,3.1645523195360195e-06,0.020253134845030524
e1/W/R5/28,W,5,quintuplet,51200,0.9,True,True,3.1645523195360195e-06,0.1620250787602442
e1/W/R5/29,W,5,quadruplet,800,0.1,False,,,
e1/W/R5/29,W,5,quadruplet,6400,0.0,False,,,
e1/W/R5/29,W,5,quadruplet,51200,0.0,False,,,
e1/W/R5/29,W,5,quintuplet,800,0.3,False,,,
e1/W/R5/29,W,5,quintuplet,6400,0.2,False,,,
e1/W/R5/29,W,5,quintuplet,51200,0.5,False,,,
e1/W/R5/3,W,5,quadruplet,800,0.0,False,,,
e1/W/R5/3,W,5,quadruplet,6400,0.0,False,,,
e1/W/R5/3,W,5,quadruplet,51200,0.0,False,,,
e1/W/R5/3,W,5,quintuplet,800,0.0,False,,,
e1/W/R5/3,W,5,quintuplet,6400,0.0,False,,,
e1/W/R5/3,W,5,quintuplet,51200,0.0,False,,,
e1/W/R5/3,W,5,random,800,0.0,False,,,
e1/W/R5/3,W,5,random,6400,0.0,False,,,
e1/W/R5/3,W,5,random,51200,0.0,False,,,
e1/W/R5/30,W,5,quadruplet,800,0.1,True,True,5.026965967100233e-06,0.004021572773680186
e1/W/R5/30,W,5,quadruplet,6400,0.7,True,True,5.026965967100233e-06,0.03217258218944149
e1/W/R5/30,W,5,quadruplet,51200,1.0,True,True,5.026965967100233e-06,0.2573806575155319
e1/W/R5/30,W,5,quintuplet,800,0.0,True,True,3.704566130317003e-06,0.0029636529042536023
e1/W/R5/30,W,5,quintuplet,6400,0.4,True,True,3.704566130317003e-06,0.02370922323402882
e1/W/R5/30,W,5,quintuplet,51200,1.0,True,True,3.704566130317003e-06,0.18967378587223055
e1/W/R5/31,W,5,quadruplet,800,0.0,False,,,
e1/W/R5/31,W,5,quadruplet,6400,0.0,False,,,
e1/W/R5/31,W,5,quadruplet,51200,0.0,False,,,
e1/W/R5/31,W,5,quintuplet,800,0.0,False,,,
e1/W/R5/31,W,5,quintuplet,6400,0.0,False,,,
e1/W/R5/31,W,5,quintuplet,51200,0.0,False,,,
e1/W/R5/32,W,5,quadruplet,800,0.7,True,True,1.3751323670511264e-05,0.01100105893640901
e1/W/R5/32,W,5,quadruplet,6400,1.0,True,True,1.3751323670511264e-05,0.08800847149127208
e1/W/R5/32,W,5,quadruplet,51200,1.0,True,True,1.3751323670511264e-05,0.7040677719301767
e1/W/R5/32,W,5,quintuplet,800,0.5,True,True,1.0004941590214892e-05,0.008003953272171915
e1/W/R5/32,W,5,quintuplet,6400,1.0,True,True,1.0004941590214892e-05,0.06403162617737532
e1/W/R5/32,W,5,quintuplet,51200,1.0,True,True,1.0004941590214892e-05,0.5122530094190025
e1/W/R5/33,W,5,quadruplet,800,0.4,True,True,6.375825396653357e-06,0.005100660317322686
e1/W/R5/33,W,5,quadruplet,6400,1.0,True,True,6.375825396653357e-06,0.04080528253858149
e1/W/R5/33,W,5,quadruplet,51200,1.0,True,True,6.375825396653357e-06,0.3264422603086519
e1/W/R5/33,W,5,quintuplet,800,0.1,True,True,3.5437676163623684e-06,0.0028350140930898946
e1/W/R5/33,W,5,quintuplet,6400,0.9,True,True,3.5437676163623684e-06,0.022680112744719157
e1/W/R5/33,W,5,quintuplet,51200,1.0,True,True,3.5437676163623684e-06,0.18144090195775325
e1/W/R5/34,W,5,quadruplet,800,0.0,True,True,3.496372666367006e-08,2.797098133093605e-05
e1/W/R5/34,W,5,quadruplet,6400,0.2,True,True,3.496372666367006e-08,0.0002237678506474884
e1/W/R5/34,W,5,quadruplet,51200,0.2,True,True,3.496372666367006e-08,0.0017901428051799071
e1/W/R5/34,W,5,quintuplet,800,0.0,True,True,4.523051924356852e-06,0.0036184415394854815
e1/W/R5/34,W,5,quintuplet,6400,0.4,True,True,4.523051924356852e-06,0.028947532315883852
e1/W/R5/34,W,5,quintuplet,51200,0.9,True,True,4.523051924356852e-06,0.23158025852707081
e1/W/R5/35,W,5,quadruplet,800,0.0,False,,,
e1/W/R5/35,W,5,quadruplet,6400,0.0,False,,,
e1/W/R5/35,W,5,quadruplet,51200,0.0,False,,,
e1/W/R5/35,W,5,quintuplet,800,0.0,False,,,
e1/W/R5/35,W,5,quintuplet,6400,0.0,False,,,
e1/W/R5/35,W,5,quintuplet,51200,0.1,False,,,
e1/W/R5/36,W,5,quadruplet,800,0.6,True,True,8.158499435324606e-06,0.006526799548259685
e1/W/R5/36,W,5,quadruplet,6400,1.0,True,True,8.158499435324606e-06,0.05221439638607748
e1/W/R5/36,W,5,quadruplet,51200,1.0,True,True,8.158499435324606e-06,0.41771517108861983
e1/W/R5/36,W,5,quintuplet,800,0.5,True,True,9.222801371362096e-06,0.007378241097089676
e1/W/R5/36,W,5,quintuplet,6400,1.0,True,True,9.222801371362096e-06,0.05902592877671741
e1/W/R5/36,W,5,quintuplet,51200,1.0,True,True,9.222801371362096e-06,0.4722074302137393
e1/W/R5/37,W,5,quadruplet,800,0.3,True,True,6.3210722689841635e-06,0.0050568578151873305
e1/W/R5/37,W,5,quadruplet,6400,0.7,True,True,6.3210722689841635e-06,0.040454862521498644
e1/W/R5/37,W,5,quadruplet,51200,1.0,True,True,6.3210722689841635e-06,0.32363890017198915
e1/W/R5/37,W,5,quintuplet,800,0.4,True,True,9.645551193148251e-06,0.007716440954518601
e1/W/R5/37,W,5,quintuplet,6400,0.7,True,True,9.645551193148251e-06,0.06173152763614881
e1/W/R5/37,W,5,quintuplet,51200,1.0,True,True,9.645551193148251e-06,0.49385222108919047
e1/W/R5/38,W,5,quadruplet,800,0.4,True,True,1.4112583905368577e-05,0.011290067124294862
e1/W/R5/38,W,5,quadruplet,6400,1.0,True,True,1.4112583905368577e-05,0.0903205369943589
e1/W/R5/38,W,5,quadruplet,51200,1.0,True,True,1.4112583905368577e-05,0.7225642959548711
e1/W/R5/38,W,5,quintuplet,800,0.4,True,True,8.82677281719004e-06,0.007061418253752032
e1/W/R5/38,W,5,quintuplet,6400,1.0,True,True,8.82677281719004e-06,0.05649134603001626
e1/W/R5/38,W,5,quintuplet,51200,1.0,True,True,8.82677281719004e-06,0.45193076824013007
e1/W/R5/39,W,5,quadruplet,800,0.0,False,,,
e1/W/R5/39,W,5,quadruplet,6400,0.0,False,,,
e1/W/R5/39,W,5,quadruplet,51200,0.0,False,,,
e1/W/R5/39,W,5,quintuplet,800,0.0,False,,,
e1/W/R5/39,W,5,quintuplet,6400,0.0,False,,,
e1/W/R5/39,W,5,quintuplet,51200,0.0,False,,,
e1/W/R5/4,W,5,quadruplet,800,0.5,False,,,
e1/W/R5/4,W,5,quadruplet,6400,0.8,False,,,
e1/W/R5/4,W,5,quadruplet,51200,0.8,False,,,
e1/W/R5/4,W,5,quintuplet,800,0.2,False,,,
e1/W/R5/4,W,5,quintuplet,6400,0.9,False,,,
e1/W/R5/4,W,5,quintuplet,51200,0.9,False,,,
e1/W/R5/4,W,5,random,800,0.0,False,,,
e1/W/R5/4,W,5,random,6400,0.0,False,,,
e1/W/R5/4,W,5,random,51200,0.0,False,,,
e1/W/R5/40,W,5,quadruplet,800,0.0,True,False,,
e1/W/R5/40,W,5,quadruplet,6400,0.0,True,False,,
e1/W/R5/40,W,5,quadruplet,51200,0.0,True,False,,
e1/W/R5/40,W,5,quintuplet,800,0.0,True,False,,
e1/W/R5/40,W,5,quintuplet,6400,0.0,True,False,,
e1/W/R5/40,W,5,quintuplet,51200,0.4,True,False,,
e1/W/R5/41,W,5,quadruplet,800,0.9,True,True,5.319466690148407e-06,0.004255573352118725
e1/W/R5/41,W,5,quadruplet,6400,1.0,True,True,5.319466690148407e-06,0.0340445868169498
e1/W/R5/41,W,5,quadruplet,51200,1.0,True,True,5.319466690148407e-06,0.2723566945355984
e1/W/R5/41,W,5,quintuplet,800,0.6,True,True,2.6992460517714325e-06,0.002159396841417146
e1/W/R5/41,W,5,quintuplet,6400,1.0,True,True,2.6992460517714325e-06,0.01727517473133717
e1/W/R5/41,W,5,quintuplet,51200,1.0,True,True,2.6992460517714325e-06,0.13820139785069735
e1/W/R5/42,W,5,quadruplet,800,0.1,True,False,,
e1/W/R5/42,W,5,quadruplet,6400,0.0,True,False,,
e1/W/R5/42,W,5,quadruplet,51200,0.0,True,False,,
e1/W/R5/42,W,5,quintuplet,800,0.1,True,False,,
e1/W/R5/42,W,5,quintuplet,6400,0.2,True,False,,
e1/W/R5/42,W,5,quintuplet,51200,0.1,True,False,,
e1/W/R5/43,W,5,quadruplet,800,0.3,True,True,4.6730994214004437e-07,0.0003738479537120355
e1/W/R5/43,W,5,quadruplet,6400,0.7,True,True,4.6730994214004437e-07,0.002990783629696284
e1/W/R5/43,W,5,quadruplet,51200,1.0,True,True,4.6730994214004437e-07,0.023926269037570273
e1/W/R5/43,W,5,quintuplet,800,0.3,True,True,1.809383386091938e-07,0.00014475067088735505
e1/W/R5/43,W,5,quintuplet,6400,0.5,True,True,1.809383386091938e-07,0.0011580053670988404
e1/W/R5/43,W,5,quintuplet,51200,0.8,True,True,1.809383386091938e-07,0.009264042936790723
e1/W/R5/44,W,5,quadruplet,800,0.0,False,,,
e1/W/R5/44,W,5,quadruplet,6400,0.0,False,,,
e1/W/R5/44,W,5,quadruplet,51200,0.0,False,,,
e1/W/R5/44,W,5,quintuplet,800,0.0,False,,,
e1/W/R5/44,W,5,quintuplet,6400,0.1,False,,,
e1/W/R5/44,W,5,quintuplet,51200,0.0,False,,,
e1/W/R5/45,W,5,quadruplet,800,0.0,False,,,
e1/W/R5/45,W,5,quadruplet,6400,0.0,False,,,
e1/W/R5/45,W,5,quadruplet,51200,0.0,False,,,
e1/W/R5/45,W,5,quintuplet,800,0.0,False,,,
e1/W/R5/45,W,5,quintuplet,6400,0.0,False,,,
e1/W/R5/45,W,5,quintuplet,51200,0.0,False,,,
e1/W/R5/46,W,5,quadruplet,800,0.0,True,False,,
e1/W/R5/46,W,5,quadruplet,6400,0.0,True,False,,
e1/W/R5/46,W,5,quadruplet,51200,0.0,True,False,,
e1/W/R5/46,W,5,quintuplet,800,0.0,True,False,,
e1/W/R5/46,W,5,quintuplet,6400,0.0,True,False,,
e1/W/R5/46,W,5,quintuplet,51200,0.0,True,False,,
e1/W/R5/47,W,5,quadruplet,800,0.0,True,False,,
e1/W/R5/47,W,5,quadruplet,6400,0.0,True,False,,
e1/W/R5/47,W,5,quadruplet,51200,0.0,True,False,,
e1/W/R5/47,W,5,quintuplet,800,0.0,True,False,,
e1/W/R5/47,W,5,quintuplet,6400,0.0,True,False,,
e1/W/R5/47,W,5,quintuplet,51200,0.0,True,False,,
e1/W/R5/48,W,5,quadruplet,800,0.0,True,True,2.717214239204258e-07,0.00021737713913634062
e1/W/R5/48,W,5,quadruplet,6400,0.5,True,True,2.717214239204258e-07,0.001739017113090725
e1/W/R5/48,W,5,quadruplet,51200,0.8,True,True,2.717214239204258e-07,0.0139121369047258
e1/W/R5/48,W,5,quintuplet,800,0.0,True,True,1.1838487424764075e-07,9.47078993981126e-05
e1/W/R5/48,W,5,quintuplet,6400,0.2,True,True,1.1838487424764075e-07,0.0007576631951849008
e1/W/R5/48,W,5,quintuplet,51200,0.6,True,True,1.1838487424764075e-07,0.006061305561479206
e1/W/R5/49,W,5,quadruplet,800,0.0,False,,,
e1/W/R5/49,W,5,quadruplet,6400,0.0,False,,,
e1/W/R5/49,W,5,quadruplet,51200,0.0,False,,,
e1/W/R5/49,W,5,quintuplet,800,0.0,False,,,
e1/W/R5/49,W,5,quintuplet,6400,0.1,False,,,
e1/W/R5/49,W,5,quintuplet,51200,0.0,False,,,
e1/W/R5/5,W,5,quadruplet,800,0.8,True,True,7.769200221560907e-06,0.006215360177248726
e1/W/R5/5,W,5,quadruplet,6400,1.0,True,True,7.769200221560907e-06,0.049722881417989806
e1/W/R5/5,W,5,quadruplet,51200,1.0,True,True,7.769200221560907e-06,0.39778305134391845
e1/W/R5/5,W,5,quintuplet,800,0.7,True,True,1.0696840976556614e-05,0.00855747278124529
e1/W/R5/5,W,5,quintuplet,6400,1.0,True,True,1.0696840976556614e-05,0.06845978224996233
e1/W/R5/5,W,5,quintuplet,51200,1.0,True,True,1.0696840976556614e-05,0.5476782579996986
e1/W/R5/5,W,5,random,800,0.0,True,False,,
e1/W/R5/5,W,5,random,6400,0.0,True,False,,
e1/W/R5/5,W,5,random,51200,0.0,True,False,,
e1/W/R5/50,W,5,quadruplet,800,0.0,True,True,1.330012204769982e-06,0.0010640097638159856
e1/W/R5/50,W,5,quadruplet,6400,0.6,True,True,1.330012204769982e-06,0.008512078110527885
e1/W/R5/50,W,5,quadruplet,51200,1.0,True,True,1.330012204769982e-06,0.06809662488422308
e1/W/R5/50,W,5,quintuplet,800,0.0,True,True,8.971363006506979e-07,0.0007177090405205583
e1/W/R5/50,W,5,quintuplet,6400,0.4,True,True,8.971363006506979e-07,0.005741672324164467
e1/W/R5/50,W,5,quintuplet,51200,1.0,True,True,8.971363006506979e-07,0.045933378593315734
e1/W/R5/51,W,5,quadruplet,800,0.0,True,False,,
e1/W/R5/51,W,5,quadruplet,6400,0.0,True,False,,
e1/W/R5/51,W,5,quadruplet,51200,0.0,True,False,,
e1/W/R5/51,W,5,quintuplet,800,0.0,True,False,,
e1/W/R5/51,W,5,quintuplet,6400,0.0,True,False,,
e1/W/R5/51,W,5,quintuplet,51200,0.0,True,False,,
e1/W/R5/52,W,5,quadruplet,800,0.0,True,False,,
e1/W/R5/52,W,5,quadruplet,6400,0.0,True,False,,
e1/W/R5/52,W,5,quadruplet,51200,0.0,True,False,,
e1/W/R5/52,W,5,quintuplet,800,0.0,True,False,,
e1/W/R5/52,W,5,quintuplet,6400,0.1,True,False,,
e1/W/R5/52,W,5,quintuplet,51200,0.0,True,False,,
e1/W/R5/53,W,5,quadruplet,800,0.6,True,True,2.6737782863069857e-05,0.021390226290455887
e1/W/R5/53,W,5,quadruplet,6400,0.9,True,True,2.6737782863069857e-05,0.1711218103236471
e1/W/R5/53,W,5,quadruplet,51200,1.0,True,True,2.6737782863069857e-05,1.3689744825891768
e1/W/R5/53,W,5,quintuplet,800,0.5,True,True,1.386294630613672e-05,0.011090357044909375
e1/W/R5/53,W,5,quintuplet,6400,0.9,True,True,1.386294630613672e-05,0.088722856359275
e1/W/R5/53,W,5,quintuplet,51200,1.0,True,True,1.386294630613672e-05,0.7097828508742
e1/W/R5/54,W,5,quadruplet,800,0.0,True,False,,
e1/W/R5/54,W,5,quadruplet,6400,0.0,True,False,,
e1/W/R5/54,W,5,quadruplet,51200,0.0,True,False,,
e1/W/R5/54,W,5,quintuplet,800,0.0,True,False,,
e1/W/R5/54,W,5,quintuplet,6400,0.0,True,False,,
e1/W/R5/54,W,5,quintuplet,51200,0.0,True,False,,
e1/W/R5/55,W,5,quadruplet,800,0.0,True,False,,
e1/W/R5/55,W,5,quadruplet,6400,0.0,True,False,,
e1/W/R5/55,W,5,quadruplet,51200,0.0,True,False,,
e1/W/R5/55,W,5,quintuplet,800,0.0,True,False,,
e1/W/R5/55,W,5,quintuplet,6400,0.0,True,False,,
e1/W/R5/55,W,5,quintuplet,51200,0.0,True,False,,
e1/W/R5/56,W,5,quadruplet,800,0.0,True,False,,
e1/W/R5/56,W,5,quadruplet,6400,0.0,True,False,,
e1/W/R5/56,W,5,quadruplet,51200,0.0,True,False,,
e1/W/R5/56,W,5,quintuplet,800,0.0,True,False,,
e1/W/R5/56,W,5,quintuplet,6400,0.1,True,False,,
e1/W/R5/56,W,5,quintuplet,51200,0.0,True,False,,
e1/W/R5/57,W,5,quadruplet,800,0.0,False,,,
e1/W/R5/57,W,5,quadruplet,6400,0.0,False,,,
e1/W/R5/57,W,5,quadruplet,51200,0.0,False,,,
e1/W/R5/57,W,5,quintuplet,800,0.0,False,,,
e1/W/R5/57,W,5,quintuplet,6400,0.0,False,,,
e1/W/R5/57,W,5,quintuplet,51200,0.1,False,,,
e1/W/R5/58,W,5,quadruplet,800,0.3,False,,,
e1/W/R5/58,W,5,quadruplet,6400,1.0,False,,,
e1/W/R5/58,W,5,quadruplet,51200,1.0,False,,,
e1/W/R5/58,W,5,quintuplet,800,0.2,False,,,
e1/W/R5/58,W,5,quintuplet,6400,0.9,False,,,
e1/W/R5/58,W,5,quintuplet,51200,1.0,False,,,
e1/W/R5/59,W,5,quadruplet,800,0.0,False,,,
e1/W/R5/59,W,5,quadruplet,6400,0.0,False,,,
e1/W/R5/59,W,5,quadruplet,51200,0.0,False,,,
e1/W/R5/59,W,5,quintuplet,800,0.0,False,,,
e1/W/R5/59,W,5,quintuplet,6400,0.2,False,,,
e1/W/R5/59,W,5,quintuplet,51200,0.3,False,,,
e1/W/R5/6,W,5,quadruplet,800,0.7,True,True,4.494184660313726e-06,0.0035953477282509804
e1/W/R5/6,W,5,quadruplet,6400,1.0,True,True,4.494184660313726e-06,0.028762781826007843
e1/W/R5/6,W,5,quadruplet,51200,1.0,True,True,4.494184660313726e-06,0.23010225460806275
e1/W/R5/6,W,5,quintuplet,800,0.4,True,True,2.723839591626673e-06,0.002179071673301338
e1/W/R5/6,W,5,quintuplet,6400,0.9,True,True,2.723839591626673e-06,0.017432573386410705
e1/W/R5/6,W,5,quintuplet,51200,1.0,True,True,2.723839591626673e-06,0.13946058709128564
e1/W/R5/6,W,5,random,800,0.0,True,False,,
e1/W/R5/6,W,5,random,6400,0.0,True,False,,
e1/W/R5/6,W,5,random,51200,0.0,True,False,,
e1/W/R5/60,W,5,quadruplet,800,0.0,True,True,8.22648860641774e-07,0.0006581190885134191
e1/W/R5/60,W,5,quadruplet,6400,0.3,True,True,8.22648860641774e-07,0.005264952708107353
e1/W/R5/60,W,5,quadruplet,51200,0.4,True,True,8.22648860641774e-07,0.042119621664858824
e1/W/R5/60,W,5,quintuplet,800,0.0,True,True,2.0340056128761213e-06,0.001627204490300897
e1/W/R5/60,W,5,quintuplet,6400,0.3,True,True,2.0340056128761213e-06,0.013017635922407176
e1/W/R5/60,W,5,quintuplet,51200,0.7,True,True,2.0340056128761213e-06,0.10414108737925741
e1/W/R5/61,W,5,quadruplet,800,0.0,True,False,,
e1/W/R5/61,W,5,quadruplet,6400,0.0,True,False,,
e1/W/R5/61,W,5,quadruplet,51200,0.0,True,False,,
e1/W/R5/61,W,5,quintuplet,800,0.0,True,False,,
e1/W/R5/61,W,5,quintuplet,6400,0.0,True,False,,
e1/W/R5/61,W,5,quintuplet,51200,0.0,True,False,,
e1/W/R5/62,W,5,quadruplet,800,0.0,True,False,,
e1/W/R5/62,W,5,quadruplet,6400,0.0,True,False,,
e1/W/R5/62,W,5,quadruplet,51200,0.0,True,False,,
e1/W/R5/62,W,5,quintuplet,800,0.0,True,False,,
e1/W/R5/62,W,5,quintuplet,6400,0.0,True,False,,
e1/W/R5/62,W,5,quintuplet,51200,0.0,True,False,,
e1/W/R5/63,W,5,quadruplet,800,0.7,True,True,6.197970945460412e-06,0.0049583767563683295
e1/W/R5/63,W,5,quadruplet,6400,1.0,True,True,6.197970945460412e-06,0.039667014050946636
e1/W/R5/63,W,5,quadruplet,51200,1.0,True,True,6.197970945460412e-06,0.3173361124075731
e1/W/R5/63,W,5,quintuplet,800,1.0,True,True,8.991813885104252e-06,0.007193451108083402
e1/W/R5/63,W,5,quintuplet,6400,1.0,True,True,8.991813885104252e-06,0.05754760886466721
e1/W/R5/63,W,5,quintuplet,51200,1.0,True,True,8.991813885104252e-06,0.4603808709173377
e1/W/R5/64,W,5,quadruplet,800,0.0,True,True,4.902456130628491e-06,0.003921964904502793
e1/W/R5/64,W,5,quadruplet,6400,0.2,True,True,4.902456130628491e-06,0.031375719236022344
e1/W/R5/64,W,5,quadruplet,51200,0.7,True,True,4.902456130628491e-06,0.25100575388817875
e1/W/R5/64,W,5,quintuplet,800,0.0,True,True,1.960433923715961e-06,0.001568347138972769
e1/W/R5/64,W,5,quintuplet,6400,0.0,True,True,1.960433923715961e-06,0.012546777111782152
e1/W/R5/64,W,5,quintuplet,51200,0.3,True,True,1.960433923715961e-06,0.10037421689425721
e1/W/R5/65,W,5,quadruplet,800,0.0,True,False,,
e1/W/R5/65,W,5,quadruplet,6400,0.0,True,False,,
e1/W/R5/65,W,5,quadruplet,51200,0.0,True,False,,
e1/W/R5/65,W,5,quintuplet,800,0.2,True,False,,
e1/W/R5/65,W,5,quintuplet,6400,0.0,True,False,,
e1/W/R5/65,W,5,quintuplet,51200,0.0,True,False,,
e1/W/R5/66,W,5,quadruplet,800,0.0,False,,,
e1/W/R5/66,W,5,quadruplet,6400,0.0,False,,,
e1/W/R5/66,W,5,quadruplet,51200,0.0,False,,,
e1/W/R5/66,W,5,quintuplet,800,0.0,False,,,
e1/W/R5/66,W,5,quintuplet,6400,0.0,False,,,
e1/W/R5/66,W,5,quintuplet,51200,0.0,False,,,
e1/W/R5/67,W,5,quadruplet,800,0.0,True,False,,
e1/W/R5/67,W,5,quadruplet,6400,0.0,True,False,,
e1/W/R5/67,W,5,quadruplet,51200,0.0,True,False,,
e1/W/R5/67,W,5,quintuplet,800,0.0,True,False,,
e1/W/R5/67,W,5,quintuplet,6400,0.0,True,False,,
e1/W/R5/67,W,5,quintuplet,51200,0.0,True,False,,
e1/W/R5/68,W,5,quadruplet,800,0.0,True,False,,
e1/W/R5/68,W,5,quadruplet,6400,0.0,True,False,,
e1/W/R5/68,W,5,quadruplet,51200,0.0,True,False,,
e1/W/R5/68,W,5,quintuplet,800,0.0,True,False,,
e1/W/R5/68,W,5,quintuplet,6400,0.0,True,False,,
e1/W/R5/68,W,5,quintuplet,51200,0.0,True,False,,
e1/W/R5/69,W,5,quadruplet,800,0.0,True,False,,
e1/W/R5/69,W,5,quadruplet,6400,0.0,True,False,,
e1/W/R5/69,W,5,quadruplet,51200,0.0,True,False,,
e1/W/R5/69,W,5,quintuplet,800,0.0,True,False,,
e1/W/R5/69,W,5,quintuplet,6400,0.0,True,False,,
e1/W/R5/69,W,5,quintuplet,51200,0.0,True,False,,
e1/W/R5/7,W,5,quadruplet,800,0.0,True,False,,
e1/W/R5/7,W,5,quadruplet,6400,0.0,True,False,,
e1/W/R5/7,W,5,quadruplet,51200,0.0,True,False,,
e1/W/R5/7,W,5,quintuplet,800,0.0,True,False,,
e1/W/R5/7,W,5,quintuplet,6400,0.3,True,False,,
e1/W/R5/7,W,5,quintuplet,51200,0.1,True,False,,
e1/W/R5/7,W,5,random,800,0.0,True,False,,
e1/W/R5/7,W,5,random,6400,0.0,True,False,,
e1/W/R5/7,W,5,random,51200,0.0,True,False,,
e1/W/R5/70,W,5,quadruplet,800,0.1,False,,,
e1/W/R5/70,W,5,quadruplet,6400,0.0,False,,,
e1/W/R5/70,W,5,quadruplet,51200,0.0,False,,,
e1/W/R5/70,W,5,quintuplet,800,0.1,False,,,
e1/W/R5/70,W,5,quintuplet,6400,0.0,False,,,
e1/W/R5/70,W,5,quintuplet,51200,0.0,False,,,
e1/W/R5/71,W,5,quadruplet,800,0.7,True,True,1.8344464434232913e-05,0.01467557154738633
e1/W/R5/71,W,5,quadruplet,6400,1.0,True,True,1.8344464434232913e-05,0.11740457237909065
e1/W/R5/71,W,5,quadruplet,51200,1.0,True,True,1.8344464434232913e-05,0.9392365790327252
e1/W/R5/71,W,5,quintuplet,800,0.3,True,True,1.2376736930348214e-05,0.009901389544278572
e1/W/R5/71,W,5,quintuplet,6400,1.0,True,True,1.2376736930348214e-05,0.07921111635422858
e1/W/R5/71,W,5,quintuplet,51200,1.0,True,True,1.2376736930348214e-05,0.6336889308338286
e1/W/R5/72,W,5,quadruplet,800,0.3,True,True,6.837944366199347e-07,0.0005470355492959478
e1/W/R5/72,W,5,quadruplet,6400,0.9,True,True,6.837944366199347e-07,0.004376284394367582
e1/W/R5/72,W,5,quadruplet,51200,1.0,True,True,6.837944366199347e-07,0.03501027515494066
e1/W/R5/72,W,5,quintuplet,800,0.4,True,True,4.4875064566590406e-07,0.0003590005165327232
e1/W/R5/72,W,5,quintuplet,6400,0.8,True,True,4.4875064566590406e-07,0.0028720041322617858
e1/W/R5/72,W,5,quintuplet,51200,1.0,True,True,4.4875064566590406e-07,0.022976033058094286
e1/W/R5/73,W,5,quadruplet,800,0.6,True,True,9.319165670533281e-07,0.0007455332536426625
e1/W/R5/73,W,5,quadruplet,6400,0.8,True,True,9.319165670533281e-07,0.0059642660291413
e1/W/R5/73,W,5,quadruplet,51200,1.0,True,True,9.319165670533281e-07,0.0477141282331304
e1/W/R5/73,W,5,quintuplet,800,0.5,True,True,9.758610985259416e-07,0.0007806888788207532
e1/W/R5/73,W,5,quintuplet,6400,0.8,True,True,9.758610985259416e-07,0.006245511030566026
e1/W/R5/73,W,5,quintuplet,51200,1.0,True,True,9.758610985259416e-07,0.04996408824452821
e1/W/R5/74,W,5,quadruplet,800,0.0,False,,,
e1/W/R5/74,W,5,quadruplet,6400,0.0,False,,,
e1/W/R5/74,W,5,quadruplet,51200,0.0,False,,,
e1/W/R5/74,W,5,quintuplet,800,0.0,False,,,
e1/W/R5/74,W,5,quintuplet,6400,0.0,False,,,
e1/W/R5/74,W,5,quintuplet,51200,0.0,False,,,
e1/W/R5/75,W,5,quadruplet,800,0.0,True,True,2.8355219690984373e-06,0.00226841757527875
e1/W/R5/75,W,5,quadruplet,6400,0.9,True,True,2.8355219690984373e-06,0.01814734060223
e1/W/R5/75,W,5,quadruplet,51200,1.0,True,True,2.8355219690984373e-06,0.14517872481784
e1/W/R5/75,W,5,quintuplet,800,0.3,True,True,4.349523926247184e-06,0.003479619140997747
e1/W/R5/75,W,5,quintuplet,6400,1.0,True,True,4.349523926247184e-06,0.027836953127981977
e1/W/R5/75,W,5,quintuplet,51200,1.0,True,True,4.349523926247184e-06,0.22269562502385581
e1/W/R5/76,W,5,quadruplet,800,0.0,False,,,
e1/W/R5/76,W,5,quadruplet,6400,0.0,False,,,
e1/W/R5/76,W,5,quadruplet,51200,0.0,False,,,
e1/W/R5/76,W,5,quintuplet,800,0.0,False,,,
e1/W/R5/76,W,5,quintuplet,6400,0.0,False,,,
e1/W/R5/76,W,5,quintuplet,51200,0.0,False,,,
e1/W/R5/77,W,5,quadruplet,800,0.1,True,False,,
e1/W/R5/77,W,5,quadruplet,6400,0.1,True,False,,
e1/W/R5/77,W,5,quadruplet,51200,0.2,True,False,,
e1/W/R5/77,W,5,quintuplet,800,0.0,True,True,1.1705530487535254e-06,0.0009364424390028203
e1/W/R5/77,W,5,quintuplet,6400,0.4,True,True,1.1705530487535254e-06,0.0074915395120225626
e1/W/R5/77,W,5,quintuplet,51200,1.0,True,True,1.1705530487535254e-06,0.0599323160961805
e1/W/R5/78,W,5,quadruplet,800,0.0,True,False,,
e1/W/R5/78,W,5,quadruplet,6400,0.0,True,False,,
e1/W/R5/78,W,5,quadruplet,51200,0.0,True,False,,
e1/W/R5/78,W,5,quintuplet,800,0.0,True,True,1.4322873496986412e-08,1.145829879758913e-05
e1/W/R5/78,W,5,quintuplet,6400,0.6,True,True,1.4322873496986412e-08,9.166639038071304e-05
e1/W/R5/78,W,5,quintuplet,51200,0.5,True,True,1.4322873496986412e-08,0.0007333311230457043
e1/W/R5/79,W,5,quadruplet,800,0.0,False,,,
e1/W/R5/79,W,5,quadruplet,6400,0.0,False,,,
e1/W/R5/79,W,5,quadruplet,51200,0.0,False,,,
e1/W/R5/79,W,5,quintuplet,800,0.0,False,,,
e1/W/R5/79,W,5,quintuplet,6400,0.0,False,,,
e1/W/R5/79,W,5,quintuplet,51200,0.0,False,,,
e1/W/R5/8,W,5,quadruplet,800,0.0,True,False,,
e1/W/R5/8,W,5,quadruplet,6400,0.0,True,False,,
e1/W/R5/8,W,5,quadruplet,51200,0.0,True,False,,
e1/W/R5/8,W,5,quintuplet,800,0.0,True,False,,
e1/W/R5/8,W,5,quintuplet,6400,0.0,True,False,,
e1/W/R5/8,W,5,quintuplet,51200,0.0,True,False,,
e1/W/R5/8,W,5,random,800,0.0,True,False,,
e1/W/R5/8,W,5,random,6400,0.0,True,False,,
e1/W/R5/8,W,5,random,51200,0.0,True,False,,
e1/W/R5/80,W,5,quadruplet,800,0.0,True,False,,
e1/W/R5/80,W,5,quadruplet,6400,0.0,True,False,,
e1/W/R5/80,W,5,quadruplet,51200,0.0,True,False,,
e1/W/R5/80,W,5,quintuplet,800,0.0,True,False,,
e1/W/R5/80,W,5,quintuplet,6400,0.0,True,False,,
e1/W/R5/80,W,5,quintuplet,51200,0.0,True,False,,
e1/W/R5/81,W,5,quadruplet,800,0.7,True,True,9.664829693077769e-06,0.007731863754462215
e1/W/R5/81,W,5,quadruplet,6400,1.0,True,True,9.664829693077769e-06,0.06185491003569772
e1/W/R5/81,W,5,quadruplet,51200,1.0,True,True,9.664829693077769e-06,0.4948392802855818
e1/W/R5/81,W,5,quintuplet,800,0.5,True,True,7.342230890023855e-06,0.005873784712019084
e1/W/R5/81,W,5,quintuplet,6400,1.0,True,True,7.342230890023855e-06,0.046990277696152674
e1/W/R5/81,W,5,quintuplet,51200,1.0,True,True,7.342230890023855e-06,0.3759222215692214
e1/W/R5/82,W,5,quadruplet,800,0.1,False,,,
e1/W/R5/82,W,5,quadruplet,6400,0.0,False,,,
e1/W/R5/82,W,5,quadruplet,51200,0.0,False,,,
e1/W/R5/82,W,5,quintuplet,800,0.1,False,,,
e1/W/R5/82,W,5,quintuplet,6400,0.4,False,,,
e1/W/R5/82,W,5,quintuplet,51200,1.0,False,,,
e1/W/R5/83,W,5,quadruplet,800,0.0,True,False,,
e1/W/R5/83,W,5,quadruplet,6400,0.3,True,False,,
e1/W/R5/83,W,5,quadruplet,51200,0.0,True,False,,
e1/W/R5/83,W,5,quintuplet,800,0.0,True,True,1.3434955519057988e-07,0.0001074796441524639
e1/W/R5/83,W,5,quintuplet,6400,0.4,True,True,1.3434955519057988e-07,0.0008598371532197112
e1/W/R5/83,W,5,quintuplet,51200,0.8,True,True,1.3434955519057988e-07,0.00687869722575769
e1/W/R5/84,W,5,quadruplet,800,0.0,True,False,,
e1/W/R5/84,W,5,quadruplet,6400,0.0,True,False,,
e1/W/R5/84,W,5,quadruplet,51200,0.0,True,False,,
e1/W/R5/84,W,5,quintuplet,800,0.0,True,False,,
e1/W/R5/84,W,5,quintuplet,6400,0.0,True,False,,
e1/W/R5/84,W,5,quintuplet,51200,0.0,True,False,,
e1/W/R5/85,W,5,quadruplet,800,0.0,False,,,
e1/W/R5/85,W,5,quadruplet,6400,0.0,False,,,
e1/W/R5/85,W,5,quadruplet,51200,0.0,False,,,
e1/W/R5/85,W,5,quintuplet,800,0.0,False,,,
e1/W/R5/85,W,5,quintuplet,6400,0.0,False,,,
e1/W/R5/85,W,5,quintuplet,51200,0.0,False,,,
e1/W/R5/86,W,5,quadruplet,800,0.0,True,False,,
e1/W/R5/86,W,5,quadruplet,6400,0.0,True,False,,
e1/W/R5/86,W,5,quadruplet,51200,0.0,True,False,,
e1/W/R5/86,W,5,quintuplet,800,0.0,True,False,,
e1/W/R5/86,W,5,quintuplet,6400,0.0,True,False,,
e1/W/R5/86,W,5,quintuplet,51200,0.0,True,False,,
e1/W/R5/87,W,5,quadruplet,800,0.3,True,True,2.28459675556977e-06,0.001827677404455816
e1/W/R5/87,W,5,quadruplet,6400,0.8,True,True,2.28459675556977e-06,0.014621419235646528
e1/W/R5/87,W,5,quadruplet,51200,1.0,True,True,2.28459675556977e-06,0.11697135388517223
e1/W/R5/87,W,5,quintuplet,800,0.2,True,True,9.503963983664953e-07,0.0007603171186931963
e1/W/R5/87,W,5,quintuplet,6400,0.3,True,True,9.503963983664953e-07,0.00608253694954557
e1/W/R5/87,W,5,quintuplet,51200,0.9,True,True,9.503963983664953e-07,0.04866029559636456
e1/W/R5/88,W,5,quadruplet,800,0.0,True,False,,
e1/W/R5/88,W,5,quadruplet,6400,0.0,True,False,,
e1/W/R5/88,W,5,quadruplet,51200,0.0,True,False,,
e1/W/R5/88,W,5,quintuplet,800,0.0,True,False,,
e1/W/R5/88,W,5,quintuplet,6400,0.0,True,False,,
e1/W/R5/88,W,5,quintuplet,51200,0.0,True,False,,
e1/W/R5/89,W,5,quadruplet,800,0.0,False,,,
e1/W/R5/89,W,5,quadruplet,6400,0.0,False,,,
e1/W/R5/89,W,5,quadruplet,51200,0.0,False,,,
e1/W/R5/89,W,5,quintuplet,800,0.0,False,,,
e1/W/R5/89,W,5,quintuplet,6400,0.0,False,,,
e1/W/R5/89,W,5,quintuplet,51200,0.0,False,,,
e1/W/R5/9,W,5,quadruplet,800,0.0,False,,,
e1/W/R5/9,W,5,quadruplet,6400,0.0,False,,,
e1/W/R5/9,W,5,quadruplet,51200,0.0,False,,,
e1/W/R5/9,W,5,quintuplet,800,0.0,False,,,
e1/W/R5/9,W,5,quintuplet,6400,0.0,False,,,
e1/W/R5/9,W,5,quintuplet,51200,0.0,False,,,
e1/W/R5/9,W,5,random,800,0.0,False,,,
e1/W/R5/9,W,5,random,6400,0.0,False,,,
e1/W/R5/9,W,5,random,51200,0.0,False,,,
e1/W/R5/90,W,5,quadruplet,800,0.3,True,True,3.4382747088467093e-06,0.0027506197670773675
e1/W/R5/90,W,5,quadruplet,6400,0.9,True,True,3.4382747088467093e-06,0.02200495813661894
e1/W/R5/90,W,5,quadruplet,51200,1.0,True,True,3.4382747088467093e-06,0.17603966509295152
e1/W/R5/90,W,5,quintuplet,800,0.1,True,True,5.22924984989638e-06,0.0041833998799171036
e1/W/R5/90,W,5,quintuplet,6400,0.9,True,True,5.22924984989638e-06,0.03346719903933683
e1/W/R5/90,W,5,quintuplet,51200,1.0,True,True,5.22924984989638e-06,0.26773759231469463
e1/W/R5/91,W,5,quadruplet,800,0.0,False,,,
e1/W/R5/91,W,5,quadruplet,6400,0.0,False,,,
e1/W/R5/91,W,5,quadruplet,51200,0.0,False,,,
e1/W/R5/91,W,5,quintuplet,800,0.0,False,,,
e1/W/R5/91,W,5,quintuplet,6400,0.0,False,,,
e1/W/R5/91,W,5,quintuplet,51200,0.0,False,,,
e1/W/R5/92,W,5,quadruplet,800,0.5,True,True,7.72021304779638e-06,0.0061761704382371045
e1/W/R5/92,W,5,quadruplet,6400,1.0,True,True,7.72021304779638e-06,0.049409363505896836
e1/W/R5/92,W,5,quadruplet,51200,1.0,True,True,7.72021304779638e-06,0.3952749080471747
e1/W/R5/92,W,5,quintuplet,800,0.3,True,True,1.1375363007780276e-06,0.0009100290406224221
e1/W/R5/92,W,5,quintuplet,6400,0.9,True,True,1.1375363007780276e-06,0.007280232324979377
e1/W/R5/92,W,5,quintuplet,51200,1.0,True,True,1.1375363007780276e-06,0.058241858599835016
e1/W/R5/93,W,5,quadruplet,800,0.0,False,,,
e1/W/R5/93,W,5,quadruplet,6400,0.0,False,,,
e1/W/R5/93,W,5,quadruplet,51200,0.0,False,,,
e1/W/R5/93,W,5,quintuplet,800,0.0,False,,,
e1/W/R5/93,W,5,quintuplet,6400,0.0,False,,,
e1/W/R5/93,W,5,quintuplet,51200,0.0,False,,,
e1/W/R5/94,W,5,quadruplet,800,0.6,True,True,2.1098053803725303e-05,0.016878443042980244
e1/W/R5/94,W,5,quadruplet,6400,1.0,True,True,2.1098053803725303e-05,0.13502754434384195
e1/W/R5/94,W,5,quadruplet,51200,1.0,True,True,2.1098053803725303e-05,1.0802203547507356
e1/W/R5/94,W,5,quintuplet,800,0.6,True,True,1.304145348642423e-05,0.010433162789139383
e1/W/R5/94,W,5,quintuplet,6400,1.0,True,True,1.304145348642423e-05,0.08346530231311507
e1/W/R5/94,W,5,quintuplet,51200,1.0,True,True,1.304145348642423e-05,0.6677224185049205
e1/W/R5/95,W,5,quadruplet,800,0.0,False,,,
e1/W/R5/95,W,5,quadruplet,6400,0.0,False,,,
e1/W/R5/95,W,5,quadruplet,51200,0.1,False,,,
e1/W/R5/95,W,5,quintuplet,800,0.0,False,,,
e1/W/R5/95,W,5,quintuplet,6400,0.0,False,,,
e1/W/R5/95,W,5,quintuplet,51200,0.2,False,,,
e1/W/R5/96,W,5,quadruplet,800,0.0,False,,,
e1/W/R5/96,W,5,quadruplet,6400,0.0,False,,,
e1/W/R5/96,W,5,quadruplet,51200,0.0,False,,,
e1/W/R5/96,W,5,quintuplet,800,0.0,False,,,
e1/W/R5/96,W,5,quintuplet,6400,0.2,False,,,
e1/W/R5/96,W,5,quintuplet,51200,0.0,False,,,
e1/W/R5/97,W,5,quadruplet,800,0.2,False,,,
e1/W/R5/97,W,5,quadruplet,6400,0.2,False,,,
e1/W/R5/97,W,5,quadruplet,51200,0.0,False,,,
e1/W/R5/97,W,5,quintuplet,800,0.1,False,,,
e1/W/R5/97,W,5,quintuplet,6400,0.2,False,,,
e1/W/R5/97,W,5,quintuplet,51200,0.0,False,,,
e1/W/R5/98,W,5,quadruplet,800,0.0,True,False,,
e1/W/R5/98,W,5,quadruplet,6400,0.0,True,False,,
e1/W/R5/98,W,5,quadruplet,51200,0.0,True,False,,
e1/W/R5/98,W,5,quintuplet,800,0.0,True,False,,
e1/W/R5/98,W,5,quintuplet,6400,0.0,True,False,,
e1/W/R5/98,W,5,quintuplet,51200,0.0,True,False,,
e1/W/R5/99,W,5,quadruplet,800,0.6,True,True,1.3172225480633651e-05,0.010537780384506921
e1/W/R5/99,W,5,quadruplet,6400,1.0,True,True,1.3172225480633651e-05,0.08430224307605537
e1/W/R5/99,W,5,quadruplet,51200,1.0,True,True,1.3172225480633651e-05,0.674417944608443
e1/W/R5/99,W,5,quintuplet,800,0.6,True,True,1.195987362952118e-05,0.009567898903616943
e1/W/R5/99,W,5,quintuplet,6400,1.0,True,True,1.195987362952118e-05,0.07654319122893555
e1/W/R5/99,W,5,quintuplet,51200,1.0,True,True,1.195987362952118e-05,0.6123455298314844
