instance_key,sample_id,n,sample_best_x,sample_best_f,sample_best_rank
e3/L/R5/0,0,50,939890.0,5.199563913628214,0.9931354522705078
e3/L/R5/0,0,100,642746.0,5.311899761413074,0.9956035614013672
e3/L/R5/0,0,200,642746.0,5.311899761413074,0.9956035614013672
e3/L/R5/0,0,400,1013230.0,5.314210343325591,0.9957714080810547
e3/L/R5/0,0,800,489950.0,6.106960966205481,0.9997596740722656
e3/L/R5/0,0,1600,489950.0,6.106960966205481,0.9997596740722656
e3/L/R5/0,0,3200,646622.0,6.344639830425127,0.9999160766601562
e3/L/R5/0,0,6400,646622.0,6.344639830425127,0.9999160766601562
e3/L/R5/0,0,12800,646622.0,6.344639830425127,0.9999160766601562
e3/L/R5/0,0,25600,976761.0,6.437361029296004,0.9999570846557617
e3/L/R5/0,0,51200,646382.0,6.787375741300511,0.999995231628418
e3/L/R5/0,0,102400,646382.0,6.787375741300511,0.999995231628418
e3/L/R5/0,1,50,908348.0,4.544232575884437,0.9677352905273438
e3/L/R5/0,1,100,506743.0,5.014121515886458,0.9893798828125
e3/L/R5/0,1,200,506743.0,5.014121515886458,0.9893798828125
e3/L/R5/0,1,400,978658.0,5.669693843767368,0.9986772537231445
e3/L/R5/0,1,800,978658.0,5.669693843767368,0.9986772537231445
e3/L/R5/0,1,1600,490958.0,6.106960966205481,0.9997596740722656
e3/L/R5/0,1,3200,948125.0,6.19968216507636,0.9998445510864258
e3/L/R5/0,1,6400,948125.0,6.19968216507636,0.9998445510864258
e3/L/R5/0,1,12800,948125.0,6.19968216507636,0.9998445510864258
e3/L/R5/0,1,25600,473401.0,6.435050447383488,0.9999284744262695
e3/L/R5/0,1,51200,488377.0,6.787375741300511,0.999995231628418
e3/L/R5/0,1,102400,488377.0,6.787375741300511,0.999995231628418
e3/L/R5/0,2,50,245710.0,4.631484986318045,0.9702653884887695
e3/L/R5/0,2,100,245710.0,4.631484986318045,0.9702653884887695
e3/L/R5/0,2,200,384463.0,5.456857426761841,0.9969930648803711
e3/L/R5/0,2,400,470770.0,5.54957862563272,0.9980325698852539
e3/L/R5/0,2,800,470770.0,5.54957862563272,0.9980325698852539
e3/L/R5/0,2,1600,945742.0,5.642299824503598,0.9983148574829102
e3/L/R5/0,2,3200,470759.0,5.899593337637226,0.9992895126342773
e3/L/R5/0,2,6400,965070.0,6.19968216507636,0.9998445510864258
e3/L/R5/0,2,12800,948153.0,6.437361029296004,0.9999570846557617
e3/L/R5/0,2,25600,646382.0,6.787375741300511,0.999995231628418
e3/L/R5/0,2,51200,646382.0,6.787375741300511,0.999995231628418
e3/L/R5/0,2,102400,646382.0,6.787375741300511,0.999995231628418
e3/L/R5/0,3,50,81131.0,4.42958614618706,0.9599828720092773
e3/L/R5/0,3,100,975077.0,4.636953774755315,0.9719038009643555
e3/L/R5/0,3,200,489701.0,4.986968486759821,0.988703727722168
e3/L/R5/0,3,400,947943.0,5.54957862563272,0.9980325698852539
e3/L/R5/0,3,800,981945.0,5.99462511842062,0.9996376037597656
e3/L/R5/0,3,1600,981945.0,5.99462511842062,0.9996376037597656
e3/L/R5/0,3,3200,936398.0,6.085035735378982,0.9996719360351562
e3/L/R5/0,3,6400,936398.0,6.085035735378982,0.9996719360351562
e3/L/R5/0,3,12800,997852.0,6.19968216507636,0.9998445510864258
e3/L/R5/0,3,25600,488348.0,6.549696877080865,0.9999799728393555
e3/L/R5/0,3,51200,768953.0,6.582318694644771,0.9999809265136719
e3/L/R5/0,3,102400,997838.0,6.642418075951743,0.9999866485595703
e3/L/R5/0,4,50,978809.0,5.99462511842062,0.9996376037597656
e3/L/R5/0,4,100,978809.0,5.99462511842062,0.9996376037597656
e3/L/R5/0,4,200,978809.0,5.99462511842062,0.9996376037597656
e3/L/R5/0,4,400,978809.0,5.99462511842062,0.9996376037597656
e3/L/R5/0,4,800,978809.0,5.99462511842062,0.9996376037597656
e3/L/R5/0,4,1600,978809.0,5.99462511842062,0.9996376037597656
e3/L/R5/0,4,3200,1013561.0,6.437361029296004,0.9999570846557617
e3/L/R5/0,4,6400,1013561.0,6.437361029296004,0.9999570846557617
e3/L/R5/0,4,12800,1013561.0,6.437361029296004,0.9999570846557617
e3/L/R5/0,4,25600,1013561.0,6.437361029296004,0.9999570846557617
e3/L/R5/0,4,51200,947129.0,6.880096940171389,0.9999990463256836
e3/L/R5/0,4,102400,947129.0,6.880096940171389,0.9999990463256836
e3/L/R5/0,5,50,883644.0,4.426427939662307,0.9541912078857422
e3/L/R5/0,5,100,95164.0,5.224647350979466,0.994084358215332
e3/L/R5/0,5,200,384476.0,5.901903919549742,0.9993391036987305
e3/L/R5/0,5,400,384476.0,5.901903919549742,0.9993391036987305
e3/L/R5/0,5,800,384476.0,5.901903919549742,0.9993391036987305
e3/L/R5/0,5,1600,384476.0,5.901903919549742,0.9993391036987305
e3/L/R5/0,5,3200,384476.0,5.901903919549742,0.9993391036987305
e3/L/R5/0,5,6400,1013689.0,5.99462511842062,0.9996376037597656
e3/L/R5/0,5,12800,489262.0,6.344639830425127,0.9999160766601562
e3/L/R5/0,5,25600,978510.0,6.437361029296004,0.9999570846557617
e3/L/R5/0,5,51200,489273.0,6.787375741300511,0.999995231628418
e3/L/R5/0,5,102400,473550.0,6.99243278795625,1.0
e3/L/R5/0,6,50,1039993.0,4.961885049408569,0.9868555068969727
e3/L/R5/0,6,100,1039993.0,4.961885049408569,0.9868555068969727
e3/L/R5/0,6,200,768973.0,5.106842714757336,0.9918804168701172
e3/L/R5/0,6,400,646301.0,5.992314536508104,0.9995708465576172
e3/L/R5/0,6,800,646301.0,5.992314536508104,0.9995708465576172
e3/L/R5/0,6,1600,488348.0,6.549696877080865,0.9999799728393555
e3/L/R5/0,6,3200,488348.0,6.549696877080865,0.9999799728393555
e3/L/R5/0,6,6400,488348.0,6.549696877080865,0.9999799728393555
e3/L/R5/0,6,12800,488348.0,6.549696877080865,0.9999799728393555
e3/L/R5/0,6,25600,488348.0,6.549696877080865,0.9999799728393555
e3/L/R5/0,6,51200,761294.0,6.787375741300511,0.999995231628418
e3/L/R5/0,6,102400,947129.0,6.880096940171389,0.9999990463256836
e3/L/R5/0,7,50,768469.0,4.86916385053769,0.9839916229248047
e3/L/R5/0,7,100,473717.0,5.074220897193429,0.9896688461303711
e3/L/R5/0,7,200,642806.0,5.54957862563272,0.9980325698852539
e3/L/R5/0,7,400,642806.0,5.54957862563272,0.9980325698852539
e3/L/R5/0,7,800,642806.0,5.54957862563272,0.9980325698852539
e3/L/R5/0,7,1600,768459.0,5.787257489852366,0.9991950988769531
e3/L/R5/0,7,3200,641486.0,6.435050447383488,0.9999284744262695
e3/L/R5/0,7,6400,641486.0,6.435050447383488,0.9999284744262695
e3/L/R5/0,7,12800,641486.0,6.435050447383488,0.9999284744262695
e3/L/R5/0,7,25600,761070.0,6.787375741300511,0.999995231628418
e3/L/R5/0,7,51200,761070.0,6.787375741300511,0.999995231628418
e3/L/R5/0,7,102400,761070.0,6.787375741300511,0.999995231628418
e3/L/R5/0,8,50,639897.0,4.872322057062444,0.9849109649658203
e3/L/R5/0,8,100,639897.0,4.872322057062444,0.9849109649658203
e3/L/R5/0,8,200,943991.0,5.54957862563272,0.9980325698852539
e3/L/R5/0,8,400,323185.0,5.667383261854851,0.9986648559570312
e3/L/R5/0,8,800,323185.0,5.667383261854851,0.9986648559570312
e3/L/R5/0,8,1600,976334.0,6.437361029296004,0.9999570846557617
e3/L/R5/0,8,3200,976334.0,6.437361029296004,0.9999570846557617
e3/L/R5/0,8,6400,976334.0,6.437361029296004,0.9999570846557617
e3/L/R5/0,8,12800,976334.0,6.437361029296004,0.9999570846557617
e3/L/R5/0,8,25600,976697.0,6.880096940171389,0.9999990463256836
e3/L/R5/0,8,51200,976697.0,6.880096940171389,0.9999990463256836
e3/L/R5/0,8,102400,976697.0,6.880096940171389,0.9999990463256836
e3/L/R5/0,9,50,805817.0,4.667265010406705,0.9745960235595703
e3/L/R5/0,9,100,805817.0,4.667265010406705,0.9745960235595703
e3/L/R5/0,9,200,976342.0,4.7568280027528305,0.9794168472290039
e3/L/R5/0,9,400,978656.0,5.314210343325591,0.9957714080810547
e3/L/R5/0,9,800,244700.0,5.664225055330098,0.9984512329101562
e3/L/R5/0,9,1600,777966.0,5.901903919549742,0.9993391036987305
e3/L/R5/0,9,3200,237006.0,6.549696877080865,0.9999799728393555
e3/L/R5/0,9,6400,237006.0,6.549696877080865,0.9999799728393555
e3/L/R5/0,9,12800,237006.0,6.549696877080865,0.9999799728393555
e3/L/R5/0,9,25600,237006.0,6.549696877080865,0.9999799728393555
e3/L/R5/0,9,51200,237006.0,6.549696877080865,0.9999799728393555
e3/L/R5/0,9,102400,237006.0,6.549696877080865,0.9999799728393555
e3/L/R5/0,10,50,496441.0,5.197253331715698,0.9925403594970703
e3/L/R5/0,10,100,496441.0,5.197253331715698,0.9925403594970703
e3/L/R5/0,10,200,496441.0,5.197253331715698,0.9925403594970703
e3/L/R5/0,10,400,496441.0,5.197253331715698,0.9925403594970703
e3/L/R5/0,10,800,124732.0,5.429704397635205,0.9966526031494141
e3/L/R5/0,10,1600,768926.0,6.344639830425127,0.9999160766601562
e3/L/R5/0,10,3200,768926.0,6.344639830425127,0.9999160766601562
e3/L/R5/0,10,6400,949177.0,6.437361029296004,0.9999570846557617
e3/L/R5/0,10,12800,949177.0,6.437361029296004,0.9999570846557617
e3/L/R5/0,10,25600,949177.0,6.437361029296004,0.9999570846557617
e3/L/R5/0,10,51200,976697.0,6.880096940171389,0.9999990463256836
e3/L/R5/0,10,102400,473550.0,6.99243278795625,1.0
e3/L/R5/0,11,50,720366.0,4.426427939662307,0.9541912078857422
e3/L/R5/0,11,100,194460.0,4.86916385053769,0.9839916229248047
e3/L/R5/0,11,200,194460.0,4.86916385053769,0.9839916229248047
e3/L/R5/0,11,400,768750.0,5.901903919549742,0.9993391036987305
e3/L/R5/0,11,800,768750.0,5.901903919549742,0.9993391036987305
e3/L/R5/0,11,1600,489272.0,6.106960966205481,0.9997596740722656
e3/L/R5/0,11,3200,650990.0,6.344639830425127,0.9999160766601562
e3/L/R5/0,11,6400,650990.0,6.344639830425127,0.9999160766601562
e3/L/R5/0,11,12800,650990.0,6.344639830425127,0.9999160766601562
e3/L/R5/0,11,25600,473566.0,6.549696877080865,0.9999799728393555
e3/L/R5/0,11,51200,646382.0,6.787375741300511,0.999995231628418
e3/L/R5/0,11,102400,646382.0,6.787375741300511,0.999995231628418
e3/L/R5/0,12,50,826617.0,5.197253331715698,0.9925403594970703
e3/L/R5/0,12,100,826617.0,5.197253331715698,0.9925403594970703
e3/L/R5/0,12,200,826617.0,5.197253331715698,0.9925403594970703
e3/L/R5/0,12,400,826617.0,5.197253331715698,0.9925403594970703
e3/L/R5/0,12,800,321358.0,5.754635672288458,0.9988985061645508
e3/L/R5/0,12,1600,642937.0,5.992314536508104,0.9995708465576172
e3/L/R5/0,12,3200,976697.0,6.880096940171389,0.9999990463256836
e3/L/R5/0,12,6400,976697.0,6.880096940171389,0.9999990463256836
e3/L/R5/0,12,12800,976697.0,6.880096940171389,0.9999990463256836
e3/L/R5/0,12,25600,976697.0,6.880096940171389,0.9999990463256836
e3/L/R5/0,12,51200,976697.0,6.880096940171389,0.9999990463256836
e3/L/R5/0,12,102400,976697.0,6.880096940171389,0.9999990463256836
e3/L/R5/0,13,50,473720.0,5.074220897193429,0.9896688461303711
e3/L/R5/0,13,100,473720.0,5.074220897193429,0.9896688461303711
e3/L/R5/0,13,200,993086.0,5.404620960283953,0.9963407516479492
e3/L/R5/0,13,400,642684.0,5.754635672288458,0.9988985061645508
e3/L/R5/0,13,800,642684.0,5.754635672288458,0.9988985061645508
e3/L/R5/0,13,1600,761458.0,5.992314536508104,0.9995708465576172
e3/L/R5/0,13,3200,506830.0,6.106960966205481,0.9997596740722656
e3/L/R5/0,13,6400,978663.0,6.344639830425127,0.9999160766601562
e3/L/R5/0,13,12800,948082.0,6.437361029296004,0.9999570846557617
e3/L/R5/0,13,25600,947102.0,6.642418075951743,0.9999866485595703
e3/L/R5/0,13,51200,947102.0,6.642418075951743,0.9999866485595703
e3/L/R5/0,13,102400,947102.0,6.642418075951743,0.9999866485595703
e3/L/R5/0,14,50,914397.0,4.86916385053769,0.9839916229248047
e3/L/R5/0,14,100,651122.0,5.54957862563272,0.9980325698852539
e3/L/R5/0,14,200,651122.0,5.54957862563272,0.9980325698852539
e3/L/R5/0,14,400,651122.0,5.54957862563272,0.9980325698852539
e3/L/R5/0,14,800,651122.0,5.54957862563272,0.9980325698852539
e3/L/R5/0,14,1600,773689.0,5.667383261854851,0.9986648559570312
e3/L/R5/0,14,3200,978675.0,5.99462511842062,0.9996376037597656
e3/L/R5/0,14,6400,761308.0,6.344639830425127,0.9999160766601562
e3/L/R5/0,14,12800,761308.0,6.344639830425127,0.9999160766601562
e3/L/R5/0,14,25600,761308.0,6.344639830425127,0.9999160766601562
e3/L/R5/0,14,51200,488377.0,6.787375741300511,0.999995231628418
e3/L/R5/0,14,102400,473550.0,6.99243278795625,1.0
e3/L/R5/0,15,50,474341.0,5.754635672288458,0.9988985061645508
e3/L/R5/0,15,100,474341.0,5.754635672288458,0.9988985061645508
e3/L/R5/0,15,200,474341.0,5.754635672288458,0.9988985061645508
e3/L/R5/0,15,400,474341.0,5.754635672288458,0.9988985061645508
e3/L/R5/0,15,800,474341.0,5.754635672288458,0.9988985061645508
e3/L/R5/0,15,1600,976763.0,5.99462511842062,0.9996376037597656
e3/L/R5/0,15,3200,646622.0,6.344639830425127,0.9999160766601562
e3/L/R5/0,15,6400,646622.0,6.344639830425127,0.9999160766601562
e3/L/R5/0,15,12800,474350.0,6.549696877080865,0.9999799728393555
e3/L/R5/0,15,25600,474350.0,6.549696877080865,0.9999799728393555
e3/L/R5/0,15,51200,474350.0,6.549696877080865,0.9999799728393555
e3/L/R5/0,15,102400,474041.0,6.787375741300511,0.999995231628418
e3/L/R5/0,16,50,981874.0,4.7568280027528305,0.9794168472290039
e3/L/R5/0,16,100,641947.0,4.992196285059959,0.9892587661743164
e3/L/R5/0,16,200,641947.0,4.992196285059959,0.9892587661743164
e3/L/R5/0,16,400,913134.0,5.901903919549742,0.9993391036987305
e3/L/R5/0,16,800,913134.0,5.901903919549742,0.9993391036987305
e3/L/R5/0,16,1600,913134.0,5.901903919549742,0.9993391036987305
e3/L/R5/0,16,3200,604636.0,5.992314536508104,0.9995708465576172
e3/L/R5/0,16,6400,604636.0,5.992314536508104,0.9995708465576172
e3/L/R5/0,16,12800,646638.0,6.344639830425127,0.9999160766601562
e3/L/R5/0,16,25600,978547.0,6.437361029296004,0.9999570846557617
e3/L/R5/0,16,51200,978547.0,6.437361029296004,0.9999570846557617
e3/L/R5/0,16,102400,488348.0,6.549696877080865,0.9999799728393555
e3/L/R5/0,17,50,644982.0,5.106842714757336,0.9918804168701172
e3/L/R5/0,17,100,644982.0,5.106842714757336,0.9918804168701172
e3/L/R5/0,17,200,235377.0,5.224647350979466,0.994084358215332
e3/L/R5/0,17,400,235377.0,5.224647350979466,0.994084358215332
e3/L/R5/0,17,800,1012700.0,5.756946254200974,0.9990959167480469
e3/L/R5/0,17,1600,507342.0,6.106960966205481,0.9997596740722656
e3/L/R5/0,17,3200,507342.0,6.106960966205481,0.9997596740722656
e3/L/R5/0,17,6400,507342.0,6.106960966205481,0.9997596740722656
e3/L/R5/0,17,12800,380654.0,6.344639830425127,0.9999160766601562
e3/L/R5/0,17,25600,498926.0,6.549696877080865,0.9999799728393555
e3/L/R5/0,17,51200,498926.0,6.549696877080865,0.9999799728393555
e3/L/R5/0,17,102400,498926.0,6.549696877080865,0.9999799728393555
e3/L/R5/0,18,50,259022.0,5.074220897193429,0.9896688461303711
e3/L/R5/0,18,100,259022.0,5.074220897193429,0.9896688461303711
e3/L/R5/0,18,200,642636.0,5.197253331715698,0.9925403594970703
e3/L/R5/0,18,400,976686.0,6.437361029296004,0.9999570846557617
e3/L/R5/0,18,800,976686.0,6.437361029296004,0.9999570846557617
e3/L/R5/0,18,1600,976686.0,6.437361029296004,0.9999570846557617
e3/L/R5/0,18,3200,976686.0,6.437361029296004,0.9999570846557617
e3/L/R5/0,18,6400,976686.0,6.437361029296004,0.9999570846557617
e3/L/R5/0,18,12800,976686.0,6.437361029296004,0.9999570846557617
e3/L/R5/0,18,25600,976686.0,6.437361029296004,0.9999570846557617
e3/L/R5/0,18,51200,473582.0,6.549696877080865,0.9999799728393555
e3/L/R5/0,18,102400,473582.0,6.549696877080865,0.9999799728393555
e3/L/R5/0,19,50,948081.0,6.112429754642751,0.9997777938842773
e3/L/R5/0,19,100,948081.0,6.112429754642751,0.9997777938842773
e3/L/R5/0,19,200,948081.0,6.112429754642751,0.9997777938842773
e3/L/R5/0,19,400,948081.0,6.112429754642751,0.9997777938842773
e3/L/R5/0,19,800,948081.0,6.112429754642751,0.9997777938842773
e3/L/R5/0,19,1600,949198.0,6.19968216507636,0.9998445510864258
e3/L/R5/0,19,3200,949198.0,6.19968216507636,0.9998445510864258
e3/L/R5/0,19,6400,908526.0,6.344639830425127,0.9999160766601562
e3/L/R5/0,19,12800,908526.0,6.344639830425127,0.9999160766601562
e3/L/R5/0,19,25600,976334.0,6.437361029296004,0.9999570846557617
e3/L/R5/0,19,51200,642798.0,6.787375741300511,0.999995231628418
e3/L/R5/0,19,102400,642798.0,6.787375741300511,0.999995231628418
e3/L/R5/0,20,50,765881.0,5.106842714757336,0.9918804168701172
e3/L/R5/0,20,100,765881.0,5.106842714757336,0.9918804168701172
e3/L/R5/0,20,200,765881.0,5.106842714757336,0.9918804168701172
e3/L/R5/0,20,400,601719.0,5.3422109970644645,0.9959774017333984
e3/L/R5/0,20,800,476985.0,5.429704397635205,0.9966526031494141
e3/L/R5/0,20,1600,650990.0,6.344639830425127,0.9999160766601562
e3/L/R5/0,20,3200,506318.0,6.549696877080865,0.9999799728393555
e3/L/R5/0,20,6400,506318.0,6.549696877080865,0.9999799728393555
e3/L/R5/0,20,12800,506318.0,6.549696877080865,0.9999799728393555
e3/L/R5/0,20,25600,768953.0,6.582318694644771,0.9999809265136719
e3/L/R5/0,20,51200,768953.0,6.582318694644771,0.9999809265136719
e3/L/R5/0,20,102400,768953.0,6.582318694644771,0.9999809265136719
e3/L/R5/0,21,50,488350.0,6.549696877080865,0.9999799728393555
e3/L/R5/0,21,100,488350.0,6.549696877080865,0.9999799728393555
e3/L/R5/0,21,200,488350.0,6.549696877080865,0.9999799728393555
e3/L/R5/0,21,400,488350.0,6.549696877080865,0.9999799728393555
e3/L/R5/0,21,800,488350.0,6.549696877080865,0.9999799728393555
e3/L/R5/0,21,1600,488350.0,6.549696877080865,0.9999799728393555
e3/L/R5/0,21,3200,488350.0,6.549696877080865,0.9999799728393555
e3/L/R5/0,21,6400,488377.0,6.787375741300511,0.999995231628418
e3/L/R5/0,21,12800,488377.0,6.787375741300511,0.999995231628418
e3/L/R5/0,21,25600,488377.0,6.787375741300511,0.999995231628418
e3/L/R5/0,21,51200,488377.0,6.787375741300511,0.999995231628418
e3/L/R5/0,21,102400,488377.0,6.787375741300511,0.999995231628418
e3/L/R5/0,22,50,474938.0,5.074220897193429,0.9896688461303711
e3/L/R5/0,22,100,451822.0,5.54957862563272,0.9980325698852539
e3/L/R5/0,22,200,451822.0,5.54957862563272,0.9980325698852539
e3/L/R5/0,22,400,451822.0,5.54957862563272,0.9980325698852539
e3/L/R5/0,22,800,826606.0,5.992314536508104,0.9995708465576172
e3/L/R5/0,22,1600,826606.0,5.992314536508104,0.9995708465576172
e3/L/R5/0,22,3200,826606.0,5.992314536508104,0.9995708465576172
e3/L/R5/0,22,6400,826606.0,5.992314536508104,0.9995708465576172
e3/L/R5/0,22,12800,466382.0,6.2247656024276115,0.9998502731323242
e3/L/R5/0,22,25600,642873.0,6.435050447383488,0.9999284744262695
e3/L/R5/0,22,51200,474041.0,6.787375741300511,0.999995231628418
e3/L/R5/0,22,102400,948025.0,6.880096940171389,0.9999990463256836
e3/L/R5/0,23,50,473785.0,5.311899761413074,0.9956035614013672
e3/L/R5/0,23,100,249459.0,5.754635672288458,0.9988985061645508
e3/L/R5/0,23,200,249459.0,5.754635672288458,0.9988985061645508
e3/L/R5/0,23,400,244974.0,6.106960966205481,0.9997596740722656
e3/L/R5/0,23,800,244974.0,6.106960966205481,0.9997596740722656
e3/L/R5/0,23,1600,244974.0,6.106960966205481,0.9997596740722656
e3/L/R5/0,23,3200,244665.0,6.344639830425127,0.9999160766601562
e3/L/R5/0,23,6400,244665.0,6.344639830425127,0.9999160766601562
e3/L/R5/0,23,12800,244665.0,6.344639830425127,0.9999160766601562
e3/L/R5/0,23,25600,237006.0,6.549696877080865,0.9999799728393555
e3/L/R5/0,23,51200,237006.0,6.549696877080865,0.9999799728393555
e3/L/R5/0,23,102400,768462.0,6.787375741300511,0.999995231628418
e3/L/R5/0,24,50,422807.0,5.1045321328448185,0.9903411865234375
e3/L/R5/0,24,100,422807.0,5.1045321328448185,0.9903411865234375
e3/L/R5/0,24,200,1007049.0,5.199563913628214,0.9931354522705078
e3/L/R5/0,24,400,386877.0,5.311899761413074,0.9956035614013672
e3/L/R5/0,24,800,845725.0,5.754635672288458,0.9988985061645508
e3/L/R5/0,24,1600,192238.0,5.901903919549742,0.9993391036987305
e3/L/R5/0,24,3200,948030.0,6.19968216507636,0.9998445510864258
e3/L/R5/0,24,6400,948030.0,6.19968216507636,0.9998445510864258
e3/L/R5/0,24,12800,948030.0,6.19968216507636,0.9998445510864258
e3/L/R5/0,24,25600,948027.0,6.437361029296004,0.9999570846557617
e3/L/R5/0,24,51200,948027.0,6.437361029296004,0.9999570846557617
e3/L/R5/0,24,102400,948027.0,6.437361029296004,0.9999570846557617
e3/L/R5/0,25,50,489249.0,5.224647350979466,0.994084358215332
e3/L/R5/0,25,100,489249.0,5.224647350979466,0.994084358215332
e3/L/R5/0,25,200,619406.0,5.667383261854851,0.9986648559570312
e3/L/R5/0,25,400,619406.0,5.667383261854851,0.9986648559570312
e3/L/R5/0,25,800,619406.0,5.667383261854851,0.9986648559570312
e3/L/R5/0,25,1600,685881.0,5.992314536508104,0.9995708465576172
e3/L/R5/0,25,3200,685881.0,5.992314536508104,0.9995708465576172
e3/L/R5/0,25,6400,685881.0,5.992314536508104,0.9995708465576172
e3/L/R5/0,25,12800,976827.0,5.99462511842062,0.9996376037597656
e3/L/R5/0,25,25600,977358.0,6.19968216507636,0.9998445510864258
e3/L/R5/0,25,51200,473566.0,6.549696877080865,0.9999799728393555
e3/L/R5/0,25,102400,642798.0,6.787375741300511,0.999995231628418
e3/L/R5/0,26,50,944627.0,4.166823844616163,0.9259719848632812
e3/L/R5/0,26,100,160665.0,5.197253331715698,0.9925403594970703
e3/L/R5/0,26,200,466510.0,5.429704397635205,0.9966526031494141
e3/L/R5/0,26,400,466510.0,5.429704397635205,0.9966526031494141
e3/L/R5/0,26,800,466510.0,5.429704397635205,0.9966526031494141
e3/L/R5/0,26,1600,118382.0,5.667383261854851,0.9986648559570312
e3/L/R5/0,26,3200,768377.0,5.787257489852366,0.9991950988769531
e3/L/R5/0,26,6400,646622.0,6.344639830425127,0.9999160766601562
e3/L/R5/0,26,12800,646622.0,6.344639830425127,0.9999160766601562
e3/L/R5/0,26,25600,997838.0,6.642418075951743,0.9999866485595703
e3/L/R5/0,26,51200,997838.0,6.642418075951743,0.9999866485595703
e3/L/R5/0,26,102400,997838.0,6.642418075951743,0.9999866485595703
e3/L/R5/0,27,50,1014734.0,5.756946254200974,0.9990959167480469
e3/L/R5/0,27,100,1014734.0,5.756946254200974,0.9990959167480469
e3/L/R5/0,27,200,1014734.0,5.756946254200974,0.9990959167480469
e3/L/R5/0,27,400,1014734.0,5.756946254200974,0.9990959167480469
e3/L/R5/0,27,800,1014734.0,5.756946254200974,0.9990959167480469
e3/L/R5/0,27,1600,1014734.0,5.756946254200974,0.9990959167480469
e3/L/R5/0,27,3200,998301.0,6.19968216507636,0.9998445510864258
e3/L/R5/0,27,6400,761063.0,6.34232924851261,0.9998693466186523
e3/L/R5/0,27,12800,380654.0,6.344639830425127,0.9999160766601562
e3/L/R5/0,27,25600,380654.0,6.344639830425127,0.9999160766601562
e3/L/R5/0,27,51200,380654.0,6.344639830425127,0.9999160766601562
e3/L/R5/0,27,102400,947129.0,6.880096940171389,0.9999990463256836
e3/L/R5/0,28,50,604644.0,5.197253331715698,0.9925403594970703
e3/L/R5/0,28,100,604644.0,5.197253331715698,0.9925403594970703
e3/L/R5/0,28,200,604644.0,5.197253331715698,0.9925403594970703
e3/L/R5/0,28,400,464754.0,5.224647350979466,0.994084358215332
e3/L/R5/0,28,800,488249.0,5.992314536508104,0.9995708465576172
e3/L/R5/0,28,1600,646382.0,6.787375741300511,0.999995231628418
e3/L/R5/0,28,3200,646382.0,6.787375741300511,0.999995231628418
e3/L/R5/0,28,6400,646382.0,6.787375741300511,0.999995231628418
e3/L/R5/0,28,12800,646382.0,6.787375741300511,0.999995231628418
e3/L/R5/0,28,25600,646382.0,6.787375741300511,0.999995231628418
e3/L/R5/0,28,51200,646382.0,6.787375741300511,0.999995231628418
e3/L/R5/0,28,102400,646382.0,6.787375741300511,0.999995231628418
e3/L/R5/0,29,50,978830.0,5.432014979547722,0.9967384338378906
e3/L/R5/0,29,100,978830.0,5.432014979547722,0.9967384338378906
e3/L/R5/0,29,200,358201.0,5.54957862563272,0.9980325698852539
e3/L/R5/0,29,400,358201.0,5.54957862563272,0.9980325698852539
e3/L/R5/0,29,800,977390.0,5.756946254200974,0.9990959167480469
e3/L/R5/0,29,1600,977390.0,5.756946254200974,0.9990959167480469
e3/L/R5/0,29,3200,977390.0,5.756946254200974,0.9990959167480469
e3/L/R5/0,29,6400,489276.0,6.106960966205481,0.9997596740722656
e3/L/R5/0,29,12800,768462.0,6.787375741300511,0.999995231628418
e3/L/R5/0,29,25600,768462.0,6.787375741300511,0.999995231628418
e3/L/R5/0,29,51200,978670.0,6.789686323213028,0.9999961853027344
e3/L/R5/0,29,102400,978670.0,6.789686323213028,0.9999961853027344
e3/L/R5/0,30,50,20062.0,4.42958614618706,0.9599828720092773
e3/L/R5/0,30,100,20062.0,4.42958614618706,0.9599828720092773
e3/L/R5/0,30,200,998630.0,5.404620960283953,0.9963407516479492
e3/L/R5/0,30,400,498929.0,5.429704397635205,0.9966526031494141
e3/L/R5/0,30,800,735545.0,5.4349321959353425,0.9968585968017578
e3/L/R5/0,30,1600,244153.0,5.54957862563272,0.9980325698852539
e3/L/R5/0,30,3200,468206.0,5.992314536508104,0.9995708465576172
e3/L/R5/0,30,6400,468206.0,5.992314536508104,0.9995708465576172
e3/L/R5/0,30,12800,979870.0,6.19968216507636,0.9998445510864258
e3/L/R5/0,30,25600,768478.0,6.344639830425127,0.9999160766601562
e3/L/R5/0,30,51200,948686.0,6.642418075951743,0.9999866485595703
e3/L/R5/0,30,102400,948686.0,6.642418075951743,0.9999866485595703
e3/L/R5/0,31,50,849850.0,4.86916385053769,0.9839916229248047
e3/L/R5/0,31,100,761053.0,5.54957862563272,0.9980325698852539
e3/L/R5/0,31,200,761053.0,5.54957862563272,0.9980325698852539
e3/L/R5/0,31,400,761053.0,5.54957862563272,0.9980325698852539
e3/L/R5/0,31,800,761053.0,5.54957862563272,0.9980325698852539
e3/L/R5/0,31,1600,489934.0,6.549696877080865,0.9999799728393555
e3/L/R5/0,31,3200,489934.0,6.549696877080865,0.9999799728393555
e3/L/R5/0,31,6400,489934.0,6.549696877080865,0.9999799728393555
e3/L/R5/0,31,12800,489934.0,6.549696877080865,0.9999799728393555
e3/L/R5/0,31,25600,489934.0,6.549696877080865,0.9999799728393555
e3/L/R5/0,31,51200,768462.0,6.787375741300511,0.999995231628418
e3/L/R5/0,31,102400,768462.0,6.787375741300511,0.999995231628418
e3/L/R5/0,32,50,613837.0,4.31178150996493,0.9477338790893555
e3/L/R5/0,32,100,462414.0,5.429704397635205,0.9966526031494141
e3/L/R5/0,32,200,462414.0,5.429704397635205,0.9966526031494141
e3/L/R5/0,32,400,462414.0,5.429704397635205,0.9966526031494141
e3/L/R5/0,32,800,462414.0,5.429704397635205,0.9966526031494141
e3/L/R5/0,32,1600,650873.0,5.992314536508104,0.9995708465576172
e3/L/R5/0,32,3200,490734.0,6.106960966205481,0.9997596740722656
e3/L/R5/0,32,6400,488349.0,6.549696877080865,0.9999799728393555
e3/L/R5/0,32,12800,488349.0,6.549696877080865,0.9999799728393555
e3/L/R5/0,32,25600,488349.0,6.549696877080865,0.9999799728393555
e3/L/R5/0,32,51200,488349.0,6.549696877080865,0.9999799728393555
e3/L/R5/0,32,102400,947129.0,6.880096940171389,0.9999990463256836
e3/L/R5/0,33,50,499145.0,5.992314536508104,0.9995708465576172
e3/L/R5/0,33,100,499145.0,5.992314536508104,0.9995708465576172
e3/L/R5/0,33,200,761289.0,6.229993400727749,0.9998617172241211
e3/L/R5/0,33,400,761289.0,6.229993400727749,0.9998617172241211
e3/L/R5/0,33,800,761289.0,6.229993400727749,0.9998617172241211
e3/L/R5/0,33,1600,978663.0,6.344639830425127,0.9999160766601562
e3/L/R5/0,33,3200,978663.0,6.344639830425127,0.9999160766601562
e3/L/R5/0,33,6400,978663.0,6.344639830425127,0.9999160766601562
e3/L/R5/0,33,12800,473550.0,6.99243278795625,1.0
e3/L/R5/0,33,25600,473550.0,6.99243278795625,1.0
e3/L/R5/0,33,51200,473550.0,6.99243278795625,1.0
e3/L/R5/0,33,102400,473550.0,6.99243278795625,1.0
e3/L/R5/0,34,50,463790.0,4.986968486759821,0.988703727722168
e3/L/R5/0,34,100,463790.0,4.986968486759821,0.988703727722168
e3/L/R5/0,34,200,1013710.0,5.756946254200974,0.9990959167480469
e3/L/R5/0,34,400,1013710.0,5.756946254200974,0.9990959167480469
e3/L/R5/0,34,800,1013710.0,5.756946254200974,0.9990959167480469
e3/L/R5/0,34,1600,948462.0,5.874750890423105,0.9992351531982422
e3/L/R5/0,34,3200,948462.0,5.874750890423105,0.9992351531982422
e3/L/R5/0,34,6400,768953.0,6.582318694644771,0.9999809265136719
e3/L/R5/0,34,12800,768953.0,6.582318694644771,0.9999809265136719
e3/L/R5/0,34,25600,768953.0,6.582318694644771,0.9999809265136719
e3/L/R5/0,34,51200,768953.0,6.582318694644771,0.9999809265136719
e3/L/R5/0,34,102400,947102.0,6.642418075951743,0.9999866485595703
e3/L/R5/0,35,50,1006833.0,4.636953774755315,0.9719038009643555
e3/L/R5/0,35,100,736238.0,5.106842714757336,0.9918804168701172
e3/L/R5/0,35,200,839289.0,5.197253331715698,0.9925403594970703
e3/L/R5/0,35,400,761070.0,6.787375741300511,0.999995231628418
e3/L/R5/0,35,800,761070.0,6.787375741300511,0.999995231628418
e3/L/R5/0,35,1600,761070.0,6.787375741300511,0.999995231628418
e3/L/R5/0,35,3200,761070.0,6.787375741300511,0.999995231628418
e3/L/R5/0,35,6400,761070.0,6.787375741300511,0.999995231628418
e3/L/R5/0,35,12800,761070.0,6.787375741300511,0.999995231628418
e3/L/R5/0,35,25600,761070.0,6.787375741300511,0.999995231628418
e3/L/R5/0,35,51200,761070.0,6.787375741300511,0.999995231628418
e3/L/R5/0,35,102400,761070.0,6.787375741300511,0.999995231628418
e3/L/R5/0,36,50,903005.0,4.544232575884437,0.9677352905273438
e3/L/R5/0,36,100,491238.0,4.86916385053769,0.9839916229248047
e3/L/R5/0,36,200,772471.0,4.899475086189081,0.9854536056518555
e3/L/R5/0,36,400,772471.0,4.899475086189081,0.9854536056518555
e3/L/R5/0,36,800,192313.0,5.54957862563272,0.9980325698852539
e3/L/R5/0,36,1600,489276.0,6.106960966205481,0.9997596740722656
e3/L/R5/0,36,3200,489276.0,6.106960966205481,0.9997596740722656
e3/L/R5/0,36,6400,773870.0,6.344639830425127,0.9999160766601562
e3/L/R5/0,36,12800,773870.0,6.344639830425127,0.9999160766601562
e3/L/R5/0,36,25600,773870.0,6.344639830425127,0.9999160766601562
e3/L/R5/0,36,51200,473550.0,6.99243278795625,1.0
e3/L/R5/0,36,102400,473550.0,6.99243278795625,1.0
e3/L/R5/0,37,50,645022.0,5.311899761413074,0.9956035614013672
e3/L/R5/0,37,100,645022.0,5.311899761413074,0.9956035614013672
e3/L/R5/0,37,200,948558.0,5.404620960283953,0.9963407516479492
e3/L/R5/0,37,400,948558.0,5.404620960283953,0.9963407516479492
e3/L/R5/0,37,800,646385.0,5.667383261854851,0.9986648559570312
e3/L/R5/0,37,1600,646385.0,5.667383261854851,0.9986648559570312
e3/L/R5/0,37,3200,122350.0,6.019708555771873,0.9996519088745117
e3/L/R5/0,37,6400,489273.0,6.787375741300511,0.999995231628418
e3/L/R5/0,37,12800,489273.0,6.787375741300511,0.999995231628418
e3/L/R5/0,37,25600,489273.0,6.787375741300511,0.999995231628418
e3/L/R5/0,37,51200,489273.0,6.787375741300511,0.999995231628418
e3/L/R5/0,37,102400,489273.0,6.787375741300511,0.999995231628418
e3/L/R5/0,38,50,646391.0,5.899593337637226,0.9992895126342773
e3/L/R5/0,38,100,646391.0,5.899593337637226,0.9992895126342773
e3/L/R5/0,38,200,646391.0,5.899593337637226,0.9992895126342773
e3/L/R5/0,38,400,646391.0,5.899593337637226,0.9992895126342773
e3/L/R5/0,38,800,646391.0,5.899593337637226,0.9992895126342773
e3/L/R5/0,38,1600,937586.0,6.085035735378982,0.9996719360351562
e3/L/R5/0,38,3200,474588.0,6.106960966205481,0.9997596740722656
e3/L/R5/0,38,6400,474588.0,6.106960966205481,0.9997596740722656
e3/L/R5/0,38,12800,474588.0,6.106960966205481,0.9997596740722656
e3/L/R5/0,38,25600,979897.0,6.437361029296004,0.9999570846557617
e3/L/R5/0,38,51200,474012.0,6.549696877080865,0.9999799728393555
e3/L/R5/0,38,102400,947129.0,6.880096940171389,0.9999990463256836
e3/L/R5/0,39,50,759247.0,4.6617962219694355,0.9730329513549805
e3/L/R5/0,39,100,974067.0,5.199563913628214,0.9931354522705078
e3/L/R5/0,39,200,474737.0,5.429704397635205,0.9966526031494141
e3/L/R5/0,39,400,474737.0,5.429704397635205,0.9966526031494141
e3/L/R5/0,39,800,768953.0,6.582318694644771,0.9999809265136719
e3/L/R5/0,39,1600,768953.0,6.582318694644771,0.9999809265136719
e3/L/R5/0,39,3200,768953.0,6.582318694644771,0.9999809265136719
e3/L/R5/0,39,6400,768953.0,6.582318694644771,0.9999809265136719
e3/L/R5/0,39,12800,768953.0,6.582318694644771,0.9999809265136719
e3/L/R5/0,39,25600,768953.0,6.582318694644771,0.9999809265136719
e3/L/R5/0,39,51200,768953.0,6.582318694644771,0.9999809265136719
e3/L/R5/0,39,102400,768462.0,6.787375741300511,0.999995231628418
e3/L/R5/0,40,50,326585.0,5.54957862563272,0.9980325698852539
e3/L/R5/0,40,100,326585.0,5.54957862563272,0.9980325698852539
e3/L/R5/0,40,200,326585.0,5.54957862563272,0.9980325698852539
e3/L/R5/0,40,400,846286.0,5.754635672288458,0.9988985061645508
e3/L/R5/0,40,800,846286.0,5.754635672288458,0.9988985061645508
e3/L/R5/0,40,1600,1014686.0,5.756946254200974,0.9990959167480469
e3/L/R5/0,40,3200,1012665.0,6.437361029296004,0.9999570846557617
e3/L/R5/0,40,6400,1012665.0,6.437361029296004,0.9999570846557617
e3/L/R5/0,40,12800,768953.0,6.582318694644771,0.9999809265136719
e3/L/R5/0,40,25600,768953.0,6.582318694644771,0.9999809265136719
e3/L/R5/0,40,51200,978670.0,6.789686323213028,0.9999961853027344
e3/L/R5/0,40,102400,976697.0,6.880096940171389,0.9999990463256836
e3/L/R5/0,41,50,778158.0,4.426427939662307,0.9541912078857422
e3/L/R5/0,41,100,469454.0,5.754635672288458,0.9988985061645508
e3/L/R5/0,41,200,469454.0,5.754635672288458,0.9988985061645508
e3/L/R5/0,41,400,976668.0,5.874750890423105,0.9992351531982422
e3/L/R5/0,41,800,641998.0,5.992314536508104,0.9995708465576172
e3/L/R5/0,41,1600,641998.0,5.992314536508104,0.9995708465576172
e3/L/R5/0,41,3200,470766.0,6.344639830425127,0.9999160766601562
e3/L/R5/0,41,6400,470766.0,6.344639830425127,0.9999160766601562
e3/L/R5/0,41,12800,470766.0,6.344639830425127,0.9999160766601562
e3/L/R5/0,41,25600,473550.0,6.99243278795625,1.0
e3/L/R5/0,41,51200,473550.0,6.99243278795625,1.0
e3/L/R5/0,41,102400,473550.0,6.99243278795625,1.0
e3/L/R5/0,42,50,388782.0,4.426427939662307,0.9541912078857422
e3/L/R5/0,42,100,845755.0,5.54957862563272,0.9980325698852539
e3/L/R5/0,42,200,948115.0,5.642299824503598,0.9983148574829102
e3/L/R5/0,42,400,948115.0,5.642299824503598,0.9983148574829102
e3/L/R5/0,42,800,650866.0,5.992314536508104,0.9995708465576172
e3/L/R5/0,42,1600,650866.0,5.992314536508104,0.9995708465576172
e3/L/R5/0,42,3200,490396.0,6.106960966205481,0.9997596740722656
e3/L/R5/0,42,6400,321337.0,6.435050447383488,0.9999284744262695
e3/L/R5/0,42,12800,948153.0,6.437361029296004,0.9999570846557617
e3/L/R5/0,42,25600,948153.0,6.437361029296004,0.9999570846557617
e3/L/R5/0,42,51200,768953.0,6.582318694644771,0.9999809265136719
e3/L/R5/0,42,102400,768953.0,6.582318694644771,0.9999809265136719
e3/L/R5/0,43,50,903641.0,4.992196285059959,0.9892587661743164
e3/L/R5/0,43,100,469469.0,5.311899761413074,0.9956035614013672
e3/L/R5/0,43,200,469469.0,5.311899761413074,0.9956035614013672
e3/L/R5/0,43,400,849721.0,5.992314536508104,0.9995708465576172
e3/L/R5/0,43,800,849721.0,5.992314536508104,0.9995708465576172
e3/L/R5/0,43,1600,849721.0,5.992314536508104,0.9995708465576172
e3/L/R5/0,43,3200,978662.0,5.99462511842062,0.9996376037597656
e3/L/R5/0,43,6400,487886.0,6.2247656024276115,0.9998502731323242
e3/L/R5/0,43,12800,976754.0,6.437361029296004,0.9999570846557617
e3/L/R5/0,43,25600,976754.0,6.437361029296004,0.9999570846557617
e3/L/R5/0,43,51200,499150.0,6.549696877080865,0.9999799728393555
e3/L/R5/0,43,102400,768462.0,6.787375741300511,0.999995231628418
e3/L/R5/0,44,50,949405.0,5.404620960283953,0.9963407516479492
e3/L/R5/0,44,100,949405.0,5.404620960283953,0.9963407516479492
e3/L/R5/0,44,200,564462.0,5.667383261854851,0.9986648559570312
e3/L/R5/0,44,400,564462.0,5.667383261854851,0.9986648559570312
e3/L/R5/0,44,800,564462.0,5.667383261854851,0.9986648559570312
e3/L/R5/0,44,1600,118393.0,6.110119172730234,0.9997720718383789
e3/L/R5/0,44,3200,473326.0,6.2247656024276115,0.9998502731323242
e3/L/R5/0,44,6400,646375.0,6.34232924851261,0.9998693466186523
e3/L/R5/0,44,12800,976110.0,6.437361029296004,0.9999570846557617
e3/L/R5/0,44,25600,976110.0,6.437361029296004,0.9999570846557617
e3/L/R5/0,44,51200,997838.0,6.642418075951743,0.9999866485595703
e3/L/R5/0,44,102400,947129.0,6.880096940171389,0.9999990463256836
e3/L/R5/0,45,50,605645.0,4.754517420840314,0.9787216186523438
e3/L/R5/0,45,100,235422.0,5.311899761413074,0.9956035614013672
e3/L/R5/0,45,200,474034.0,5.54957862563272,0.9980325698852539
e3/L/R5/0,45,400,321394.0,5.992314536508104,0.9995708465576172
e3/L/R5/0,45,800,321394.0,5.992314536508104,0.9995708465576172
e3/L/R5/0,45,1600,321394.0,5.992314536508104,0.9995708465576172
e3/L/R5/0,45,3200,321394.0,5.992314536508104,0.9995708465576172
e3/L/R5/0,45,6400,321394.0,5.992314536508104,0.9995708465576172
e3/L/R5/0,45,12800,474078.0,6.106960966205481,0.9997596740722656
e3/L/R5/0,45,25600,489401.0,6.344639830425127,0.9999160766601562
e3/L/R5/0,45,51200,979897.0,6.437361029296004,0.9999570846557617
e3/L/R5/0,45,102400,646606.0,6.787375741300511,0.999995231628418
e3/L/R5/0,46,50,77540.0,4.667265010406705,0.9745960235595703
e3/L/R5/0,46,100,77540.0,4.667265010406705,0.9745960235595703
e3/L/R5/0,46,200,654265.0,5.54957862563272,0.9980325698852539
e3/L/R5/0,46,400,654265.0,5.54957862563272,0.9980325698852539
e3/L/R5/0,46,800,947996.0,5.874750890423105,0.9992351531982422
e3/L/R5/0,46,1600,947996.0,5.874750890423105,0.9992351531982422
e3/L/R5/0,46,3200,488249.0,5.992314536508104,0.9995708465576172
e3/L/R5/0,46,6400,489337.0,6.344639830425127,0.9999160766601562
e3/L/R5/0,46,12800,489337.0,6.344639830425127,0.9999160766601562
e3/L/R5/0,46,25600,237006.0,6.549696877080865,0.9999799728393555
e3/L/R5/0,46,51200,237006.0,6.549696877080865,0.9999799728393555
e3/L/R5/0,46,102400,237006.0,6.549696877080865,0.9999799728393555
e3/L/R5/0,47,50,507367.0,5.219178562542196,0.9932641983032227
e3/L/R5/0,47,100,642279.0,5.547268043720203,0.9970426559448242
e3/L/R5/0,47,200,642279.0,5.547268043720203,0.9970426559448242
e3/L/R5/0,47,400,237369.0,5.754635672288458,0.9988985061645508
e3/L/R5/0,47,800,237369.0,5.754635672288458,0.9988985061645508
e3/L/R5/0,47,1600,253390.0,6.106960966205481,0.9997596740722656
e3/L/R5/0,47,3200,253390.0,6.106960966205481,0.9997596740722656
e3/L/R5/0,47,6400,777454.0,6.344639830425127,0.9999160766601562
e3/L/R5/0,47,12800,474013.0,6.549696877080865,0.9999799728393555
e3/L/R5/0,47,25600,474013.0,6.549696877080865,0.9999799728393555
e3/L/R5/0,47,51200,646606.0,6.787375741300511,0.999995231628418
e3/L/R5/0,47,102400,947129.0,6.880096940171389,0.9999990463256836
e3/L/R5/0,48,50,498813.0,4.749289622540175,0.9753208160400391
e3/L/R5/0,48,100,648092.0,5.429704397635205,0.9966526031494141
e3/L/R5/0,48,200,977822.0,5.756946254200974,0.9990959167480469
e3/L/R5/0,48,400,977822.0,5.756946254200974,0.9990959167480469
e3/L/R5/0,48,800,977822.0,5.756946254200974,0.9990959167480469
e3/L/R5/0,48,1600,977822.0,5.756946254200974,0.9990959167480469
e3/L/R5/0,48,3200,646638.0,6.344639830425127,0.9999160766601562
e3/L/R5/0,48,6400,646638.0,6.344639830425127,0.9999160766601562
e3/L/R5/0,48,12800,976110.0,6.437361029296004,0.9999570846557617
e3/L/R5/0,48,25600,976110.0,6.437361029296004,0.9999570846557617
e3/L/R5/0,48,51200,761070.0,6.787375741300511,0.999995231628418
e3/L/R5/0,48,102400,978670.0,6.789686323213028,0.9999961853027344
e3/L/R5/0,49,50,1035933.0,4.724206185188924,0.9749088287353516
e3/L/R5/0,49,100,850926.0,4.86916385053769,0.9839916229248047
e3/L/R5/0,49,200,850926.0,4.86916385053769,0.9839916229248047
e3/L/R5/0,49,400,937592.0,5.404620960283953,0.9963407516479492
e3/L/R5/0,49,800,605084.0,5.992314536508104,0.9995708465576172
e3/L/R5/0,49,1600,605084.0,5.992314536508104,0.9995708465576172
e3/L/R5/0,49,3200,605084.0,5.992314536508104,0.9995708465576172
e3/L/R5/0,49,6400,941294.0,6.437361029296004,0.9999570846557617
e3/L/R5/0,49,12800,941294.0,6.437361029296004,0.9999570846557617
e3/L/R5/0,49,25600,941294.0,6.437361029296004,0.9999570846557617
e3/L/R5/0,49,51200,941294.0,6.437361029296004,0.9999570846557617
e3/L/R5/0,49,102400,761294.0,6.787375741300511,0.999995231628418
e3/L/R5/0,50,50,463591.0,4.779600858191565,0.9798574447631836
e3/L/R5/0,50,100,463591.0,4.779600858191565,0.9798574447631836
e3/L/R5/0,50,200,642686.0,5.754635672288458,0.9988985061645508
e3/L/R5/0,50,400,642686.0,5.754635672288458,0.9988985061645508
e3/L/R5/0,50,800,642686.0,5.754635672288458,0.9988985061645508
e3/L/R5/0,50,1600,847673.0,5.992314536508104,0.9995708465576172
e3/L/R5/0,50,3200,1031097.0,5.99462511842062,0.9996376037597656
e3/L/R5/0,50,6400,1031097.0,5.99462511842062,0.9996376037597656
e3/L/R5/0,50,12800,998301.0,6.19968216507636,0.9998445510864258
e3/L/R5/0,50,25600,976697.0,6.880096940171389,0.9999990463256836
e3/L/R5/0,50,51200,976697.0,6.880096940171389,0.9999990463256836
e3/L/R5/0,50,102400,976697.0,6.880096940171389,0.9999990463256836
e3/L/R5/0,51,50,773944.0,5.311899761413074,0.9956035614013672
e3/L/R5/0,51,100,773944.0,5.311899761413074,0.9956035614013672
e3/L/R5/0,51,200,773944.0,5.311899761413074,0.9956035614013672
e3/L/R5/0,51,400,466553.0,5.429704397635205,0.9966526031494141
e3/L/R5/0,51,800,506334.0,6.106960966205481,0.9997596740722656
e3/L/R5/0,51,1600,506334.0,6.106960966205481,0.9997596740722656
e3/L/R5/0,51,3200,506334.0,6.106960966205481,0.9997596740722656
e3/L/R5/0,51,6400,506334.0,6.106960966205481,0.9997596740722656
e3/L/R5/0,51,12800,998301.0,6.19968216507636,0.9998445510864258
e3/L/R5/0,51,25600,948025.0,6.880096940171389,0.9999990463256836
e3/L/R5/0,51,51200,948025.0,6.880096940171389,0.9999990463256836
e3/L/R5/0,51,102400,948025.0,6.880096940171389,0.9999990463256836
e3/L/R5/0,52,50,105959.0,4.779600858191565,0.9798574447631836
e3/L/R5/0,52,100,506682.0,4.86916385053769,0.9839916229248047
e3/L/R5/0,52,200,760763.0,5.34452157897698,0.9961042404174805
e3/L/R5/0,52,400,760763.0,5.34452157897698,0.9961042404174805
e3/L/R5/0,52,800,474590.0,6.106960966205481,0.9997596740722656
e3/L/R5/0,52,1600,474590.0,6.106960966205481,0.9997596740722656
e3/L/R5/0,52,3200,474590.0,6.106960966205481,0.9997596740722656
e3/L/R5/0,52,6400,498926.0,6.549696877080865,0.9999799728393555
e3/L/R5/0,52,12800,498926.0,6.549696877080865,0.9999799728393555
e3/L/R5/0,52,25600,498926.0,6.549696877080865,0.9999799728393555
e3/L/R5/0,52,51200,498926.0,6.549696877080865,0.9999799728393555
e3/L/R5/0,52,102400,474041.0,6.787375741300511,0.999995231628418
e3/L/R5/0,53,50,93943.0,4.1318079006604425,0.9249544143676758
e3/L/R5/0,53,100,496529.0,4.872322057062444,0.9849109649658203
e3/L/R5/0,53,200,946937.0,5.642299824503598,0.9983148574829102
e3/L/R5/0,53,400,946937.0,5.642299824503598,0.9983148574829102
e3/L/R5/0,53,800,946937.0,5.642299824503598,0.9983148574829102
e3/L/R5/0,53,1600,499438.0,6.106960966205481,0.9997596740722656
e3/L/R5/0,53,3200,976797.0,6.19968216507636,0.9998445510864258
e3/L/R5/0,53,6400,642679.0,6.34232924851261,0.9998693466186523
e3/L/R5/0,53,12800,948014.0,6.437361029296004,0.9999570846557617
e3/L/R5/0,53,25600,948014.0,6.437361029296004,0.9999570846557617
e3/L/R5/0,53,51200,473564.0,6.549696877080865,0.9999799728393555
e3/L/R5/0,53,102400,646606.0,6.787375741300511,0.999995231628418
e3/L/R5/0,54,50,979849.0,5.317368549850345,0.9959259033203125
e3/L/R5/0,54,100,979849.0,5.317368549850345,0.9959259033203125
e3/L/R5/0,54,200,979849.0,5.317368549850345,0.9959259033203125
e3/L/R5/0,54,400,979849.0,5.317368549850345,0.9959259033203125
e3/L/R5/0,54,800,937774.0,5.642299824503598,0.9983148574829102
e3/L/R5/0,54,1600,491246.0,5.664225055330098,0.9984512329101562
e3/L/R5/0,54,3200,118503.0,6.017397973859356,0.9996404647827148
e3/L/R5/0,54,6400,976718.0,6.19968216507636,0.9998445510864258
e3/L/R5/0,54,12800,976718.0,6.19968216507636,0.9998445510864258
e3/L/R5/0,54,25600,997838.0,6.642418075951743,0.9999866485595703
e3/L/R5/0,54,51200,489273.0,6.787375741300511,0.999995231628418
e3/L/R5/0,54,102400,489273.0,6.787375741300511,0.999995231628418
e3/L/R5/0,55,50,881550.0,4.986968486759821,0.988703727722168
e3/L/R5/0,55,100,490386.0,5.54957862563272,0.9980325698852539
e3/L/R5/0,55,200,490386.0,5.54957862563272,0.9980325698852539
e3/L/R5/0,55,400,490386.0,5.54957862563272,0.9980325698852539
e3/L/R5/0,55,800,490386.0,5.54957862563272,0.9980325698852539
e3/L/R5/0,55,1600,490386.0,5.54957862563272,0.9980325698852539
e3/L/R5/0,55,3200,761060.0,5.992314536508104,0.9995708465576172
e3/L/R5/0,55,6400,978551.0,6.344639830425127,0.9999160766601562
e3/L/R5/0,55,12800,976697.0,6.880096940171389,0.9999990463256836
e3/L/R5/0,55,25600,976697.0,6.880096940171389,0.9999990463256836
e3/L/R5/0,55,51200,976697.0,6.880096940171389,0.9999990463256836
e3/L/R5/0,55,102400,976697.0,6.880096940171389,0.9999990463256836
e3/L/R5/0,56,50,507470.0,5.311899761413074,0.9956035614013672
e3/L/R5/0,56,100,507470.0,5.311899761413074,0.9956035614013672
e3/L/R5/0,56,200,161650.0,5.54957862563272,0.9980325698852539
e3/L/R5/0,56,400,161650.0,5.54957862563272,0.9980325698852539
e3/L/R5/0,56,800,978653.0,5.551889207545237,0.9980716705322266
e3/L/R5/0,56,1600,380473.0,5.667383261854851,0.9986648559570312
e3/L/R5/0,56,3200,978553.0,6.437361029296004,0.9999570846557617
e3/L/R5/0,56,6400,489273.0,6.787375741300511,0.999995231628418
e3/L/R5/0,56,12800,489273.0,6.787375741300511,0.999995231628418
e3/L/R5/0,56,25600,489273.0,6.787375741300511,0.999995231628418
e3/L/R5/0,56,51200,489273.0,6.787375741300511,0.999995231628418
e3/L/R5/0,56,102400,473550.0,6.99243278795625,1.0
e3/L/R5/0,57,50,488819.0,4.86916385053769,0.9839916229248047
e3/L/R5/0,57,100,488819.0,4.86916385053769,0.9839916229248047
e3/L/R5/0,57,200,646902.0,5.106842714757336,0.9918804168701172
e3/L/R5/0,57,400,904797.0,5.54957862563272,0.9980325698852539
e3/L/R5/0,57,800,646713.0,5.667383261854851,0.9986648559570312
e3/L/R5/0,57,1600,761294.0,6.787375741300511,0.999995231628418
e3/L/R5/0,57,3200,761294.0,6.787375741300511,0.999995231628418
e3/L/R5/0,57,6400,761294.0,6.787375741300511,0.999995231628418
e3/L/R5/0,57,12800,761294.0,6.787375741300511,0.999995231628418
e3/L/R5/0,57,25600,761294.0,6.787375741300511,0.999995231628418
e3/L/R5/0,57,51200,761294.0,6.787375741300511,0.999995231628418
e3/L/R5/0,57,102400,473550.0,6.99243278795625,1.0
e3/L/R5/0,58,50,915387.0,4.6641068038819515,0.9740686416625977
e3/L/R5/0,58,100,915387.0,4.6641068038819515,0.9740686416625977
e3/L/R5/0,58,200,474851.0,4.986968486759821,0.988703727722168
e3/L/R5/0,58,400,29596.0,5.429704397635205,0.9966526031494141
e3/L/R5/0,58,800,976668.0,5.874750890423105,0.9992351531982422
e3/L/R5/0,58,1600,976668.0,5.874750890423105,0.9992351531982422
e3/L/R5/0,58,3200,976668.0,5.874750890423105,0.9992351531982422
e3/L/R5/0,58,6400,473582.0,6.549696877080865,0.9999799728393555
e3/L/R5/0,58,12800,473582.0,6.549696877080865,0.9999799728393555
e3/L/R5/0,58,25600,948025.0,6.880096940171389,0.9999990463256836
e3/L/R5/0,58,51200,948025.0,6.880096940171389,0.9999990463256836
e3/L/R5/0,58,102400,948025.0,6.880096940171389,0.9999990463256836
e3/L/R5/0,59,50,948004.0,5.642299824503598,0.9983148574829102
e3/L/R5/0,59,100,948004.0,5.642299824503598,0.9983148574829102
e3/L/R5/0,59,200,948004.0,5.642299824503598,0.9983148574829102
e3/L/R5/0,59,400,845725.0,5.754635672288458,0.9988985061645508
e3/L/R5/0,59,800,642791.0,6.34232924851261,0.9998693466186523
e3/L/R5/0,59,1600,642791.0,6.34232924851261,0.9998693466186523
e3/L/R5/0,59,3200,380654.0,6.344639830425127,0.9999160766601562
e3/L/R5/0,59,6400,380654.0,6.344639830425127,0.9999160766601562
e3/L/R5/0,59,12800,380654.0,6.344639830425127,0.9999160766601562
e3/L/R5/0,59,25600,380654.0,6.344639830425127,0.9999160766601562
e3/L/R5/0,59,51200,997838.0,6.642418075951743,0.9999866485595703
e3/L/R5/0,59,102400,997838.0,6.642418075951743,0.9999866485595703
e3/L/R5/0,60,50,379249.0,4.667265010406705,0.9745960235595703
e3/L/R5/0,60,100,848814.0,5.311899761413074,0.9956035614013672
e3/L/R5/0,60,200,848814.0,5.311899761413074,0.9956035614013672
e3/L/R5/0,60,400,848814.0,5.311899761413074,0.9956035614013672
e3/L/R5/0,60,800,506798.0,5.664225055330098,0.9984512329101562
e3/L/R5/0,60,1600,948030.0,6.19968216507636,0.9998445510864258
e3/L/R5/0,60,3200,948030.0,6.19968216507636,0.9998445510864258
e3/L/R5/0,60,6400,650990.0,6.344639830425127,0.9999160766601562
e3/L/R5/0,60,12800,642681.0,6.435050447383488,0.9999284744262695
e3/L/R5/0,60,25600,506318.0,6.549696877080865,0.9999799728393555
e3/L/R5/0,60,51200,506318.0,6.549696877080865,0.9999799728393555
e3/L/R5/0,60,102400,761294.0,6.787375741300511,0.999995231628418
e3/L/R5/0,61,50,487966.0,4.986968486759821,0.988703727722168
e3/L/R5/0,61,100,487966.0,4.986968486759821,0.988703727722168
e3/L/R5/0,61,200,487966.0,4.986968486759821,0.988703727722168
e3/L/R5/0,61,400,947131.0,6.437361029296004,0.9999570846557617
e3/L/R5/0,61,800,947131.0,6.437361029296004,0.9999570846557617
e3/L/R5/0,61,1600,947131.0,6.437361029296004,0.9999570846557617
e3/L/R5/0,61,3200,947131.0,6.437361029296004,0.9999570846557617
e3/L/R5/0,61,6400,947131.0,6.437361029296004,0.9999570846557617
e3/L/R5/0,61,12800,947131.0,6.437361029296004,0.9999570846557617
e3/L/R5/0,61,25600,947131.0,6.437361029296004,0.9999570846557617
e3/L/R5/0,61,51200,506318.0,6.549696877080865,0.9999799728393555
e3/L/R5/0,61,102400,506318.0,6.549696877080865,0.9999799728393555
e3/L/R5/0,62,50,736151.0,4.899475086189081,0.9854536056518555
e3/L/R5/0,62,100,995257.0,5.199563913628214,0.9931354522705078
e3/L/R5/0,62,200,995257.0,5.199563913628214,0.9931354522705078
e3/L/R5/0,62,400,995257.0,5.199563913628214,0.9931354522705078
e3/L/R5/0,62,800,474340.0,5.754635672288458,0.9988985061645508
e3/L/R5/0,62,1600,948126.0,6.19968216507636,0.9998445510864258
e3/L/R5/0,62,3200,948126.0,6.19968216507636,0.9998445510864258
e3/L/R5/0,62,6400,473566.0,6.549696877080865,0.9999799728393555
e3/L/R5/0,62,12800,473566.0,6.549696877080865,0.9999799728393555
e3/L/R5/0,62,25600,473566.0,6.549696877080865,0.9999799728393555
e3/L/R5/0,62,51200,473566.0,6.549696877080865,0.9999799728393555
e3/L/R5/0,62,102400,997838.0,6.642418075951743,0.9999866485595703
e3/L/R5/0,63,50,585590.0,4.781911440104082,0.9805564880371094
e3/L/R5/0,63,100,585590.0,4.781911440104082,0.9805564880371094
e3/L/R5/0,63,200,998860.0,4.961885049408569,0.9868555068969727
e3/L/R5/0,63,400,488431.0,5.219178562542196,0.9932641983032227
e3/L/R5/0,63,800,997614.0,5.874750890423105,0.9992351531982422
e3/L/R5/0,63,1600,474045.0,6.106960966205481,0.9997596740722656
e3/L/R5/0,63,3200,474045.0,6.106960966205481,0.9997596740722656
e3/L/R5/0,63,6400,474045.0,6.106960966205481,0.9997596740722656
e3/L/R5/0,63,12800,761289.0,6.229993400727749,0.9998617172241211
e3/L/R5/0,63,25600,947101.0,6.642418075951743,0.9999866485595703
e3/L/R5/0,63,51200,947101.0,6.642418075951743,0.9999866485595703
e3/L/R5/0,63,102400,761294.0,6.787375741300511,0.999995231628418
e3/L/R5/0,64,50,474938.0,5.074220897193429,0.9896688461303711
e3/L/R5/0,64,100,947084.0,5.0796896856307,0.990046501159668
e3/L/R5/0,64,200,947084.0,5.0796896856307,0.990046501159668
e3/L/R5/0,64,400,470907.0,5.106842714757336,0.9918804168701172
e3/L/R5/0,64,800,642672.0,5.754635672288458,0.9988985061645508
e3/L/R5/0,64,1600,642672.0,5.754635672288458,0.9988985061645508
e3/L/R5/0,64,3200,847475.0,5.992314536508104,0.9995708465576172
e3/L/R5/0,64,6400,847475.0,5.992314536508104,0.9995708465576172
e3/L/R5/0,64,12800,948125.0,6.19968216507636,0.9998445510864258
e3/L/R5/0,64,25600,948082.0,6.437361029296004,0.9999570846557617
e3/L/R5/0,64,51200,474574.0,6.549696877080865,0.9999799728393555
e3/L/R5/0,64,102400,474574.0,6.549696877080865,0.9999799728393555
e3/L/R5/0,65,50,1011569.0,4.431896728099577,0.960209846496582
e3/L/R5/0,65,100,473455.0,4.6617962219694355,0.9730329513549805
e3/L/R5/0,65,200,769499.0,4.901785668101597,0.9856052398681641
e3/L/R5/0,65,400,324508.0,5.754635672288458,0.9988985061645508
e3/L/R5/0,65,800,324508.0,5.754635672288458,0.9988985061645508
e3/L/R5/0,65,1600,976700.0,6.19968216507636,0.9998445510864258
e3/L/R5/0,65,3200,761294.0,6.787375741300511,0.999995231628418
e3/L/R5/0,65,6400,761294.0,6.787375741300511,0.999995231628418
e3/L/R5/0,65,12800,761294.0,6.787375741300511,0.999995231628418
e3/L/R5/0,65,25600,761294.0,6.787375741300511,0.999995231628418
e3/L/R5/0,65,51200,761294.0,6.787375741300511,0.999995231628418
e3/L/R5/0,65,102400,761294.0,6.787375741300511,0.999995231628418
e3/L/R5/0,66,50,766589.0,4.31178150996493,0.9477338790893555
e3/L/R5/0,66,100,649518.0,4.754517420840314,0.9787216186523438
e3/L/R5/0,66,200,881566.0,5.311899761413074,0.9956035614013672
e3/L/R5/0,66,400,947102.0,6.642418075951743,0.9999866485595703
e3/L/R5/0,66,800,947102.0,6.642418075951743,0.9999866485595703
e3/L/R5/0,66,1600,646382.0,6.787375741300511,0.999995231628418
e3/L/R5/0,66,3200,646382.0,6.787375741300511,0.999995231628418
e3/L/R5/0,66,6400,646382.0,6.787375741300511,0.999995231628418
e3/L/R5/0,66,12800,646382.0,6.787375741300511,0.999995231628418
e3/L/R5/0,66,25600,646382.0,6.787375741300511,0.999995231628418
e3/L/R5/0,66,51200,646382.0,6.787375741300511,0.999995231628418
e3/L/R5/0,66,102400,646382.0,6.787375741300511,0.999995231628418
e3/L/R5/0,67,50,773927.0,5.1045321328448185,0.9903411865234375
e3/L/R5/0,67,100,231225.0,5.429704397635205,0.9966526031494141
e3/L/R5/0,67,200,231225.0,5.429704397635205,0.9966526031494141
e3/L/R5/0,67,400,642653.0,5.992314536508104,0.9995708465576172
e3/L/R5/0,67,800,642653.0,5.992314536508104,0.9995708465576172
e3/L/R5/0,67,1600,642653.0,5.992314536508104,0.9995708465576172
e3/L/R5/0,67,3200,946802.0,6.085035735378982,0.9996719360351562
e3/L/R5/0,67,6400,979897.0,6.437361029296004,0.9999570846557617
e3/L/R5/0,67,12800,979897.0,6.437361029296004,0.9999570846557617
e3/L/R5/0,67,25600,979897.0,6.437361029296004,0.9999570846557617
e3/L/R5/0,67,51200,122094.0,6.462444466647256,0.9999599456787109
e3/L/R5/0,67,102400,122094.0,6.462444466647256,0.9999599456787109
e3/L/R5/0,68,50,947987.0,5.317368549850345,0.9959259033203125
e3/L/R5/0,68,100,947987.0,5.317368549850345,0.9959259033203125
e3/L/R5/0,68,200,936398.0,6.085035735378982,0.9996719360351562
e3/L/R5/0,68,400,936398.0,6.085035735378982,0.9996719360351562
e3/L/R5/0,68,800,936398.0,6.085035735378982,0.9996719360351562
e3/L/R5/0,68,1600,646620.0,6.344639830425127,0.9999160766601562
e3/L/R5/0,68,3200,646620.0,6.344639830425127,0.9999160766601562
e3/L/R5/0,68,6400,118510.0,6.462444466647256,0.9999599456787109
e3/L/R5/0,68,12800,118510.0,6.462444466647256,0.9999599456787109
e3/L/R5/0,68,25600,761070.0,6.787375741300511,0.999995231628418
e3/L/R5/0,68,51200,761070.0,6.787375741300511,0.999995231628418
e3/L/R5/0,68,102400,976697.0,6.880096940171389,0.9999990463256836
e3/L/R5/0,69,50,380528.0,5.311899761413074,0.9956035614013672
e3/L/R5/0,69,100,380528.0,5.311899761413074,0.9956035614013672
e3/L/R5/0,69,200,380528.0,5.311899761413074,0.9956035614013672
e3/L/R5/0,69,400,380528.0,5.311899761413074,0.9956035614013672
e3/L/R5/0,69,800,761715.0,5.54957862563272,0.9980325698852539
e3/L/R5/0,69,1600,948030.0,6.19968216507636,0.9998445510864258
e3/L/R5/0,69,3200,948030.0,6.19968216507636,0.9998445510864258
e3/L/R5/0,69,6400,236782.0,6.549696877080865,0.9999799728393555
e3/L/R5/0,69,12800,236782.0,6.549696877080865,0.9999799728393555
e3/L/R5/0,69,25600,236782.0,6.549696877080865,0.9999799728393555
e3/L/R5/0,69,51200,761070.0,6.787375741300511,0.999995231628418
e3/L/R5/0,69,102400,978670.0,6.789686323213028,0.9999961853027344
e3/L/R5/0,70,50,48366.0,5.224647350979466,0.994084358215332
e3/L/R5/0,70,100,237287.0,5.661914473417581,0.9983634948730469
e3/L/R5/0,70,200,237287.0,5.661914473417581,0.9983634948730469
e3/L/R5/0,70,400,237287.0,5.661914473417581,0.9983634948730469
e3/L/R5/0,70,800,237287.0,5.661914473417581,0.9983634948730469
e3/L/R5/0,70,1600,507374.0,5.664225055330098,0.9984512329101562
e3/L/R5/0,70,3200,937710.0,6.437361029296004,0.9999570846557617
e3/L/R5/0,70,6400,937710.0,6.437361029296004,0.9999570846557617
e3/L/R5/0,70,12800,937710.0,6.437361029296004,0.9999570846557617
e3/L/R5/0,70,25600,937710.0,6.437361029296004,0.9999570846557617
e3/L/R5/0,70,51200,474013.0,6.549696877080865,0.9999799728393555
e3/L/R5/0,70,102400,474013.0,6.549696877080865,0.9999799728393555
e3/L/R5/0,71,50,686579.0,4.516838556620669,0.9628696441650391
e3/L/R5/0,71,100,850414.0,5.311899761413074,0.9956035614013672
e3/L/R5/0,71,200,759665.0,5.462326215199111,0.9970188140869141
e3/L/R5/0,71,400,759665.0,5.462326215199111,0.9970188140869141
e3/L/R5/0,71,800,257774.0,5.664225055330098,0.9984512329101562
e3/L/R5/0,71,1600,621006.0,5.992314536508104,0.9995708465576172
e3/L/R5/0,71,3200,621006.0,5.992314536508104,0.9995708465576172
e3/L/R5/0,71,6400,998350.0,6.19968216507636,0.9998445510864258
e3/L/R5/0,71,12800,761289.0,6.229993400727749,0.9998617172241211
e3/L/R5/0,71,25600,489273.0,6.787375741300511,0.999995231628418
e3/L/R5/0,71,51200,489273.0,6.787375741300511,0.999995231628418
e3/L/R5/0,71,102400,473550.0,6.99243278795625,1.0
e3/L/R5/0,72,50,912974.0,5.54957862563272,0.9980325698852539
e3/L/R5/0,72,100,912974.0,5.54957862563272,0.9980325698852539
e3/L/R5/0,72,200,912974.0,5.54957862563272,0.9980325698852539
e3/L/R5/0,72,400,912974.0,5.54957862563272,0.9980325698852539
e3/L/R5/0,72,800,244025.0,5.992314536508104,0.9995708465576172
e3/L/R5/0,72,1600,244025.0,5.992314536508104,0.9995708465576172
e3/L/R5/0,72,3200,244025.0,5.992314536508104,0.9995708465576172
e3/L/R5/0,72,6400,948686.0,6.642418075951743,0.9999866485595703
e3/L/R5/0,72,12800,948686.0,6.642418075951743,0.9999866485595703
e3/L/R5/0,72,25600,642798.0,6.787375741300511,0.999995231628418
e3/L/R5/0,72,51200,642798.0,6.787375741300511,0.999995231628418
e3/L/R5/0,72,102400,642798.0,6.787375741300511,0.999995231628418
e3/L/R5/0,73,50,757495.0,5.131926152108589,0.9920539855957031
e3/L/R5/0,73,100,757495.0,5.131926152108589,0.9920539855957031
e3/L/R5/0,73,200,761284.0,5.224647350979466,0.994084358215332
e3/L/R5/0,73,400,867257.0,5.54957862563272,0.9980325698852539
e3/L/R5/0,73,800,249459.0,5.754635672288458,0.9988985061645508
e3/L/R5/0,73,1600,826830.0,5.992314536508104,0.9995708465576172
e3/L/R5/0,73,3200,826830.0,5.992314536508104,0.9995708465576172
e3/L/R5/0,73,6400,506334.0,6.106960966205481,0.9997596740722656
e3/L/R5/0,73,12800,506334.0,6.106960966205481,0.9997596740722656
e3/L/R5/0,73,25600,473550.0,6.99243278795625,1.0
e3/L/R5/0,73,51200,473550.0,6.99243278795625,1.0
e3/L/R5/0,73,102400,473550.0,6.99243278795625,1.0
e3/L/R5/0,74,50,604510.0,4.754517420840314,0.9787216186523438
e3/L/R5/0,74,100,977395.0,4.961885049408569,0.9868555068969727
e3/L/R5/0,74,200,63417.0,5.224647350979466,0.994084358215332
e3/L/R5/0,74,400,769252.0,5.54957862563272,0.9980325698852539
e3/L/R5/0,74,800,59193.0,6.110119172730234,0.9997720718383789
e3/L/R5/0,74,1600,59193.0,6.110119172730234,0.9997720718383789
e3/L/R5/0,74,3200,976697.0,6.880096940171389,0.9999990463256836
e3/L/R5/0,74,6400,976697.0,6.880096940171389,0.9999990463256836
e3/L/R5/0,74,12800,473550.0,6.99243278795625,1.0
e3/L/R5/0,74,25600,473550.0,6.99243278795625,1.0
e3/L/R5/0,74,51200,473550.0,6.99243278795625,1.0
e3/L/R5/0,74,102400,473550.0,6.99243278795625,1.0
e3/L/R5/0,75,50,487153.0,4.781911440104082,0.9805564880371094
e3/L/R5/0,75,100,760862.0,4.986968486759821,0.988703727722168
e3/L/R5/0,75,200,759671.0,5.694536290981487,0.9986810684204102
e3/L/R5/0,75,400,759671.0,5.694536290981487,0.9986810684204102
e3/L/R5/0,75,800,759671.0,5.694536290981487,0.9986810684204102
e3/L/R5/0,75,1600,646301.0,5.992314536508104,0.9995708465576172
e3/L/R5/0,75,3200,506780.0,6.106960966205481,0.9997596740722656
e3/L/R5/0,75,6400,506780.0,6.106960966205481,0.9997596740722656
e3/L/R5/0,75,12800,976699.0,6.437361029296004,0.9999570846557617
e3/L/R5/0,75,25600,976699.0,6.437361029296004,0.9999570846557617
e3/L/R5/0,75,51200,489273.0,6.787375741300511,0.999995231628418
e3/L/R5/0,75,102400,976697.0,6.880096940171389,0.9999990463256836
e3/L/R5/0,76,50,309708.0,4.754517420840314,0.9787216186523438
e3/L/R5/0,76,100,498844.0,5.754635672288458,0.9988985061645508
e3/L/R5/0,76,200,498844.0,5.754635672288458,0.9988985061645508
e3/L/R5/0,76,400,498844.0,5.754635672288458,0.9988985061645508
e3/L/R5/0,76,800,384462.0,6.344639830425127,0.9999160766601562
e3/L/R5/0,76,1600,384462.0,6.344639830425127,0.9999160766601562
e3/L/R5/0,76,3200,384462.0,6.344639830425127,0.9999160766601562
e3/L/R5/0,76,6400,384462.0,6.344639830425127,0.9999160766601562
e3/L/R5/0,76,12800,761294.0,6.787375741300511,0.999995231628418
e3/L/R5/0,76,25600,761294.0,6.787375741300511,0.999995231628418
e3/L/R5/0,76,51200,761294.0,6.787375741300511,0.999995231628418
e3/L/R5/0,76,102400,947129.0,6.880096940171389,0.9999990463256836
e3/L/R5/0,77,50,1023182.0,5.404620960283953,0.9963407516479492
e3/L/R5/0,77,100,482766.0,6.106960966205481,0.9997596740722656
e3/L/R5/0,77,200,482766.0,6.106960966205481,0.9997596740722656
e3/L/R5/0,77,400,482766.0,6.106960966205481,0.9997596740722656
e3/L/R5/0,77,800,482766.0,6.106960966205481,0.9997596740722656
e3/L/R5/0,77,1600,482766.0,6.106960966205481,0.9997596740722656
e3/L/R5/0,77,3200,482766.0,6.106960966205481,0.9997596740722656
e3/L/R5/0,77,6400,482766.0,6.106960966205481,0.9997596740722656
e3/L/R5/0,77,12800,947102.0,6.642418075951743,0.9999866485595703
e3/L/R5/0,77,25600,761070.0,6.787375741300511,0.999995231628418
e3/L/R5/0,77,51200,761070.0,6.787375741300511,0.999995231628418
e3/L/R5/0,77,102400,761070.0,6.787375741300511,0.999995231628418
e3/L/R5/0,78,50,490617.0,4.986968486759821,0.988703727722168
e3/L/R5/0,78,100,490617.0,4.986968486759821,0.988703727722168
e3/L/R5/0,78,200,644558.0,5.311899761413074,0.9956035614013672
e3/L/R5/0,78,400,309561.0,5.4349321959353425,0.9968585968017578
e3/L/R5/0,78,800,946926.0,6.437361029296004,0.9999570846557617
e3/L/R5/0,78,1600,946926.0,6.437361029296004,0.9999570846557617
e3/L/R5/0,78,3200,946926.0,6.437361029296004,0.9999570846557617
e3/L/R5/0,78,6400,946926.0,6.437361029296004,0.9999570846557617
e3/L/R5/0,78,12800,946926.0,6.437361029296004,0.9999570846557617
e3/L/R5/0,78,25600,237006.0,6.549696877080865,0.9999799728393555
e3/L/R5/0,78,51200,237006.0,6.549696877080865,0.9999799728393555
e3/L/R5/0,78,102400,488377.0,6.787375741300511,0.999995231628418
e3/L/R5/0,79,50,998319.0,4.86916385053769,0.9839916229248047
e3/L/R5/0,79,100,380508.0,5.54957862563272,0.9980325698852539
e3/L/R5/0,79,200,980921.0,5.99462511842062,0.9996376037597656
e3/L/R5/0,79,400,980921.0,5.99462511842062,0.9996376037597656
e3/L/R5/0,79,800,980921.0,5.99462511842062,0.9996376037597656
e3/L/R5/0,79,1600,980921.0,5.99462511842062,0.9996376037597656
e3/L/R5/0,79,3200,980921.0,5.99462511842062,0.9996376037597656
e3/L/R5/0,79,6400,646601.0,6.229993400727749,0.9998617172241211
e3/L/R5/0,79,12800,646601.0,6.229993400727749,0.9998617172241211
e3/L/R5/0,79,25600,978551.0,6.344639830425127,0.9999160766601562
e3/L/R5/0,79,51200,489273.0,6.787375741300511,0.999995231628418
e3/L/R5/0,79,102400,489273.0,6.787375741300511,0.999995231628418
e3/L/R5/0,80,50,646281.0,5.110000921282089,0.9920072555541992
e3/L/R5/0,80,100,468855.0,5.899593337637226,0.9992895126342773
e3/L/R5/0,80,200,468855.0,5.899593337637226,0.9992895126342773
e3/L/R5/0,80,400,468855.0,5.899593337637226,0.9992895126342773
e3/L/R5/0,80,800,904782.0,5.992314536508104,0.9995708465576172
e3/L/R5/0,80,1600,904782.0,5.992314536508104,0.9995708465576172
e3/L/R5/0,80,3200,244206.0,6.106960966205481,0.9997596740722656
e3/L/R5/0,80,6400,474062.0,6.549696877080865,0.9999799728393555
e3/L/R5/0,80,12800,474062.0,6.549696877080865,0.9999799728393555
e3/L/R5/0,80,25600,474062.0,6.549696877080865,0.9999799728393555
e3/L/R5/0,80,51200,474062.0,6.549696877080865,0.9999799728393555
e3/L/R5/0,80,102400,474062.0,6.549696877080865,0.9999799728393555
e3/L/R5/0,81,50,946862.0,4.961885049408569,0.9868555068969727
e3/L/R5/0,81,100,80830.0,5.224647350979466,0.994084358215332
e3/L/R5/0,81,200,585329.0,5.342451987201596,0.996027946472168
e3/L/R5/0,81,400,769180.0,5.54957862563272,0.9980325698852539
e3/L/R5/0,81,800,1023207.0,5.754635672288458,0.9988985061645508
e3/L/R5/0,81,1600,1023207.0,5.754635672288458,0.9988985061645508
e3/L/R5/0,81,3200,488377.0,6.787375741300511,0.999995231628418
e3/L/R5/0,81,6400,488377.0,6.787375741300511,0.999995231628418
e3/L/R5/0,81,12800,488377.0,6.787375741300511,0.999995231628418
e3/L/R5/0,81,25600,488377.0,6.787375741300511,0.999995231628418
e3/L/R5/0,81,51200,488377.0,6.787375741300511,0.999995231628418
e3/L/R5/0,81,102400,488377.0,6.787375741300511,0.999995231628418
e3/L/R5/0,82,50,637240.0,4.754517420840314,0.9787216186523438
e3/L/R5/0,82,100,583454.0,5.1047731229819515,0.9904537200927734
e3/L/R5/0,82,200,517358.0,5.311899761413074,0.9956035614013672
e3/L/R5/0,82,400,517358.0,5.311899761413074,0.9956035614013672
e3/L/R5/0,82,800,517358.0,5.311899761413074,0.9956035614013672
e3/L/R5/0,82,1600,978734.0,5.99462511842062,0.9996376037597656
e3/L/R5/0,82,3200,978734.0,5.99462511842062,0.9996376037597656
e3/L/R5/0,82,6400,946766.0,6.085035735378982,0.9996719360351562
e3/L/R5/0,82,12800,646329.0,6.229993400727749,0.9998617172241211
e3/L/R5/0,82,25600,947131.0,6.437361029296004,0.9999570846557617
e3/L/R5/0,82,51200,768462.0,6.787375741300511,0.999995231628418
e3/L/R5/0,82,102400,947129.0,6.880096940171389,0.9999990463256836
e3/L/R5/0,83,50,904110.0,5.106842714757336,0.9918804168701172
e3/L/R5/0,83,100,29422.0,5.224647350979466,0.994084358215332
e3/L/R5/0,83,200,29422.0,5.224647350979466,0.994084358215332
e3/L/R5/0,83,400,498745.0,5.429704397635205,0.9966526031494141
e3/L/R5/0,83,800,302318.0,5.992314536508104,0.9995708465576172
e3/L/R5/0,83,1600,302318.0,5.992314536508104,0.9995708465576172
e3/L/R5/0,83,3200,980795.0,5.99462511842062,0.9996376037597656
e3/L/R5/0,83,6400,948686.0,6.642418075951743,0.9999866485595703
e3/L/R5/0,83,12800,948686.0,6.642418075951743,0.9999866485595703
e3/L/R5/0,83,25600,948686.0,6.642418075951743,0.9999866485595703
e3/L/R5/0,83,51200,948025.0,6.880096940171389,0.9999990463256836
e3/L/R5/0,83,102400,948025.0,6.880096940171389,0.9999990463256836
e3/L/R5/0,84,50,375993.0,4.549460374184576,0.9692087173461914
e3/L/R5/0,84,100,238830.0,5.311899761413074,0.9956035614013672
e3/L/R5/0,84,200,845625.0,6.435050447383488,0.9999284744262695
e3/L/R5/0,84,400,845625.0,6.435050447383488,0.9999284744262695
e3/L/R5/0,84,800,845625.0,6.435050447383488,0.9999284744262695
e3/L/R5/0,84,1600,845625.0,6.435050447383488,0.9999284744262695
e3/L/R5/0,84,3200,845625.0,6.435050447383488,0.9999284744262695
e3/L/R5/0,84,6400,761070.0,6.787375741300511,0.999995231628418
e3/L/R5/0,84,12800,761070.0,6.787375741300511,0.999995231628418
e3/L/R5/0,84,25600,761070.0,6.787375741300511,0.999995231628418
e3/L/R5/0,84,51200,761070.0,6.787375741300511,0.999995231628418
e3/L/R5/0,84,102400,761070.0,6.787375741300511,0.999995231628418
e3/L/R5/0,85,50,850289.0,4.42958614618706,0.9599828720092773
e3/L/R5/0,85,100,1043694.0,4.519149138533185,0.9647426605224609
e3/L/R5/0,85,200,622062.0,5.106842714757336,0.9918804168701172
e3/L/R5/0,85,400,642717.0,5.754635672288458,0.9988985061645508
e3/L/R5/0,85,800,642717.0,5.754635672288458,0.9988985061645508
e3/L/R5/0,85,1600,768974.0,6.344639830425127,0.9999160766601562
e3/L/R5/0,85,3200,768974.0,6.344639830425127,0.9999160766601562
e3/L/R5/0,85,6400,941518.0,6.437361029296004,0.9999570846557617
e3/L/R5/0,85,12800,941518.0,6.437361029296004,0.9999570846557617
e3/L/R5/0,85,25600,498926.0,6.549696877080865,0.9999799728393555
e3/L/R5/0,85,51200,642798.0,6.787375741300511,0.999995231628418
e3/L/R5/0,85,102400,642798.0,6.787375741300511,0.999995231628418
e3/L/R5/0,86,50,970301.0,4.636953774755315,0.9719038009643555
e3/L/R5/0,86,100,932153.0,5.760104460725729,0.9991073608398438
e3/L/R5/0,86,200,932153.0,5.760104460725729,0.9991073608398438
e3/L/R5/0,86,400,932153.0,5.760104460725729,0.9991073608398438
e3/L/R5/0,86,800,932153.0,5.760104460725729,0.9991073608398438
e3/L/R5/0,86,1600,321326.0,5.992314536508104,0.9995708465576172
e3/L/R5/0,86,3200,321326.0,5.992314536508104,0.9995708465576172
e3/L/R5/0,86,6400,976697.0,6.880096940171389,0.9999990463256836
e3/L/R5/0,86,12800,976697.0,6.880096940171389,0.9999990463256836
e3/L/R5/0,86,25600,976697.0,6.880096940171389,0.9999990463256836
e3/L/R5/0,86,51200,976697.0,6.880096940171389,0.9999990463256836
e3/L/R5/0,86,102400,976697.0,6.880096940171389,0.9999990463256836
e3/L/R5/0,87,50,768455.0,5.574662062983972,0.998103141784668
e3/L/R5/0,87,100,768455.0,5.574662062983972,0.998103141784668
e3/L/R5/0,87,200,768455.0,5.574662062983972,0.998103141784668
e3/L/R5/0,87,400,768455.0,5.574662062983972,0.998103141784668
e3/L/R5/0,87,800,768455.0,5.574662062983972,0.998103141784668
e3/L/R5/0,87,1600,649006.0,5.992314536508104,0.9995708465576172
e3/L/R5/0,87,3200,122334.0,6.019708555771873,0.9996519088745117
e3/L/R5/0,87,6400,768462.0,6.787375741300511,0.999995231628418
e3/L/R5/0,87,12800,768462.0,6.787375741300511,0.999995231628418
e3/L/R5/0,87,25600,768462.0,6.787375741300511,0.999995231628418
e3/L/R5/0,87,51200,768462.0,6.787375741300511,0.999995231628418
e3/L/R5/0,87,102400,976697.0,6.880096940171389,0.9999990463256836
e3/L/R5/0,88,50,126702.0,6.019708555771873,0.9996519088745117
e3/L/R5/0,88,100,126702.0,6.019708555771873,0.9996519088745117
e3/L/R5/0,88,200,126702.0,6.019708555771873,0.9996519088745117
e3/L/R5/0,88,400,126702.0,6.019708555771873,0.9996519088745117
e3/L/R5/0,88,800,126702.0,6.019708555771873,0.9996519088745117
e3/L/R5/0,88,1600,126702.0,6.019708555771873,0.9996519088745117
e3/L/R5/0,88,3200,126702.0,6.019708555771873,0.9996519088745117
e3/L/R5/0,88,6400,489272.0,6.106960966205481,0.9997596740722656
e3/L/R5/0,88,12800,489337.0,6.344639830425127,0.9999160766601562
e3/L/R5/0,88,25600,604622.0,6.435050447383488,0.9999284744262695
e3/L/R5/0,88,51200,473550.0,6.99243278795625,1.0
e3/L/R5/0,88,102400,473550.0,6.99243278795625,1.0
e3/L/R5/0,89,50,473335.0,5.336983198764326,0.9959602355957031
e3/L/R5/0,89,100,473335.0,5.336983198764326,0.9959602355957031
e3/L/R5/0,89,200,473335.0,5.336983198764326,0.9959602355957031
e3/L/R5/0,89,400,976366.0,5.99462511842062,0.9996376037597656
e3/L/R5/0,89,800,976366.0,5.99462511842062,0.9996376037597656
e3/L/R5/0,89,1600,976366.0,5.99462511842062,0.9996376037597656
e3/L/R5/0,89,3200,976366.0,5.99462511842062,0.9996376037597656
e3/L/R5/0,89,6400,976366.0,5.99462511842062,0.9996376037597656
e3/L/R5/0,89,12800,474589.0,6.106960966205481,0.9997596740722656
e3/L/R5/0,89,25600,947129.0,6.880096940171389,0.9999990463256836
e3/L/R5/0,89,51200,947129.0,6.880096940171389,0.9999990463256836
e3/L/R5/0,89,102400,947129.0,6.880096940171389,0.9999990463256836
e3/L/R5/0,90,50,320741.0,5.197253331715698,0.9925403594970703
e3/L/R5/0,90,100,118386.0,6.110119172730234,0.9997720718383789
e3/L/R5/0,90,200,118386.0,6.110119172730234,0.9997720718383789
e3/L/R5/0,90,400,118386.0,6.110119172730234,0.9997720718383789
e3/L/R5/0,90,800,118386.0,6.110119172730234,0.9997720718383789
e3/L/R5/0,90,1600,118386.0,6.110119172730234,0.9997720718383789
e3/L/R5/0,90,3200,118386.0,6.110119172730234,0.9997720718383789
e3/L/R5/0,90,6400,118386.0,6.110119172730234,0.9997720718383789
e3/L/R5/0,90,12800,646621.0,6.344639830425127,0.9999160766601562
e3/L/R5/0,90,25600,646621.0,6.344639830425127,0.9999160766601562
e3/L/R5/0,90,51200,646606.0,6.787375741300511,0.999995231628418
e3/L/R5/0,90,102400,646606.0,6.787375741300511,0.999995231628418
e3/L/R5/0,91,50,908985.0,5.106842714757336,0.9918804168701172
e3/L/R5/0,91,100,768314.0,5.54957862563272,0.9980325698852539
e3/L/R5/0,91,200,768314.0,5.54957862563272,0.9980325698852539
e3/L/R5/0,91,400,751417.0,5.787257489852366,0.9991950988769531
e3/L/R5/0,91,800,488334.0,6.2247656024276115,0.9998502731323242
e3/L/R5/0,91,1600,488334.0,6.2247656024276115,0.9998502731323242
e3/L/R5/0,91,3200,488334.0,6.2247656024276115,0.9998502731323242
e3/L/R5/0,91,6400,488334.0,6.2247656024276115,0.9998502731323242
e3/L/R5/0,91,12800,768494.0,6.344639830425127,0.9999160766601562
e3/L/R5/0,91,25600,473550.0,6.99243278795625,1.0
e3/L/R5/0,91,51200,473550.0,6.99243278795625,1.0
e3/L/R5/0,91,102400,473550.0,6.99243278795625,1.0
e3/L/R5/0,92,50,732795.0,4.549460374184576,0.9692087173461914
e3/L/R5/0,92,100,513998.0,4.631484986318045,0.9702653884887695
e3/L/R5/0,92,200,978750.0,5.756946254200974,0.9990959167480469
e3/L/R5/0,92,400,978750.0,5.756946254200974,0.9990959167480469
e3/L/R5/0,92,800,978750.0,5.756946254200974,0.9990959167480469
e3/L/R5/0,92,1600,978750.0,5.756946254200974,0.9990959167480469
e3/L/R5/0,92,3200,845682.0,5.992314536508104,0.9995708465576172
e3/L/R5/0,92,6400,978526.0,5.99462511842062,0.9996376037597656
e3/L/R5/0,92,12800,948153.0,6.437361029296004,0.9999570846557617
e3/L/R5/0,92,25600,948153.0,6.437361029296004,0.9999570846557617
e3/L/R5/0,92,51200,948153.0,6.437361029296004,0.9999570846557617
e3/L/R5/0,92,102400,244174.0,6.549696877080865,0.9999799728393555
e3/L/R5/0,93,50,231291.0,4.544232575884437,0.9677352905273438
e3/L/R5/0,93,100,474171.0,4.986968486759821,0.988703727722168
e3/L/R5/0,93,200,943342.0,5.642299824503598,0.9983148574829102
e3/L/R5/0,93,400,943342.0,5.642299824503598,0.9983148574829102
e3/L/R5/0,93,800,978747.0,5.99462511842062,0.9996376037597656
e3/L/R5/0,93,1600,978747.0,5.99462511842062,0.9996376037597656
e3/L/R5/0,93,3200,488379.0,6.344639830425127,0.9999160766601562
e3/L/R5/0,93,6400,488379.0,6.344639830425127,0.9999160766601562
e3/L/R5/0,93,12800,604622.0,6.435050447383488,0.9999284744262695
e3/L/R5/0,93,25600,118510.0,6.462444466647256,0.9999599456787109
e3/L/R5/0,93,51200,646382.0,6.787375741300511,0.999995231628418
e3/L/R5/0,93,102400,646382.0,6.787375741300511,0.999995231628418
e3/L/R5/0,94,50,679054.0,4.42958614618706,0.9599828720092773
e3/L/R5/0,94,100,844253.0,4.986968486759821,0.988703727722168
e3/L/R5/0,94,200,978579.0,5.199563913628214,0.9931354522705078
e3/L/R5/0,94,400,978579.0,5.199563913628214,0.9931354522705078
e3/L/R5/0,94,800,122099.0,5.667383261854851,0.9986648559570312
e3/L/R5/0,94,1600,979897.0,6.437361029296004,0.9999570846557617
e3/L/R5/0,94,3200,979897.0,6.437361029296004,0.9999570846557617
e3/L/R5/0,94,6400,979897.0,6.437361029296004,0.9999570846557617
e3/L/R5/0,94,12800,979897.0,6.437361029296004,0.9999570846557617
e3/L/R5/0,94,25600,118510.0,6.462444466647256,0.9999599456787109
e3/L/R5/0,94,51200,978670.0,6.789686323213028,0.9999961853027344
e3/L/R5/0,94,102400,978670.0,6.789686323213028,0.9999961853027344
e3/L/R5/0,95,50,924898.0,4.754758410977446,0.978856086730957
e3/L/R5/0,95,100,478813.0,5.311899761413074,0.9956035614013672
e3/L/R5/0,95,200,478813.0,5.311899761413074,0.9956035614013672
e3/L/R5/0,95,400,323129.0,5.667383261854851,0.9986648559570312
e3/L/R5/0,95,800,323129.0,5.667383261854851,0.9986648559570312
e3/L/R5/0,95,1600,323129.0,5.667383261854851,0.9986648559570312
e3/L/R5/0,95,3200,323129.0,5.667383261854851,0.9986648559570312
e3/L/R5/0,95,6400,487886.0,6.2247656024276115,0.9998502731323242
e3/L/R5/0,95,12800,937710.0,6.437361029296004,0.9999570846557617
e3/L/R5/0,95,25600,937710.0,6.437361029296004,0.9999570846557617
e3/L/R5/0,95,51200,474574.0,6.549696877080865,0.9999799728393555
e3/L/R5/0,95,102400,474574.0,6.549696877080865,0.9999799728393555
e3/L/R5/0,96,50,122330.0,4.781911440104082,0.9805564880371094
e3/L/R5/0,96,100,122330.0,4.781911440104082,0.9805564880371094
e3/L/R5/0,96,200,326110.0,5.311899761413074,0.9956035614013672
e3/L/R5/0,96,400,782055.0,5.456857426761841,0.9969930648803711
e3/L/R5/0,96,800,489369.0,5.54957862563272,0.9980325698852539
e3/L/R5/0,96,1600,642807.0,5.899593337637226,0.9992895126342773
e3/L/R5/0,96,3200,488376.0,6.106960966205481,0.9997596740722656
e3/L/R5/0,96,6400,473545.0,6.435050447383488,0.9999284744262695
e3/L/R5/0,96,12800,473545.0,6.435050447383488,0.9999284744262695
e3/L/R5/0,96,25600,768953.0,6.582318694644771,0.9999809265136719
e3/L/R5/0,96,51200,761070.0,6.787375741300511,0.999995231628418
e3/L/R5/0,96,102400,947129.0,6.880096940171389,0.9999990463256836
e3/L/R5/0,97,50,965527.0,5.106842714757336,0.9918804168701172
e3/L/R5/0,97,100,1030622.0,5.756946254200974,0.9990959167480469
e3/L/R5/0,97,200,1030622.0,5.756946254200974,0.9990959167480469
e3/L/R5/0,97,400,1030622.0,5.756946254200974,0.9990959167480469
e3/L/R5/0,97,800,118510.0,6.462444466647256,0.9999599456787109
e3/L/R5/0,97,1600,118510.0,6.462444466647256,0.9999599456787109
e3/L/R5/0,97,3200,118510.0,6.462444466647256,0.9999599456787109
e3/L/R5/0,97,6400,118510.0,6.462444466647256,0.9999599456787109
e3/L/R5/0,97,12800,473565.0,6.549696877080865,0.9999799728393555
e3/L/R5/0,97,25600,473565.0,6.549696877080865,0.9999799728393555
e3/L/R5/0,97,51200,473565.0,6.549696877080865,0.9999799728393555
e3/L/R5/0,97,102400,947129.0,6.880096940171389,0.9999990463256836
e3/L/R5/0,98,50,38713.0,5.110000921282089,0.9920072555541992
e3/L/R5/0,98,100,38713.0,5.110000921282089,0.9920072555541992
e3/L/R5/0,98,200,474086.0,5.311899761413074,0.9956035614013672
e3/L/R5/0,98,400,474086.0,5.311899761413074,0.9956035614013672
e3/L/R5/0,98,800,489244.0,5.782029691552227,0.9991331100463867
e3/L/R5/0,98,1600,118386.0,6.110119172730234,0.9997720718383789
e3/L/R5/0,98,3200,118386.0,6.110119172730234,0.9997720718383789
e3/L/R5/0,98,6400,118386.0,6.110119172730234,0.9997720718383789
e3/L/R5/0,98,12800,488398.0,6.549696877080865,0.9999799728393555
e3/L/R5/0,98,25600,642798.0,6.787375741300511,0.999995231628418
e3/L/R5/0,98,51200,642798.0,6.787375741300511,0.999995231628418
e3/L/R5/0,98,102400,642798.0,6.787375741300511,0.999995231628418
e3/L/R5/0,99,50,487884.0,4.986968486759821,0.988703727722168
e3/L/R5/0,99,100,487884.0,4.986968486759821,0.988703727722168
e3/L/R5/0,99,200,488339.0,5.992314536508104,0.9995708465576172
e3/L/R5/0,99,400,488339.0,5.992314536508104,0.9995708465576172
e3/L/R5/0,99,800,488339.0,5.992314536508104,0.9995708465576172
e3/L/R5/0,99,1600,978553.0,6.437361029296004,0.9999570846557617
e3/L/R5/0,99,3200,978553.0,6.437361029296004,0.9999570846557617
e3/L/R5/0,99,6400,978553.0,6.437361029296004,0.9999570846557617
e3/L/R5/0,99,12800,978553.0,6.437361029296004,0.9999570846557617
e3/L/R5/0,99,25600,488348.0,6.549696877080865,0.9999799728393555
e3/L/R5/0,99,51200,488377.0,6.787375741300511,0.999995231628418
e3/L/R5/0,99,102400,976697.0,6.880096940171389,0.9999990463256836
e3/L/R5/0,100,50,488121.0,5.54957862563272,0.9980325698852539
e3/L/R5/0,100,100,488121.0,5.54957862563272,0.9980325698852539
e3/L/R5/0,100,200,488121.0,5.54957862563272,0.9980325698852539
e3/L/R5/0,100,400,488121.0,5.54957862563272,0.9980325698852539
e3/L/R5/0,100,800,976718.0,6.19968216507636,0.9998445510864258
e3/L/R5/0,100,1600,976718.0,6.19968216507636,0.9998445510864258
e3/L/R5/0,100,3200,976718.0,6.19968216507636,0.9998445510864258
e3/L/R5/0,100,6400,976718.0,6.19968216507636,0.9998445510864258
e3/L/R5/0,100,12800,978670.0,6.789686323213028,0.9999961853027344
e3/L/R5/0,100,25600,978670.0,6.789686323213028,0.9999961853027344
e3/L/R5/0,100,51200,978670.0,6.789686323213028,0.9999961853027344
e3/L/R5/0,100,102400,978670.0,6.789686323213028,0.9999961853027344
e3/L/R5/0,101,50,838574.0,4.31178150996493,0.9477338790893555
e3/L/R5/0,101,100,464676.0,4.42958614618706,0.9599828720092773
e3/L/R5/0,101,200,249294.0,5.311899761413074,0.9956035614013672
e3/L/R5/0,101,400,947997.0,5.874750890423105,0.9992351531982422
e3/L/R5/0,101,800,947997.0,5.874750890423105,0.9992351531982422
e3/L/R5/0,101,1600,1012637.0,6.19968216507636,0.9998445510864258
e3/L/R5/0,101,3200,1012637.0,6.19968216507636,0.9998445510864258
e3/L/R5/0,101,6400,761294.0,6.787375741300511,0.999995231628418
e3/L/R5/0,101,12800,761294.0,6.787375741300511,0.999995231628418
e3/L/R5/0,101,25600,761294.0,6.787375741300511,0.999995231628418
e3/L/R5/0,101,51200,761294.0,6.787375741300511,0.999995231628418
e3/L/R5/0,101,102400,761294.0,6.787375741300511,0.999995231628418
e3/L/R5/0,102,50,302961.0,4.42958614618706,0.9599828720092773
e3/L/R5/0,102,100,939832.0,4.961885049408569,0.9868555068969727
e3/L/R5/0,102,200,947987.0,5.317368549850345,0.9959259033203125
e3/L/R5/0,102,400,947987.0,5.317368549850345,0.9959259033203125
e3/L/R5/0,102,800,380644.0,5.54957862563272,0.9980325698852539
e3/L/R5/0,102,1600,1031068.0,5.756946254200974,0.9990959167480469
e3/L/R5/0,102,3200,1031068.0,5.756946254200974,0.9990959167480469
e3/L/R5/0,102,6400,473459.0,5.992314536508104,0.9995708465576172
e3/L/R5/0,102,12800,122094.0,6.462444466647256,0.9999599456787109
e3/L/R5/0,102,25600,122094.0,6.462444466647256,0.9999599456787109
e3/L/R5/0,102,51200,947102.0,6.642418075951743,0.9999866485595703
e3/L/R5/0,102,102400,768462.0,6.787375741300511,0.999995231628418
e3/L/R5/0,103,50,234107.0,4.754517420840314,0.9787216186523438
e3/L/R5/0,103,100,234107.0,4.754517420840314,0.9787216186523438
e3/L/R5/0,103,200,234107.0,4.754517420840314,0.9787216186523438
e3/L/R5/0,103,400,488313.0,5.54957862563272,0.9980325698852539
e3/L/R5/0,103,800,488313.0,5.54957862563272,0.9980325698852539
e3/L/R5/0,103,1600,981916.0,5.756946254200974,0.9990959167480469
e3/L/R5/0,103,3200,981916.0,5.756946254200974,0.9990959167480469
e3/L/R5/0,103,6400,473326.0,6.2247656024276115,0.9998502731323242
e3/L/R5/0,103,12800,768457.0,6.229993400727749,0.9998617172241211
e3/L/R5/0,103,25600,978546.0,6.437361029296004,0.9999570846557617
e3/L/R5/0,103,51200,978546.0,6.437361029296004,0.9999570846557617
e3/L/R5/0,103,102400,947129.0,6.880096940171389,0.9999990463256836
e3/L/R5/0,104,50,941939.0,5.199563913628214,0.9931354522705078
e3/L/R5/0,104,100,1013621.0,5.314210343325591,0.9957714080810547
e3/L/R5/0,104,200,1013621.0,5.314210343325591,0.9957714080810547
e3/L/R5/0,104,400,908519.0,5.899593337637226,0.9992895126342773
e3/L/R5/0,104,800,908519.0,5.899593337637226,0.9992895126342773
e3/L/R5/0,104,1600,488686.0,6.106960966205481,0.9997596740722656
e3/L/R5/0,104,3200,488686.0,6.106960966205481,0.9997596740722656
e3/L/R5/0,104,6400,488686.0,6.106960966205481,0.9997596740722656
e3/L/R5/0,104,12800,981454.0,6.19968216507636,0.9998445510864258
e3/L/R5/0,104,25600,474014.0,6.549696877080865,0.9999799728393555
e3/L/R5/0,104,51200,948025.0,6.880096940171389,0.9999990463256836
e3/L/R5/0,104,102400,948025.0,6.880096940171389,0.9999990463256836
e3/L/R5/0,105,50,815694.0,4.872322057062444,0.9849109649658203
e3/L/R5/0,105,100,648942.0,5.54957862563272,0.9980325698852539
e3/L/R5/0,105,200,648942.0,5.54957862563272,0.9980325698852539
e3/L/R5/0,105,400,937843.0,5.642299824503598,0.9983148574829102
e3/L/R5/0,105,800,937843.0,5.642299824503598,0.9983148574829102
e3/L/R5/0,105,1600,769006.0,5.901903919549742,0.9993391036987305
e3/L/R5/0,105,3200,488338.0,5.992314536508104,0.9995708465576172
e3/L/R5/0,105,6400,244665.0,6.344639830425127,0.9999160766601562
e3/L/R5/0,105,12800,244665.0,6.344639830425127,0.9999160766601562
e3/L/R5/0,105,25600,946926.0,6.437361029296004,0.9999570846557617
e3/L/R5/0,105,51200,473566.0,6.549696877080865,0.9999799728393555
e3/L/R5/0,105,102400,473566.0,6.549696877080865,0.9999799728393555
e3/L/R5/0,106,50,973998.0,4.7568280027528305,0.9794168472290039
e3/L/R5/0,106,100,973998.0,4.7568280027528305,0.9794168472290039
e3/L/R5/0,106,200,881594.0,4.86916385053769,0.9839916229248047
e3/L/R5/0,106,400,474738.0,5.754635672288458,0.9988985061645508
e3/L/R5/0,106,800,244974.0,6.106960966205481,0.9997596740722656
e3/L/R5/0,106,1600,244974.0,6.106960966205481,0.9997596740722656
e3/L/R5/0,106,3200,948153.0,6.437361029296004,0.9999570846557617
e3/L/R5/0,106,6400,948153.0,6.437361029296004,0.9999570846557617
e3/L/R5/0,106,12800,948153.0,6.437361029296004,0.9999570846557617
e3/L/R5/0,106,25600,948153.0,6.437361029296004,0.9999570846557617
e3/L/R5/0,106,51200,948153.0,6.437361029296004,0.9999570846557617
e3/L/R5/0,106,102400,473550.0,6.99243278795625,1.0
e3/L/R5/0,107,50,815739.0,4.42958614618706,0.9599828720092773
e3/L/R5/0,107,100,1014265.0,4.961885049408569,0.9868555068969727
e3/L/R5/0,107,200,1014265.0,4.961885049408569,0.9868555068969727
e3/L/R5/0,107,400,768487.0,5.899593337637226,0.9992895126342773
e3/L/R5/0,107,800,768487.0,5.899593337637226,0.9992895126342773
e3/L/R5/0,107,1600,768487.0,5.899593337637226,0.9992895126342773
e3/L/R5/0,107,3200,768487.0,5.899593337637226,0.9992895126342773
e3/L/R5/0,107,6400,847598.0,6.344639830425127,0.9999160766601562
e3/L/R5/0,107,12800,847598.0,6.344639830425127,0.9999160766601562
e3/L/R5/0,107,25600,474350.0,6.549696877080865,0.9999799728393555
e3/L/R5/0,107,51200,474350.0,6.549696877080865,0.9999799728393555
e3/L/R5/0,107,102400,489273.0,6.787375741300511,0.999995231628418
e3/L/R5/0,108,50,769326.0,5.106842714757336,0.9918804168701172
e3/L/R5/0,108,100,769326.0,5.106842714757336,0.9918804168701172
e3/L/R5/0,108,200,769326.0,5.106842714757336,0.9918804168701172
e3/L/R5/0,108,400,473202.0,5.429704397635205,0.9966526031494141
e3/L/R5/0,108,800,473202.0,5.429704397635205,0.9966526031494141
e3/L/R5/0,108,1600,474345.0,5.754635672288458,0.9988985061645508
e3/L/R5/0,108,3200,488686.0,6.106960966205481,0.9997596740722656
e3/L/R5/0,108,6400,488686.0,6.106960966205481,0.9997596740722656
e3/L/R5/0,108,12800,488686.0,6.106960966205481,0.9997596740722656
e3/L/R5/0,108,25600,979897.0,6.437361029296004,0.9999570846557617
e3/L/R5/0,108,51200,979897.0,6.437361029296004,0.9999570846557617
e3/L/R5/0,108,102400,978670.0,6.789686323213028,0.9999961853027344
e3/L/R5/0,109,50,507119.0,5.219178562542196,0.9932641983032227
e3/L/R5/0,109,100,470620.0,5.54957862563272,0.9980325698852539
e3/L/R5/0,109,200,470620.0,5.54957862563272,0.9980325698852539
e3/L/R5/0,109,400,470620.0,5.54957862563272,0.9980325698852539
e3/L/R5/0,109,800,470620.0,5.54957862563272,0.9980325698852539
e3/L/R5/0,109,1600,949134.0,5.874750890423105,0.9992351531982422
e3/L/R5/0,109,3200,947101.0,6.642418075951743,0.9999866485595703
e3/L/R5/0,109,6400,947101.0,6.642418075951743,0.9999866485595703
e3/L/R5/0,109,12800,947101.0,6.642418075951743,0.9999866485595703
e3/L/R5/0,109,25600,947101.0,6.642418075951743,0.9999866485595703
e3/L/R5/0,109,51200,947101.0,6.642418075951743,0.9999866485595703
e3/L/R5/0,109,102400,642798.0,6.787375741300511,0.999995231628418
e3/L/R5/0,110,50,322493.0,4.86916385053769,0.9839916229248047
e3/L/R5/0,110,100,647022.0,5.106842714757336,0.9918804168701172
e3/L/R5/0,110,200,647022.0,5.106842714757336,0.9918804168701172
e3/L/R5/0,110,400,571849.0,5.110000921282089,0.9920072555541992
e3/L/R5/0,110,800,320989.0,5.54957862563272,0.9980325698852539
e3/L/R5/0,110,1600,937591.0,5.992314536508104,0.9995708465576172
e3/L/R5/0,110,3200,937591.0,5.992314536508104,0.9995708465576172
e3/L/R5/0,110,6400,937591.0,5.992314536508104,0.9995708465576172
e3/L/R5/0,110,12800,489262.0,6.344639830425127,0.9999160766601562
e3/L/R5/0,110,25600,122094.0,6.462444466647256,0.9999599456787109
e3/L/R5/0,110,51200,947150.0,6.642418075951743,0.9999866485595703
e3/L/R5/0,110,102400,646382.0,6.787375741300511,0.999995231628418
e3/L/R5/0,111,50,489433.0,5.106842714757336,0.9918804168701172
e3/L/R5/0,111,100,489433.0,5.106842714757336,0.9918804168701172
e3/L/R5/0,111,200,489433.0,5.106842714757336,0.9918804168701172
e3/L/R5/0,111,400,489433.0,5.106842714757336,0.9918804168701172
e3/L/R5/0,111,800,975805.0,5.432014979547722,0.9967384338378906
e3/L/R5/0,111,1600,909038.0,5.901903919549742,0.9993391036987305
e3/L/R5/0,111,3200,909038.0,5.901903919549742,0.9993391036987305
e3/L/R5/0,111,6400,244025.0,5.992314536508104,0.9995708465576172
e3/L/R5/0,111,12800,473566.0,6.549696877080865,0.9999799728393555
e3/L/R5/0,111,25600,473550.0,6.99243278795625,1.0
e3/L/R5/0,111,51200,473550.0,6.99243278795625,1.0
e3/L/R5/0,111,102400,473550.0,6.99243278795625,1.0
e3/L/R5/0,112,50,117221.0,4.872322057062444,0.9849109649658203
e3/L/R5/0,112,100,117221.0,4.872322057062444,0.9849109649658203
e3/L/R5/0,112,200,117221.0,4.872322057062444,0.9849109649658203
e3/L/R5/0,112,400,455609.0,5.54957862563272,0.9980325698852539
e3/L/R5/0,112,800,455609.0,5.54957862563272,0.9980325698852539
e3/L/R5/0,112,1600,998365.0,5.756946254200974,0.9990959167480469
e3/L/R5/0,112,3200,849721.0,5.992314536508104,0.9995708465576172
e3/L/R5/0,112,6400,768477.0,6.344639830425127,0.9999160766601562
e3/L/R5/0,112,12800,768462.0,6.787375741300511,0.999995231628418
e3/L/R5/0,112,25600,768462.0,6.787375741300511,0.999995231628418
e3/L/R5/0,112,51200,768462.0,6.787375741300511,0.999995231628418
e3/L/R5/0,112,102400,768462.0,6.787375741300511,0.999995231628418
e3/L/R5/0,113,50,826995.0,5.197253331715698,0.9925403594970703
e3/L/R5/0,113,100,994894.0,5.642299824503598,0.9983148574829102
e3/L/R5/0,113,200,976679.0,5.992314536508104,0.9995708465576172
e3/L/R5/0,113,400,122606.0,6.019708555771873,0.9996519088745117
e3/L/R5/0,113,800,122606.0,6.019708555771873,0.9996519088745117
e3/L/R5/0,113,1600,122606.0,6.019708555771873,0.9996519088745117
e3/L/R5/0,113,3200,761309.0,6.344639830425127,0.9999160766601562
e3/L/R5/0,113,6400,761309.0,6.344639830425127,0.9999160766601562
e3/L/R5/0,113,12800,761309.0,6.344639830425127,0.9999160766601562
e3/L/R5/0,113,25600,761309.0,6.344639830425127,0.9999160766601562
e3/L/R5/0,113,51200,947101.0,6.642418075951743,0.9999866485595703
e3/L/R5/0,113,102400,947101.0,6.642418075951743,0.9999866485595703
e3/L/R5/0,114,50,511731.0,5.311899761413074,0.9956035614013672
e3/L/R5/0,114,100,511731.0,5.311899761413074,0.9956035614013672
e3/L/R5/0,114,200,511731.0,5.311899761413074,0.9956035614013672
e3/L/R5/0,114,400,472889.0,5.992314536508104,0.9995708465576172
e3/L/R5/0,114,800,472889.0,5.992314536508104,0.9995708465576172
e3/L/R5/0,114,1600,472889.0,5.992314536508104,0.9995708465576172
e3/L/R5/0,114,3200,489373.0,6.106960966205481,0.9997596740722656
e3/L/R5/0,114,6400,488348.0,6.549696877080865,0.9999799728393555
e3/L/R5/0,114,12800,488348.0,6.549696877080865,0.9999799728393555
e3/L/R5/0,114,25600,488348.0,6.549696877080865,0.9999799728393555
e3/L/R5/0,114,51200,947129.0,6.880096940171389,0.9999990463256836
e3/L/R5/0,114,102400,947129.0,6.880096940171389,0.9999990463256836
e3/L/R5/0,115,50,496441.0,5.197253331715698,0.9925403594970703
e3/L/R5/0,115,100,488174.0,6.344639830425127,0.9999160766601562
e3/L/R5/0,115,200,488174.0,6.344639830425127,0.9999160766601562
e3/L/R5/0,115,400,488174.0,6.344639830425127,0.9999160766601562
e3/L/R5/0,115,800,488174.0,6.344639830425127,0.9999160766601562
e3/L/R5/0,115,1600,488174.0,6.344639830425127,0.9999160766601562
e3/L/R5/0,115,3200,488174.0,6.344639830425127,0.9999160766601562
e3/L/R5/0,115,6400,488174.0,6.344639830425127,0.9999160766601562
e3/L/R5/0,115,12800,488174.0,6.344639830425127,0.9999160766601562
e3/L/R5/0,115,25600,488174.0,6.344639830425127,0.9999160766601562
e3/L/R5/0,115,51200,947150.0,6.642418075951743,0.9999866485595703
e3/L/R5/0,115,102400,761294.0,6.787375741300511,0.999995231628418
e3/L/R5/0,116,50,818121.0,4.42958614618706,0.9599828720092773
e3/L/R5/0,116,100,846745.0,4.754517420840314,0.9787216186523438
e3/L/R5/0,116,200,777693.0,5.901903919549742,0.9993391036987305
e3/L/R5/0,116,400,777693.0,5.901903919549742,0.9993391036987305
e3/L/R5/0,116,800,777693.0,5.901903919549742,0.9993391036987305
e3/L/R5/0,116,1600,777693.0,5.901903919549742,0.9993391036987305
e3/L/R5/0,116,3200,777693.0,5.901903919549742,0.9993391036987305
e3/L/R5/0,116,6400,995054.0,5.99462511842062,0.9996376037597656
e3/L/R5/0,116,12800,768477.0,6.344639830425127,0.9999160766601562
e3/L/R5/0,116,25600,768477.0,6.344639830425127,0.9999160766601562
e3/L/R5/0,116,51200,474574.0,6.549696877080865,0.9999799728393555
e3/L/R5/0,116,102400,489273.0,6.787375741300511,0.999995231628418
e3/L/R5/0,117,50,161654.0,5.106842714757336,0.9918804168701172
e3/L/R5/0,117,100,489331.0,6.344639830425127,0.9999160766601562
e3/L/R5/0,117,200,489331.0,6.344639830425127,0.9999160766601562
e3/L/R5/0,117,400,489331.0,6.344639830425127,0.9999160766601562
e3/L/R5/0,117,800,489331.0,6.344639830425127,0.9999160766601562
e3/L/R5/0,117,1600,489331.0,6.344639830425127,0.9999160766601562
e3/L/R5/0,117,3200,489331.0,6.344639830425127,0.9999160766601562
e3/L/R5/0,117,6400,489331.0,6.344639830425127,0.9999160766601562
e3/L/R5/0,117,12800,489331.0,6.344639830425127,0.9999160766601562
e3/L/R5/0,117,25600,473564.0,6.549696877080865,0.9999799728393555
e3/L/R5/0,117,51200,473564.0,6.549696877080865,0.9999799728393555
e3/L/R5/0,117,102400,646606.0,6.787375741300511,0.999995231628418
e3/L/R5/0,118,50,715214.0,5.311899761413074,0.9956035614013672
e3/L/R5/0,118,100,715214.0,5.311899761413074,0.9956035614013672
e3/L/R5/0,118,200,904093.0,5.54957862563272,0.9980325698852539
e3/L/R5/0,118,400,904093.0,5.54957862563272,0.9980325698852539
e3/L/R5/0,118,800,640825.0,6.110119172730234,0.9997720718383789
e3/L/R5/0,118,1600,640825.0,6.110119172730234,0.9997720718383789
e3/L/R5/0,118,3200,640825.0,6.110119172730234,0.9997720718383789
e3/L/R5/0,118,6400,998302.0,6.19968216507636,0.9998445510864258
e3/L/R5/0,118,12800,642798.0,6.787375741300511,0.999995231628418
e3/L/R5/0,118,25600,642798.0,6.787375741300511,0.999995231628418
e3/L/R5/0,118,51200,642798.0,6.787375741300511,0.999995231628418
e3/L/R5/0,118,102400,642798.0,6.787375741300511,0.999995231628418
e3/L/R5/0,119,50,160750.0,5.311899761413074,0.9956035614013672
e3/L/R5/0,119,100,160750.0,5.311899761413074,0.9956035614013672
e3/L/R5/0,119,200,160750.0,5.311899761413074,0.9956035614013672
e3/L/R5/0,119,400,160750.0,5.311899761413074,0.9956035614013672
e3/L/R5/0,119,800,777694.0,5.901903919549742,0.9993391036987305
e3/L/R5/0,119,1600,948087.0,6.344639830425127,0.9999160766601562
e3/L/R5/0,119,3200,948087.0,6.344639830425127,0.9999160766601562
e3/L/R5/0,119,6400,948087.0,6.344639830425127,0.9999160766601562
e3/L/R5/0,119,12800,761294.0,6.787375741300511,0.999995231628418
e3/L/R5/0,119,25600,761294.0,6.787375741300511,0.999995231628418
e3/L/R5/0,119,51200,761294.0,6.787375741300511,0.999995231628418
e3/L/R5/0,119,102400,976697.0,6.880096940171389,0.9999990463256836
e3/L/R5/0,120,50,908922.0,4.86916385053769,0.9839916229248047
e3/L/R5/0,120,100,908922.0,4.86916385053769,0.9839916229248047
e3/L/R5/0,120,200,648669.0,5.54957862563272,0.9980325698852539
e3/L/R5/0,120,400,648669.0,5.54957862563272,0.9980325698852539
e3/L/R5/0,120,800,648669.0,5.54957862563272,0.9980325698852539
e3/L/R5/0,120,1600,489294.0,6.106960966205481,0.9997596740722656
e3/L/R5/0,120,3200,489294.0,6.106960966205481,0.9997596740722656
e3/L/R5/0,120,6400,489294.0,6.106960966205481,0.9997596740722656
e3/L/R5/0,120,12800,998329.0,6.437361029296004,0.9999570846557617
e3/L/R5/0,120,25600,998329.0,6.437361029296004,0.9999570846557617
e3/L/R5/0,120,51200,488348.0,6.549696877080865,0.9999799728393555
e3/L/R5/0,120,102400,948025.0,6.880096940171389,0.9999990463256836
e3/L/R5/0,121,50,906716.0,4.426427939662307,0.9541912078857422
e3/L/R5/0,121,100,751070.0,4.6641068038819515,0.9740686416625977
e3/L/R5/0,121,200,946806.0,5.642299824503598,0.9983148574829102
e3/L/R5/0,121,400,946806.0,5.642299824503598,0.9983148574829102
e3/L/R5/0,121,800,946806.0,5.642299824503598,0.9983148574829102
e3/L/R5/0,121,1600,490222.0,5.664225055330098,0.9984512329101562
e3/L/R5/0,121,3200,488174.0,6.344639830425127,0.9999160766601562
e3/L/R5/0,121,6400,122094.0,6.462444466647256,0.9999599456787109
e3/L/R5/0,121,12800,122094.0,6.462444466647256,0.9999599456787109
e3/L/R5/0,121,25600,122094.0,6.462444466647256,0.9999599456787109
e3/L/R5/0,121,51200,122094.0,6.462444466647256,0.9999599456787109
e3/L/R5/0,121,102400,489934.0,6.549696877080865,0.9999799728393555
e3/L/R5/0,122,50,718704.0,4.426427939662307,0.9541912078857422
e3/L/R5/0,122,100,675570.0,4.754517420840314,0.9787216186523438
e3/L/R5/0,122,200,761586.0,5.54957862563272,0.9980325698852539
e3/L/R5/0,122,400,761586.0,5.54957862563272,0.9980325698852539
e3/L/R5/0,122,800,761586.0,5.54957862563272,0.9980325698852539
e3/L/R5/0,122,1600,118510.0,6.462444466647256,0.9999599456787109
e3/L/R5/0,122,3200,118510.0,6.462444466647256,0.9999599456787109
e3/L/R5/0,122,6400,118510.0,6.462444466647256,0.9999599456787109
e3/L/R5/0,122,12800,488348.0,6.549696877080865,0.9999799728393555
e3/L/R5/0,122,25600,646382.0,6.787375741300511,0.999995231628418
e3/L/R5/0,122,51200,646382.0,6.787375741300511,0.999995231628418
e3/L/R5/0,122,102400,646382.0,6.787375741300511,0.999995231628418
e3/L/R5/0,123,50,648817.0,4.872322057062444,0.9849109649658203
e3/L/R5/0,123,100,597177.0,5.110000921282089,0.9920072555541992
e3/L/R5/0,123,200,597177.0,5.110000921282089,0.9920072555541992
e3/L/R5/0,123,400,321310.0,5.429704397635205,0.9966526031494141
e3/L/R5/0,123,800,646334.0,5.54957862563272,0.9980325698852539
e3/L/R5/0,123,1600,978551.0,6.344639830425127,0.9999160766601562
e3/L/R5/0,123,3200,642638.0,6.435050447383488,0.9999284744262695
e3/L/R5/0,123,6400,642638.0,6.435050447383488,0.9999284744262695
e3/L/R5/0,123,12800,474014.0,6.549696877080865,0.9999799728393555
e3/L/R5/0,123,25600,474014.0,6.549696877080865,0.9999799728393555
e3/L/R5/0,123,51200,474014.0,6.549696877080865,0.9999799728393555
e3/L/R5/0,123,102400,474014.0,6.549696877080865,0.9999799728393555
e3/L/R5/0,124,50,124537.0,4.872322057062444,0.9849109649658203
e3/L/R5/0,124,100,761290.0,5.54957862563272,0.9980325698852539
e3/L/R5/0,124,200,761290.0,5.54957862563272,0.9980325698852539
e3/L/R5/0,124,400,978683.0,5.551889207545237,0.9980716705322266
e3/L/R5/0,124,800,473405.0,5.754635672288458,0.9988985061645508
e3/L/R5/0,124,1600,978489.0,6.112429754642751,0.9997777938842773
e3/L/R5/0,124,3200,978489.0,6.112429754642751,0.9997777938842773
e3/L/R5/0,124,6400,978489.0,6.112429754642751,0.9997777938842773
e3/L/R5/0,124,12800,489331.0,6.344639830425127,0.9999160766601562
e3/L/R5/0,124,25600,489331.0,6.344639830425127,0.9999160766601562
e3/L/R5/0,124,51200,761294.0,6.787375741300511,0.999995231628418
e3/L/R5/0,124,102400,761294.0,6.787375741300511,0.999995231628418
e3/L/R5/0,125,50,735134.0,4.31178150996493,0.9477338790893555
e3/L/R5/0,125,100,995067.0,4.7568280027528305,0.9794168472290039
e3/L/R5/0,125,200,473757.0,5.074220897193429,0.9896688461303711
e3/L/R5/0,125,400,768450.0,5.224647350979466,0.994084358215332
e3/L/R5/0,125,800,619502.0,5.54957862563272,0.9980325698852539
e3/L/R5/0,125,1600,976669.0,5.874750890423105,0.9992351531982422
e3/L/R5/0,125,3200,487886.0,6.2247656024276115,0.9998502731323242
e3/L/R5/0,125,6400,487886.0,6.2247656024276115,0.9998502731323242
e3/L/R5/0,125,12800,948025.0,6.880096940171389,0.9999990463256836
e3/L/R5/0,125,25600,948025.0,6.880096940171389,0.9999990463256836
e3/L/R5/0,125,51200,948025.0,6.880096940171389,0.9999990463256836
e3/L/R5/0,125,102400,948025.0,6.880096940171389,0.9999990463256836
e3/L/R5/0,126,50,90574.0,4.104654871533806,0.9243030548095703
e3/L/R5/0,126,100,118565.0,4.872322057062444,0.9849109649658203
e3/L/R5/0,126,200,947105.0,5.0796896856307,0.990046501159668
e3/L/R5/0,126,400,927545.0,5.760104460725729,0.9991073608398438
e3/L/R5/0,126,800,927545.0,5.760104460725729,0.9991073608398438
e3/L/R5/0,126,1600,642654.0,5.992314536508104,0.9995708465576172
e3/L/R5/0,126,3200,978802.0,5.99462511842062,0.9996376037597656
e3/L/R5/0,126,6400,947086.0,6.31748680129849,0.9998655319213867
e3/L/R5/0,126,12800,473550.0,6.99243278795625,1.0
e3/L/R5/0,126,25600,473550.0,6.99243278795625,1.0
e3/L/R5/0,126,51200,473550.0,6.99243278795625,1.0
e3/L/R5/0,126,102400,473550.0,6.99243278795625,1.0
e3/L/R5/0,127,50,941166.0,4.87463263897496,0.9853000640869141
e3/L/R5/0,127,100,236957.0,5.311899761413074,0.9956035614013672
e3/L/R5/0,127,200,236957.0,5.311899761413074,0.9956035614013672
e3/L/R5/0,127,400,941534.0,5.99462511842062,0.9996376037597656
e3/L/R5/0,127,800,941534.0,5.99462511842062,0.9996376037597656
e3/L/R5/0,127,1600,941534.0,5.99462511842062,0.9996376037597656
e3/L/R5/0,127,3200,947100.0,6.642418075951743,0.9999866485595703
e3/L/R5/0,127,6400,947100.0,6.642418075951743,0.9999866485595703
e3/L/R5/0,127,12800,947100.0,6.642418075951743,0.9999866485595703
e3/L/R5/0,127,25600,768462.0,6.787375741300511,0.999995231628418
e3/L/R5/0,127,51200,768462.0,6.787375741300511,0.999995231628418
e3/L/R5/0,127,102400,768462.0,6.787375741300511,0.999995231628418
e3/L/R5/0,128,50,649003.0,4.754517420840314,0.9787216186523438
e3/L/R5/0,128,100,939889.0,4.87463263897496,0.9853000640869141
e3/L/R5/0,128,200,939889.0,4.87463263897496,0.9853000640869141
e3/L/R5/0,128,400,380509.0,5.54957862563272,0.9980325698852539
e3/L/R5/0,128,800,485177.0,5.992314536508104,0.9995708465576172
e3/L/R5/0,128,1600,485177.0,5.992314536508104,0.9995708465576172
e3/L/R5/0,128,3200,642681.0,6.435050447383488,0.9999284744262695
e3/L/R5/0,128,6400,642681.0,6.435050447383488,0.9999284744262695
e3/L/R5/0,128,12800,948082.0,6.437361029296004,0.9999570846557617
e3/L/R5/0,128,25600,474012.0,6.549696877080865,0.9999799728393555
e3/L/R5/0,128,51200,488377.0,6.787375741300511,0.999995231628418
e3/L/R5/0,128,102400,488377.0,6.787375741300511,0.999995231628418
e3/L/R5/0,129,50,379837.0,5.106842714757336,0.9918804168701172
e3/L/R5/0,129,100,379837.0,5.106842714757336,0.9918804168701172
e3/L/R5/0,129,200,379837.0,5.106842714757336,0.9918804168701172
e3/L/R5/0,129,400,190264.0,5.311899761413074,0.9956035614013672
e3/L/R5/0,129,800,976679.0,5.992314536508104,0.9995708465576172
e3/L/R5/0,129,1600,976679.0,5.992314536508104,0.9995708465576172
e3/L/R5/0,129,3200,976679.0,5.992314536508104,0.9995708465576172
e3/L/R5/0,129,6400,490425.0,6.344639830425127,0.9999160766601562
e3/L/R5/0,129,12800,490425.0,6.344639830425127,0.9999160766601562
e3/L/R5/0,129,25600,947101.0,6.642418075951743,0.9999866485595703
e3/L/R5/0,129,51200,947101.0,6.642418075951743,0.9999866485595703
e3/L/R5/0,129,102400,976697.0,6.880096940171389,0.9999990463256836
e3/L/R5/0,130,50,899550.0,5.106842714757336,0.9918804168701172
e3/L/R5/0,130,100,948157.0,5.756946254200974,0.9990959167480469
e3/L/R5/0,130,200,948157.0,5.756946254200974,0.9990959167480469
e3/L/R5/0,130,400,948157.0,5.756946254200974,0.9990959167480469
e3/L/R5/0,130,800,488378.0,6.106960966205481,0.9997596740722656
e3/L/R5/0,130,1600,488378.0,6.106960966205481,0.9997596740722656
e3/L/R5/0,130,3200,488378.0,6.106960966205481,0.9997596740722656
e3/L/R5/0,130,6400,118387.0,6.110119172730234,0.9997720718383789
e3/L/R5/0,130,12800,978546.0,6.437361029296004,0.9999570846557617
e3/L/R5/0,130,25600,768462.0,6.787375741300511,0.999995231628418
e3/L/R5/0,130,51200,768462.0,6.787375741300511,0.999995231628418
e3/L/R5/0,130,102400,948025.0,6.880096940171389,0.9999990463256836
e3/L/R5/0,131,50,650825.0,5.4349321959353425,0.9968585968017578
e3/L/R5/0,131,100,650825.0,5.4349321959353425,0.9968585968017578
e3/L/R5/0,131,200,970553.0,5.642299824503598,0.9983148574829102
e3/L/R5/0,131,400,468206.0,5.992314536508104,0.9995708465576172
e3/L/R5/0,131,800,468206.0,5.992314536508104,0.9995708465576172
e3/L/R5/0,131,1600,468206.0,5.992314536508104,0.9995708465576172
e3/L/R5/0,131,3200,468206.0,5.992314536508104,0.9995708465576172
e3/L/R5/0,131,6400,468206.0,5.992314536508104,0.9995708465576172
e3/L/R5/0,131,12800,489273.0,6.787375741300511,0.999995231628418
e3/L/R5/0,131,25600,489273.0,6.787375741300511,0.999995231628418
e3/L/R5/0,131,51200,489273.0,6.787375741300511,0.999995231628418
e3/L/R5/0,131,102400,489273.0,6.787375741300511,0.999995231628418
e3/L/R5/0,132,50,96073.0,4.667265010406705,0.9745960235595703
e3/L/R5/0,132,100,96073.0,4.667265010406705,0.9745960235595703
e3/L/R5/0,132,200,489383.0,5.219178562542196,0.9932641983032227
e3/L/R5/0,132,400,126583.0,5.574662062983972,0.998103141784668
e3/L/R5/0,132,800,126583.0,5.574662062983972,0.998103141784668
e3/L/R5/0,132,1600,126702.0,6.019708555771873,0.9996519088745117
e3/L/R5/0,132,3200,126702.0,6.019708555771873,0.9996519088745117
e3/L/R5/0,132,6400,474589.0,6.106960966205481,0.9997596740722656
e3/L/R5/0,132,12800,1012636.0,6.19968216507636,0.9998445510864258
e3/L/R5/0,132,25600,768313.0,6.229993400727749,0.9998617172241211
e3/L/R5/0,132,51200,768313.0,6.229993400727749,0.9998617172241211
e3/L/R5/0,132,102400,976697.0,6.880096940171389,0.9999990463256836
e3/L/R5/0,133,50,601673.0,4.877549855362582,0.9853048324584961
e3/L/R5/0,133,100,601673.0,4.877549855362582,0.9853048324584961
e3/L/R5/0,133,200,769766.0,5.106842714757336,0.9918804168701172
e3/L/R5/0,133,400,974414.0,5.199563913628214,0.9931354522705078
e3/L/R5/0,133,800,489272.0,6.106960966205481,0.9997596740722656
e3/L/R5/0,133,1600,118585.0,6.110119172730234,0.9997720718383789
e3/L/R5/0,133,3200,769486.0,6.344639830425127,0.9999160766601562
e3/L/R5/0,133,6400,474014.0,6.549696877080865,0.9999799728393555
e3/L/R5/0,133,12800,474014.0,6.549696877080865,0.9999799728393555
e3/L/R5/0,133,25600,474014.0,6.549696877080865,0.9999799728393555
e3/L/R5/0,133,51200,474014.0,6.549696877080865,0.9999799728393555
e3/L/R5/0,133,102400,761294.0,6.787375741300511,0.999995231628418
e3/L/R5/0,134,50,642893.0,4.516838556620669,0.9628696441650391
e3/L/R5/0,134,100,601721.0,5.4349321959353425,0.9968585968017578
e3/L/R5/0,134,200,601721.0,5.4349321959353425,0.9968585968017578
e3/L/R5/0,134,400,601721.0,5.4349321959353425,0.9968585968017578
e3/L/R5/0,134,800,980798.0,5.756946254200974,0.9990959167480469
e3/L/R5/0,134,1600,946652.0,5.874750890423105,0.9992351531982422
e3/L/R5/0,134,3200,773753.0,5.992314536508104,0.9995708465576172
e3/L/R5/0,134,6400,948030.0,6.19968216507636,0.9998445510864258
e3/L/R5/0,134,12800,948030.0,6.19968216507636,0.9998445510864258
e3/L/R5/0,134,25600,489335.0,6.251918631554249,0.9998626708984375
e3/L/R5/0,134,51200,948686.0,6.642418075951743,0.9999866485595703
e3/L/R5/0,134,102400,646382.0,6.787375741300511,0.999995231628418
e3/L/R5/0,135,50,892132.0,4.754517420840314,0.9787216186523438
e3/L/R5/0,135,100,892132.0,4.754517420840314,0.9787216186523438
e3/L/R5/0,135,200,236663.0,5.336983198764326,0.9959602355957031
e3/L/R5/0,135,400,474359.0,5.661914473417581,0.9983634948730469
e3/L/R5/0,135,800,948153.0,6.437361029296004,0.9999570846557617
e3/L/R5/0,135,1600,948153.0,6.437361029296004,0.9999570846557617
e3/L/R5/0,135,3200,948153.0,6.437361029296004,0.9999570846557617
e3/L/R5/0,135,6400,948153.0,6.437361029296004,0.9999570846557617
e3/L/R5/0,135,12800,948153.0,6.437361029296004,0.9999570846557617
e3/L/R5/0,135,25600,948153.0,6.437361029296004,0.9999570846557617
e3/L/R5/0,135,51200,768462.0,6.787375741300511,0.999995231628418
e3/L/R5/0,135,102400,768462.0,6.787375741300511,0.999995231628418
e3/L/R5/0,136,50,122306.0,4.899716076326213,0.9855766296386719
e3/L/R5/0,136,100,122306.0,4.899716076326213,0.9855766296386719
e3/L/R5/0,136,200,1023215.0,5.311899761413074,0.9956035614013672
e3/L/R5/0,136,400,474353.0,5.429704397635205,0.9966526031494141
e3/L/R5/0,136,800,488343.0,5.899593337637226,0.9992895126342773
e3/L/R5/0,136,1600,997833.0,6.085035735378982,0.9996719360351562
e3/L/R5/0,136,3200,768476.0,6.344639830425127,0.9999160766601562
e3/L/R5/0,136,6400,768476.0,6.344639830425127,0.9999160766601562
e3/L/R5/0,136,12800,768476.0,6.344639830425127,0.9999160766601562
e3/L/R5/0,136,25600,947102.0,6.642418075951743,0.9999866485595703
e3/L/R5/0,136,51200,948025.0,6.880096940171389,0.9999990463256836
e3/L/R5/0,136,102400,948025.0,6.880096940171389,0.9999990463256836
e3/L/R5/0,137,50,845262.0,5.992314536508104,0.9995708465576172
e3/L/R5/0,137,100,845262.0,5.992314536508104,0.9995708465576172
e3/L/R5/0,137,200,845262.0,5.992314536508104,0.9995708465576172
e3/L/R5/0,137,400,499150.0,6.549696877080865,0.9999799728393555
e3/L/R5/0,137,800,499150.0,6.549696877080865,0.9999799728393555
e3/L/R5/0,137,1600,499150.0,6.549696877080865,0.9999799728393555
e3/L/R5/0,137,3200,499150.0,6.549696877080865,0.9999799728393555
e3/L/R5/0,137,6400,499150.0,6.549696877080865,0.9999799728393555
e3/L/R5/0,137,12800,499150.0,6.549696877080865,0.9999799728393555
e3/L/R5/0,137,25600,499150.0,6.549696877080865,0.9999799728393555
e3/L/R5/0,137,51200,499150.0,6.549696877080865,0.9999799728393555
e3/L/R5/0,137,102400,642798.0,6.787375741300511,0.999995231628418
e3/L/R5/0,138,50,947112.0,4.724206185188924,0.9749088287353516
e3/L/R5/0,138,100,783289.0,5.54957862563272,0.9980325698852539
e3/L/R5/0,138,200,783289.0,5.54957862563272,0.9980325698852539
e3/L/R5/0,138,400,783289.0,5.54957862563272,0.9980325698852539
e3/L/R5/0,138,800,978654.0,5.551889207545237,0.9980716705322266
e3/L/R5/0,138,1600,650865.0,5.667383261854851,0.9986648559570312
e3/L/R5/0,138,3200,948093.0,5.756946254200974,0.9990959167480469
e3/L/R5/0,138,6400,948024.0,6.19968216507636,0.9998445510864258
e3/L/R5/0,138,12800,948024.0,6.19968216507636,0.9998445510864258
e3/L/R5/0,138,25600,947100.0,6.642418075951743,0.9999866485595703
e3/L/R5/0,138,51200,947129.0,6.880096940171389,0.9999990463256836
e3/L/R5/0,138,102400,947129.0,6.880096940171389,0.9999990463256836
e3/L/R5/0,139,50,815582.0,4.662037212106567,0.9734725952148438
e3/L/R5/0,139,100,815582.0,4.662037212106567,0.9734725952148438
e3/L/R5/0,139,200,473590.0,5.311899761413074,0.9956035614013672
e3/L/R5/0,139,400,473590.0,5.311899761413074,0.9956035614013672
e3/L/R5/0,139,800,237294.0,6.106960966205481,0.9997596740722656
e3/L/R5/0,139,1600,237294.0,6.106960966205481,0.9997596740722656
e3/L/R5/0,139,3200,237294.0,6.106960966205481,0.9997596740722656
e3/L/R5/0,139,6400,237294.0,6.106960966205481,0.9997596740722656
e3/L/R5/0,139,12800,237294.0,6.106960966205481,0.9997596740722656
e3/L/R5/0,139,25600,761582.0,6.344639830425127,0.9999160766601562
e3/L/R5/0,139,51200,473564.0,6.549696877080865,0.9999799728393555
e3/L/R5/0,139,102400,473564.0,6.549696877080865,0.9999799728393555
e3/L/R5/0,140,50,979844.0,4.636953774755315,0.9719038009643555
e3/L/R5/0,140,100,96718.0,5.667383261854851,0.9986648559570312
e3/L/R5/0,140,200,96718.0,5.667383261854851,0.9986648559570312
e3/L/R5/0,140,400,96718.0,5.667383261854851,0.9986648559570312
e3/L/R5/0,140,800,978588.0,5.756946254200974,0.9990959167480469
e3/L/R5/0,140,1600,948702.0,6.19968216507636,0.9998445510864258
e3/L/R5/0,140,3200,948702.0,6.19968216507636,0.9998445510864258
e3/L/R5/0,140,6400,777454.0,6.344639830425127,0.9999160766601562
e3/L/R5/0,140,12800,948025.0,6.880096940171389,0.9999990463256836
e3/L/R5/0,140,25600,948025.0,6.880096940171389,0.9999990463256836
e3/L/R5/0,140,51200,948025.0,6.880096940171389,0.9999990463256836
e3/L/R5/0,140,102400,948025.0,6.880096940171389,0.9999990463256836
e3/L/R5/0,141,50,416996.0,4.754517420840314,0.9787216186523438
e3/L/R5/0,141,100,416996.0,4.754517420840314,0.9787216186523438
e3/L/R5/0,141,200,637934.0,5.106842714757336,0.9918804168701172
e3/L/R5/0,141,400,487739.0,5.224647350979466,0.994084358215332
e3/L/R5/0,141,800,473459.0,5.992314536508104,0.9995708465576172
e3/L/R5/0,141,1600,473459.0,5.992314536508104,0.9995708465576172
e3/L/R5/0,141,3200,473459.0,5.992314536508104,0.9995708465576172
e3/L/R5/0,141,6400,941550.0,5.99462511842062,0.9996376037597656
e3/L/R5/0,141,12800,976334.0,6.437361029296004,0.9999570846557617
e3/L/R5/0,141,25600,761294.0,6.787375741300511,0.999995231628418
e3/L/R5/0,141,51200,761294.0,6.787375741300511,0.999995231628418
e3/L/R5/0,141,102400,761294.0,6.787375741300511,0.999995231628418
e3/L/R5/0,142,50,116596.0,4.662037212106567,0.9734725952148438
e3/L/R5/0,142,100,768221.0,4.781911440104082,0.9805564880371094
e3/L/R5/0,142,200,470574.0,5.224647350979466,0.994084358215332
e3/L/R5/0,142,400,1013486.0,5.551889207545237,0.9980716705322266
e3/L/R5/0,142,800,1013486.0,5.551889207545237,0.9980716705322266
e3/L/R5/0,142,1600,948088.0,5.756946254200974,0.9990959167480469
e3/L/R5/0,142,3200,466158.0,6.2247656024276115,0.9998502731323242
e3/L/R5/0,142,6400,978663.0,6.344639830425127,0.9999160766601562
e3/L/R5/0,142,12800,978553.0,6.437361029296004,0.9999570846557617
e3/L/R5/0,142,25600,488349.0,6.549696877080865,0.9999799728393555
e3/L/R5/0,142,51200,978670.0,6.789686323213028,0.9999961853027344
e3/L/R5/0,142,102400,978670.0,6.789686323213028,0.9999961853027344
e3/L/R5/0,143,50,848825.0,5.992314536508104,0.9995708465576172
e3/L/R5/0,143,100,848825.0,5.992314536508104,0.9995708465576172
e3/L/R5/0,143,200,848825.0,5.992314536508104,0.9995708465576172
e3/L/R5/0,143,400,848825.0,5.992314536508104,0.9995708465576172
e3/L/R5/0,143,800,848825.0,5.992314536508104,0.9995708465576172
e3/L/R5/0,143,1600,848825.0,5.992314536508104,0.9995708465576172
e3/L/R5/0,143,3200,848825.0,5.992314536508104,0.9995708465576172
e3/L/R5/0,143,6400,978545.0,6.112429754642751,0.9997777938842773
e3/L/R5/0,143,12800,488334.0,6.2247656024276115,0.9998502731323242
e3/L/R5/0,143,25600,941518.0,6.437361029296004,0.9999570846557617
e3/L/R5/0,143,51200,941518.0,6.437361029296004,0.9999570846557617
e3/L/R5/0,143,102400,473550.0,6.99243278795625,1.0
e3/L/R5/0,144,50,604792.0,4.516838556620669,0.9628696441650391
e3/L/R5/0,144,100,126713.0,5.224647350979466,0.994084358215332
e3/L/R5/0,144,200,642806.0,5.54957862563272,0.9980325698852539
e3/L/R5/0,144,400,642806.0,5.54957862563272,0.9980325698852539
e3/L/R5/0,144,800,506811.0,5.901903919549742,0.9993391036987305
e3/L/R5/0,144,1600,506811.0,5.901903919549742,0.9993391036987305
e3/L/R5/0,144,3200,506811.0,5.901903919549742,0.9993391036987305
e3/L/R5/0,144,6400,472889.0,5.992314536508104,0.9995708465576172
e3/L/R5/0,144,12800,489337.0,6.344639830425127,0.9999160766601562
e3/L/R5/0,144,25600,489337.0,6.344639830425127,0.9999160766601562
e3/L/R5/0,144,51200,473550.0,6.99243278795625,1.0
e3/L/R5/0,144,102400,473550.0,6.99243278795625,1.0
e3/L/R5/0,145,50,997846.0,4.961885049408569,0.9868555068969727
e3/L/R5/0,145,100,997846.0,4.961885049408569,0.9868555068969727
e3/L/R5/0,145,200,484590.0,5.54957862563272,0.9980325698852539
e3/L/R5/0,145,400,484590.0,5.54957862563272,0.9980325698852539
e3/L/R5/0,145,800,484590.0,5.54957862563272,0.9980325698852539
e3/L/R5/0,145,1600,470643.0,5.992314536508104,0.9995708465576172
e3/L/R5/0,145,3200,470643.0,5.992314536508104,0.9995708465576172
e3/L/R5/0,145,6400,761289.0,6.229993400727749,0.9998617172241211
e3/L/R5/0,145,12800,761289.0,6.229993400727749,0.9998617172241211
e3/L/R5/0,145,25600,474350.0,6.549696877080865,0.9999799728393555
e3/L/R5/0,145,51200,761070.0,6.787375741300511,0.999995231628418
e3/L/R5/0,145,102400,761070.0,6.787375741300511,0.999995231628418
e3/L/R5/0,146,50,998297.0,5.642299824503598,0.9983148574829102
e3/L/R5/0,146,100,998297.0,5.642299824503598,0.9983148574829102
e3/L/R5/0,146,200,998297.0,5.642299824503598,0.9983148574829102
e3/L/R5/0,146,400,768302.0,5.787257489852366,0.9991950988769531
e3/L/R5/0,146,800,768302.0,5.787257489852366,0.9991950988769531
e3/L/R5/0,146,1600,768302.0,5.787257489852366,0.9991950988769531
e3/L/R5/0,146,3200,768302.0,5.787257489852366,0.9991950988769531
e3/L/R5/0,146,6400,646638.0,6.344639830425127,0.9999160766601562
e3/L/R5/0,146,12800,941294.0,6.437361029296004,0.9999570846557617
e3/L/R5/0,146,25600,941294.0,6.437361029296004,0.9999570846557617
e3/L/R5/0,146,51200,948025.0,6.880096940171389,0.9999990463256836
e3/L/R5/0,146,102400,948025.0,6.880096940171389,0.9999990463256836
e3/L/R5/0,147,50,474073.0,5.54957862563272,0.9980325698852539
e3/L/R5/0,147,100,474073.0,5.54957862563272,0.9980325698852539
e3/L/R5/0,147,200,474073.0,5.54957862563272,0.9980325698852539
e3/L/R5/0,147,400,488393.0,5.992314536508104,0.9995708465576172
e3/L/R5/0,147,800,488393.0,5.992314536508104,0.9995708465576172
e3/L/R5/0,147,1600,488393.0,5.992314536508104,0.9995708465576172
e3/L/R5/0,147,3200,488393.0,5.992314536508104,0.9995708465576172
e3/L/R5/0,147,6400,474606.0,6.106960966205481,0.9997596740722656
e3/L/R5/0,147,12800,473326.0,6.2247656024276115,0.9998502731323242
e3/L/R5/0,147,25600,997838.0,6.642418075951743,0.9999866485595703
e3/L/R5/0,147,51200,642798.0,6.787375741300511,0.999995231628418
e3/L/R5/0,147,102400,642798.0,6.787375741300511,0.999995231628418
e3/L/R5/0,148,50,947128.0,6.19968216507636,0.9998445510864258
e3/L/R5/0,148,100,947128.0,6.19968216507636,0.9998445510864258
e3/L/R5/0,148,200,947128.0,6.19968216507636,0.9998445510864258
e3/L/R5/0,148,400,947128.0,6.19968216507636,0.9998445510864258
e3/L/R5/0,148,800,947128.0,6.19968216507636,0.9998445510864258
e3/L/R5/0,148,1600,474013.0,6.549696877080865,0.9999799728393555
e3/L/R5/0,148,3200,474013.0,6.549696877080865,0.9999799728393555
e3/L/R5/0,148,6400,474013.0,6.549696877080865,0.9999799728393555
e3/L/R5/0,148,12800,474013.0,6.549696877080865,0.9999799728393555
e3/L/R5/0,148,25600,474013.0,6.549696877080865,0.9999799728393555
e3/L/R5/0,148,51200,474013.0,6.549696877080865,0.9999799728393555
e3/L/R5/0,148,102400,474013.0,6.549696877080865,0.9999799728393555
e3/L/R5/0,149,50,1013326.0,5.199563913628214,0.9931354522705078
e3/L/R5/0,149,100,775097.0,5.54957862563272,0.9980325698852539
e3/L/R5/0,149,200,775097.0,5.54957862563272,0.9980325698852539
e3/L/R5/0,149,400,775097.0,5.54957862563272,0.9980325698852539
e3/L/R5/0,149,800,506332.0,6.106960966205481,0.9997596740722656
e3/L/R5/0,149,1600,506332.0,6.106960966205481,0.9997596740722656
e3/L/R5/0,149,3200,506332.0,6.106960966205481,0.9997596740722656
e3/L/R5/0,149,6400,947128.0,6.19968216507636,0.9998445510864258
e3/L/R5/0,149,12800,947128.0,6.19968216507636,0.9998445510864258
e3/L/R5/0,149,25600,488349.0,6.549696877080865,0.9999799728393555
e3/L/R5/0,149,51200,488349.0,6.549696877080865,0.9999799728393555
e3/L/R5/0,149,102400,947101.0,6.642418075951743,0.9999866485595703
e3/L/R5/0,150,50,474008.0,5.311899761413074,0.9956035614013672
e3/L/R5/0,150,100,474008.0,5.311899761413074,0.9956035614013672
e3/L/R5/0,150,200,642680.0,5.754635672288458,0.9988985061645508
e3/L/R5/0,150,400,948974.0,5.756946254200974,0.9990959167480469
e3/L/R5/0,150,800,948974.0,5.756946254200974,0.9990959167480469
e3/L/R5/0,150,1600,948974.0,5.756946254200974,0.9990959167480469
e3/L/R5/0,150,3200,244637.0,6.106960966205481,0.9997596740722656
e3/L/R5/0,150,6400,244637.0,6.106960966205481,0.9997596740722656
e3/L/R5/0,150,12800,976796.0,6.19968216507636,0.9998445510864258
e3/L/R5/0,150,25600,976796.0,6.19968216507636,0.9998445510864258
e3/L/R5/0,150,51200,473582.0,6.549696877080865,0.9999799728393555
e3/L/R5/0,150,102400,976697.0,6.880096940171389,0.9999990463256836
e3/L/R5/0,151,50,834785.0,4.42958614618706,0.9599828720092773
e3/L/R5/0,151,100,949725.0,5.756946254200974,0.9990959167480469
e3/L/R5/0,151,200,949725.0,5.756946254200974,0.9990959167480469
e3/L/R5/0,151,400,949725.0,5.756946254200974,0.9990959167480469
e3/L/R5/0,151,800,642653.0,5.992314536508104,0.9995708465576172
e3/L/R5/0,151,1600,642653.0,5.992314536508104,0.9995708465576172
e3/L/R5/0,151,3200,768926.0,6.344639830425127,0.9999160766601562
e3/L/R5/0,151,6400,768926.0,6.344639830425127,0.9999160766601562
e3/L/R5/0,151,12800,768926.0,6.344639830425127,0.9999160766601562
e3/L/R5/0,151,25600,976754.0,6.437361029296004,0.9999570846557617
e3/L/R5/0,151,51200,976754.0,6.437361029296004,0.9999570846557617
e3/L/R5/0,151,102400,948686.0,6.642418075951743,0.9999866485595703
e3/L/R5/0,152,50,380540.0,5.311899761413074,0.9956035614013672
e3/L/R5/0,152,100,380540.0,5.311899761413074,0.9956035614013672
e3/L/R5/0,152,200,380540.0,5.311899761413074,0.9956035614013672
e3/L/R5/0,152,400,947172.0,5.404620960283953,0.9963407516479492
e3/L/R5/0,152,800,947657.0,5.642299824503598,0.9983148574829102
e3/L/R5/0,152,1600,380537.0,5.992314536508104,0.9995708465576172
e3/L/R5/0,152,3200,380537.0,5.992314536508104,0.9995708465576172
e3/L/R5/0,152,6400,380537.0,5.992314536508104,0.9995708465576172
e3/L/R5/0,152,12800,978546.0,6.437361029296004,0.9999570846557617
e3/L/R5/0,152,25600,488377.0,6.787375741300511,0.999995231628418
e3/L/R5/0,152,51200,488377.0,6.787375741300511,0.999995231628418
e3/L/R5/0,152,102400,488377.0,6.787375741300511,0.999995231628418
e3/L/R5/0,153,50,47565.0,4.42958614618706,0.9599828720092773
e3/L/R5/0,153,100,1012983.0,4.86916385053769,0.9839916229248047
e3/L/R5/0,153,200,974450.0,5.199563913628214,0.9931354522705078
e3/L/R5/0,153,400,974450.0,5.199563913628214,0.9931354522705078
e3/L/R5/0,153,800,777849.0,5.54957862563272,0.9980325698852539
e3/L/R5/0,153,1600,642717.0,5.754635672288458,0.9988985061645508
e3/L/R5/0,153,3200,253390.0,6.106960966205481,0.9997596740722656
e3/L/R5/0,153,6400,605113.0,6.229993400727749,0.9998617172241211
e3/L/R5/0,153,12800,605113.0,6.229993400727749,0.9998617172241211
e3/L/R5/0,153,25600,489337.0,6.344639830425127,0.9999160766601562
e3/L/R5/0,153,51200,474574.0,6.549696877080865,0.9999799728393555
e3/L/R5/0,153,102400,474574.0,6.549696877080865,0.9999799728393555
e3/L/R5/0,154,50,642634.0,5.197253331715698,0.9925403594970703
e3/L/R5/0,154,100,642634.0,5.197253331715698,0.9925403594970703
e3/L/R5/0,154,200,642634.0,5.197253331715698,0.9925403594970703
e3/L/R5/0,154,400,947385.0,5.642299824503598,0.9983148574829102
e3/L/R5/0,154,800,1015022.0,5.756946254200974,0.9990959167480469
e3/L/R5/0,154,1600,1015022.0,5.756946254200974,0.9990959167480469
e3/L/R5/0,154,3200,466397.0,5.782029691552227,0.9991331100463867
e3/L/R5/0,154,6400,978670.0,6.789686323213028,0.9999961853027344
e3/L/R5/0,154,12800,978670.0,6.789686323213028,0.9999961853027344
e3/L/R5/0,154,25600,978670.0,6.789686323213028,0.9999961853027344
e3/L/R5/0,154,51200,978670.0,6.789686323213028,0.9999961853027344
e3/L/R5/0,154,102400,978670.0,6.789686323213028,0.9999961853027344
e3/L/R5/0,155,50,642859.0,4.754517420840314,0.9787216186523438
e3/L/R5/0,155,100,759591.0,5.3422109970644645,0.9959774017333984
e3/L/R5/0,155,200,759591.0,5.3422109970644645,0.9959774017333984
e3/L/R5/0,155,400,761310.0,6.344639830425127,0.9999160766601562
e3/L/R5/0,155,800,761310.0,6.344639830425127,0.9999160766601562
e3/L/R5/0,155,1600,761310.0,6.344639830425127,0.9999160766601562
e3/L/R5/0,155,3200,761310.0,6.344639830425127,0.9999160766601562
e3/L/R5/0,155,6400,761310.0,6.344639830425127,0.9999160766601562
e3/L/R5/0,155,12800,976699.0,6.437361029296004,0.9999570846557617
e3/L/R5/0,155,25600,976699.0,6.437361029296004,0.9999570846557617
e3/L/R5/0,155,51200,768462.0,6.787375741300511,0.999995231628418
e3/L/R5/0,155,102400,768462.0,6.787375741300511,0.999995231628418
e3/L/R5/0,156,50,979849.0,5.317368549850345,0.9959259033203125
e3/L/R5/0,156,100,979849.0,5.317368549850345,0.9959259033203125
e3/L/R5/0,156,200,979849.0,5.317368549850345,0.9959259033203125
e3/L/R5/0,156,400,979849.0,5.317368549850345,0.9959259033203125
e3/L/R5/0,156,800,979849.0,5.317368549850345,0.9959259033203125
e3/L/R5/0,156,1600,847598.0,6.344639830425127,0.9999160766601562
e3/L/R5/0,156,3200,847598.0,6.344639830425127,0.9999160766601562
e3/L/R5/0,156,6400,847598.0,6.344639830425127,0.9999160766601562
e3/L/R5/0,156,12800,978553.0,6.437361029296004,0.9999570846557617
e3/L/R5/0,156,25600,978553.0,6.437361029296004,0.9999570846557617
e3/L/R5/0,156,51200,978553.0,6.437361029296004,0.9999570846557617
e3/L/R5/0,156,102400,768462.0,6.787375741300511,0.999995231628418
e3/L/R5/0,157,50,966109.0,5.314210343325591,0.9957714080810547
e3/L/R5/0,157,100,966109.0,5.314210343325591,0.9957714080810547
e3/L/R5/0,157,200,966109.0,5.314210343325591,0.9957714080810547
e3/L/R5/0,157,400,966109.0,5.314210343325591,0.9957714080810547
e3/L/R5/0,157,800,908473.0,5.787257489852366,0.9991950988769531
e3/L/R5/0,157,1600,908473.0,5.787257489852366,0.9991950988769531
e3/L/R5/0,157,3200,948086.0,5.99462511842062,0.9996376037597656
e3/L/R5/0,157,6400,384462.0,6.344639830425127,0.9999160766601562
e3/L/R5/0,157,12800,641486.0,6.435050447383488,0.9999284744262695
e3/L/R5/0,157,25600,473566.0,6.549696877080865,0.9999799728393555
e3/L/R5/0,157,51200,473566.0,6.549696877080865,0.9999799728393555
e3/L/R5/0,157,102400,761070.0,6.787375741300511,0.999995231628418
e3/L/R5/0,158,50,976569.0,5.199563913628214,0.9931354522705078
e3/L/R5/0,158,100,498807.0,5.336983198764326,0.9959602355957031
e3/L/R5/0,158,200,380535.0,5.899593337637226,0.9992895126342773
e3/L/R5/0,158,400,380535.0,5.899593337637226,0.9992895126342773
e3/L/R5/0,158,800,474014.0,6.549696877080865,0.9999799728393555
e3/L/R5/0,158,1600,474014.0,6.549696877080865,0.9999799728393555
e3/L/R5/0,158,3200,474014.0,6.549696877080865,0.9999799728393555
e3/L/R5/0,158,6400,474014.0,6.549696877080865,0.9999799728393555
e3/L/R5/0,158,12800,948025.0,6.880096940171389,0.9999990463256836
e3/L/R5/0,158,25600,948025.0,6.880096940171389,0.9999990463256836
e3/L/R5/0,158,51200,948025.0,6.880096940171389,0.9999990463256836
e3/L/R5/0,158,102400,948025.0,6.880096940171389,0.9999990463256836
e3/L/R5/0,159,50,555485.0,4.986968486759821,0.988703727722168
e3/L/R5/0,159,100,379118.0,5.224647350979466,0.994084358215332
e3/L/R5/0,159,200,379118.0,5.224647350979466,0.994084358215332
e3/L/R5/0,159,400,379118.0,5.224647350979466,0.994084358215332
e3/L/R5/0,159,800,761074.0,5.992314536508104,0.9995708465576172
e3/L/R5/0,159,1600,761074.0,5.992314536508104,0.9995708465576172
e3/L/R5/0,159,3200,761074.0,5.992314536508104,0.9995708465576172
e3/L/R5/0,159,6400,237020.0,6.106960966205481,0.9997596740722656
e3/L/R5/0,159,12800,646329.0,6.229993400727749,0.9998617172241211
e3/L/R5/0,159,25600,646329.0,6.229993400727749,0.9998617172241211
e3/L/R5/0,159,51200,488398.0,6.549696877080865,0.9999799728393555
e3/L/R5/0,159,102400,488377.0,6.787375741300511,0.999995231628418
e3/L/R5/0,160,50,965571.0,4.194217863879931,0.9348831176757812
e3/L/R5/0,160,100,506235.0,5.106842714757336,0.9918804168701172
e3/L/R5/0,160,200,506235.0,5.106842714757336,0.9918804168701172
e3/L/R5/0,160,400,998990.0,5.404620960283953,0.9963407516479492
e3/L/R5/0,160,800,490429.0,5.664225055330098,0.9984512329101562
e3/L/R5/0,160,1600,941294.0,6.437361029296004,0.9999570846557617
e3/L/R5/0,160,3200,941294.0,6.437361029296004,0.9999570846557617
e3/L/R5/0,160,6400,941294.0,6.437361029296004,0.9999570846557617
e3/L/R5/0,160,12800,941294.0,6.437361029296004,0.9999570846557617
e3/L/R5/0,160,25600,941294.0,6.437361029296004,0.9999570846557617
e3/L/R5/0,160,51200,948686.0,6.642418075951743,0.9999866485595703
e3/L/R5/0,160,102400,948686.0,6.642418075951743,0.9999866485595703
e3/L/R5/0,161,50,116622.0,4.779841848328697,0.9798669815063477
e3/L/R5/0,161,100,116622.0,4.779841848328697,0.9798669815063477
e3/L/R5/0,161,200,948978.0,4.961885049408569,0.9868555068969727
e3/L/R5/0,161,400,489374.0,6.106960966205481,0.9997596740722656
e3/L/R5/0,161,800,489374.0,6.106960966205481,0.9997596740722656
e3/L/R5/0,161,1600,489374.0,6.106960966205481,0.9997596740722656
e3/L/R5/0,161,3200,489374.0,6.106960966205481,0.9997596740722656
e3/L/R5/0,161,6400,489374.0,6.106960966205481,0.9997596740722656
e3/L/R5/0,161,12800,947129.0,6.880096940171389,0.9999990463256836
e3/L/R5/0,161,25600,947129.0,6.880096940171389,0.9999990463256836
e3/L/R5/0,161,51200,947129.0,6.880096940171389,0.9999990463256836
e3/L/R5/0,161,102400,947129.0,6.880096940171389,0.9999990463256836
e3/L/R5/0,162,50,998553.0,4.847238619711192,0.9808034896850586
e3/L/R5/0,162,100,620846.0,4.992196285059959,0.9892587661743164
e3/L/R5/0,162,200,384494.0,5.901903919549742,0.9993391036987305
e3/L/R5/0,162,400,384494.0,5.901903919549742,0.9993391036987305
e3/L/R5/0,162,800,384494.0,5.901903919549742,0.9993391036987305
e3/L/R5/0,162,1600,384494.0,5.901903919549742,0.9993391036987305
e3/L/R5/0,162,3200,384494.0,5.901903919549742,0.9993391036987305
e3/L/R5/0,162,6400,979869.0,6.19968216507636,0.9998445510864258
e3/L/R5/0,162,12800,979897.0,6.437361029296004,0.9999570846557617
e3/L/R5/0,162,25600,122094.0,6.462444466647256,0.9999599456787109
e3/L/R5/0,162,51200,646606.0,6.787375741300511,0.999995231628418
e3/L/R5/0,162,102400,646606.0,6.787375741300511,0.999995231628418
e3/L/R5/0,163,50,761052.0,5.54957862563272,0.9980325698852539
e3/L/R5/0,163,100,761052.0,5.54957862563272,0.9980325698852539
e3/L/R5/0,163,200,761052.0,5.54957862563272,0.9980325698852539
e3/L/R5/0,163,400,761052.0,5.54957862563272,0.9980325698852539
e3/L/R5/0,163,800,761052.0,5.54957862563272,0.9980325698852539
e3/L/R5/0,163,1600,768955.0,6.139582783769388,0.9997787475585938
e3/L/R5/0,163,3200,768955.0,6.139582783769388,0.9997787475585938
e3/L/R5/0,163,6400,768955.0,6.139582783769388,0.9997787475585938
e3/L/R5/0,163,12800,977358.0,6.19968216507636,0.9998445510864258
e3/L/R5/0,163,25600,978553.0,6.437361029296004,0.9999570846557617
e3/L/R5/0,163,51200,642798.0,6.787375741300511,0.999995231628418
e3/L/R5/0,163,102400,642798.0,6.787375741300511,0.999995231628418
e3/L/R5/0,164,50,490681.0,5.54957862563272,0.9980325698852539
e3/L/R5/0,164,100,515534.0,6.106960966205481,0.9997596740722656
e3/L/R5/0,164,200,515534.0,6.106960966205481,0.9997596740722656
e3/L/R5/0,164,400,515534.0,6.106960966205481,0.9997596740722656
e3/L/R5/0,164,800,957678.0,6.19968216507636,0.9998445510864258
e3/L/R5/0,164,1600,957678.0,6.19968216507636,0.9998445510864258
e3/L/R5/0,164,3200,957678.0,6.19968216507636,0.9998445510864258
e3/L/R5/0,164,6400,957678.0,6.19968216507636,0.9998445510864258
e3/L/R5/0,164,12800,957678.0,6.19968216507636,0.9998445510864258
e3/L/R5/0,164,25600,976110.0,6.437361029296004,0.9999570846557617
e3/L/R5/0,164,51200,761070.0,6.787375741300511,0.999995231628418
e3/L/R5/0,164,102400,761070.0,6.787375741300511,0.999995231628418
e3/L/R5/0,165,50,761713.0,5.224647350979466,0.994084358215332
e3/L/R5/0,165,100,761713.0,5.224647350979466,0.994084358215332
e3/L/R5/0,165,200,761713.0,5.224647350979466,0.994084358215332
e3/L/R5/0,165,400,978158.0,5.99462511842062,0.9996376037597656
e3/L/R5/0,165,800,978158.0,5.99462511842062,0.9996376037597656
e3/L/R5/0,165,1600,978158.0,5.99462511842062,0.9996376037597656
e3/L/R5/0,165,3200,978158.0,5.99462511842062,0.9996376037597656
e3/L/R5/0,165,6400,947128.0,6.19968216507636,0.9998445510864258
e3/L/R5/0,165,12800,473565.0,6.549696877080865,0.9999799728393555
e3/L/R5/0,165,25600,488377.0,6.787375741300511,0.999995231628418
e3/L/R5/0,165,51200,488377.0,6.787375741300511,0.999995231628418
e3/L/R5/0,165,102400,488377.0,6.787375741300511,0.999995231628418
e3/L/R5/0,166,50,957938.0,4.961885049408569,0.9868555068969727
e3/L/R5/0,166,100,957938.0,4.961885049408569,0.9868555068969727
e3/L/R5/0,166,200,380509.0,5.54957862563272,0.9980325698852539
e3/L/R5/0,166,400,380509.0,5.54957862563272,0.9980325698852539
e3/L/R5/0,166,800,380509.0,5.54957862563272,0.9980325698852539
e3/L/R5/0,166,1600,380509.0,5.54957862563272,0.9980325698852539
e3/L/R5/0,166,3200,380509.0,5.54957862563272,0.9980325698852539
e3/L/R5/0,166,6400,948014.0,6.437361029296004,0.9999570846557617
e3/L/R5/0,166,12800,244174.0,6.549696877080865,0.9999799728393555
e3/L/R5/0,166,25600,761070.0,6.787375741300511,0.999995231628418
e3/L/R5/0,166,51200,761070.0,6.787375741300511,0.999995231628418
e3/L/R5/0,166,102400,761070.0,6.787375741300511,0.999995231628418
e3/L/R5/0,167,50,358259.0,5.106842714757336,0.9918804168701172
e3/L/R5/0,167,100,236773.0,5.754635672288458,0.9988985061645508
e3/L/R5/0,167,200,236773.0,5.754635672288458,0.9988985061645508
e3/L/R5/0,167,400,236773.0,5.754635672288458,0.9988985061645508
e3/L/R5/0,167,800,650990.0,6.344639830425127,0.9999160766601562
e3/L/R5/0,167,1600,650990.0,6.344639830425127,0.9999160766601562
e3/L/R5/0,167,3200,650990.0,6.344639830425127,0.9999160766601562
e3/L/R5/0,167,6400,948014.0,6.437361029296004,0.9999570846557617
e3/L/R5/0,167,12800,948014.0,6.437361029296004,0.9999570846557617
e3/L/R5/0,167,25600,948014.0,6.437361029296004,0.9999570846557617
e3/L/R5/0,167,51200,947100.0,6.642418075951743,0.9999866485595703
e3/L/R5/0,167,102400,947100.0,6.642418075951743,0.9999866485595703
e3/L/R5/0,168,50,211932.0,4.86916385053769,0.9839916229248047
e3/L/R5/0,168,100,473566.0,6.549696877080865,0.9999799728393555
e3/L/R5/0,168,200,473566.0,6.549696877080865,0.9999799728393555
e3/L/R5/0,168,400,473566.0,6.549696877080865,0.9999799728393555
e3/L/R5/0,168,800,473566.0,6.549696877080865,0.9999799728393555
e3/L/R5/0,168,1600,473566.0,6.549696877080865,0.9999799728393555
e3/L/R5/0,168,3200,473566.0,6.549696877080865,0.9999799728393555
e3/L/R5/0,168,6400,473566.0,6.549696877080865,0.9999799728393555
e3/L/R5/0,168,12800,473566.0,6.549696877080865,0.9999799728393555
e3/L/R5/0,168,25600,473566.0,6.549696877080865,0.9999799728393555
e3/L/R5/0,168,51200,473566.0,6.549696877080865,0.9999799728393555
e3/L/R5/0,168,102400,488377.0,6.787375741300511,0.999995231628418
e3/L/R5/0,169,50,433614.0,5.311899761413074,0.9956035614013672
e3/L/R5/0,169,100,433614.0,5.311899761413074,0.9956035614013672
e3/L/R5/0,169,200,433614.0,5.311899761413074,0.9956035614013672
e3/L/R5/0,169,400,641774.0,5.54957862563272,0.9980325698852539
e3/L/R5/0,169,800,641774.0,5.54957862563272,0.9980325698852539
e3/L/R5/0,169,1600,904817.0,5.667383261854851,0.9986648559570312
e3/L/R5/0,169,3200,949148.0,6.19968216507636,0.9998445510864258
e3/L/R5/0,169,6400,473550.0,6.99243278795625,1.0
e3/L/R5/0,169,12800,473550.0,6.99243278795625,1.0
e3/L/R5/0,169,25600,473550.0,6.99243278795625,1.0
e3/L/R5/0,169,51200,473550.0,6.99243278795625,1.0
e3/L/R5/0,169,102400,473550.0,6.99243278795625,1.0
e3/L/R5/0,170,50,768471.0,5.456857426761841,0.9969930648803711
e3/L/R5/0,170,100,768471.0,5.456857426761841,0.9969930648803711
e3/L/R5/0,170,200,768471.0,5.456857426761841,0.9969930648803711
e3/L/R5/0,170,400,236793.0,5.754635672288458,0.9988985061645508
e3/L/R5/0,170,800,976796.0,6.19968216507636,0.9998445510864258
e3/L/R5/0,170,1600,976796.0,6.19968216507636,0.9998445510864258
e3/L/R5/0,170,3200,976796.0,6.19968216507636,0.9998445510864258
e3/L/R5/0,170,6400,976796.0,6.19968216507636,0.9998445510864258
e3/L/R5/0,170,12800,976796.0,6.19968216507636,0.9998445510864258
e3/L/R5/0,170,25600,976796.0,6.19968216507636,0.9998445510864258
e3/L/R5/0,170,51200,473550.0,6.99243278795625,1.0
e3/L/R5/0,170,102400,473550.0,6.99243278795625,1.0
e3/L/R5/0,171,50,478100.0,4.074102645745285,0.9171009063720703
e3/L/R5/0,171,100,646518.0,5.106842714757336,0.9918804168701172
e3/L/R5/0,171,200,244668.0,5.664225055330098,0.9984512329101562
e3/L/R5/0,171,400,244668.0,5.664225055330098,0.9984512329101562
e3/L/R5/0,171,800,244668.0,5.664225055330098,0.9984512329101562
e3/L/R5/0,171,1600,758713.0,6.229993400727749,0.9998617172241211
e3/L/R5/0,171,3200,758713.0,6.229993400727749,0.9998617172241211
e3/L/R5/0,171,6400,758713.0,6.229993400727749,0.9998617172241211
e3/L/R5/0,171,12800,761308.0,6.344639830425127,0.9999160766601562
e3/L/R5/0,171,25600,761308.0,6.344639830425127,0.9999160766601562
e3/L/R5/0,171,51200,474574.0,6.549696877080865,0.9999799728393555
e3/L/R5/0,171,102400,761070.0,6.787375741300511,0.999995231628418
e3/L/R5/0,172,50,548430.0,4.42958614618706,0.9599828720092773
e3/L/R5/0,172,100,499170.0,4.986968486759821,0.988703727722168
e3/L/R5/0,172,200,1036089.0,5.404620960283953,0.9963407516479492
e3/L/R5/0,172,400,1036089.0,5.404620960283953,0.9963407516479492
e3/L/R5/0,172,800,646370.0,5.667383261854851,0.9986648559570312
e3/L/R5/0,172,1600,1014686.0,5.756946254200974,0.9990959167480469
e3/L/R5/0,172,3200,949150.0,6.19968216507636,0.9998445510864258
e3/L/R5/0,172,6400,777454.0,6.344639830425127,0.9999160766601562
e3/L/R5/0,172,12800,642873.0,6.435050447383488,0.9999284744262695
e3/L/R5/0,172,25600,642873.0,6.435050447383488,0.9999284744262695
e3/L/R5/0,172,51200,948025.0,6.880096940171389,0.9999990463256836
e3/L/R5/0,172,102400,948025.0,6.880096940171389,0.9999990463256836
e3/L/R5/0,173,50,1005372.0,4.2814702743135395,0.9393224716186523
e3/L/R5/0,173,100,943933.0,5.404620960283953,0.9963407516479492
e3/L/R5/0,173,200,763342.0,5.54957862563272,0.9980325698852539
e3/L/R5/0,173,400,763342.0,5.54957862563272,0.9980325698852539
e3/L/R5/0,173,800,310201.0,5.787257489852366,0.9991950988769531
e3/L/R5/0,173,1600,310201.0,5.787257489852366,0.9991950988769531
e3/L/R5/0,173,3200,310201.0,5.787257489852366,0.9991950988769531
e3/L/R5/0,173,6400,978510.0,6.437361029296004,0.9999570846557617
e3/L/R5/0,173,12800,978510.0,6.437361029296004,0.9999570846557617
e3/L/R5/0,173,25600,948025.0,6.880096940171389,0.9999990463256836
e3/L/R5/0,173,51200,948025.0,6.880096940171389,0.9999990463256836
e3/L/R5/0,173,102400,948025.0,6.880096940171389,0.9999990463256836
e3/L/R5/0,174,50,232379.0,4.781911440104082,0.9805564880371094
e3/L/R5/0,174,100,120635.0,5.224647350979466,0.994084358215332
e3/L/R5/0,174,200,587577.0,5.667383261854851,0.9986648559570312
e3/L/R5/0,174,400,587577.0,5.667383261854851,0.9986648559570312
e3/L/R5/0,174,800,587577.0,5.667383261854851,0.9986648559570312
e3/L/R5/0,174,1600,499150.0,6.549696877080865,0.9999799728393555
e3/L/R5/0,174,3200,499150.0,6.549696877080865,0.9999799728393555
e3/L/R5/0,174,6400,499150.0,6.549696877080865,0.9999799728393555
e3/L/R5/0,174,12800,499150.0,6.549696877080865,0.9999799728393555
e3/L/R5/0,174,25600,947100.0,6.642418075951743,0.9999866485595703
e3/L/R5/0,174,51200,947100.0,6.642418075951743,0.9999866485595703
e3/L/R5/0,174,102400,976697.0,6.880096940171389,0.9999990463256836
e3/L/R5/0,175,50,908857.0,5.224647350979466,0.994084358215332
e3/L/R5/0,175,100,908857.0,5.224647350979466,0.994084358215332
e3/L/R5/0,175,200,908857.0,5.224647350979466,0.994084358215332
e3/L/R5/0,175,400,979854.0,5.874750890423105,0.9992351531982422
e3/L/R5/0,175,800,979854.0,5.874750890423105,0.9992351531982422
e3/L/R5/0,175,1600,979854.0,5.874750890423105,0.9992351531982422
e3/L/R5/0,175,3200,489276.0,6.106960966205481,0.9997596740722656
e3/L/R5/0,175,6400,768974.0,6.344639830425127,0.9999160766601562
e3/L/R5/0,175,12800,488349.0,6.549696877080865,0.9999799728393555
e3/L/R5/0,175,25600,488349.0,6.549696877080865,0.9999799728393555
e3/L/R5/0,175,51200,488349.0,6.549696877080865,0.9999799728393555
e3/L/R5/0,175,102400,488349.0,6.549696877080865,0.9999799728393555
e3/L/R5/0,176,50,988061.0,5.0796896856307,0.990046501159668
e3/L/R5/0,176,100,988061.0,5.0796896856307,0.990046501159668
e3/L/R5/0,176,200,997751.0,5.54957862563272,0.9980325698852539
e3/L/R5/0,176,400,997751.0,5.54957862563272,0.9980325698852539
e3/L/R5/0,176,800,946780.0,5.642299824503598,0.9983148574829102
e3/L/R5/0,176,1600,937785.0,6.085035735378982,0.9996719360351562
e3/L/R5/0,176,3200,236782.0,6.549696877080865,0.9999799728393555
e3/L/R5/0,176,6400,236782.0,6.549696877080865,0.9999799728393555
e3/L/R5/0,176,12800,236782.0,6.549696877080865,0.9999799728393555
e3/L/R5/0,176,25600,236782.0,6.549696877080865,0.9999799728393555
e3/L/R5/0,176,51200,948686.0,6.642418075951743,0.9999866485595703
e3/L/R5/0,176,102400,473550.0,6.99243278795625,1.0
e3/L/R5/0,177,50,777966.0,5.901903919549742,0.9993391036987305
e3/L/R5/0,177,100,777966.0,5.901903919549742,0.9993391036987305
e3/L/R5/0,177,200,777966.0,5.901903919549742,0.9993391036987305
e3/L/R5/0,177,400,470643.0,5.992314536508104,0.9995708465576172
e3/L/R5/0,177,800,470643.0,5.992314536508104,0.9995708465576172
e3/L/R5/0,177,1600,949198.0,6.19968216507636,0.9998445510864258
e3/L/R5/0,177,3200,949198.0,6.19968216507636,0.9998445510864258
e3/L/R5/0,177,6400,949198.0,6.19968216507636,0.9998445510864258
e3/L/R5/0,177,12800,947150.0,6.642418075951743,0.9999866485595703
e3/L/R5/0,177,25600,947150.0,6.642418075951743,0.9999866485595703
e3/L/R5/0,177,51200,474041.0,6.787375741300511,0.999995231628418
e3/L/R5/0,177,102400,474041.0,6.787375741300511,0.999995231628418
e3/L/R5/0,178,50,801262.0,4.986968486759821,0.988703727722168
e3/L/R5/0,178,100,489203.0,5.106842714757336,0.9918804168701172
e3/L/R5/0,178,200,383438.0,5.54957862563272,0.9980325698852539
e3/L/R5/0,178,400,1012686.0,6.19968216507636,0.9998445510864258
e3/L/R5/0,178,800,1012686.0,6.19968216507636,0.9998445510864258
e3/L/R5/0,178,1600,1012686.0,6.19968216507636,0.9998445510864258
e3/L/R5/0,178,3200,489330.0,6.344639830425127,0.9999160766601562
e3/L/R5/0,178,6400,489330.0,6.344639830425127,0.9999160766601562
e3/L/R5/0,178,12800,489330.0,6.344639830425127,0.9999160766601562
e3/L/R5/0,178,25600,641486.0,6.435050447383488,0.9999284744262695
e3/L/R5/0,178,51200,473565.0,6.549696877080865,0.9999799728393555
e3/L/R5/0,178,102400,473565.0,6.549696877080865,0.9999799728393555
e3/L/R5/0,179,50,642273.0,4.872322057062444,0.9849109649658203
e3/L/R5/0,179,100,642273.0,4.872322057062444,0.9849109649658203
e3/L/R5/0,179,200,1044083.0,4.961885049408569,0.9868555068969727
e3/L/R5/0,179,400,948558.0,5.404620960283953,0.9963407516479492
e3/L/R5/0,179,800,641949.0,5.992314536508104,0.9995708465576172
e3/L/R5/0,179,1600,641949.0,5.992314536508104,0.9995708465576172
e3/L/R5/0,179,3200,641949.0,5.992314536508104,0.9995708465576172
e3/L/R5/0,179,6400,640825.0,6.110119172730234,0.9997720718383789
e3/L/R5/0,179,12800,948126.0,6.19968216507636,0.9998445510864258
e3/L/R5/0,179,25600,642798.0,6.787375741300511,0.999995231628418
e3/L/R5/0,179,51200,948025.0,6.880096940171389,0.9999990463256836
e3/L/R5/0,179,102400,948025.0,6.880096940171389,0.9999990463256836
e3/L/R5/0,180,50,996829.0,4.519149138533185,0.9647426605224609
e3/L/R5/0,180,100,941257.0,5.0849174839308375,0.9900894165039062
e3/L/R5/0,180,200,118397.0,5.429704397635205,0.9966526031494141
e3/L/R5/0,180,400,998290.0,5.642299824503598,0.9983148574829102
e3/L/R5/0,180,800,649081.0,5.992314536508104,0.9995708465576172
e3/L/R5/0,180,1600,947118.0,6.19968216507636,0.9998445510864258
e3/L/R5/0,180,3200,947118.0,6.19968216507636,0.9998445510864258
e3/L/R5/0,180,6400,947118.0,6.19968216507636,0.9998445510864258
e3/L/R5/0,180,12800,948083.0,6.437361029296004,0.9999570846557617
e3/L/R5/0,180,25600,948083.0,6.437361029296004,0.9999570846557617
e3/L/R5/0,180,51200,948083.0,6.437361029296004,0.9999570846557617
e3/L/R5/0,180,102400,761070.0,6.787375741300511,0.999995231628418
e3/L/R5/0,181,50,294350.0,4.986968486759821,0.988703727722168
e3/L/R5/0,181,100,294350.0,4.986968486759821,0.988703727722168
e3/L/R5/0,181,200,986739.0,5.0796896856307,0.990046501159668
e3/L/R5/0,181,400,488346.0,5.311899761413074,0.9956035614013672
e3/L/R5/0,181,800,119708.0,5.429704397635205,0.9966526031494141
e3/L/R5/0,181,1600,845687.0,5.899593337637226,0.9992895126342773
e3/L/R5/0,181,3200,641486.0,6.435050447383488,0.9999284744262695
e3/L/R5/0,181,6400,976110.0,6.437361029296004,0.9999570846557617
e3/L/R5/0,181,12800,976110.0,6.437361029296004,0.9999570846557617
e3/L/R5/0,181,25600,976110.0,6.437361029296004,0.9999570846557617
e3/L/R5/0,181,51200,976110.0,6.437361029296004,0.9999570846557617
e3/L/R5/0,181,102400,646606.0,6.787375741300511,0.999995231628418
e3/L/R5/0,182,50,233185.0,4.662037212106567,0.9734725952148438
e3/L/R5/0,182,100,489465.0,4.86916385053769,0.9839916229248047
e3/L/R5/0,182,200,489465.0,4.86916385053769,0.9839916229248047
e3/L/R5/0,182,400,947998.0,5.874750890423105,0.9992351531982422
e3/L/R5/0,182,800,947998.0,5.874750890423105,0.9992351531982422
e3/L/R5/0,182,1600,619421.0,5.992314536508104,0.9995708465576172
e3/L/R5/0,182,3200,619421.0,5.992314536508104,0.9995708465576172
e3/L/R5/0,182,6400,619421.0,5.992314536508104,0.9995708465576172
e3/L/R5/0,182,12800,646329.0,6.229993400727749,0.9998617172241211
e3/L/R5/0,182,25600,649017.0,6.435050447383488,0.9999284744262695
e3/L/R5/0,182,51200,649017.0,6.435050447383488,0.9999284744262695
e3/L/R5/0,182,102400,978670.0,6.789686323213028,0.9999961853027344
e3/L/R5/0,183,50,232925.0,4.544232575884437,0.9677352905273438
e3/L/R5/0,183,100,604463.0,4.547149792272059,0.9678010940551758
e3/L/R5/0,183,200,384123.0,4.781911440104082,0.9805564880371094
e3/L/R5/0,183,400,482894.0,5.311899761413074,0.9956035614013672
e3/L/R5/0,183,800,482894.0,5.311899761413074,0.9956035614013672
e3/L/R5/0,183,1600,978671.0,5.901903919549742,0.9993391036987305
e3/L/R5/0,183,3200,642798.0,6.787375741300511,0.999995231628418
e3/L/R5/0,183,6400,642798.0,6.787375741300511,0.999995231628418
e3/L/R5/0,183,12800,642798.0,6.787375741300511,0.999995231628418
e3/L/R5/0,183,25600,642798.0,6.787375741300511,0.999995231628418
e3/L/R5/0,183,51200,642798.0,6.787375741300511,0.999995231628418
e3/L/R5/0,183,102400,642798.0,6.787375741300511,0.999995231628418
e3/L/R5/0,184,50,102003.0,4.547390782409191,0.9683160781860352
e3/L/R5/0,184,100,302301.0,4.754517420840314,0.9787216186523438
e3/L/R5/0,184,200,490654.0,5.311899761413074,0.9956035614013672
e3/L/R5/0,184,400,768462.0,6.787375741300511,0.999995231628418
e3/L/R5/0,184,800,768462.0,6.787375741300511,0.999995231628418
e3/L/R5/0,184,1600,768462.0,6.787375741300511,0.999995231628418
e3/L/R5/0,184,3200,768462.0,6.787375741300511,0.999995231628418
e3/L/R5/0,184,6400,768462.0,6.787375741300511,0.999995231628418
e3/L/R5/0,184,12800,768462.0,6.787375741300511,0.999995231628418
e3/L/R5/0,184,25600,947129.0,6.880096940171389,0.9999990463256836
e3/L/R5/0,184,51200,947129.0,6.880096940171389,0.9999990463256836
e3/L/R5/0,184,102400,947129.0,6.880096940171389,0.9999990463256836
e3/L/R5/0,185,50,80782.0,5.342451987201596,0.996027946472168
e3/L/R5/0,185,100,80782.0,5.342451987201596,0.996027946472168
e3/L/R5/0,185,200,80782.0,5.342451987201596,0.996027946472168
e3/L/R5/0,185,400,470777.0,5.54957862563272,0.9980325698852539
e3/L/R5/0,185,800,470777.0,5.54957862563272,0.9980325698852539
e3/L/R5/0,185,1600,470777.0,5.54957862563272,0.9980325698852539
e3/L/R5/0,185,3200,1012462.0,5.99462511842062,0.9996376037597656
e3/L/R5/0,185,6400,965070.0,6.19968216507636,0.9998445510864258
e3/L/R5/0,185,12800,506809.0,6.344639830425127,0.9999160766601562
e3/L/R5/0,185,25600,506809.0,6.344639830425127,0.9999160766601562
e3/L/R5/0,185,51200,948686.0,6.642418075951743,0.9999866485595703
e3/L/R5/0,185,102400,642798.0,6.787375741300511,0.999995231628418
e3/L/R5/0,186,50,998130.0,4.961885049408569,0.9868555068969727
e3/L/R5/0,186,100,998130.0,4.961885049408569,0.9868555068969727
e3/L/R5/0,186,200,980894.0,5.756946254200974,0.9990959167480469
e3/L/R5/0,186,400,980894.0,5.756946254200974,0.9990959167480469
e3/L/R5/0,186,800,980894.0,5.756946254200974,0.9990959167480469
e3/L/R5/0,186,1600,605134.0,5.992314536508104,0.9995708465576172
e3/L/R5/0,186,3200,489966.0,6.106960966205481,0.9997596740722656
e3/L/R5/0,186,6400,646382.0,6.787375741300511,0.999995231628418
e3/L/R5/0,186,12800,646382.0,6.787375741300511,0.999995231628418
e3/L/R5/0,186,25600,646382.0,6.787375741300511,0.999995231628418
e3/L/R5/0,186,51200,646382.0,6.787375741300511,0.999995231628418
e3/L/R5/0,186,102400,646382.0,6.787375741300511,0.999995231628418
e3/L/R5/0,187,50,59251.0,5.667383261854851,0.9986648559570312
e3/L/R5/0,187,100,59251.0,5.667383261854851,0.9986648559570312
e3/L/R5/0,187,200,59251.0,5.667383261854851,0.9986648559570312
e3/L/R5/0,187,400,997839.0,5.754635672288458,0.9988985061645508
e3/L/R5/0,187,800,997839.0,5.754635672288458,0.9988985061645508
e3/L/R5/0,187,1600,997839.0,5.754635672288458,0.9988985061645508
e3/L/R5/0,187,3200,908750.0,6.344639830425127,0.9999160766601562
e3/L/R5/0,187,6400,908750.0,6.344639830425127,0.9999160766601562
e3/L/R5/0,187,12800,908750.0,6.344639830425127,0.9999160766601562
e3/L/R5/0,187,25600,947101.0,6.642418075951743,0.9999866485595703
e3/L/R5/0,187,51200,947101.0,6.642418075951743,0.9999866485595703
e3/L/R5/0,187,102400,948025.0,6.880096940171389,0.9999990463256836
e3/L/R5/0,188,50,379330.0,4.42958614618706,0.9599828720092773
e3/L/R5/0,188,100,379330.0,4.42958614618706,0.9599828720092773
e3/L/R5/0,188,200,979861.0,4.961885049408569,0.9868555068969727
e3/L/R5/0,188,400,506310.0,4.986968486759821,0.988703727722168
e3/L/R5/0,188,800,1023801.0,5.404620960283953,0.9963407516479492
e3/L/R5/0,188,1600,948046.0,6.19968216507636,0.9998445510864258
e3/L/R5/0,188,3200,948046.0,6.19968216507636,0.9998445510864258
e3/L/R5/0,188,6400,947131.0,6.437361029296004,0.9999570846557617
e3/L/R5/0,188,12800,473566.0,6.549696877080865,0.9999799728393555
e3/L/R5/0,188,25600,473566.0,6.549696877080865,0.9999799728393555
e3/L/R5/0,188,51200,473566.0,6.549696877080865,0.9999799728393555
e3/L/R5/0,188,102400,948025.0,6.880096940171389,0.9999990463256836
e3/L/R5/0,189,50,190265.0,5.992314536508104,0.9995708465576172
e3/L/R5/0,189,100,190265.0,5.992314536508104,0.9995708465576172
e3/L/R5/0,189,200,947101.0,6.642418075951743,0.9999866485595703
e3/L/R5/0,189,400,947101.0,6.642418075951743,0.9999866485595703
e3/L/R5/0,189,800,947101.0,6.642418075951743,0.9999866485595703
e3/L/R5/0,189,1600,947101.0,6.642418075951743,0.9999866485595703
e3/L/R5/0,189,3200,947101.0,6.642418075951743,0.9999866485595703
e3/L/R5/0,189,6400,947101.0,6.642418075951743,0.9999866485595703
e3/L/R5/0,189,12800,947101.0,6.642418075951743,0.9999866485595703
e3/L/R5/0,189,25600,947101.0,6.642418075951743,0.9999866485595703
e3/L/R5/0,189,51200,947101.0,6.642418075951743,0.9999866485595703
e3/L/R5/0,189,102400,947101.0,6.642418075951743,0.9999866485595703
e3/L/R5/0,190,50,769209.0,5.787257489852366,0.9991950988769531
e3/L/R5/0,190,100,769209.0,5.787257489852366,0.9991950988769531
e3/L/R5/0,190,200,646620.0,6.344639830425127,0.9999160766601562
e3/L/R5/0,190,400,646620.0,6.344639830425127,0.9999160766601562
e3/L/R5/0,190,800,646620.0,6.344639830425127,0.9999160766601562
e3/L/R5/0,190,1600,646620.0,6.344639830425127,0.9999160766601562
e3/L/R5/0,190,3200,646620.0,6.344639830425127,0.9999160766601562
e3/L/R5/0,190,6400,978553.0,6.437361029296004,0.9999570846557617
e3/L/R5/0,190,12800,474062.0,6.549696877080865,0.9999799728393555
e3/L/R5/0,190,25600,474062.0,6.549696877080865,0.9999799728393555
e3/L/R5/0,190,51200,947102.0,6.642418075951743,0.9999866485595703
e3/L/R5/0,190,102400,947102.0,6.642418075951743,0.9999866485595703
e3/L/R5/0,191,50,243940.0,4.986968486759821,0.988703727722168
e3/L/R5/0,191,100,243940.0,4.986968486759821,0.988703727722168
e3/L/R5/0,191,200,243940.0,4.986968486759821,0.988703727722168
e3/L/R5/0,191,400,997694.0,5.404620960283953,0.9963407516479492
e3/L/R5/0,191,800,1023207.0,5.754635672288458,0.9988985061645508
e3/L/R5/0,191,1600,1023207.0,5.754635672288458,0.9988985061645508
e3/L/R5/0,191,3200,646382.0,6.787375741300511,0.999995231628418
e3/L/R5/0,191,6400,646382.0,6.787375741300511,0.999995231628418
e3/L/R5/0,191,12800,646382.0,6.787375741300511,0.999995231628418
e3/L/R5/0,191,25600,646382.0,6.787375741300511,0.999995231628418
e3/L/R5/0,191,51200,646382.0,6.787375741300511,0.999995231628418
e3/L/R5/0,191,102400,646382.0,6.787375741300511,0.999995231628418
e3/L/R5/0,192,50,998330.0,5.756946254200974,0.9990959167480469
e3/L/R5/0,192,100,487150.0,5.901903919549742,0.9993391036987305
e3/L/R5/0,192,200,487150.0,5.901903919549742,0.9993391036987305
e3/L/R5/0,192,400,487150.0,5.901903919549742,0.9993391036987305
e3/L/R5/0,192,800,761326.0,6.344639830425127,0.9999160766601562
e3/L/R5/0,192,1600,761326.0,6.344639830425127,0.9999160766601562
e3/L/R5/0,192,3200,761326.0,6.344639830425127,0.9999160766601562
e3/L/R5/0,192,6400,646606.0,6.787375741300511,0.999995231628418
e3/L/R5/0,192,12800,646606.0,6.787375741300511,0.999995231628418
e3/L/R5/0,192,25600,646606.0,6.787375741300511,0.999995231628418
e3/L/R5/0,192,51200,646606.0,6.787375741300511,0.999995231628418
e3/L/R5/0,192,102400,646606.0,6.787375741300511,0.999995231628418
e3/L/R5/0,193,50,472988.0,5.311899761413074,0.9956035614013672
e3/L/R5/0,193,100,472988.0,5.311899761413074,0.9956035614013672
e3/L/R5/0,193,200,472988.0,5.311899761413074,0.9956035614013672
e3/L/R5/0,193,400,472988.0,5.311899761413074,0.9956035614013672
e3/L/R5/0,193,800,1023433.0,5.642299824503598,0.9983148574829102
e3/L/R5/0,193,1600,1023433.0,5.642299824503598,0.9983148574829102
e3/L/R5/0,193,3200,422814.0,5.754635672288458,0.9988985061645508
e3/L/R5/0,193,6400,1030606.0,6.19968216507636,0.9998445510864258
e3/L/R5/0,193,12800,948027.0,6.437361029296004,0.9999570846557617
e3/L/R5/0,193,25600,948027.0,6.437361029296004,0.9999570846557617
e3/L/R5/0,193,51200,948027.0,6.437361029296004,0.9999570846557617
e3/L/R5/0,193,102400,488377.0,6.787375741300511,0.999995231628418
e3/L/R5/0,194,50,323385.0,5.992314536508104,0.9995708465576172
e3/L/R5/0,194,100,323385.0,5.992314536508104,0.9995708465576172
e3/L/R5/0,194,200,323385.0,5.992314536508104,0.9995708465576172
e3/L/R5/0,194,400,473582.0,6.549696877080865,0.9999799728393555
e3/L/R5/0,194,800,473582.0,6.549696877080865,0.9999799728393555
e3/L/R5/0,194,1600,473582.0,6.549696877080865,0.9999799728393555
e3/L/R5/0,194,3200,473582.0,6.549696877080865,0.9999799728393555
e3/L/R5/0,194,6400,473582.0,6.549696877080865,0.9999799728393555
e3/L/R5/0,194,12800,473582.0,6.549696877080865,0.9999799728393555
e3/L/R5/0,194,25600,473582.0,6.549696877080865,0.9999799728393555
e3/L/R5/0,194,51200,473582.0,6.549696877080865,0.9999799728393555
e3/L/R5/0,194,102400,473582.0,6.549696877080865,0.9999799728393555
e3/L/R5/0,195,50,456510.0,4.86916385053769,0.9839916229248047
e3/L/R5/0,195,100,844252.0,4.986968486759821,0.988703727722168
e3/L/R5/0,195,200,646281.0,5.110000921282089,0.9920072555541992
e3/L/R5/0,195,400,932793.0,6.112429754642751,0.9997777938842773
e3/L/R5/0,195,800,932793.0,6.112429754642751,0.9997777938842773
e3/L/R5/0,195,1600,932793.0,6.112429754642751,0.9997777938842773
e3/L/R5/0,195,3200,1030606.0,6.19968216507636,0.9998445510864258
e3/L/R5/0,195,6400,1030606.0,6.19968216507636,0.9998445510864258
e3/L/R5/0,195,12800,646606.0,6.787375741300511,0.999995231628418
e3/L/R5/0,195,25600,646606.0,6.787375741300511,0.999995231628418
e3/L/R5/0,195,51200,646606.0,6.787375741300511,0.999995231628418
e3/L/R5/0,195,102400,646606.0,6.787375741300511,0.999995231628418
e3/L/R5/0,196,50,771958.0,4.781911440104082,0.9805564880371094
e3/L/R5/0,196,100,490423.0,5.014121515886458,0.9893798828125
e3/L/R5/0,196,200,490423.0,5.014121515886458,0.9893798828125
e3/L/R5/0,196,400,473917.0,5.311899761413074,0.9956035614013672
e3/L/R5/0,196,800,61043.0,5.667383261854851,0.9986648559570312
e3/L/R5/0,196,1600,980921.0,5.99462511842062,0.9996376037597656
e3/L/R5/0,196,3200,980921.0,5.99462511842062,0.9996376037597656
e3/L/R5/0,196,6400,473566.0,6.549696877080865,0.9999799728393555
e3/L/R5/0,196,12800,473566.0,6.549696877080865,0.9999799728393555
e3/L/R5/0,196,25600,473566.0,6.549696877080865,0.9999799728393555
e3/L/R5/0,196,51200,474041.0,6.787375741300511,0.999995231628418
e3/L/R5/0,196,102400,474041.0,6.787375741300511,0.999995231628418
e3/L/R5/0,197,50,1023606.0,4.961885049408569,0.9868555068969727
e3/L/R5/0,197,100,1023606.0,4.961885049408569,0.9868555068969727
e3/L/R5/0,197,200,488165.0,5.54957862563272,0.9980325698852539
e3/L/R5/0,197,400,488165.0,5.54957862563272,0.9980325698852539
e3/L/R5/0,197,800,488165.0,5.54957862563272,0.9980325698852539
e3/L/R5/0,197,1600,507342.0,6.106960966205481,0.9997596740722656
e3/L/R5/0,197,3200,507342.0,6.106960966205481,0.9997596740722656
e3/L/R5/0,197,6400,507342.0,6.106960966205481,0.9997596740722656
e3/L/R5/0,197,12800,978745.0,6.437361029296004,0.9999570846557617
e3/L/R5/0,197,25600,978745.0,6.437361029296004,0.9999570846557617
e3/L/R5/0,197,51200,947150.0,6.642418075951743,0.9999866485595703
e3/L/R5/0,197,102400,976697.0,6.880096940171389,0.9999990463256836
e3/L/R5/0,198,50,975819.0,4.87463263897496,0.9853000640869141
e3/L/R5/0,198,100,911086.0,5.106842714757336,0.9918804168701172
e3/L/R5/0,198,200,489436.0,5.664225055330098,0.9984512329101562
e3/L/R5/0,198,400,236700.0,5.754635672288458,0.9988985061645508
e3/L/R5/0,198,800,236700.0,5.754635672288458,0.9988985061645508
e3/L/R5/0,198,1600,948026.0,6.19968216507636,0.9998445510864258
e3/L/R5/0,198,3200,948026.0,6.19968216507636,0.9998445510864258
e3/L/R5/0,198,6400,237006.0,6.549696877080865,0.9999799728393555
e3/L/R5/0,198,12800,237006.0,6.549696877080865,0.9999799728393555
e3/L/R5/0,198,25600,237006.0,6.549696877080865,0.9999799728393555
e3/L/R5/0,198,51200,474041.0,6.787375741300511,0.999995231628418
e3/L/R5/0,198,102400,474041.0,6.787375741300511,0.999995231628418
e3/L/R5/0,199,50,958329.0,4.961885049408569,0.9868555068969727
e3/L/R5/0,199,100,958329.0,4.961885049408569,0.9868555068969727
e3/L/R5/0,199,200,473038.0,5.311899761413074,0.9956035614013672
e3/L/R5/0,199,400,473038.0,5.311899761413074,0.9956035614013672
e3/L/R5/0,199,800,379357.0,5.54957862563272,0.9980325698852539
e3/L/R5/0,199,1600,471993.0,5.992314536508104,0.9995708465576172
e3/L/R5/0,199,3200,471993.0,5.992314536508104,0.9995708465576172
e3/L/R5/0,199,6400,490425.0,6.344639830425127,0.9999160766601562
e3/L/R5/0,199,12800,490425.0,6.344639830425127,0.9999160766601562
e3/L/R5/0,199,25600,768462.0,6.787375741300511,0.999995231628418
e3/L/R5/0,199,51200,976697.0,6.880096940171389,0.9999990463256836
e3/L/R5/0,199,102400,976697.0,6.880096940171389,0.9999990463256836
e3/L/R5/0,200,50,474012.0,6.549696877080865,0.9999799728393555
e3/L/R5/0,200,100,474012.0,6.549696877080865,0.9999799728393555
e3/L/R5/0,200,200,474012.0,6.549696877080865,0.9999799728393555
e3/L/R5/0,200,400,474012.0,6.549696877080865,0.9999799728393555
e3/L/R5/0,200,800,474012.0,6.549696877080865,0.9999799728393555
e3/L/R5/0,200,1600,474012.0,6.549696877080865,0.9999799728393555
e3/L/R5/0,200,3200,474012.0,6.549696877080865,0.9999799728393555
e3/L/R5/0,200,6400,948686.0,6.642418075951743,0.9999866485595703
e3/L/R5/0,200,12800,948686.0,6.642418075951743,0.9999866485595703
e3/L/R5/0,200,25600,948686.0,6.642418075951743,0.9999866485595703
e3/L/R5/0,200,51200,489273.0,6.787375741300511,0.999995231628418
e3/L/R5/0,200,102400,489273.0,6.787375741300511,0.999995231628418
e3/L/R5/0,201,50,462713.0,4.986968486759821,0.988703727722168
e3/L/R5/0,201,100,462713.0,4.986968486759821,0.988703727722168
e3/L/R5/0,201,200,976679.0,5.992314536508104,0.9995708465576172
e3/L/R5/0,201,400,976679.0,5.992314536508104,0.9995708465576172
e3/L/R5/0,201,800,976679.0,5.992314536508104,0.9995708465576172
e3/L/R5/0,201,1600,976679.0,5.992314536508104,0.9995708465576172
e3/L/R5/0,201,3200,937710.0,6.437361029296004,0.9999570846557617
e3/L/R5/0,201,6400,937710.0,6.437361029296004,0.9999570846557617
e3/L/R5/0,201,12800,937710.0,6.437361029296004,0.9999570846557617
e3/L/R5/0,201,25600,997838.0,6.642418075951743,0.9999866485595703
e3/L/R5/0,201,51200,997838.0,6.642418075951743,0.9999866485595703
e3/L/R5/0,201,102400,997838.0,6.642418075951743,0.9999866485595703
e3/L/R5/0,202,50,971673.0,4.404502708835808,0.9513731002807617
e3/L/R5/0,202,100,19406.0,4.42958614618706,0.9599828720092773
e3/L/R5/0,202,200,237470.0,5.074220897193429,0.9896688461303711
e3/L/R5/0,202,400,970478.0,5.99462511842062,0.9996376037597656
e3/L/R5/0,202,800,970478.0,5.99462511842062,0.9996376037597656
e3/L/R5/0,202,1600,970478.0,5.99462511842062,0.9996376037597656
e3/L/R5/0,202,3200,970478.0,5.99462511842062,0.9996376037597656
e3/L/R5/0,202,6400,970478.0,5.99462511842062,0.9996376037597656
e3/L/R5/0,202,12800,978745.0,6.437361029296004,0.9999570846557617
e3/L/R5/0,202,25600,978745.0,6.437361029296004,0.9999570846557617
e3/L/R5/0,202,51200,978745.0,6.437361029296004,0.9999570846557617
e3/L/R5/0,202,102400,997838.0,6.642418075951743,0.9999866485595703
e3/L/R5/0,203,50,771953.0,4.899716076326213,0.9855766296386719
e3/L/R5/0,203,100,771953.0,4.899716076326213,0.9855766296386719
e3/L/R5/0,203,200,771953.0,4.899716076326213,0.9855766296386719
e3/L/R5/0,203,400,646621.0,6.344639830425127,0.9999160766601562
e3/L/R5/0,203,800,646621.0,6.344639830425127,0.9999160766601562
e3/L/R5/0,203,1600,646621.0,6.344639830425127,0.9999160766601562
e3/L/R5/0,203,3200,646621.0,6.344639830425127,0.9999160766601562
e3/L/R5/0,203,6400,122094.0,6.462444466647256,0.9999599456787109
e3/L/R5/0,203,12800,122094.0,6.462444466647256,0.9999599456787109
e3/L/R5/0,203,25600,122094.0,6.462444466647256,0.9999599456787109
e3/L/R5/0,203,51200,947101.0,6.642418075951743,0.9999866485595703
e3/L/R5/0,203,102400,489273.0,6.787375741300511,0.999995231628418
e3/L/R5/0,204,50,122249.0,4.342333735753451,0.9496774673461914
e3/L/R5/0,204,100,452462.0,5.106842714757336,0.9918804168701172
e3/L/R5/0,204,200,452462.0,5.106842714757336,0.9918804168701172
e3/L/R5/0,204,400,124734.0,5.429704397635205,0.9966526031494141
e3/L/R5/0,204,800,124734.0,5.429704397635205,0.9966526031494141
e3/L/R5/0,204,1600,489294.0,6.106960966205481,0.9997596740722656
e3/L/R5/0,204,3200,489294.0,6.106960966205481,0.9997596740722656
e3/L/R5/0,204,6400,489335.0,6.251918631554249,0.9998626708984375
e3/L/R5/0,204,12800,978551.0,6.344639830425127,0.9999160766601562
e3/L/R5/0,204,25600,761070.0,6.787375741300511,0.999995231628418
e3/L/R5/0,204,51200,761070.0,6.787375741300511,0.999995231628418
e3/L/R5/0,204,102400,947129.0,6.880096940171389,0.9999990463256836
e3/L/R5/0,205,50,499191.0,5.219178562542196,0.9932641983032227
e3/L/R5/0,205,100,978668.0,5.551889207545237,0.9980716705322266
e3/L/R5/0,205,200,978668.0,5.551889207545237,0.9980716705322266
e3/L/R5/0,205,400,978668.0,5.551889207545237,0.9980716705322266
e3/L/R5/0,205,800,321341.0,5.754635672288458,0.9988985061645508
e3/L/R5/0,205,1600,644025.0,5.992314536508104,0.9995708465576172
e3/L/R5/0,205,3200,768457.0,6.229993400727749,0.9998617172241211
e3/L/R5/0,205,6400,474012.0,6.549696877080865,0.9999799728393555
e3/L/R5/0,205,12800,474012.0,6.549696877080865,0.9999799728393555
e3/L/R5/0,205,25600,642798.0,6.787375741300511,0.999995231628418
e3/L/R5/0,205,51200,642798.0,6.787375741300511,0.999995231628418
e3/L/R5/0,205,102400,642798.0,6.787375741300511,0.999995231628418
e3/L/R5/0,206,50,498802.0,5.429704397635205,0.9966526031494141
e3/L/R5/0,206,100,326094.0,5.754635672288458,0.9988985061645508
e3/L/R5/0,206,200,326094.0,5.754635672288458,0.9988985061645508
e3/L/R5/0,206,400,326094.0,5.754635672288458,0.9988985061645508
e3/L/R5/0,206,800,326094.0,5.754635672288458,0.9988985061645508
e3/L/R5/0,206,1600,326094.0,5.754635672288458,0.9988985061645508
e3/L/R5/0,206,3200,326094.0,5.754635672288458,0.9988985061645508
e3/L/R5/0,206,6400,978638.0,5.99462511842062,0.9996376037597656
e3/L/R5/0,206,12800,978489.0,6.112429754642751,0.9997777938842773
e3/L/R5/0,206,25600,777454.0,6.344639830425127,0.9999160766601562
e3/L/R5/0,206,51200,947150.0,6.642418075951743,0.9999866485595703
e3/L/R5/0,206,102400,947150.0,6.642418075951743,0.9999866485595703
e3/L/R5/0,207,50,998002.0,5.404620960283953,0.9963407516479492
e3/L/R5/0,207,100,998002.0,5.404620960283953,0.9963407516479492
e3/L/R5/0,207,200,998002.0,5.404620960283953,0.9963407516479492
e3/L/R5/0,207,400,777679.0,5.456857426761841,0.9969930648803711
e3/L/R5/0,207,800,949177.0,6.437361029296004,0.9999570846557617
e3/L/R5/0,207,1600,949177.0,6.437361029296004,0.9999570846557617
e3/L/R5/0,207,3200,949177.0,6.437361029296004,0.9999570846557617
e3/L/R5/0,207,6400,949177.0,6.437361029296004,0.9999570846557617
e3/L/R5/0,207,12800,949177.0,6.437361029296004,0.9999570846557617
e3/L/R5/0,207,25600,949177.0,6.437361029296004,0.9999570846557617
e3/L/R5/0,207,51200,236782.0,6.549696877080865,0.9999799728393555
e3/L/R5/0,207,102400,947102.0,6.642418075951743,0.9999866485595703
e3/L/R5/0,208,50,118311.0,4.897405494413696,0.9853792190551758
e3/L/R5/0,208,100,118311.0,4.897405494413696,0.9853792190551758
e3/L/R5/0,208,200,913126.0,5.106842714757336,0.9918804168701172
e3/L/R5/0,208,400,646556.0,5.54957862563272,0.9980325698852539
e3/L/R5/0,208,800,1013691.0,5.551889207545237,0.9980716705322266
e3/L/R5/0,208,1600,642681.0,6.435050447383488,0.9999284744262695
e3/L/R5/0,208,3200,642681.0,6.435050447383488,0.9999284744262695
e3/L/R5/0,208,6400,642681.0,6.435050447383488,0.9999284744262695
e3/L/R5/0,208,12800,978670.0,6.789686323213028,0.9999961853027344
e3/L/R5/0,208,25600,978670.0,6.789686323213028,0.9999961853027344
e3/L/R5/0,208,51200,978670.0,6.789686323213028,0.9999961853027344
e3/L/R5/0,208,102400,978670.0,6.789686323213028,0.9999961853027344
e3/L/R5/0,209,50,975987.0,5.317368549850345,0.9959259033203125
e3/L/R5/0,209,100,975987.0,5.317368549850345,0.9959259033203125
e3/L/R5/0,209,200,976760.0,5.756946254200974,0.9990959167480469
e3/L/R5/0,209,400,976760.0,5.756946254200974,0.9990959167480469
e3/L/R5/0,209,800,976760.0,5.756946254200974,0.9990959167480469
e3/L/R5/0,209,1600,488398.0,6.549696877080865,0.9999799728393555
e3/L/R5/0,209,3200,488398.0,6.549696877080865,0.9999799728393555
e3/L/R5/0,209,6400,488398.0,6.549696877080865,0.9999799728393555
e3/L/R5/0,209,12800,488398.0,6.549696877080865,0.9999799728393555
e3/L/R5/0,209,25600,488398.0,6.549696877080865,0.9999799728393555
e3/L/R5/0,209,51200,488398.0,6.549696877080865,0.9999799728393555
e3/L/R5/0,209,102400,488377.0,6.787375741300511,0.999995231628418
e3/L/R5/0,210,50,845038.0,5.992314536508104,0.9995708465576172
e3/L/R5/0,210,100,845038.0,5.992314536508104,0.9995708465576172
e3/L/R5/0,210,200,845038.0,5.992314536508104,0.9995708465576172
e3/L/R5/0,210,400,845038.0,5.992314536508104,0.9995708465576172
e3/L/R5/0,210,800,845038.0,5.992314536508104,0.9995708465576172
e3/L/R5/0,210,1600,845038.0,5.992314536508104,0.9995708465576172
e3/L/R5/0,210,3200,845038.0,5.992314536508104,0.9995708465576172
e3/L/R5/0,210,6400,1012636.0,6.19968216507636,0.9998445510864258
e3/L/R5/0,210,12800,122318.0,6.462444466647256,0.9999599456787109
e3/L/R5/0,210,25600,506318.0,6.549696877080865,0.9999799728393555
e3/L/R5/0,210,51200,488377.0,6.787375741300511,0.999995231628418
e3/L/R5/0,210,102400,488377.0,6.787375741300511,0.999995231628418
e3/L/R5/0,211,50,507511.0,5.219178562542196,0.9932641983032227
e3/L/R5/0,211,100,507511.0,5.219178562542196,0.9932641983032227
e3/L/R5/0,211,200,507511.0,5.219178562542196,0.9932641983032227
e3/L/R5/0,211,400,646075.0,5.34452157897698,0.9961042404174805
e3/L/R5/0,211,800,1013564.0,5.756946254200974,0.9990959167480469
e3/L/R5/0,211,1600,948087.0,6.344639830425127,0.9999160766601562
e3/L/R5/0,211,3200,948087.0,6.344639830425127,0.9999160766601562
e3/L/R5/0,211,6400,948087.0,6.344639830425127,0.9999160766601562
e3/L/R5/0,211,12800,948087.0,6.344639830425127,0.9999160766601562
e3/L/R5/0,211,25600,948027.0,6.437361029296004,0.9999570846557617
e3/L/R5/0,211,51200,948027.0,6.437361029296004,0.9999570846557617
e3/L/R5/0,211,102400,948025.0,6.880096940171389,0.9999990463256836
e3/L/R5/0,212,50,490353.0,4.781911440104082,0.9805564880371094
e3/L/R5/0,212,100,997744.0,4.961885049408569,0.9868555068969727
e3/L/R5/0,212,200,236603.0,4.986968486759821,0.988703727722168
e3/L/R5/0,212,400,236603.0,4.986968486759821,0.988703727722168
e3/L/R5/0,212,800,650865.0,5.667383261854851,0.9986648559570312
e3/L/R5/0,212,1600,948080.0,5.756946254200974,0.9990959167480469
e3/L/R5/0,212,3200,761038.0,5.992314536508104,0.9995708465576172
e3/L/R5/0,212,6400,761038.0,5.992314536508104,0.9995708465576172
e3/L/R5/0,212,12800,768953.0,6.582318694644771,0.9999809265136719
e3/L/R5/0,212,25600,768953.0,6.582318694644771,0.9999809265136719
e3/L/R5/0,212,51200,768953.0,6.582318694644771,0.9999809265136719
e3/L/R5/0,212,102400,768953.0,6.582318694644771,0.9999809265136719
e3/L/R5/0,213,50,487876.0,4.662037212106567,0.9734725952148438
e3/L/R5/0,213,100,652218.0,5.311899761413074,0.9956035614013672
e3/L/R5/0,213,200,652218.0,5.311899761413074,0.9956035614013672
e3/L/R5/0,213,400,947102.0,6.642418075951743,0.9999866485595703
e3/L/R5/0,213,800,947102.0,6.642418075951743,0.9999866485595703
e3/L/R5/0,213,1600,947102.0,6.642418075951743,0.9999866485595703
e3/L/R5/0,213,3200,947102.0,6.642418075951743,0.9999866485595703
e3/L/R5/0,213,6400,947102.0,6.642418075951743,0.9999866485595703
e3/L/R5/0,213,12800,947102.0,6.642418075951743,0.9999866485595703
e3/L/R5/0,213,25600,642798.0,6.787375741300511,0.999995231628418
e3/L/R5/0,213,51200,473550.0,6.99243278795625,1.0
e3/L/R5/0,213,102400,473550.0,6.99243278795625,1.0
e3/L/R5/0,214,50,935826.0,4.522307345057938,0.9651165008544922
e3/L/R5/0,214,100,935826.0,4.522307345057938,0.9651165008544922
e3/L/R5/0,214,200,122331.0,5.019590304323728,0.9894123077392578
e3/L/R5/0,214,400,755513.0,5.667383261854851,0.9986648559570312
e3/L/R5/0,214,800,978544.0,5.756946254200974,0.9990959167480469
e3/L/R5/0,214,1600,976697.0,6.880096940171389,0.9999990463256836
e3/L/R5/0,214,3200,976697.0,6.880096940171389,0.9999990463256836
e3/L/R5/0,214,6400,976697.0,6.880096940171389,0.9999990463256836
e3/L/R5/0,214,12800,976697.0,6.880096940171389,0.9999990463256836
e3/L/R5/0,214,25600,976697.0,6.880096940171389,0.9999990463256836
e3/L/R5/0,214,51200,976697.0,6.880096940171389,0.9999990463256836
e3/L/R5/0,214,102400,976697.0,6.880096940171389,0.9999990463256836
e3/L/R5/0,215,50,126702.0,6.019708555771873,0.9996519088745117
e3/L/R5/0,215,100,126702.0,6.019708555771873,0.9996519088745117
e3/L/R5/0,215,200,126702.0,6.019708555771873,0.9996519088745117
e3/L/R5/0,215,400,979918.0,6.19968216507636,0.9998445510864258
e3/L/R5/0,215,800,979918.0,6.19968216507636,0.9998445510864258
e3/L/R5/0,215,1600,979918.0,6.19968216507636,0.9998445510864258
e3/L/R5/0,215,3200,979918.0,6.19968216507636,0.9998445510864258
e3/L/R5/0,215,6400,979918.0,6.19968216507636,0.9998445510864258
e3/L/R5/0,215,12800,979918.0,6.19968216507636,0.9998445510864258
e3/L/R5/0,215,25600,947086.0,6.31748680129849,0.9998655319213867
e3/L/R5/0,215,51200,473566.0,6.549696877080865,0.9999799728393555
e3/L/R5/0,215,102400,473566.0,6.549696877080865,0.9999799728393555
e3/L/R5/0,216,50,845657.0,4.754517420840314,0.9787216186523438
e3/L/R5/0,216,100,208622.0,5.106842714757336,0.9918804168701172
e3/L/R5/0,216,200,646350.0,5.992314536508104,0.9995708465576172
e3/L/R5/0,216,400,646350.0,5.992314536508104,0.9995708465576172
e3/L/R5/0,216,800,118350.0,6.110119172730234,0.9997720718383789
e3/L/R5/0,216,1600,118350.0,6.110119172730234,0.9997720718383789
e3/L/R5/0,216,3200,118350.0,6.110119172730234,0.9997720718383789
e3/L/R5/0,216,6400,947101.0,6.642418075951743,0.9999866485595703
e3/L/R5/0,216,12800,947101.0,6.642418075951743,0.9999866485595703
e3/L/R5/0,216,25600,947101.0,6.642418075951743,0.9999866485595703
e3/L/R5/0,216,51200,488377.0,6.787375741300511,0.999995231628418
e3/L/R5/0,216,102400,488377.0,6.787375741300511,0.999995231628418
e3/L/R5/0,217,50,760990.0,5.992314536508104,0.9995708465576172
e3/L/R5/0,217,100,760990.0,5.992314536508104,0.9995708465576172
e3/L/R5/0,217,200,760990.0,5.992314536508104,0.9995708465576172
e3/L/R5/0,217,400,760990.0,5.992314536508104,0.9995708465576172
e3/L/R5/0,217,800,760990.0,5.992314536508104,0.9995708465576172
e3/L/R5/0,217,1600,760990.0,5.992314536508104,0.9995708465576172
e3/L/R5/0,217,3200,474590.0,6.106960966205481,0.9997596740722656
e3/L/R5/0,217,6400,474590.0,6.106960966205481,0.9997596740722656
e3/L/R5/0,217,12800,947101.0,6.642418075951743,0.9999866485595703
e3/L/R5/0,217,25600,947101.0,6.642418075951743,0.9999866485595703
e3/L/R5/0,217,51200,947101.0,6.642418075951743,0.9999866485595703
e3/L/R5/0,217,102400,646606.0,6.787375741300511,0.999995231628418
e3/L/R5/0,218,50,834034.0,4.754517420840314,0.9787216186523438
e3/L/R5/0,218,100,942009.0,5.199563913628214,0.9931354522705078
e3/L/R5/0,218,200,121310.0,5.224647350979466,0.994084358215332
e3/L/R5/0,218,400,646604.0,5.54957862563272,0.9980325698852539
e3/L/R5/0,218,800,646604.0,5.54957862563272,0.9980325698852539
e3/L/R5/0,218,1600,768457.0,6.229993400727749,0.9998617172241211
e3/L/R5/0,218,3200,768457.0,6.229993400727749,0.9998617172241211
e3/L/R5/0,218,6400,768457.0,6.229993400727749,0.9998617172241211
e3/L/R5/0,218,12800,768457.0,6.229993400727749,0.9998617172241211
e3/L/R5/0,218,25600,768457.0,6.229993400727749,0.9998617172241211
e3/L/R5/0,218,51200,473550.0,6.99243278795625,1.0
e3/L/R5/0,218,102400,473550.0,6.99243278795625,1.0
e3/L/R5/0,219,50,948592.0,4.961885049408569,0.9868555068969727
e3/L/R5/0,219,100,948592.0,4.961885049408569,0.9868555068969727
e3/L/R5/0,219,200,978805.0,5.314210343325591,0.9957714080810547
e3/L/R5/0,219,400,978805.0,5.314210343325591,0.9957714080810547
e3/L/R5/0,219,800,302542.0,5.992314536508104,0.9995708465576172
e3/L/R5/0,219,1600,302542.0,5.992314536508104,0.9995708465576172
e3/L/R5/0,219,3200,976759.0,6.344639830425127,0.9999160766601562
e3/L/R5/0,219,6400,976759.0,6.344639830425127,0.9999160766601562
e3/L/R5/0,219,12800,474041.0,6.787375741300511,0.999995231628418
e3/L/R5/0,219,25600,474041.0,6.787375741300511,0.999995231628418
e3/L/R5/0,219,51200,474041.0,6.787375741300511,0.999995231628418
e3/L/R5/0,219,102400,978670.0,6.789686323213028,0.9999961853027344
e3/L/R5/0,220,50,463760.0,4.191907281967415,0.9334506988525391
e3/L/R5/0,220,100,487667.0,4.986968486759821,0.988703727722168
e3/L/R5/0,220,200,641998.0,5.992314536508104,0.9995708465576172
e3/L/R5/0,220,400,641998.0,5.992314536508104,0.9995708465576172
e3/L/R5/0,220,800,474094.0,6.106960966205481,0.9997596740722656
e3/L/R5/0,220,1600,777454.0,6.344639830425127,0.9999160766601562
e3/L/R5/0,220,3200,777454.0,6.344639830425127,0.9999160766601562
e3/L/R5/0,220,6400,978553.0,6.437361029296004,0.9999570846557617
e3/L/R5/0,220,12800,978553.0,6.437361029296004,0.9999570846557617
e3/L/R5/0,220,25600,978553.0,6.437361029296004,0.9999570846557617
e3/L/R5/0,220,51200,488348.0,6.549696877080865,0.9999799728393555
e3/L/R5/0,220,102400,948025.0,6.880096940171389,0.9999990463256836
e3/L/R5/0,221,50,489470.0,4.1887490754426615,0.9269495010375977
e3/L/R5/0,221,100,118430.0,5.429704397635205,0.9966526031494141
e3/L/R5/0,221,200,118430.0,5.429704397635205,0.9966526031494141
e3/L/R5/0,221,400,646623.0,5.456857426761841,0.9969930648803711
e3/L/R5/0,221,800,642789.0,5.992314536508104,0.9995708465576172
e3/L/R5/0,221,1600,488381.0,6.106960966205481,0.9997596740722656
e3/L/R5/0,221,3200,118350.0,6.110119172730234,0.9997720718383789
e3/L/R5/0,221,6400,946926.0,6.437361029296004,0.9999570846557617
e3/L/R5/0,221,12800,946926.0,6.437361029296004,0.9999570846557617
e3/L/R5/0,221,25600,946926.0,6.437361029296004,0.9999570846557617
e3/L/R5/0,221,51200,474013.0,6.549696877080865,0.9999799728393555
e3/L/R5/0,221,102400,948025.0,6.880096940171389,0.9999990463256836
e3/L/R5/0,222,50,422774.0,4.31178150996493,0.9477338790893555
e3/L/R5/0,222,100,777550.0,4.86916385053769,0.9839916229248047
e3/L/R5/0,222,200,904932.0,5.54957862563272,0.9980325698852539
e3/L/R5/0,222,400,1012339.0,5.642299824503598,0.9983148574829102
e3/L/R5/0,222,800,848798.0,5.754635672288458,0.9988985061645508
e3/L/R5/0,222,1600,323385.0,5.992314536508104,0.9995708465576172
e3/L/R5/0,222,3200,323385.0,5.992314536508104,0.9995708465576172
e3/L/R5/0,222,6400,947130.0,6.19968216507636,0.9998445510864258
e3/L/R5/0,222,12800,947131.0,6.437361029296004,0.9999570846557617
e3/L/R5/0,222,25600,947131.0,6.437361029296004,0.9999570846557617
e3/L/R5/0,222,51200,976697.0,6.880096940171389,0.9999990463256836
e3/L/R5/0,222,102400,976697.0,6.880096940171389,0.9999990463256836
e3/L/R5/0,223,50,684775.0,5.1045321328448185,0.9903411865234375
e3/L/R5/0,223,100,908513.0,5.224647350979466,0.994084358215332
e3/L/R5/0,223,200,474742.0,5.311899761413074,0.9956035614013672
e3/L/R5/0,223,400,474742.0,5.311899761413074,0.9956035614013672
e3/L/R5/0,223,800,947134.0,6.19968216507636,0.9998445510864258
e3/L/R5/0,223,1600,947134.0,6.19968216507636,0.9998445510864258
e3/L/R5/0,223,3200,646638.0,6.344639830425127,0.9999160766601562
e3/L/R5/0,223,6400,646638.0,6.344639830425127,0.9999160766601562
e3/L/R5/0,223,12800,646638.0,6.344639830425127,0.9999160766601562
e3/L/R5/0,223,25600,474041.0,6.787375741300511,0.999995231628418
e3/L/R5/0,223,51200,474041.0,6.787375741300511,0.999995231628418
e3/L/R5/0,223,102400,474041.0,6.787375741300511,0.999995231628418
e3/L/R5/0,224,50,997821.0,4.961885049408569,0.9868555068969727
e3/L/R5/0,224,100,768972.0,5.106842714757336,0.9918804168701172
e3/L/R5/0,224,200,646813.0,5.311899761413074,0.9956035614013672
e3/L/R5/0,224,400,489372.0,6.106960966205481,0.9997596740722656
e3/L/R5/0,224,800,489372.0,6.106960966205481,0.9997596740722656
e3/L/R5/0,224,1600,489372.0,6.106960966205481,0.9997596740722656
e3/L/R5/0,224,3200,489372.0,6.106960966205481,0.9997596740722656
e3/L/R5/0,224,6400,489372.0,6.106960966205481,0.9997596740722656
e3/L/R5/0,224,12800,473564.0,6.549696877080865,0.9999799728393555
e3/L/R5/0,224,25600,473564.0,6.549696877080865,0.9999799728393555
e3/L/R5/0,224,51200,473564.0,6.549696877080865,0.9999799728393555
e3/L/R5/0,224,102400,642798.0,6.787375741300511,0.999995231628418
e3/L/R5/0,225,50,848798.0,5.754635672288458,0.9988985061645508
e3/L/R5/0,225,100,848798.0,5.754635672288458,0.9988985061645508
e3/L/R5/0,225,200,848798.0,5.754635672288458,0.9988985061645508
e3/L/R5/0,225,400,124729.0,6.110119172730234,0.9997720718383789
e3/L/R5/0,225,800,646375.0,6.34232924851261,0.9998693466186523
e3/L/R5/0,225,1600,646375.0,6.34232924851261,0.9998693466186523
e3/L/R5/0,225,3200,646375.0,6.34232924851261,0.9998693466186523
e3/L/R5/0,225,6400,976761.0,6.437361029296004,0.9999570846557617
e3/L/R5/0,225,12800,976761.0,6.437361029296004,0.9999570846557617
e3/L/R5/0,225,25600,976761.0,6.437361029296004,0.9999570846557617
e3/L/R5/0,225,51200,976761.0,6.437361029296004,0.9999570846557617
e3/L/R5/0,225,102400,489273.0,6.787375741300511,0.999995231628418
e3/L/R5/0,226,50,650809.0,5.667383261854851,0.9986648559570312
e3/L/R5/0,226,100,490425.0,6.344639830425127,0.9999160766601562
e3/L/R5/0,226,200,490425.0,6.344639830425127,0.9999160766601562
e3/L/R5/0,226,400,490425.0,6.344639830425127,0.9999160766601562
e3/L/R5/0,226,800,490425.0,6.344639830425127,0.9999160766601562
e3/L/R5/0,226,1600,490425.0,6.344639830425127,0.9999160766601562
e3/L/R5/0,226,3200,490425.0,6.344639830425127,0.9999160766601562
e3/L/R5/0,226,6400,976761.0,6.437361029296004,0.9999570846557617
e3/L/R5/0,226,12800,947100.0,6.642418075951743,0.9999866485595703
e3/L/R5/0,226,25600,947100.0,6.642418075951743,0.9999866485595703
e3/L/R5/0,226,51200,473550.0,6.99243278795625,1.0
e3/L/R5/0,226,102400,473550.0,6.99243278795625,1.0
e3/L/R5/0,227,50,997683.0,4.847238619711192,0.9808034896850586
e3/L/R5/0,227,100,1012687.0,5.311899761413074,0.9956035614013672
e3/L/R5/0,227,200,488121.0,5.54957862563272,0.9980325698852539
e3/L/R5/0,227,400,488121.0,5.54957862563272,0.9980325698852539
e3/L/R5/0,227,800,488121.0,5.54957862563272,0.9980325698852539
e3/L/R5/0,227,1600,646302.0,5.992314536508104,0.9995708465576172
e3/L/R5/0,227,3200,948028.0,6.19968216507636,0.9998445510864258
e3/L/R5/0,227,6400,642873.0,6.435050447383488,0.9999284744262695
e3/L/R5/0,227,12800,642873.0,6.435050447383488,0.9999284744262695
e3/L/R5/0,227,25600,642873.0,6.435050447383488,0.9999284744262695
e3/L/R5/0,227,51200,978670.0,6.789686323213028,0.9999961853027344
e3/L/R5/0,227,102400,947129.0,6.880096940171389,0.9999990463256836
e3/L/R5/0,228,50,1013625.0,5.99462511842062,0.9996376037597656
e3/L/R5/0,228,100,1013625.0,5.99462511842062,0.9996376037597656
e3/L/R5/0,228,200,1013625.0,5.99462511842062,0.9996376037597656
e3/L/R5/0,228,400,1013625.0,5.99462511842062,0.9996376037597656
e3/L/R5/0,228,800,1013625.0,5.99462511842062,0.9996376037597656
e3/L/R5/0,228,1600,1013625.0,5.99462511842062,0.9996376037597656
e3/L/R5/0,228,3200,1013625.0,5.99462511842062,0.9996376037597656
e3/L/R5/0,228,6400,957902.0,6.19968216507636,0.9998445510864258
e3/L/R5/0,228,12800,957902.0,6.19968216507636,0.9998445510864258
e3/L/R5/0,228,25600,768926.0,6.344639830425127,0.9999160766601562
e3/L/R5/0,228,51200,947100.0,6.642418075951743,0.9999866485595703
e3/L/R5/0,228,102400,947100.0,6.642418075951743,0.9999866485595703
e3/L/R5/0,229,50,905038.0,5.311899761413074,0.9956035614013672
e3/L/R5/0,229,100,905038.0,5.311899761413074,0.9956035614013672
e3/L/R5/0,229,200,905038.0,5.311899761413074,0.9956035614013672
e3/L/R5/0,229,400,765518.0,5.54957862563272,0.9980325698852539
e3/L/R5/0,229,800,473405.0,5.754635672288458,0.9988985061645508
e3/L/R5/0,229,1600,646621.0,6.344639830425127,0.9999160766601562
e3/L/R5/0,229,3200,244174.0,6.549696877080865,0.9999799728393555
e3/L/R5/0,229,6400,244174.0,6.549696877080865,0.9999799728393555
e3/L/R5/0,229,12800,244174.0,6.549696877080865,0.9999799728393555
e3/L/R5/0,229,25600,244174.0,6.549696877080865,0.9999799728393555
e3/L/R5/0,229,51200,244174.0,6.549696877080865,0.9999799728393555
e3/L/R5/0,229,102400,976697.0,6.880096940171389,0.9999990463256836
e3/L/R5/0,230,50,473884.0,4.986968486759821,0.988703727722168
e3/L/R5/0,230,100,473884.0,4.986968486759821,0.988703727722168
e3/L/R5/0,230,200,122333.0,6.019708555771873,0.9996519088745117
e3/L/R5/0,230,400,122333.0,6.019708555771873,0.9996519088745117
e3/L/R5/0,230,800,122333.0,6.019708555771873,0.9996519088745117
e3/L/R5/0,230,1600,122333.0,6.019708555771873,0.9996519088745117
e3/L/R5/0,230,3200,646638.0,6.344639830425127,0.9999160766601562
e3/L/R5/0,230,6400,646638.0,6.344639830425127,0.9999160766601562
e3/L/R5/0,230,12800,761294.0,6.787375741300511,0.999995231628418
e3/L/R5/0,230,25600,761294.0,6.787375741300511,0.999995231628418
e3/L/R5/0,230,51200,761294.0,6.787375741300511,0.999995231628418
e3/L/R5/0,230,102400,761294.0,6.787375741300511,0.999995231628418
e3/L/R5/0,231,50,489928.0,5.311899761413074,0.9956035614013672
e3/L/R5/0,231,100,489928.0,5.311899761413074,0.9956035614013672
e3/L/R5/0,231,200,773710.0,5.992314536508104,0.9995708465576172
e3/L/R5/0,231,400,773710.0,5.992314536508104,0.9995708465576172
e3/L/R5/0,231,800,773710.0,5.992314536508104,0.9995708465576172
e3/L/R5/0,231,1600,773710.0,5.992314536508104,0.9995708465576172
e3/L/R5/0,231,3200,768478.0,6.344639830425127,0.9999160766601562
e3/L/R5/0,231,6400,768478.0,6.344639830425127,0.9999160766601562
e3/L/R5/0,231,12800,768478.0,6.344639830425127,0.9999160766601562
e3/L/R5/0,231,25600,646382.0,6.787375741300511,0.999995231628418
e3/L/R5/0,231,51200,646382.0,6.787375741300511,0.999995231628418
e3/L/R5/0,231,102400,646382.0,6.787375741300511,0.999995231628418
e3/L/R5/0,232,50,975965.0,4.87463263897496,0.9853000640869141
e3/L/R5/0,232,100,975965.0,4.87463263897496,0.9853000640869141
e3/L/R5/0,232,200,489934.0,6.549696877080865,0.9999799728393555
e3/L/R5/0,232,400,489934.0,6.549696877080865,0.9999799728393555
e3/L/R5/0,232,800,489934.0,6.549696877080865,0.9999799728393555
e3/L/R5/0,232,1600,489934.0,6.549696877080865,0.9999799728393555
e3/L/R5/0,232,3200,489934.0,6.549696877080865,0.9999799728393555
e3/L/R5/0,232,6400,489934.0,6.549696877080865,0.9999799728393555
e3/L/R5/0,232,12800,489934.0,6.549696877080865,0.9999799728393555
e3/L/R5/0,232,25600,489934.0,6.549696877080865,0.9999799728393555
e3/L/R5/0,232,51200,489934.0,6.549696877080865,0.9999799728393555
e3/L/R5/0,232,102400,997838.0,6.642418075951743,0.9999866485595703
e3/L/R5/0,233,50,846318.0,5.311899761413074,0.9956035614013672
e3/L/R5/0,233,100,846318.0,5.311899761413074,0.9956035614013672
e3/L/R5/0,233,200,323182.0,5.54957862563272,0.9980325698852539
e3/L/R5/0,233,400,965084.0,5.756946254200974,0.9990959167480469
e3/L/R5/0,233,800,965084.0,5.756946254200974,0.9990959167480469
e3/L/R5/0,233,1600,965084.0,5.756946254200974,0.9990959167480469
e3/L/R5/0,233,3200,980850.0,5.99462511842062,0.9996376037597656
e3/L/R5/0,233,6400,1012665.0,6.437361029296004,0.9999570846557617
e3/L/R5/0,233,12800,1012665.0,6.437361029296004,0.9999570846557617
e3/L/R5/0,233,25600,1012665.0,6.437361029296004,0.9999570846557617
e3/L/R5/0,233,51200,473550.0,6.99243278795625,1.0
e3/L/R5/0,233,102400,473550.0,6.99243278795625,1.0
e3/L/R5/0,234,50,947066.0,4.961885049408569,0.9868555068969727
e3/L/R5/0,234,100,975783.0,4.986968486759821,0.988703727722168
e3/L/R5/0,234,200,850398.0,5.311899761413074,0.9956035614013672
e3/L/R5/0,234,400,474231.0,5.336983198764326,0.9959602355957031
e3/L/R5/0,234,800,773870.0,6.344639830425127,0.9999160766601562
e3/L/R5/0,234,1600,773870.0,6.344639830425127,0.9999160766601562
e3/L/R5/0,234,3200,773870.0,6.344639830425127,0.9999160766601562
e3/L/R5/0,234,6400,947129.0,6.880096940171389,0.9999990463256836
e3/L/R5/0,234,12800,947129.0,6.880096940171389,0.9999990463256836
e3/L/R5/0,234,25600,947129.0,6.880096940171389,0.9999990463256836
e3/L/R5/0,234,51200,947129.0,6.880096940171389,0.9999990463256836
e3/L/R5/0,234,102400,947129.0,6.880096940171389,0.9999990463256836
e3/L/R5/0,235,50,292795.0,4.781911440104082,0.9805564880371094
e3/L/R5/0,235,100,292795.0,4.781911440104082,0.9805564880371094
e3/L/R5/0,235,200,515550.0,5.664225055330098,0.9984512329101562
e3/L/R5/0,235,400,515550.0,5.664225055330098,0.9984512329101562
e3/L/R5/0,235,800,515550.0,5.664225055330098,0.9984512329101562
e3/L/R5/0,235,1600,769481.0,5.787257489852366,0.9991950988769531
e3/L/R5/0,235,3200,323385.0,5.992314536508104,0.9995708465576172
e3/L/R5/0,235,6400,323385.0,5.992314536508104,0.9995708465576172
e3/L/R5/0,235,12800,473566.0,6.549696877080865,0.9999799728393555
e3/L/R5/0,235,25600,473566.0,6.549696877080865,0.9999799728393555
e3/L/R5/0,235,51200,976697.0,6.880096940171389,0.9999990463256836
e3/L/R5/0,235,102400,976697.0,6.880096940171389,0.9999990463256836
e3/L/R5/0,236,50,488862.0,4.86916385053769,0.9839916229248047
e3/L/R5/0,236,100,947998.0,5.874750890423105,0.9992351531982422
e3/L/R5/0,236,200,947998.0,5.874750890423105,0.9992351531982422
e3/L/R5/0,236,400,947998.0,5.874750890423105,0.9992351531982422
e3/L/R5/0,236,800,947998.0,5.874750890423105,0.9992351531982422
e3/L/R5/0,236,1600,978553.0,6.437361029296004,0.9999570846557617
e3/L/R5/0,236,3200,761070.0,6.787375741300511,0.999995231628418
e3/L/R5/0,236,6400,761070.0,6.787375741300511,0.999995231628418
e3/L/R5/0,236,12800,761070.0,6.787375741300511,0.999995231628418
e3/L/R5/0,236,25600,761070.0,6.787375741300511,0.999995231628418
e3/L/R5/0,236,51200,761070.0,6.787375741300511,0.999995231628418
e3/L/R5/0,236,102400,761070.0,6.787375741300511,0.999995231628418
e3/L/R5/0,237,50,648679.0,5.1045321328448185,0.9903411865234375
e3/L/R5/0,237,100,768349.0,5.106842714757336,0.9918804168701172
e3/L/R5/0,237,200,768349.0,5.106842714757336,0.9918804168701172
e3/L/R5/0,237,400,473540.0,5.429704397635205,0.9966526031494141
e3/L/R5/0,237,800,833993.0,5.4349321959353425,0.9968585968017578
e3/L/R5/0,237,1600,642766.0,5.992314536508104,0.9995708465576172
e3/L/R5/0,237,3200,490397.0,6.106960966205481,0.9997596740722656
e3/L/R5/0,237,6400,976700.0,6.19968216507636,0.9998445510864258
e3/L/R5/0,237,12800,976700.0,6.19968216507636,0.9998445510864258
e3/L/R5/0,237,25600,646606.0,6.787375741300511,0.999995231628418
e3/L/R5/0,237,51200,646606.0,6.787375741300511,0.999995231628418
e3/L/R5/0,237,102400,646606.0,6.787375741300511,0.999995231628418
e3/L/R5/0,238,50,981944.0,5.314210343325591,0.9957714080810547
e3/L/R5/0,238,100,981944.0,5.314210343325591,0.9957714080810547
e3/L/R5/0,238,200,937719.0,5.54957862563272,0.9980325698852539
e3/L/R5/0,238,400,937719.0,5.54957862563272,0.9980325698852539
e3/L/R5/0,238,800,937719.0,5.54957862563272,0.9980325698852539
e3/L/R5/0,238,1600,768494.0,6.344639830425127,0.9999160766601562
e3/L/R5/0,238,3200,768494.0,6.344639830425127,0.9999160766601562
e3/L/R5/0,238,6400,768494.0,6.344639830425127,0.9999160766601562
e3/L/R5/0,238,12800,768494.0,6.344639830425127,0.9999160766601562
e3/L/R5/0,238,25600,498926.0,6.549696877080865,0.9999799728393555
e3/L/R5/0,238,51200,498926.0,6.549696877080865,0.9999799728393555
e3/L/R5/0,238,102400,498926.0,6.549696877080865,0.9999799728393555
e3/L/R5/0,239,50,244666.0,5.664225055330098,0.9984512329101562
e3/L/R5/0,239,100,244666.0,5.664225055330098,0.9984512329101562
e3/L/R5/0,239,200,244666.0,5.664225055330098,0.9984512329101562
e3/L/R5/0,239,400,244666.0,5.664225055330098,0.9984512329101562
e3/L/R5/0,239,800,244666.0,5.664225055330098,0.9984512329101562
e3/L/R5/0,239,1600,684956.0,5.754635672288458,0.9988985061645508
e3/L/R5/0,239,3200,982478.0,5.756946254200974,0.9990959167480469
e3/L/R5/0,239,6400,118393.0,6.110119172730234,0.9997720718383789
e3/L/R5/0,239,12800,118393.0,6.110119172730234,0.9997720718383789
e3/L/R5/0,239,25600,1012665.0,6.437361029296004,0.9999570846557617
e3/L/R5/0,239,51200,1012665.0,6.437361029296004,0.9999570846557617
e3/L/R5/0,239,102400,488348.0,6.549696877080865,0.9999799728393555
e3/L/R5/0,240,50,498825.0,4.872322057062444,0.9849109649658203
e3/L/R5/0,240,100,955293.0,5.404620960283953,0.9963407516479492
e3/L/R5/0,240,200,955293.0,5.404620960283953,0.9963407516479492
e3/L/R5/0,240,400,586681.0,5.667383261854851,0.9986648559570312
e3/L/R5/0,240,800,642937.0,5.992314536508104,0.9995708465576172
e3/L/R5/0,240,1600,642937.0,5.992314536508104,0.9995708465576172
e3/L/R5/0,240,3200,642937.0,5.992314536508104,0.9995708465576172
e3/L/R5/0,240,6400,474062.0,6.549696877080865,0.9999799728393555
e3/L/R5/0,240,12800,474062.0,6.549696877080865,0.9999799728393555
e3/L/R5/0,240,25600,976697.0,6.880096940171389,0.9999990463256836
e3/L/R5/0,240,51200,976697.0,6.880096940171389,0.9999990463256836
e3/L/R5/0,240,102400,976697.0,6.880096940171389,0.9999990463256836
e3/L/R5/0,241,50,506590.0,4.426427939662307,0.9541912078857422
e3/L/R5/0,241,100,342510.0,5.311899761413074,0.9956035614013672
e3/L/R5/0,241,200,342510.0,5.311899761413074,0.9956035614013672
e3/L/R5/0,241,400,342510.0,5.311899761413074,0.9956035614013672
e3/L/R5/0,241,800,474743.0,5.661914473417581,0.9983634948730469
e3/L/R5/0,241,1600,948090.0,5.756946254200974,0.9990959167480469
e3/L/R5/0,241,3200,768750.0,5.901903919549742,0.9993391036987305
e3/L/R5/0,241,6400,1012638.0,6.19968216507636,0.9998445510864258
e3/L/R5/0,241,12800,1012638.0,6.19968216507636,0.9998445510864258
e3/L/R5/0,241,25600,1012638.0,6.19968216507636,0.9998445510864258
e3/L/R5/0,241,51200,473550.0,6.99243278795625,1.0
e3/L/R5/0,241,102400,473550.0,6.99243278795625,1.0
e3/L/R5/0,242,50,621031.0,5.1045321328448185,0.9903411865234375
e3/L/R5/0,242,100,621031.0,5.1045321328448185,0.9903411865234375
e3/L/R5/0,242,200,685980.0,5.311899761413074,0.9956035614013672
e3/L/R5/0,242,400,621499.0,5.34452157897698,0.9961042404174805
e3/L/R5/0,242,800,621499.0,5.34452157897698,0.9961042404174805
e3/L/R5/0,242,1600,911219.0,5.54957862563272,0.9980325698852539
e3/L/R5/0,242,3200,506781.0,6.106960966205481,0.9997596740722656
e3/L/R5/0,242,6400,474574.0,6.549696877080865,0.9999799728393555
e3/L/R5/0,242,12800,474574.0,6.549696877080865,0.9999799728393555
e3/L/R5/0,242,25600,474574.0,6.549696877080865,0.9999799728393555
e3/L/R5/0,242,51200,947101.0,6.642418075951743,0.9999866485595703
e3/L/R5/0,242,102400,947101.0,6.642418075951743,0.9999866485595703
e3/L/R5/0,243,50,641934.0,5.667383261854851,0.9986648559570312
e3/L/R5/0,243,100,641934.0,5.667383261854851,0.9986648559570312
e3/L/R5/0,243,200,641934.0,5.667383261854851,0.9986648559570312
e3/L/R5/0,243,400,641934.0,5.667383261854851,0.9986648559570312
e3/L/R5/0,243,800,641934.0,5.667383261854851,0.9986648559570312
e3/L/R5/0,243,1600,646387.0,5.992314536508104,0.9995708465576172
e3/L/R5/0,243,3200,646387.0,5.992314536508104,0.9995708465576172
e3/L/R5/0,243,6400,977358.0,6.19968216507636,0.9998445510864258
e3/L/R5/0,243,12800,761289.0,6.229993400727749,0.9998617172241211
e3/L/R5/0,243,25600,761289.0,6.229993400727749,0.9998617172241211
e3/L/R5/0,243,51200,947129.0,6.880096940171389,0.9999990463256836
e3/L/R5/0,243,102400,947129.0,6.880096940171389,0.9999990463256836
e3/L/R5/0,244,50,379505.0,4.42958614618706,0.9599828720092773
e3/L/R5/0,244,100,490382.0,5.782029691552227,0.9991331100463867
e3/L/R5/0,244,200,490382.0,5.782029691552227,0.9991331100463867
e3/L/R5/0,244,400,490382.0,5.782029691552227,0.9991331100463867
e3/L/R5/0,244,800,490382.0,5.782029691552227,0.9991331100463867
e3/L/R5/0,244,1600,490382.0,5.782029691552227,0.9991331100463867
e3/L/R5/0,244,3200,646329.0,6.229993400727749,0.9998617172241211
e3/L/R5/0,244,6400,646329.0,6.229993400727749,0.9998617172241211
e3/L/R5/0,244,12800,646329.0,6.229993400727749,0.9998617172241211
e3/L/R5/0,244,25600,499150.0,6.549696877080865,0.9999799728393555
e3/L/R5/0,244,51200,488377.0,6.787375741300511,0.999995231628418
e3/L/R5/0,244,102400,488377.0,6.787375741300511,0.999995231628418
e3/L/R5/0,245,50,605124.0,4.42958614618706,0.9599828720092773
e3/L/R5/0,245,100,605124.0,4.42958614618706,0.9599828720092773
e3/L/R5/0,245,200,474084.0,5.311899761413074,0.9956035614013672
e3/L/R5/0,245,400,474084.0,5.311899761413074,0.9956035614013672
e3/L/R5/0,245,800,761070.0,6.787375741300511,0.999995231628418
e3/L/R5/0,245,1600,761070.0,6.787375741300511,0.999995231628418
e3/L/R5/0,245,3200,761070.0,6.787375741300511,0.999995231628418
e3/L/R5/0,245,6400,761070.0,6.787375741300511,0.999995231628418
e3/L/R5/0,245,12800,978670.0,6.789686323213028,0.9999961853027344
e3/L/R5/0,245,25600,978670.0,6.789686323213028,0.9999961853027344
e3/L/R5/0,245,51200,978670.0,6.789686323213028,0.9999961853027344
e3/L/R5/0,245,102400,473550.0,6.99243278795625,1.0
e3/L/R5/0,246,50,384750.0,5.901903919549742,0.9993391036987305
e3/L/R5/0,246,100,384750.0,5.901903919549742,0.9993391036987305
e3/L/R5/0,246,200,384750.0,5.901903919549742,0.9993391036987305
e3/L/R5/0,246,400,384750.0,5.901903919549742,0.9993391036987305
e3/L/R5/0,246,800,384750.0,5.901903919549742,0.9993391036987305
e3/L/R5/0,246,1600,384750.0,5.901903919549742,0.9993391036987305
e3/L/R5/0,246,3200,384750.0,5.901903919549742,0.9993391036987305
e3/L/R5/0,246,6400,976825.0,6.437361029296004,0.9999570846557617
e3/L/R5/0,246,12800,976825.0,6.437361029296004,0.9999570846557617
e3/L/R5/0,246,25600,976825.0,6.437361029296004,0.9999570846557617
e3/L/R5/0,246,51200,642798.0,6.787375741300511,0.999995231628418
e3/L/R5/0,246,102400,473550.0,6.99243278795625,1.0
e3/L/R5/0,247,50,124362.0,4.42958614618706,0.9599828720092773
e3/L/R5/0,247,100,507705.0,5.311899761413074,0.9956035614013672
e3/L/R5/0,247,200,507705.0,5.311899761413074,0.9956035614013672
e3/L/R5/0,247,400,506169.0,5.992314536508104,0.9995708465576172
e3/L/R5/0,247,800,640825.0,6.110119172730234,0.9997720718383789
e3/L/R5/0,247,1600,640825.0,6.110119172730234,0.9997720718383789
e3/L/R5/0,247,3200,640825.0,6.110119172730234,0.9997720718383789
e3/L/R5/0,247,6400,646894.0,6.344639830425127,0.9999160766601562
e3/L/R5/0,247,12800,646894.0,6.344639830425127,0.9999160766601562
e3/L/R5/0,247,25600,646894.0,6.344639830425127,0.9999160766601562
e3/L/R5/0,247,51200,978745.0,6.437361029296004,0.9999570846557617
e3/L/R5/0,247,102400,761070.0,6.787375741300511,0.999995231628418
e3/L/R5/0,248,50,126958.0,4.544232575884437,0.9677352905273438
e3/L/R5/0,248,100,773692.0,4.986968486759821,0.988703727722168
e3/L/R5/0,248,200,768479.0,5.456857426761841,0.9969930648803711
e3/L/R5/0,248,400,993081.0,6.085035735378982,0.9996719360351562
e3/L/R5/0,248,800,993081.0,6.085035735378982,0.9996719360351562
e3/L/R5/0,248,1600,993081.0,6.085035735378982,0.9996719360351562
e3/L/R5/0,248,3200,993081.0,6.085035735378982,0.9996719360351562
e3/L/R5/0,248,6400,777454.0,6.344639830425127,0.9999160766601562
e3/L/R5/0,248,12800,777454.0,6.344639830425127,0.9999160766601562
e3/L/R5/0,248,25600,506318.0,6.549696877080865,0.9999799728393555
e3/L/R5/0,248,51200,948686.0,6.642418075951743,0.9999866485595703
e3/L/R5/0,248,102400,473550.0,6.99243278795625,1.0
e3/L/R5/0,249,50,72943.0,4.454669583538312,0.9603433609008789
e3/L/R5/0,249,100,489308.0,5.664225055330098,0.9984512329101562
e3/L/R5/0,249,200,489308.0,5.664225055330098,0.9984512329101562
e3/L/R5/0,249,400,61042.0,5.667383261854851,0.9986648559570312
e3/L/R5/0,249,800,61042.0,5.667383261854851,0.9986648559570312
e3/L/R5/0,249,1600,61042.0,5.667383261854851,0.9986648559570312
e3/L/R5/0,249,3200,761017.0,6.229993400727749,0.9998617172241211
e3/L/R5/0,249,6400,488398.0,6.549696877080865,0.9999799728393555
e3/L/R5/0,249,12800,488398.0,6.549696877080865,0.9999799728393555
e3/L/R5/0,249,25600,488398.0,6.549696877080865,0.9999799728393555
e3/L/R5/0,249,51200,761294.0,6.787375741300511,0.999995231628418
e3/L/R5/0,249,102400,761294.0,6.787375741300511,0.999995231628418
e3/L/R5/0,250,50,892396.0,3.8690455990895463,0.8874378204345703
e3/L/R5/0,250,100,949476.0,5.404620960283953,0.9963407516479492
e3/L/R5/0,250,200,949476.0,5.404620960283953,0.9963407516479492
e3/L/R5/0,250,400,949476.0,5.404620960283953,0.9963407516479492
e3/L/R5/0,250,800,506844.0,5.664225055330098,0.9984512329101562
e3/L/R5/0,250,1600,947998.0,5.874750890423105,0.9992351531982422
e3/L/R5/0,250,3200,980851.0,5.99462511842062,0.9996376037597656
e3/L/R5/0,250,6400,947091.0,6.085035735378982,0.9996719360351562
e3/L/R5/0,250,12800,976686.0,6.437361029296004,0.9999570846557617
e3/L/R5/0,250,25600,976686.0,6.437361029296004,0.9999570846557617
e3/L/R5/0,250,51200,976686.0,6.437361029296004,0.9999570846557617
e3/L/R5/0,250,102400,474062.0,6.549696877080865,0.9999799728393555
e3/L/R5/0,251,50,408025.0,4.42958614618706,0.9599828720092773
e3/L/R5/0,251,100,908573.0,4.544232575884437,0.9677352905273438
e3/L/R5/0,251,200,451515.0,4.781911440104082,0.9805564880371094
e3/L/R5/0,251,400,904142.0,5.54957862563272,0.9980325698852539
e3/L/R5/0,251,800,933326.0,5.874750890423105,0.9992351531982422
e3/L/R5/0,251,1600,642875.0,5.992314536508104,0.9995708465576172
e3/L/R5/0,251,3200,642875.0,5.992314536508104,0.9995708465576172
e3/L/R5/0,251,6400,642875.0,5.992314536508104,0.9995708465576172
e3/L/R5/0,251,12800,649017.0,6.435050447383488,0.9999284744262695
e3/L/R5/0,251,25600,473550.0,6.99243278795625,1.0
e3/L/R5/0,251,51200,473550.0,6.99243278795625,1.0
e3/L/R5/0,251,102400,473550.0,6.99243278795625,1.0
e3/L/R5/0,252,50,554462.0,4.544232575884437,0.9677352905273438
e3/L/R5/0,252,100,488306.0,5.54957862563272,0.9980325698852539
e3/L/R5/0,252,200,488306.0,5.54957862563272,0.9980325698852539
e3/L/R5/0,252,400,488306.0,5.54957862563272,0.9980325698852539
e3/L/R5/0,252,800,488306.0,5.54957862563272,0.9980325698852539
e3/L/R5/0,252,1600,980851.0,5.99462511842062,0.9996376037597656
e3/L/R5/0,252,3200,980851.0,5.99462511842062,0.9996376037597656
e3/L/R5/0,252,6400,980851.0,5.99462511842062,0.9996376037597656
e3/L/R5/0,252,12800,244686.0,6.106960966205481,0.9997596740722656
e3/L/R5/0,252,25600,1012686.0,6.19968216507636,0.9998445510864258
e3/L/R5/0,252,51200,941294.0,6.437361029296004,0.9999570846557617
e3/L/R5/0,252,102400,976697.0,6.880096940171389,0.9999990463256836
e3/L/R5/0,253,50,377822.0,4.544232575884437,0.9677352905273438
e3/L/R5/0,253,100,486301.0,4.86916385053769,0.9839916229248047
e3/L/R5/0,253,200,999225.0,5.404620960283953,0.9963407516479492
e3/L/R5/0,253,400,761422.0,5.992314536508104,0.9995708465576172
e3/L/R5/0,253,800,761422.0,5.992314536508104,0.9995708465576172
e3/L/R5/0,253,1600,761422.0,5.992314536508104,0.9995708465576172
e3/L/R5/0,253,3200,761422.0,5.992314536508104,0.9995708465576172
e3/L/R5/0,253,6400,768974.0,6.344639830425127,0.9999160766601562
e3/L/R5/0,253,12800,474062.0,6.549696877080865,0.9999799728393555
e3/L/R5/0,253,25600,474062.0,6.549696877080865,0.9999799728393555
e3/L/R5/0,253,51200,474062.0,6.549696877080865,0.9999799728393555
e3/L/R5/0,253,102400,768462.0,6.787375741300511,0.999995231628418
e3/L/R5/0,254,50,949732.0,4.961885049408569,0.9868555068969727
e3/L/R5/0,254,100,765555.0,5.54957862563272,0.9980325698852539
e3/L/R5/0,254,200,499513.0,5.754635672288458,0.9988985061645508
e3/L/R5/0,254,400,619470.0,5.992314536508104,0.9995708465576172
e3/L/R5/0,254,800,619470.0,5.992314536508104,0.9995708465576172
e3/L/R5/0,254,1600,619470.0,5.992314536508104,0.9995708465576172
e3/L/R5/0,254,3200,619470.0,5.992314536508104,0.9995708465576172
e3/L/R5/0,254,6400,619470.0,5.992314536508104,0.9995708465576172
e3/L/R5/0,254,12800,948686.0,6.642418075951743,0.9999866485595703
e3/L/R5/0,254,25600,948686.0,6.642418075951743,0.9999866485595703
e3/L/R5/0,254,51200,948686.0,6.642418075951743,0.9999866485595703
e3/L/R5/0,254,102400,948686.0,6.642418075951743,0.9999866485595703
e3/L/R5/0,255,50,117180.0,4.42958614618706,0.9599828720092773
e3/L/R5/0,255,100,124788.0,4.986968486759821,0.988703727722168
e3/L/R5/0,255,200,646894.0,6.344639830425127,0.9999160766601562
e3/L/R5/0,255,400,646894.0,6.344639830425127,0.9999160766601562
e3/L/R5/0,255,800,646894.0,6.344639830425127,0.9999160766601562
e3/L/R5/0,255,1600,646894.0,6.344639830425127,0.9999160766601562
e3/L/R5/0,255,3200,646894.0,6.344639830425127,0.9999160766601562
e3/L/R5/0,255,6400,947100.0,6.642418075951743,0.9999866485595703
e3/L/R5/0,255,12800,947100.0,6.642418075951743,0.9999866485595703
e3/L/R5/0,255,25600,947100.0,6.642418075951743,0.9999866485595703
e3/L/R5/0,255,51200,948025.0,6.880096940171389,0.9999990463256836
e3/L/R5/0,255,102400,948025.0,6.880096940171389,0.9999990463256836
e3/L/R5/0,256,50,932752.0,4.636953774755315,0.9719038009643555
e3/L/R5/0,256,100,815737.0,4.872322057062444,0.9849109649658203
e3/L/R5/0,256,200,970471.0,5.54957862563272,0.9980325698852539
e3/L/R5/0,256,400,970471.0,5.54957862563272,0.9980325698852539
e3/L/R5/0,256,800,970471.0,5.54957862563272,0.9980325698852539
e3/L/R5/0,256,1600,970471.0,5.54957862563272,0.9980325698852539
e3/L/R5/0,256,3200,978489.0,6.112429754642751,0.9997777938842773
e3/L/R5/0,256,6400,978489.0,6.112429754642751,0.9997777938842773
e3/L/R5/0,256,12800,761294.0,6.787375741300511,0.999995231628418
e3/L/R5/0,256,25600,976697.0,6.880096940171389,0.9999990463256836
e3/L/R5/0,256,51200,976697.0,6.880096940171389,0.9999990463256836
e3/L/R5/0,256,102400,976697.0,6.880096940171389,0.9999990463256836
e3/L/R5/0,257,50,759452.0,4.31178150996493,0.9477338790893555
e3/L/R5/0,257,100,374585.0,4.549460374184576,0.9692087173461914
e3/L/R5/0,257,200,761447.0,5.1045321328448185,0.9903411865234375
e3/L/R5/0,257,400,945906.0,5.199563913628214,0.9931354522705078
e3/L/R5/0,257,800,978661.0,5.99462511842062,0.9996376037597656
e3/L/R5/0,257,1600,978661.0,5.99462511842062,0.9996376037597656
e3/L/R5/0,257,3200,978661.0,5.99462511842062,0.9996376037597656
e3/L/R5/0,257,6400,978661.0,5.99462511842062,0.9996376037597656
e3/L/R5/0,257,12800,474013.0,6.549696877080865,0.9999799728393555
e3/L/R5/0,257,25600,474013.0,6.549696877080865,0.9999799728393555
e3/L/R5/0,257,51200,474013.0,6.549696877080865,0.9999799728393555
e3/L/R5/0,257,102400,947129.0,6.880096940171389,0.9999990463256836
e3/L/R5/0,258,50,302314.0,4.516838556620669,0.9628696441650391
e3/L/R5/0,258,100,937918.0,4.961885049408569,0.9868555068969727
e3/L/R5/0,258,200,324553.0,5.197253331715698,0.9925403594970703
e3/L/R5/0,258,400,585518.0,5.224647350979466,0.994084358215332
e3/L/R5/0,258,800,646385.0,5.667383261854851,0.9986648559570312
e3/L/R5/0,258,1600,118391.0,6.017397973859356,0.9996404647827148
e3/L/R5/0,258,3200,642674.0,6.435050447383488,0.9999284744262695
e3/L/R5/0,258,6400,642674.0,6.435050447383488,0.9999284744262695
e3/L/R5/0,258,12800,642674.0,6.435050447383488,0.9999284744262695
e3/L/R5/0,258,25600,947101.0,6.642418075951743,0.9999866485595703
e3/L/R5/0,258,51200,947101.0,6.642418075951743,0.9999866485595703
e3/L/R5/0,258,102400,947101.0,6.642418075951743,0.9999866485595703
e3/L/R5/0,259,50,640969.0,4.872322057062444,0.9849109649658203
e3/L/R5/0,259,100,424393.0,5.197253331715698,0.9925403594970703
e3/L/R5/0,259,200,424393.0,5.197253331715698,0.9925403594970703
e3/L/R5/0,259,400,948084.0,5.756946254200974,0.9990959167480469
e3/L/R5/0,259,800,649075.0,5.992314536508104,0.9995708465576172
e3/L/R5/0,259,1600,649075.0,5.992314536508104,0.9995708465576172
e3/L/R5/0,259,3200,323310.0,6.344639830425127,0.9999160766601562
e3/L/R5/0,259,6400,323310.0,6.344639830425127,0.9999160766601562
e3/L/R5/0,259,12800,323310.0,6.344639830425127,0.9999160766601562
e3/L/R5/0,259,25600,473566.0,6.549696877080865,0.9999799728393555
e3/L/R5/0,259,51200,473566.0,6.549696877080865,0.9999799728393555
e3/L/R5/0,259,102400,473566.0,6.549696877080865,0.9999799728393555
e3/L/R5/0,260,50,806350.0,4.42958614618706,0.9599828720092773
e3/L/R5/0,260,100,806350.0,4.42958614618706,0.9599828720092773
e3/L/R5/0,260,200,806350.0,4.42958614618706,0.9599828720092773
e3/L/R5/0,260,400,585454.0,6.019708555771873,0.9996519088745117
e3/L/R5/0,260,800,585454.0,6.019708555771873,0.9996519088745117
e3/L/R5/0,260,1600,585454.0,6.019708555771873,0.9996519088745117
e3/L/R5/0,260,3200,585454.0,6.019708555771873,0.9996519088745117
e3/L/R5/0,260,6400,585454.0,6.019708555771873,0.9996519088745117
e3/L/R5/0,260,12800,947131.0,6.437361029296004,0.9999570846557617
e3/L/R5/0,260,25600,947131.0,6.437361029296004,0.9999570846557617
e3/L/R5/0,260,51200,473550.0,6.99243278795625,1.0
e3/L/R5/0,260,102400,473550.0,6.99243278795625,1.0
e3/L/R5/0,261,50,620475.0,5.34452157897698,0.9961042404174805
e3/L/R5/0,261,100,620475.0,5.34452157897698,0.9961042404174805
e3/L/R5/0,261,200,620475.0,5.34452157897698,0.9961042404174805
e3/L/R5/0,261,400,620475.0,5.34452157897698,0.9961042404174805
e3/L/R5/0,261,800,946802.0,6.085035735378982,0.9996719360351562
e3/L/R5/0,261,1600,474013.0,6.549696877080865,0.9999799728393555
e3/L/R5/0,261,3200,474013.0,6.549696877080865,0.9999799728393555
e3/L/R5/0,261,6400,474013.0,6.549696877080865,0.9999799728393555
e3/L/R5/0,261,12800,474013.0,6.549696877080865,0.9999799728393555
e3/L/R5/0,261,25600,474013.0,6.549696877080865,0.9999799728393555
e3/L/R5/0,261,51200,474013.0,6.549696877080865,0.9999799728393555
e3/L/R5/0,261,102400,474013.0,6.549696877080865,0.9999799728393555
e3/L/R5/0,262,50,943582.0,5.199563913628214,0.9931354522705078
e3/L/R5/0,262,100,943582.0,5.199563913628214,0.9931354522705078
e3/L/R5/0,262,200,943582.0,5.199563913628214,0.9931354522705078
e3/L/R5/0,262,400,423739.0,5.54957862563272,0.9980325698852539
e3/L/R5/0,262,800,948082.0,6.437361029296004,0.9999570846557617
e3/L/R5/0,262,1600,948082.0,6.437361029296004,0.9999570846557617
e3/L/R5/0,262,3200,948082.0,6.437361029296004,0.9999570846557617
e3/L/R5/0,262,6400,948082.0,6.437361029296004,0.9999570846557617
e3/L/R5/0,262,12800,948082.0,6.437361029296004,0.9999570846557617
e3/L/R5/0,262,25600,948082.0,6.437361029296004,0.9999570846557617
e3/L/R5/0,262,51200,948082.0,6.437361029296004,0.9999570846557617
e3/L/R5/0,262,102400,947100.0,6.642418075951743,0.9999866485595703
e3/L/R5/0,263,50,845170.0,4.754517420840314,0.9787216186523438
e3/L/R5/0,263,100,244185.0,5.54957862563272,0.9980325698852539
e3/L/R5/0,263,200,978558.0,5.756946254200974,0.9990959167480469
e3/L/R5/0,263,400,978558.0,5.756946254200974,0.9990959167480469
e3/L/R5/0,263,800,978558.0,5.756946254200974,0.9990959167480469
e3/L/R5/0,263,1600,466382.0,6.2247656024276115,0.9998502731323242
e3/L/R5/0,263,3200,466382.0,6.2247656024276115,0.9998502731323242
e3/L/R5/0,263,6400,980793.0,6.437361029296004,0.9999570846557617
e3/L/R5/0,263,12800,980793.0,6.437361029296004,0.9999570846557617
e3/L/R5/0,263,25600,947101.0,6.642418075951743,0.9999866485595703
e3/L/R5/0,263,51200,947101.0,6.642418075951743,0.9999866485595703
e3/L/R5/0,263,102400,947101.0,6.642418075951743,0.9999866485595703
e3/L/R5/0,264,50,997598.0,4.636953774755315,0.9719038009643555
e3/L/R5/0,264,100,511602.0,5.754635672288458,0.9988985061645508
e3/L/R5/0,264,200,511602.0,5.754635672288458,0.9988985061645508
e3/L/R5/0,264,400,511602.0,5.754635672288458,0.9988985061645508
e3/L/R5/0,264,800,1014222.0,6.19968216507636,0.9998445510864258
e3/L/R5/0,264,1600,1014222.0,6.19968216507636,0.9998445510864258
e3/L/R5/0,264,3200,473326.0,6.2247656024276115,0.9998502731323242
e3/L/R5/0,264,6400,473326.0,6.2247656024276115,0.9998502731323242
e3/L/R5/0,264,12800,474013.0,6.549696877080865,0.9999799728393555
e3/L/R5/0,264,25600,947100.0,6.642418075951743,0.9999866485595703
e3/L/R5/0,264,51200,947100.0,6.642418075951743,0.9999866485595703
e3/L/R5/0,264,102400,474041.0,6.787375741300511,0.999995231628418
e3/L/R5/0,265,50,946407.0,5.429704397635205,0.9966526031494141
e3/L/R5/0,265,100,946407.0,5.429704397635205,0.9966526031494141
e3/L/R5/0,265,200,946407.0,5.429704397635205,0.9966526031494141
e3/L/R5/0,265,400,473572.0,5.754635672288458,0.9988985061645508
e3/L/R5/0,265,800,473572.0,5.754635672288458,0.9988985061645508
e3/L/R5/0,265,1600,473572.0,5.754635672288458,0.9988985061645508
e3/L/R5/0,265,3200,236729.0,5.992314536508104,0.9995708465576172
e3/L/R5/0,265,6400,998331.0,5.99462511842062,0.9996376037597656
e3/L/R5/0,265,12800,976110.0,6.437361029296004,0.9999570846557617
e3/L/R5/0,265,25600,768462.0,6.787375741300511,0.999995231628418
e3/L/R5/0,265,51200,768462.0,6.787375741300511,0.999995231628418
e3/L/R5/0,265,102400,976697.0,6.880096940171389,0.9999990463256836
e3/L/R5/0,266,50,473440.0,4.074102645745285,0.9171009063720703
e3/L/R5/0,266,100,730938.0,4.754517420840314,0.9787216186523438
e3/L/R5/0,266,200,629988.0,5.197253331715698,0.9925403594970703
e3/L/R5/0,266,400,980893.0,5.756946254200974,0.9990959167480469
e3/L/R5/0,266,800,980893.0,5.756946254200974,0.9990959167480469
e3/L/R5/0,266,1600,980893.0,5.756946254200974,0.9990959167480469
e3/L/R5/0,266,3200,473319.0,5.779719109639712,0.999110221862793
e3/L/R5/0,266,6400,761657.0,5.992314536508104,0.9995708465576172
e3/L/R5/0,266,12800,499165.0,6.106960966205481,0.9997596740722656
e3/L/R5/0,266,25600,474012.0,6.549696877080865,0.9999799728393555
e3/L/R5/0,266,51200,948025.0,6.880096940171389,0.9999990463256836
e3/L/R5/0,266,102400,948025.0,6.880096940171389,0.9999990463256836
e3/L/R5/0,267,50,585373.0,4.986968486759821,0.988703727722168
e3/L/R5/0,267,100,585373.0,4.986968486759821,0.988703727722168
e3/L/R5/0,267,200,482782.0,5.664225055330098,0.9984512329101562
e3/L/R5/0,267,400,482782.0,5.664225055330098,0.9984512329101562
e3/L/R5/0,267,800,482782.0,5.664225055330098,0.9984512329101562
e3/L/R5/0,267,1600,506350.0,6.106960966205481,0.9997596740722656
e3/L/R5/0,267,3200,488349.0,6.549696877080865,0.9999799728393555
e3/L/R5/0,267,6400,488349.0,6.549696877080865,0.9999799728393555
e3/L/R5/0,267,12800,488349.0,6.549696877080865,0.9999799728393555
e3/L/R5/0,267,25600,488349.0,6.549696877080865,0.9999799728393555
e3/L/R5/0,267,51200,488349.0,6.549696877080865,0.9999799728393555
e3/L/R5/0,267,102400,488349.0,6.549696877080865,0.9999799728393555
e3/L/R5/0,268,50,501618.0,5.311899761413074,0.9956035614013672
e3/L/R5/0,268,100,501618.0,5.311899761413074,0.9956035614013672
e3/L/R5/0,268,200,501618.0,5.311899761413074,0.9956035614013672
e3/L/R5/0,268,400,641998.0,5.992314536508104,0.9995708465576172
e3/L/R5/0,268,800,641998.0,5.992314536508104,0.9995708465576172
e3/L/R5/0,268,1600,641998.0,5.992314536508104,0.9995708465576172
e3/L/R5/0,268,3200,641998.0,5.992314536508104,0.9995708465576172
e3/L/R5/0,268,6400,641998.0,5.992314536508104,0.9995708465576172
e3/L/R5/0,268,12800,474043.0,6.344639830425127,0.9999160766601562
e3/L/R5/0,268,25600,489273.0,6.787375741300511,0.999995231628418
e3/L/R5/0,268,51200,489273.0,6.787375741300511,0.999995231628418
e3/L/R5/0,268,102400,489273.0,6.787375741300511,0.999995231628418
e3/L/R5/0,269,50,768948.0,4.6641068038819515,0.9740686416625977
e3/L/R5/0,269,100,768948.0,4.6641068038819515,0.9740686416625977
e3/L/R5/0,269,200,947441.0,5.0796896856307,0.990046501159668
e3/L/R5/0,269,400,253404.0,5.664225055330098,0.9984512329101562
e3/L/R5/0,269,800,253404.0,5.664225055330098,0.9984512329101562
e3/L/R5/0,269,1600,646331.0,5.787257489852366,0.9991950988769531
e3/L/R5/0,269,3200,473403.0,5.992314536508104,0.9995708465576172
e3/L/R5/0,269,6400,976622.0,5.99462511842062,0.9996376037597656
e3/L/R5/0,269,12800,488381.0,6.106960966205481,0.9997596740722656
e3/L/R5/0,269,25600,1012665.0,6.437361029296004,0.9999570846557617
e3/L/R5/0,269,51200,768953.0,6.582318694644771,0.9999809265136719
e3/L/R5/0,269,102400,646382.0,6.787375741300511,0.999995231628418
e3/L/R5/0,270,50,463591.0,4.779600858191565,0.9798574447631836
e3/L/R5/0,270,100,463591.0,4.779600858191565,0.9798574447631836
e3/L/R5/0,270,200,1015246.0,5.756946254200974,0.9990959167480469
e3/L/R5/0,270,400,1015246.0,5.756946254200974,0.9990959167480469
e3/L/R5/0,270,800,948089.0,6.437361029296004,0.9999570846557617
e3/L/R5/0,270,1600,948089.0,6.437361029296004,0.9999570846557617
e3/L/R5/0,270,3200,948089.0,6.437361029296004,0.9999570846557617
e3/L/R5/0,270,6400,948089.0,6.437361029296004,0.9999570846557617
e3/L/R5/0,270,12800,948089.0,6.437361029296004,0.9999570846557617
e3/L/R5/0,270,25600,236782.0,6.549696877080865,0.9999799728393555
e3/L/R5/0,270,51200,236782.0,6.549696877080865,0.9999799728393555
e3/L/R5/0,270,102400,646382.0,6.787375741300511,0.999995231628418
e3/L/R5/0,271,50,384458.0,5.106842714757336,0.9918804168701172
e3/L/R5/0,271,100,384458.0,5.106842714757336,0.9918804168701172
e3/L/R5/0,271,200,646990.0,5.311899761413074,0.9956035614013672
e3/L/R5/0,271,400,849723.0,5.54957862563272,0.9980325698852539
e3/L/R5/0,271,800,849723.0,5.54957862563272,0.9980325698852539
e3/L/R5/0,271,1600,849723.0,5.54957862563272,0.9980325698852539
e3/L/R5/0,271,3200,605085.0,5.992314536508104,0.9995708465576172
e3/L/R5/0,271,6400,998301.0,6.19968216507636,0.9998445510864258
e3/L/R5/0,271,12800,998301.0,6.19968216507636,0.9998445510864258
e3/L/R5/0,271,25600,948025.0,6.880096940171389,0.9999990463256836
e3/L/R5/0,271,51200,948025.0,6.880096940171389,0.9999990463256836
e3/L/R5/0,271,102400,473550.0,6.99243278795625,1.0
e3/L/R5/0,272,50,908662.0,4.6641068038819515,0.9740686416625977
e3/L/R5/0,272,100,908662.0,4.6641068038819515,0.9740686416625977
e3/L/R5/0,272,200,982478.0,5.756946254200974,0.9990959167480469
e3/L/R5/0,272,400,982478.0,5.756946254200974,0.9990959167480469
e3/L/R5/0,272,800,982478.0,5.756946254200974,0.9990959167480469
e3/L/R5/0,272,1600,948046.0,6.19968216507636,0.9998445510864258
e3/L/R5/0,272,3200,466382.0,6.2247656024276115,0.9998502731323242
e3/L/R5/0,272,6400,976334.0,6.437361029296004,0.9999570846557617
e3/L/R5/0,272,12800,976334.0,6.437361029296004,0.9999570846557617
e3/L/R5/0,272,25600,948025.0,6.880096940171389,0.9999990463256836
e3/L/R5/0,272,51200,948025.0,6.880096940171389,0.9999990463256836
e3/L/R5/0,272,102400,948025.0,6.880096940171389,0.9999990463256836
e3/L/R5/0,273,50,947195.0,4.961885049408569,0.9868555068969727
e3/L/R5/0,273,100,494542.0,4.986968486759821,0.988703727722168
e3/L/R5/0,273,200,494542.0,4.986968486759821,0.988703727722168
e3/L/R5/0,273,400,948093.0,5.756946254200974,0.9990959167480469
e3/L/R5/0,273,800,948093.0,5.756946254200974,0.9990959167480469
e3/L/R5/0,273,1600,948093.0,5.756946254200974,0.9990959167480469
e3/L/R5/0,273,3200,489335.0,6.251918631554249,0.9998626708984375
e3/L/R5/0,273,6400,761582.0,6.344639830425127,0.9999160766601562
e3/L/R5/0,273,12800,761582.0,6.344639830425127,0.9999160766601562
e3/L/R5/0,273,25600,976697.0,6.880096940171389,0.9999990463256836
e3/L/R5/0,273,51200,976697.0,6.880096940171389,0.9999990463256836
e3/L/R5/0,273,102400,976697.0,6.880096940171389,0.9999990463256836
e3/L/R5/0,274,50,604526.0,4.992196285059959,0.9892587661743164
e3/L/R5/0,274,100,761501.0,5.311899761413074,0.9956035614013672
e3/L/R5/0,274,200,761501.0,5.311899761413074,0.9956035614013672
e3/L/R5/0,274,400,759613.0,5.54957862563272,0.9980325698852539
e3/L/R5/0,274,800,646603.0,5.787257489852366,0.9991950988769531
e3/L/R5/0,274,1600,845625.0,6.435050447383488,0.9999284744262695
e3/L/R5/0,274,3200,845625.0,6.435050447383488,0.9999284744262695
e3/L/R5/0,274,6400,845625.0,6.435050447383488,0.9999284744262695
e3/L/R5/0,274,12800,845625.0,6.435050447383488,0.9999284744262695
e3/L/R5/0,274,25600,489934.0,6.549696877080865,0.9999799728393555
e3/L/R5/0,274,51200,489934.0,6.549696877080865,0.9999799728393555
e3/L/R5/0,274,102400,947129.0,6.880096940171389,0.9999990463256836
e3/L/R5/0,275,50,943330.0,4.522307345057938,0.9651165008544922
e3/L/R5/0,275,100,646281.0,5.110000921282089,0.9920072555541992
e3/L/R5/0,275,200,646281.0,5.110000921282089,0.9920072555541992
e3/L/R5/0,275,400,471995.0,5.54957862563272,0.9980325698852539
e3/L/R5/0,275,800,640825.0,6.110119172730234,0.9997720718383789
e3/L/R5/0,275,1600,640825.0,6.110119172730234,0.9997720718383789
e3/L/R5/0,275,3200,948027.0,6.437361029296004,0.9999570846557617
e3/L/R5/0,275,6400,646382.0,6.787375741300511,0.999995231628418
e3/L/R5/0,275,12800,646382.0,6.787375741300511,0.999995231628418
e3/L/R5/0,275,25600,646382.0,6.787375741300511,0.999995231628418
e3/L/R5/0,275,51200,646382.0,6.787375741300511,0.999995231628418
e3/L/R5/0,275,102400,646382.0,6.787375741300511,0.999995231628418
e3/L/R5/0,276,50,923406.0,4.312022500102062,0.9481124877929688
e3/L/R5/0,276,100,992313.0,4.522307345057938,0.9651165008544922
e3/L/R5/0,276,200,488158.0,5.106842714757336,0.9918804168701172
e3/L/R5/0,276,400,997836.0,5.404620960283953,0.9963407516479492
e3/L/R5/0,276,800,96121.0,5.462326215199111,0.9970188140869141
e3/L/R5/0,276,1600,948537.0,6.085035735378982,0.9996719360351562
e3/L/R5/0,276,3200,768477.0,6.344639830425127,0.9999160766601562
e3/L/R5/0,276,6400,768477.0,6.344639830425127,0.9999160766601562
e3/L/R5/0,276,12800,649017.0,6.435050447383488,0.9999284744262695
e3/L/R5/0,276,25600,768953.0,6.582318694644771,0.9999809265136719
e3/L/R5/0,276,51200,768953.0,6.582318694644771,0.9999809265136719
e3/L/R5/0,276,102400,646382.0,6.787375741300511,0.999995231628418
e3/L/R5/0,277,50,1027833.0,4.519149138533185,0.9647426605224609
e3/L/R5/0,277,100,774887.0,4.6617962219694355,0.9730329513549805
e3/L/R5/0,277,200,479097.0,5.311899761413074,0.9956035614013672
e3/L/R5/0,277,400,479097.0,5.311899761413074,0.9956035614013672
e3/L/R5/0,277,800,735708.0,5.54957862563272,0.9980325698852539
e3/L/R5/0,277,1600,80366.0,5.667383261854851,0.9986648559570312
e3/L/R5/0,277,3200,777454.0,6.344639830425127,0.9999160766601562
e3/L/R5/0,277,6400,473401.0,6.435050447383488,0.9999284744262695
e3/L/R5/0,277,12800,473401.0,6.435050447383488,0.9999284744262695
e3/L/R5/0,277,25600,473401.0,6.435050447383488,0.9999284744262695
e3/L/R5/0,277,51200,948014.0,6.437361029296004,0.9999570846557617
e3/L/R5/0,277,102400,489273.0,6.787375741300511,0.999995231628418
e3/L/R5/0,278,50,154855.0,5.1045321328448185,0.9903411865234375
e3/L/R5/0,278,100,154855.0,5.1045321328448185,0.9903411865234375
e3/L/R5/0,278,200,154855.0,5.1045321328448185,0.9903411865234375
e3/L/R5/0,278,400,154855.0,5.1045321328448185,0.9903411865234375
e3/L/R5/0,278,800,1030457.0,5.642299824503598,0.9983148574829102
e3/L/R5/0,278,1600,1012636.0,6.19968216507636,0.9998445510864258
e3/L/R5/0,278,3200,976699.0,6.437361029296004,0.9999570846557617
e3/L/R5/0,278,6400,976699.0,6.437361029296004,0.9999570846557617
e3/L/R5/0,278,12800,499150.0,6.549696877080865,0.9999799728393555
e3/L/R5/0,278,25600,474041.0,6.787375741300511,0.999995231628418
e3/L/R5/0,278,51200,474041.0,6.787375741300511,0.999995231628418
e3/L/R5/0,278,102400,474041.0,6.787375741300511,0.999995231628418
e3/L/R5/0,279,50,976111.0,5.54957862563272,0.9980325698852539
e3/L/R5/0,279,100,976111.0,5.54957862563272,0.9980325698852539
e3/L/R5/0,279,200,976111.0,5.54957862563272,0.9980325698852539
e3/L/R5/0,279,400,976111.0,5.54957862563272,0.9980325698852539
e3/L/R5/0,279,800,468893.0,5.754635672288458,0.9988985061645508
e3/L/R5/0,279,1600,488382.0,6.106960966205481,0.9997596740722656
e3/L/R5/0,279,3200,488382.0,6.106960966205481,0.9997596740722656
e3/L/R5/0,279,6400,488382.0,6.106960966205481,0.9997596740722656
e3/L/R5/0,279,12800,473326.0,6.2247656024276115,0.9998502731323242
e3/L/R5/0,279,25600,473550.0,6.99243278795625,1.0
e3/L/R5/0,279,51200,473550.0,6.99243278795625,1.0
e3/L/R5/0,279,102400,473550.0,6.99243278795625,1.0
e3/L/R5/0,280,50,212201.0,4.516838556620669,0.9628696441650391
e3/L/R5/0,280,100,924903.0,5.429704397635205,0.9966526031494141
e3/L/R5/0,280,200,924903.0,5.429704397635205,0.9966526031494141
e3/L/R5/0,280,400,948157.0,5.756946254200974,0.9990959167480469
e3/L/R5/0,280,800,948157.0,5.756946254200974,0.9990959167480469
e3/L/R5/0,280,1600,948157.0,5.756946254200974,0.9990959167480469
e3/L/R5/0,280,3200,646887.0,5.899593337637226,0.9992895126342773
e3/L/R5/0,280,6400,244169.0,5.992314536508104,0.9995708465576172
e3/L/R5/0,280,12800,237006.0,6.549696877080865,0.9999799728393555
e3/L/R5/0,280,25600,237006.0,6.549696877080865,0.9999799728393555
e3/L/R5/0,280,51200,237006.0,6.549696877080865,0.9999799728393555
e3/L/R5/0,280,102400,976697.0,6.880096940171389,0.9999990463256836
e3/L/R5/0,281,50,282340.0,4.42958614618706,0.9599828720092773
e3/L/R5/0,281,100,777658.0,4.6641068038819515,0.9740686416625977
e3/L/R5/0,281,200,643036.0,5.311899761413074,0.9956035614013672
e3/L/R5/0,281,400,643036.0,5.311899761413074,0.9956035614013672
e3/L/R5/0,281,800,323182.0,5.54957862563272,0.9980325698852539
e3/L/R5/0,281,1600,997854.0,6.19968216507636,0.9998445510864258
e3/L/R5/0,281,3200,997854.0,6.19968216507636,0.9998445510864258
e3/L/R5/0,281,6400,768924.0,6.344639830425127,0.9999160766601562
e3/L/R5/0,281,12800,768924.0,6.344639830425127,0.9999160766601562
e3/L/R5/0,281,25600,768953.0,6.582318694644771,0.9999809265136719
e3/L/R5/0,281,51200,768953.0,6.582318694644771,0.9999809265136719
e3/L/R5/0,281,102400,978670.0,6.789686323213028,0.9999961853027344
e3/L/R5/0,282,50,975847.0,4.986968486759821,0.988703727722168
e3/L/R5/0,282,100,975847.0,4.986968486759821,0.988703727722168
e3/L/R5/0,282,200,482894.0,5.311899761413074,0.9956035614013672
e3/L/R5/0,282,400,482894.0,5.311899761413074,0.9956035614013672
e3/L/R5/0,282,800,769481.0,5.787257489852366,0.9991950988769531
e3/L/R5/0,282,1600,769481.0,5.787257489852366,0.9991950988769531
e3/L/R5/0,282,3200,769481.0,5.787257489852366,0.9991950988769531
e3/L/R5/0,282,6400,948718.0,6.19968216507636,0.9998445510864258
e3/L/R5/0,282,12800,489262.0,6.344639830425127,0.9999160766601562
e3/L/R5/0,282,25600,976755.0,6.437361029296004,0.9999570846557617
e3/L/R5/0,282,51200,948686.0,6.642418075951743,0.9999866485595703
e3/L/R5/0,282,102400,948686.0,6.642418075951743,0.9999866485595703
e3/L/R5/0,283,50,945782.0,5.199563913628214,0.9931354522705078
e3/L/R5/0,283,100,945782.0,5.199563913628214,0.9931354522705078
e3/L/R5/0,283,200,945782.0,5.199563913628214,0.9931354522705078
e3/L/R5/0,283,400,507108.0,5.311899761413074,0.9956035614013672
e3/L/R5/0,283,800,979858.0,5.642299824503598,0.9983148574829102
e3/L/R5/0,283,1600,979858.0,5.642299824503598,0.9983148574829102
e3/L/R5/0,283,3200,937703.0,5.992314536508104,0.9995708465576172
e3/L/R5/0,283,6400,937703.0,5.992314536508104,0.9995708465576172
e3/L/R5/0,283,12800,244174.0,6.549696877080865,0.9999799728393555
e3/L/R5/0,283,25600,244174.0,6.549696877080865,0.9999799728393555
e3/L/R5/0,283,51200,244174.0,6.549696877080865,0.9999799728393555
e3/L/R5/0,283,102400,244174.0,6.549696877080865,0.9999799728393555
e3/L/R5/0,284,50,826446.0,4.872322057062444,0.9849109649658203
e3/L/R5/0,284,100,826446.0,4.872322057062444,0.9849109649658203
e3/L/R5/0,284,200,768456.0,5.54957862563272,0.9980325698852539
e3/L/R5/0,284,400,768456.0,5.54957862563272,0.9980325698852539
e3/L/R5/0,284,800,468782.0,5.992314536508104,0.9995708465576172
e3/L/R5/0,284,1600,468782.0,5.992314536508104,0.9995708465576172
e3/L/R5/0,284,3200,468782.0,5.992314536508104,0.9995708465576172
e3/L/R5/0,284,6400,1031097.0,5.99462511842062,0.9996376037597656
e3/L/R5/0,284,12800,244665.0,6.344639830425127,0.9999160766601562
e3/L/R5/0,284,25600,976825.0,6.437361029296004,0.9999570846557617
e3/L/R5/0,284,51200,768462.0,6.787375741300511,0.999995231628418
e3/L/R5/0,284,102400,768462.0,6.787375741300511,0.999995231628418
e3/L/R5/0,285,50,978544.0,5.756946254200974,0.9990959167480469
e3/L/R5/0,285,100,978544.0,5.756946254200974,0.9990959167480469
e3/L/R5/0,285,200,978544.0,5.756946254200974,0.9990959167480469
e3/L/R5/0,285,400,978544.0,5.756946254200974,0.9990959167480469
e3/L/R5/0,285,800,468851.0,5.992314536508104,0.9995708465576172
e3/L/R5/0,285,1600,244665.0,6.344639830425127,0.9999160766601562
e3/L/R5/0,285,3200,244665.0,6.344639830425127,0.9999160766601562
e3/L/R5/0,285,6400,646606.0,6.787375741300511,0.999995231628418
e3/L/R5/0,285,12800,947129.0,6.880096940171389,0.9999990463256836
e3/L/R5/0,285,25600,947129.0,6.880096940171389,0.9999990463256836
e3/L/R5/0,285,51200,947129.0,6.880096940171389,0.9999990463256836
e3/L/R5/0,285,102400,947129.0,6.880096940171389,0.9999990463256836
e3/L/R5/0,286,50,902078.0,4.544232575884437,0.9677352905273438
e3/L/R5/0,286,100,980791.0,5.106842714757336,0.9918804168701172
e3/L/R5/0,286,200,980791.0,5.106842714757336,0.9918804168701172
e3/L/R5/0,286,400,597470.0,5.224647350979466,0.994084358215332
e3/L/R5/0,286,800,642795.0,5.54957862563272,0.9980325698852539
e3/L/R5/0,286,1600,642874.0,5.754635672288458,0.9988985061645508
e3/L/R5/0,286,3200,965533.0,5.756946254200974,0.9990959167480469
e3/L/R5/0,286,6400,474590.0,6.106960966205481,0.9997596740722656
e3/L/R5/0,286,12800,978553.0,6.437361029296004,0.9999570846557617
e3/L/R5/0,286,25600,978553.0,6.437361029296004,0.9999570846557617
e3/L/R5/0,286,51200,978553.0,6.437361029296004,0.9999570846557617
e3/L/R5/0,286,102400,118510.0,6.462444466647256,0.9999599456787109
e3/L/R5/0,287,50,499514.0,5.074220897193429,0.9896688461303711
e3/L/R5/0,287,100,499514.0,5.074220897193429,0.9896688461303711
e3/L/R5/0,287,200,499514.0,5.074220897193429,0.9896688461303711
e3/L/R5/0,287,400,299932.0,5.197253331715698,0.9925403594970703
e3/L/R5/0,287,800,490427.0,5.901903919549742,0.9993391036987305
e3/L/R5/0,287,1600,490427.0,5.901903919549742,0.9993391036987305
e3/L/R5/0,287,3200,235321.0,5.992314536508104,0.9995708465576172
e3/L/R5/0,287,6400,646638.0,6.344639830425127,0.9999160766601562
e3/L/R5/0,287,12800,646638.0,6.344639830425127,0.9999160766601562
e3/L/R5/0,287,25600,474574.0,6.549696877080865,0.9999799728393555
e3/L/R5/0,287,51200,474574.0,6.549696877080865,0.9999799728393555
e3/L/R5/0,287,102400,646382.0,6.787375741300511,0.999995231628418
e3/L/R5/0,288,50,470556.0,4.986968486759821,0.988703727722168
e3/L/R5/0,288,100,997838.0,6.642418075951743,0.9999866485595703
e3/L/R5/0,288,200,997838.0,6.642418075951743,0.9999866485595703
e3/L/R5/0,288,400,997838.0,6.642418075951743,0.9999866485595703
e3/L/R5/0,288,800,997838.0,6.642418075951743,0.9999866485595703
e3/L/R5/0,288,1600,997838.0,6.642418075951743,0.9999866485595703
e3/L/R5/0,288,3200,997838.0,6.642418075951743,0.9999866485595703
e3/L/R5/0,288,6400,997838.0,6.642418075951743,0.9999866485595703
e3/L/R5/0,288,12800,997838.0,6.642418075951743,0.9999866485595703
e3/L/R5/0,288,25600,997838.0,6.642418075951743,0.9999866485595703
e3/L/R5/0,288,51200,997838.0,6.642418075951743,0.9999866485595703
e3/L/R5/0,288,102400,997838.0,6.642418075951743,0.9999866485595703
e3/L/R5/0,289,50,970357.0,4.961885049408569,0.9868555068969727
e3/L/R5/0,289,100,620382.0,5.106842714757336,0.9918804168701172
e3/L/R5/0,289,200,975673.0,5.317368549850345,0.9959259033203125
e3/L/R5/0,289,400,978811.0,5.551889207545237,0.9980716705322266
e3/L/R5/0,289,800,978811.0,5.551889207545237,0.9980716705322266
e3/L/R5/0,289,1600,646386.0,5.992314536508104,0.9995708465576172
e3/L/R5/0,289,3200,646386.0,5.992314536508104,0.9995708465576172
e3/L/R5/0,289,6400,948029.0,6.19968216507636,0.9998445510864258
e3/L/R5/0,289,12800,646894.0,6.344639830425127,0.9999160766601562
e3/L/R5/0,289,25600,646894.0,6.344639830425127,0.9999160766601562
e3/L/R5/0,289,51200,1013561.0,6.437361029296004,0.9999570846557617
e3/L/R5/0,289,102400,976697.0,6.880096940171389,0.9999990463256836
e3/L/R5/0,290,50,162254.0,5.754635672288458,0.9988985061645508
e3/L/R5/0,290,100,162254.0,5.754635672288458,0.9988985061645508
e3/L/R5/0,290,200,162254.0,5.754635672288458,0.9988985061645508
e3/L/R5/0,290,400,162254.0,5.754635672288458,0.9988985061645508
e3/L/R5/0,290,800,162254.0,5.754635672288458,0.9988985061645508
e3/L/R5/0,290,1600,162254.0,5.754635672288458,0.9988985061645508
e3/L/R5/0,290,3200,946801.0,5.760104460725729,0.9991073608398438
e3/L/R5/0,290,6400,489274.0,6.106960966205481,0.9997596740722656
e3/L/R5/0,290,12800,642681.0,6.435050447383488,0.9999284744262695
e3/L/R5/0,290,25600,642681.0,6.435050447383488,0.9999284744262695
e3/L/R5/0,290,51200,488348.0,6.549696877080865,0.9999799728393555
e3/L/R5/0,290,102400,488348.0,6.549696877080865,0.9999799728393555
e3/L/R5/0,291,50,646035.0,4.992196285059959,0.9892587661743164
e3/L/R5/0,291,100,686558.0,5.311899761413074,0.9956035614013672
e3/L/R5/0,291,200,686558.0,5.311899761413074,0.9956035614013672
e3/L/R5/0,291,400,646841.0,5.54957862563272,0.9980325698852539
e3/L/R5/0,291,800,646841.0,5.54957862563272,0.9980325698852539
e3/L/R5/0,291,1600,646841.0,5.54957862563272,0.9980325698852539
e3/L/R5/0,291,3200,946414.0,5.874750890423105,0.9992351531982422
e3/L/R5/0,291,6400,947165.0,6.19968216507636,0.9998445510864258
e3/L/R5/0,291,12800,489273.0,6.787375741300511,0.999995231628418
e3/L/R5/0,291,25600,489273.0,6.787375741300511,0.999995231628418
e3/L/R5/0,291,51200,489273.0,6.787375741300511,0.999995231628418
e3/L/R5/0,291,102400,489273.0,6.787375741300511,0.999995231628418
e3/L/R5/0,292,50,468380.0,4.754517420840314,0.9787216186523438
e3/L/R5/0,292,100,468380.0,4.754517420840314,0.9787216186523438
e3/L/R5/0,292,200,994940.0,4.961885049408569,0.9868555068969727
e3/L/R5/0,292,400,1012318.0,5.199563913628214,0.9931354522705078
e3/L/R5/0,292,800,1023607.0,5.311899761413074,0.9956035614013672
e3/L/R5/0,292,1600,380659.0,5.54957862563272,0.9980325698852539
e3/L/R5/0,292,3200,948718.0,6.19968216507636,0.9998445510864258
e3/L/R5/0,292,6400,908750.0,6.344639830425127,0.9999160766601562
e3/L/R5/0,292,12800,908750.0,6.344639830425127,0.9999160766601562
e3/L/R5/0,292,25600,474062.0,6.549696877080865,0.9999799728393555
e3/L/R5/0,292,51200,768462.0,6.787375741300511,0.999995231628418
e3/L/R5/0,292,102400,768462.0,6.787375741300511,0.999995231628418
e3/L/R5/0,293,50,599783.0,4.547149792272059,0.9678010940551758
e3/L/R5/0,293,100,599783.0,4.547149792272059,0.9678010940551758
e3/L/R5/0,293,200,61243.0,5.224647350979466,0.994084358215332
e3/L/R5/0,293,400,769497.0,5.34452157897698,0.9961042404174805
e3/L/R5/0,293,800,769497.0,5.34452157897698,0.9961042404174805
e3/L/R5/0,293,1600,948156.0,5.756946254200974,0.9990959167480469
e3/L/R5/0,293,3200,948025.0,6.880096940171389,0.9999990463256836
e3/L/R5/0,293,6400,948025.0,6.880096940171389,0.9999990463256836
e3/L/R5/0,293,12800,948025.0,6.880096940171389,0.9999990463256836
e3/L/R5/0,293,25600,948025.0,6.880096940171389,0.9999990463256836
e3/L/R5/0,293,51200,948025.0,6.880096940171389,0.9999990463256836
e3/L/R5/0,293,102400,948025.0,6.880096940171389,0.9999990463256836
e3/L/R5/0,294,50,68046.0,4.547390782409191,0.9683160781860352
e3/L/R5/0,294,100,253412.0,4.86916385053769,0.9839916229248047
e3/L/R5/0,294,200,488633.0,5.54957862563272,0.9980325698852539
e3/L/R5/0,294,400,244169.0,5.992314536508104,0.9995708465576172
e3/L/R5/0,294,800,908526.0,6.344639830425127,0.9999160766601562
e3/L/R5/0,294,1600,908526.0,6.344639830425127,0.9999160766601562
e3/L/R5/0,294,3200,908526.0,6.344639830425127,0.9999160766601562
e3/L/R5/0,294,6400,908526.0,6.344639830425127,0.9999160766601562
e3/L/R5/0,294,12800,908526.0,6.344639830425127,0.9999160766601562
e3/L/R5/0,294,25600,908526.0,6.344639830425127,0.9999160766601562
e3/L/R5/0,294,51200,976334.0,6.437361029296004,0.9999570846557617
e3/L/R5/0,294,102400,947129.0,6.880096940171389,0.9999990463256836
e3/L/R5/0,295,50,669998.0,4.42958614618706,0.9599828720092773
e3/L/R5/0,295,100,769511.0,5.456857426761841,0.9969930648803711
e3/L/R5/0,295,200,769511.0,5.456857426761841,0.9969930648803711
e3/L/R5/0,295,400,768313.0,6.229993400727749,0.9998617172241211
e3/L/R5/0,295,800,768313.0,6.229993400727749,0.9998617172241211
e3/L/R5/0,295,1600,768313.0,6.229993400727749,0.9998617172241211
e3/L/R5/0,295,3200,768313.0,6.229993400727749,0.9998617172241211
e3/L/R5/0,295,6400,768313.0,6.229993400727749,0.9998617172241211
e3/L/R5/0,295,12800,768313.0,6.229993400727749,0.9998617172241211
e3/L/R5/0,295,25600,768313.0,6.229993400727749,0.9998617172241211
e3/L/R5/0,295,51200,768313.0,6.229993400727749,0.9998617172241211
e3/L/R5/0,295,102400,646382.0,6.787375741300511,0.999995231628418
e3/L/R5/0,296,50,645870.0,5.106842714757336,0.9918804168701172
e3/L/R5/0,296,100,645870.0,5.106842714757336,0.9918804168701172
e3/L/R5/0,296,200,965564.0,5.314210343325591,0.9957714080810547
e3/L/R5/0,296,400,641500.0,5.992314536508104,0.9995708465576172
e3/L/R5/0,296,800,947090.0,6.085035735378982,0.9996719360351562
e3/L/R5/0,296,1600,947090.0,6.085035735378982,0.9996719360351562
e3/L/R5/0,296,3200,947090.0,6.085035735378982,0.9996719360351562
e3/L/R5/0,296,6400,473564.0,6.549696877080865,0.9999799728393555
e3/L/R5/0,296,12800,473564.0,6.549696877080865,0.9999799728393555
e3/L/R5/0,296,25600,473564.0,6.549696877080865,0.9999799728393555
e3/L/R5/0,296,51200,646382.0,6.787375741300511,0.999995231628418
e3/L/R5/0,296,102400,646382.0,6.787375741300511,0.999995231628418
e3/L/R5/0,297,50,822899.0,4.872322057062444,0.9849109649658203
e3/L/R5/0,297,100,466661.0,4.986968486759821,0.988703727722168
e3/L/R5/0,297,200,903406.0,5.224647350979466,0.994084358215332
e3/L/R5/0,297,400,903406.0,5.224647350979466,0.994084358215332
e3/L/R5/0,297,800,903406.0,5.224647350979466,0.994084358215332
e3/L/R5/0,297,1600,474350.0,6.549696877080865,0.9999799728393555
e3/L/R5/0,297,3200,474350.0,6.549696877080865,0.9999799728393555
e3/L/R5/0,297,6400,474350.0,6.549696877080865,0.9999799728393555
e3/L/R5/0,297,12800,474350.0,6.549696877080865,0.9999799728393555
e3/L/R5/0,297,25600,474350.0,6.549696877080865,0.9999799728393555
e3/L/R5/0,297,51200,474350.0,6.549696877080865,0.9999799728393555
e3/L/R5/0,297,102400,473550.0,6.99243278795625,1.0
e3/L/R5/0,298,50,1021156.0,4.166823844616163,0.9259719848632812
e3/L/R5/0,298,100,485094.0,4.31178150996493,0.9477338790893555
e3/L/R5/0,298,200,190393.0,5.54957862563272,0.9980325698852539
e3/L/R5/0,298,400,190393.0,5.54957862563272,0.9980325698852539
e3/L/R5/0,298,800,932078.0,5.549819615769852,0.9980354309082031
e3/L/R5/0,298,1600,777454.0,6.344639830425127,0.9999160766601562
e3/L/R5/0,298,3200,777454.0,6.344639830425127,0.9999160766601562
e3/L/R5/0,298,6400,777454.0,6.344639830425127,0.9999160766601562
e3/L/R5/0,298,12800,777454.0,6.344639830425127,0.9999160766601562
e3/L/R5/0,298,25600,768462.0,6.787375741300511,0.999995231628418
e3/L/R5/0,298,51200,768462.0,6.787375741300511,0.999995231628418
e3/L/R5/0,298,102400,768462.0,6.787375741300511,0.999995231628418
e3/L/R5/0,299,50,122094.0,6.462444466647256,0.9999599456787109
e3/L/R5/0,299,100,122094.0,6.462444466647256,0.9999599456787109
e3/L/R5/0,299,200,122094.0,6.462444466647256,0.9999599456787109
e3/L/R5/0,299,400,122094.0,6.462444466647256,0.9999599456787109
e3/L/R5/0,299,800,122094.0,6.462444466647256,0.9999599456787109
e3/L/R5/0,299,1600,947100.0,6.642418075951743,0.9999866485595703
e3/L/R5/0,299,3200,947100.0,6.642418075951743,0.9999866485595703
e3/L/R5/0,299,6400,947100.0,6.642418075951743,0.9999866485595703
e3/L/R5/0,299,12800,947100.0,6.642418075951743,0.9999866485595703
e3/L/R5/0,299,25600,947100.0,6.642418075951743,0.9999866485595703
e3/L/R5/0,299,51200,947100.0,6.642418075951743,0.9999866485595703
e3/L/R5/0,299,102400,642798.0,6.787375741300511,0.999995231628418
