instance_key,family,n_rules,sketch,k,L,sup_error,gap,f_star,sigma_f
e1/L/R1/0,L,1,quadruplet,144,0.45437107116921976,0.17038915168845714,0.11359276779230476,0.45437107116921904,0.06992243858117837
e1/L/R1/0,L,1,quintuplet,272,7.52646583634096e-16,1.1102230246251565e-16,0.11359276779230476,0.45437107116921904,0.06992243858117837
e1/L/R1/1,L,1,quadruplet,144,2.647957723958684,0.9929841464845048,0.6619894309896699,2.6479577239586796,0.4074899857568234
e1/L/R1/1,L,1,quintuplet,272,4.069518973106451e-15,8.881784197001252e-16,0.6619894309896699,2.6479577239586796,0.4074899857568234
e1/L/R1/10,L,1,quadruplet,144,2.560230320313247,1.7810297880439914,0.4452574470109978,3.562059576087983,0.25362596259511766
e1/L/R1/10,L,1,quintuplet,272,1.6697154262912508,0.8905148940219951,0.4452574470109978,3.562059576087983,0.25362596259511766
e1/L/R1/4,L,1,quadruplet,144,1.1391534561144508e-14,6.661338147750939e-16,0.5915676408689947,2.9578382043449745,0.4749264958109054
e1/L/R1/4,L,1,quintuplet,272,1.1191191152086369e-14,6.661338147750939e-16,0.5915676408689947,2.9578382043449745,0.4749264958109054
e1/L/R1/7,L,1,quadruplet,144,0.7580926821719346,0.379046341085966,0.18952317054298295,1.1371390232578977,0.1376287656062627
e1/L/R1/7,L,1,quintuplet,272,2.7977925999447904e-15,3.3306690738754696e-16,0.18952317054298295,1.1371390232578977,0.1376287656062627
e1/L/R1/6,L,1,quadruplet,144,3.7141288821742497,1.392798330815339,0.9285322205435591,3.7141288821742373,0.5715613627824685
e1/L/R1/6,L,1,quintuplet,272,1.2596367142571471e-14,8.881784197001252e-16,0.9285322205435591,3.7141288821742373,0.5715613627824685
e1/L/R1/20,L,1,quadruplet,144,0.1974425997071935,0.1974425997071933,0.04936064992679834,0.19744259970719336,0.03038412638332963
e1/L/R1/20,L,1,quintuplet,272,1.6865696529254e-16,6.245004513516506e-17,0.04936064992679834,0.19744259970719336,0.03038412638332963
e1/L/R1/26,L,1,quadruplet,144,1.2280404583246067e-14,6.661338147750939e-16,0.37955031532731276,1.8977515766365642,0.30471325473031385
e1/L/R1/26,L,1,quintuplet,272,1.2207167361769381e-14,6.661338147750939e-16,0.37955031532731276,1.8977515766365642,0.30471325473031385
e1/L/R1/21,L,1,quadruplet,144,7.605550338010778e-15,6.661338147750939e-16,0.3819998847489958,1.909999423744979,0.3066798352890079
e1/L/R1/21,L,1,quintuplet,272,7.478545370866521e-15,6.661338147750939e-16,0.3819998847489958,1.909999423744979,0.3066798352890079
e1/L/R1/16,L,1,quadruplet,144,3.65684917524779,3.65684917524778,0.9142122938119455,3.656849175247781,0.5627466801504806
e1/L/R1/16,L,1,quintuplet,272,1.0452103660113683e-14,1.5543122344752192e-15,0.9142122938119455,3.656849175247781,0.5627466801504806
e1/L/R1/19,L,1,quadruplet,144,2.3056549802936066e-14,1.3322676295501878e-15,0.7111719304937587,3.5558596524687927,0.5709480531631624
e1/L/R1/19,L,1,quintuplet,272,2.286584499354297e-14,1.3322676295501878e-15,0.7111719304937587,3.5558596524687927,0.5709480531631624
e1/L/R1/23,L,1,quadruplet,144,2.617433994210971,2.617433994210934,0.6543584985527335,10.469735976843742,0.7212336135469738
e1/L/R1/23,L,1,quintuplet,272,3.60664799349715e-14,3.552713678800501e-15,0.6543584985527335,10.469735976843742,0.7212336135469738
e1/L/R1/18,L,1,quadruplet,144,2.4010742745979283,2.4010742745979186,0.6002685686494798,2.4010742745979186,0.3694974859697755
e1/L/R1/18,L,1,quintuplet,272,1.0368209281852881e-14,1.1102230246251565e-15,0.6002685686494798,2.4010742745979186,0.3694974859697755
e1/L/R1/36,L,1,quadruplet,144,3.047408339061186e-14,1.3322676295501878e-15,0.44233566399511526,3.981020975956038,0.46671784209808703
e1/L/R1/36,L,1,quintuplet,272,3.019849825660736e-14,1.3322676295501878e-15,0.44233566399511526,3.981020975956038,0.46671784209808703
e1/L/R1/43,L,1,quadruplet,144,0.0,0.0,0.6305477485671034,3.152738742835517,0.5062207801436315
e1/L/R1/43,L,1,quintuplet,272,0.0,0.0,0.6305477485671034,3.152738742835517,0.5062207801436315
e1/L/R1/44,L,1,quadruplet,144,0.033050816803660066,0.012394056301372525,0.008262704200915016,0.0495762252054901,0.005727363911369402
e1/L/R1/44,L,1,quintuplet,272,2.98113245786151e-18,6.938893903907228e-18,0.008262704200915016,0.0495762252054901,0.005727363911369402
e1/L/R1/47,L,1,quadruplet,144,1.0268346651825861,1.0268346651825844,0.25670866629564604,1.0268346651825841,0.15801794692715912
e1/L/R1/47,L,1,quintuplet,272,2.144264329490735e-15,4.440892098500626e-16,0.25670866629564604,1.0268346651825841,0.15801794692715912
e1/L/R1/33,L,1,quadruplet,144,1.0790853886451537,0.40465702074193133,0.2697713471612877,1.6186280829677262,0.18699431087971935
e1/L/R1/33,L,1,quintuplet,272,2.9762179727015406e-15,4.440892098500626e-16,0.2697713471612877,1.6186280829677262,0.18699431087971935
e1/L/R1/57,L,1,quadruplet,144,3.5375326092561665,1.3265747284710527,0.8843831523140349,5.306298913884213,0.6130177272745155
e1/L/R1/57,L,1,quintuplet,272,2.5178834050962025e-14,1.7763568394002505e-15,0.8843831523140349,5.306298913884213,0.6130177272745155
e1/L/R1/29,L,1,quadruplet,144,1.5646109933784522,0.5867291225169178,0.391152748344612,1.5646109933784476,0.24077548732673867
e1/L/R1/29,L,1,quintuplet,272,4.778809328302388e-15,4.440892098500626e-16,0.391152748344612,1.5646109933784476,0.24077548732673867
e1/L/R1/30,L,1,quadruplet,144,3.4050596789406075e-14,8.881784197001252e-16,0.8531735442684507,4.265867721342253,0.6849507878807685
e1/L/R1/30,L,1,quintuplet,272,3.382565300246083e-14,8.881784197001252e-16,0.8531735442684507,4.265867721342253,0.6849507878807685
e1/L/R1/67,L,1,quadruplet,144,2.1724275974515326,0.8146603490443215,0.5431068993628809,2.172427597451524,0.3343114139374627
e1/L/R1/67,L,1,quintuplet,272,9.137503443777326e-15,6.661338147750939e-16,0.5431068993628809,2.172427597451524,0.3343114139374627
e1/L/R1/49,L,1,quadruplet,144,0.0,0.0,0.06365234933303388,0.3182617466651694,0.05110182696007877
e1/L/R1/49,L,1,quintuplet,272,0.0,0.0,0.06365234933303388,0.3182617466651694,0.05110182696007877
e1/L/R1/28,L,1,quadruplet,144,3.444056156233415,2.39586515216237,0.598966288040593,4.791730304324741,0.3411810456761828
e1/L/R1/28,L,1,quintuplet,272,2.2461235801522297,1.1979325760811852,0.598966288040593,4.791730304324741,0.3411810456761828
e1/L/R1/25,L,1,quadruplet,144,2.2979470651768872e-14,1.3322676295501878e-15,0.5929922151921896,2.9649610759609475,0.4760701825925947
e1/L/R1/25,L,1,quintuplet,272,2.2800697995503747e-14,1.3322676295501878e-15,0.5929922151921896,2.9649610759609475,0.4760701825925947
e1/L/R1/60,L,1,quadruplet,144,1.6162290088426166e-14,1.1102230246251565e-15,0.4349773919502957,2.174886959751479,0.3492116103789207
e1/L/R1/60,L,1,quintuplet,272,1.595393247713758e-14,8.881784197001252e-16,0.4349773919502957,2.174886959751479,0.3492116103789207
e1/L/R1/55,L,1,quadruplet,144,3.49013319919782,2.427918747268043,0.6069796868170112,4.855837494536086,0.3457456093729184
e1/L/R1/55,L,1,quintuplet,272,2.276173825563799,1.2139593736340206,0.6069796868170112,4.855837494536086,0.3457456093729184
e1/L/R1/51,L,1,quadruplet,144,1.7719182004723468,0.6644693251771279,0.4429795501180851,1.7719182004723408,0.2726776623885395
e1/L/R1/51,L,1,quintuplet,272,5.990678000663955e-15,6.661338147750939e-16,0.4429795501180851,1.7719182004723408,0.2726776623885395
e1/L/R1/59,L,1,quadruplet,144,3.292800221331156e-14,1.7763568394002505e-15,0.5956219248595946,5.360597323736348,0.6284534621649872
e1/L/R1/59,L,1,quintuplet,272,3.275497244042882e-14,1.7763568394002505e-15,0.5956219248595946,5.360597323736348,0.6284534621649872
e1/L/R1/64,L,1,quadruplet,144,1.2575537854309933,0.6287768927154959,0.31438844635774776,1.257553785430991,0.19352294391906624
e1/L/R1/64,L,1,quintuplet,272,2.1465000729550127e-15,3.3306690738754696e-16,0.31438844635774776,1.257553785430991,0.19352294391906624
e1/L/R1/82,L,1,quadruplet,144,2.628240897824413,0.9855903366841514,0.6570602244561012,3.9423613467366074,0.4554469003899973
e1/L/R1/82,L,1,quintuplet,272,7.76704987489902e-15,8.881784197001252e-16,0.6570602244561012,3.9423613467366074,0.4554469003899973
e1/L/R1/75,L,1,quadruplet,144,2.1626677529296137,1.0813338764648017,0.540666938232401,2.1626677529296034,0.3328094870489621
e1/L/R1/75,L,1,quintuplet,272,1.089062024020376e-14,6.661338147750939e-16,0.540666938232401,2.1626677529296034,0.3328094870489621
e1/L/R1/92,L,1,quadruplet,144,2.4822492230432127,1.2411246115216048,0.6205623057608021,2.4822492230432083,0.38198936916205345
e1/L/R1/92,L,1,quintuplet,272,4.293000145910025e-15,6.661338147750939e-16,0.6205623057608021,2.4822492230432083,0.38198936916205345
e1/L/R1/71,L,1,quadruplet,144,3.7124788098501205e-15,2.220446049250313e-16,0.09287885794465989,0.835909721501939,0.09799847420158532
e1/L/R1/71,L,1,quintuplet,272,3.65138751144147e-15,2.220446049250313e-16,0.09287885794465989,0.835909721501939,0.09799847420158532
e1/L/R1/89,L,1,quadruplet,144,6.381753578279387e-14,5.329070518200751e-15,0.838452715688689,14.253696166707718,1.2804002746304963
e1/L/R1/89,L,1,quintuplet,272,6.334117122952163e-14,5.329070518200751e-15,0.838452715688689,14.253696166707718,1.2804002746304963
e1/L/R1/73,L,1,quadruplet,144,1.243835187571176e-14,1.3322676295501878e-15,0.5871360086901065,2.9356800434505335,0.4713686616833482
e1/L/R1/73,L,1,quintuplet,272,1.2263338775183024e-14,1.1102230246251565e-15,0.5871360086901065,2.9356800434505335,0.4713686616833482
e1/L/R1/76,L,1,quadruplet,144,3.888160728565692,1.4580602732121326,0.9720401821414217,3.888160728565687,0.598342845721428
e1/L/R1/76,L,1,quintuplet,272,5.8366973634902536e-15,8.881784197001252e-16,0.9720401821414217,3.888160728565687,0.598342845721428
e1/L/R1/74,L,1,quadruplet,144,2.1072099414768536e-14,2.6645352591003757e-15,0.4726794974193851,8.035551456129532,0.721828371455472
e1/L/R1/74,L,1,quintuplet,272,2.069734239275008e-14,2.6645352591003757e-15,0.4726794974193851,8.035551456129532,0.721828371455472
e1/L/R2/1,L,2,quadruplet,144,6.116033849434397,1.945077477160597,0.2250294959286503,3.1426457116695463,0.49601878724296333
e1/L/R2/1,L,2,quintuplet,272,3.647020269676134,1.1784921418760799,0.2250294959286503,3.1426457116695463,0.49601878724296333
e1/L/R1/70,L,1,quadruplet,144,0.3255448383685397,0.3255448383685393,0.08138620959213483,0.3255448383685393,0.050097575331256874
e1/L/R1/70,L,1,quintuplet,272,3.78492225557611e-16,1.1102230246251565e-16,0.08138620959213483,0.3255448383685393,0.050097575331256874
e1/L/R1/87,L,1,quadruplet,144,0.1369061120261526,0.13690611202615247,0.03422652800653814,0.13690611202615255,0.021068262961599124
e1/L/R1/87,L,1,quintuplet,272,7.15293912967839e-17,5.551115123125783e-17,0.03422652800653814,0.13690611202615255,0.021068262961599124
e1/L/R1/99,L,1,quadruplet,144,6.872351673197288e-14,3.552713678800501e-15,0.6519629431241025,11.083370033109738,0.9956119358971123
e1/L/R1/99,L,1,quintuplet,272,6.812913338409381e-14,3.552713678800501e-15,0.6519629431241025,11.083370033109738,0.9956119358971123
e1/L/R1/95,L,1,quadruplet,144,2.897054568995148,1.4485272844975656,0.7242636422487831,4.345581853492697,0.5259489421299491
e1/L/R1/95,L,1,quintuplet,272,1.7319559440524194e-14,1.1102230246251565e-15,0.7242636422487831,4.345581853492697,0.5259489421299491
e1/L/R2/11,L,2,quadruplet,144,3.7676042038306443,3.1814798788857424,0.14653108123621017,6.1537141129948925,0.8400158407810758
e1/L/R2/11,L,2,quintuplet,272,5.954033248371278e-14,2.220446049250313e-15,0.14653108123621017,6.1537141129948925,0.8400158407810758
e1/L/R2/10,L,2,quadruplet,144,6.202393123500515e-14,2.6645352591003757e-15,0.16986439465404057,5.311745294532089,0.7519784977591486
e1/L/R2/10,L,2,quintuplet,272,6.157611338612127e-14,2.6645352591003757e-15,0.16986439465404057,5.311745294532089,0.7519784977591486
e1/L/R2/8,L,2,quadruplet,144,3.58574465827881,1.3446542468545326,0.39222147283484166,5.378616987418129,0.6683358416445191
e1/L/R2/8,L,2,quintuplet,272,5.802756245074005e-14,1.4432899320127035e-15,0.39222147283484166,5.378616987418129,0.6683358416445191
e1/L/R2/19,L,2,quadruplet,144,1.7173494509186933,0.6440060440944971,0.035848526789462376,2.897815958739267,0.49350787722344075
e1/L/R2/19,L,2,quintuplet,272,3.3539114567778026e-14,1.3322676295501878e-15,0.035848526789462376,2.897815958739267,0.49350787722344075
e1/L/R2/0,L,2,quadruplet,144,6.253512887079782,3.0971489255185105,0.036815389747956395,4.055901121195436,0.6444584983503019
e1/L/R2/0,L,2,quintuplet,272,3.0971489255185274,3.09714892551851,0.036815389747956395,4.055901121195436,0.6444584983503019
e1/L/R2/14,L,2,quadruplet,144,6.886291114415751e-14,2.6645352591003757e-15,0.3167667219797732,6.209444324557831,0.919348585302252
e1/L/R2/14,L,2,quintuplet,272,6.833206966688261e-14,2.6645352591003757e-15,0.3167667219797732,6.209444324557831,0.919348585302252
e1/L/R2/4,L,2,quadruplet,144,0.12776320304668562,0.04791120114250674,0.01769676194837755,0.42191928303541404,0.04709218822892831
e1/L/R2/4,L,2,quintuplet,272,1.0111087348516155e-15,1.1102230246251565e-16,0.01769676194837755,0.42191928303541404,0.04709218822892831
e1/L/R2/18,L,2,quadruplet,144,1.7795732098482234e-13,4.440892098500626e-15,0.018337578639574303,8.107853684025901,1.2358778121514749
e1/L/R2/18,L,2,quintuplet,272,1.771883328062951e-13,4.440892098500626e-15,0.018337578639574303,8.107853684025901,1.2358778121514749
e1/L/R2/34,L,2,quadruplet,144,1.838184675438486,0.6893192532894229,0.15898602225797798,2.1387448220400977,0.31556933171448825
e1/L/R2/34,L,2,quintuplet,272,2.5361683476802285e-14,8.881784197001252e-16,0.15898602225797798,2.1387448220400977,0.31556933171448825
e1/L/R2/15,L,2,quadruplet,144,4.607767529543247,1.8371286086550462,0.7587650561110095,5.950552385643121,0.6569418564433859
e1/L/R2/15,L,2,quintuplet,272,1.0484715367328106,0.34949051224426597,0.7587650561110095,5.950552385643121,0.6569418564433859
e1/L/R2/21,L,2,quadruplet,144,4.9143566098628355,1.8974247911408542,0.23339683861569016,3.0358796658253664,0.39375322704592997
e1/L/R2/21,L,2,quintuplet,272,2.919611437472887,1.5571260999855308,0.23339683861569016,3.0358796658253664,0.39375322704592997
e1/L/R2/24,L,2,quadruplet,144,1.8133909165661315,0.5858275798828942,0.07778309965500685,1.108446947053646,0.1474880616657733
e1/L/R2/24,L,2,quintuplet,272,1.0938720601107856,0.36462402003692723,0.07778309965500685,1.108446947053646,0.1474880616657733
e1/L/R2/5,L,2,quadruplet,144,2.998066564636683,2.998066564636595,0.7495166411591487,11.99226625854637,1.1308243100876894
e1/L/R2/5,L,2,quintuplet,272,9.028969851168785e-14,3.552713678800501e-15,0.7495166411591487,11.99226625854637,1.1308243100876894
e1/L/R2/36,L,2,quadruplet,144,5.806843750791747e-14,1.7763568394002505e-15,0.35185903730897294,4.57141301618973,0.5380188535290783
e1/L/R2/36,L,2,quintuplet,272,5.772798743784518e-14,2.220446049250313e-15,0.35185903730897294,4.57141301618973,0.5380188535290783
e1/L/R2/30,L,2,quadruplet,144,1.7923695725593898,0.5966832112957787,0.05365715798327941,1.7521267040719155,0.26634892157013423
e1/L/R2/30,L,2,quintuplet,272,0.20121434243731268,0.05365715798327962,0.05365715798327941,1.7521267040719155,0.26634892157013423
e1/L/R2/29,L,2,quadruplet,144,1.325212213603071,0.6626061068015328,0.1783056154410212,1.3252122136030655,0.20673113789860495
e1/L/R2/29,L,2,quintuplet,272,5.867858646828555e-15,4.440892098500626e-16,0.1783056154410212,1.3252122136030655,0.20673113789860495
e1/L/R2/7,L,2,quadruplet,144,1.6373438029175935,1.6373438029175356,0.06192989128846538,6.549375211670149,0.8296020306092671
e1/L/R2/7,L,2,quintuplet,272,5.6550217982599465e-14,2.6645352591003757e-15,0.06192989128846538,6.549375211670149,0.8296020306092671
e1/L/R2/35,L,2,quadruplet,144,1.056233628137247,0.39608761055146235,0.2640584070343084,2.375295865566483,0.28051655690165284
e1/L/R2/35,L,2,quintuplet,272,1.5314067589276565e-14,6.661338147750939e-16,0.2640584070343084,2.375295865566483,0.28051655690165284
e1/L/R2/32,L,2,quadruplet,144,1.8361155640526214,0.7983111148054785,0.263848922948426,2.624280159917776,0.3272005552458543
e1/L/R2/32,L,2,quintuplet,272,1.1974666722082385,0.3991555574027392,0.263848922948426,2.624280159917776,0.3272005552458543
e1/L/R2/50,L,2,quadruplet,144,3.475553810634566,3.475553810634514,0.8688884526586289,13.902215242538063,0.9551258067092521
e1/L/R2/50,L,2,quintuplet,272,5.059764947654014e-14,3.552713678800501e-15,0.8688884526586289,13.902215242538063,0.9551258067092521
e1/L/R2/31,L,2,quadruplet,144,4.010152373327988,1.3603984143065897,0.5726482687597851,10.080905696585656,0.8311499885032673
e1/L/R2/31,L,2,quintuplet,272,2.577993537425374,0.6874649433134232,0.5726482687597851,10.080905696585656,0.8311499885032673
e1/L/R2/13,L,2,quadruplet,144,1.9298426842940788,0.7236910066102733,0.16253217418267996,2.249771181184898,0.33288765092392125
e1/L/R2/13,L,2,quintuplet,272,1.7024368246647834e-14,1.1102230246251565e-15,0.16253217418267996,2.249771181184898,0.33288765092392125
e1/L/R2/41,L,2,quadruplet,144,2.2667391892128643,1.270053867022066,0.1955441683146084,3.3801610761786365,0.5052021204495812
e1/L/R2/41,L,2,quintuplet,272,2.906248752566128e-14,1.3322676295501878e-15,0.1955441683146084,3.3801610761786365,0.5052021204495812
e1/L/R2/48,L,2,quadruplet,144,1.9056593565010882,1.5244326259908263,0.2032576834654436,3.048865251981652,0.22878048196371326
e1/L/R2/48,L,2,quintuplet,272,0.7622163129954231,0.7622163129954131,0.2032576834654436,3.048865251981652,0.22878048196371326
e1/L/R2/42,L,2,quadruplet,144,5.475356468472961,5.111802915142328,0.6815737220189781,10.223605830284654,0.61056523836991
e1/L/R2/42,L,2,quintuplet,272,2.793001601047674,2.5559014575711636,0.6815737220189781,10.223605830284654,0.61056523836991
e1/L/R2/46,L,2,quadruplet,144,2.9232929026150174,0.7652145704589572,0.1341233853230417,1.8124438871551116,0.259552485377695
e1/L/R2/46,L,2,quintuplet,272,1.560517993350905,0.5201726644502989,0.1341233853230417,1.8124438871551116,0.259552485377695
e1/L/R2/60,L,2,quadruplet,144,2.3223586430271266,0.8708844911351626,0.24563395728033566,2.5679926003074365,0.36369690941915367
e1/L/R2/60,L,2,quintuplet,272,2.6283123609791665e-14,1.1102230246251565e-15,0.24563395728033566,2.5679926003074365,0.36369690941915367
e1/L/R2/52,L,2,quadruplet,144,6.342705357679823,6.22926536770092,0.830568715693456,12.458530735401844,0.7700486633237104
e1/L/R2/52,L,2,quintuplet,272,3.114632683850499,3.114632683850459,0.830568715693456,12.458530735401844,0.7700486633237104
e1/L/R2/33,L,2,quadruplet,144,3.2323111845238266e-14,1.1102230246251565e-15,0.23957659052334268,4.072802038896829,0.35809034539606366
e1/L/R2/33,L,2,quintuplet,272,3.206465604676785e-14,1.1102230246251565e-15,0.23957659052334268,4.072802038896829,0.35809034539606366
e1/L/R2/45,L,2,quadruplet,144,1.6303910481864503,0.6113966430699096,0.03917173957287168,1.99881707066016,0.3247010469832462
e1/L/R2/45,L,2,quintuplet,272,2.503499684508993e-14,6.661338147750939e-16,0.03917173957287168,1.99881707066016,0.3247010469832462
e1/L/R2/74,L,2,quadruplet,144,1.275793819368491,0.41601972370709245,0.6512683500365473,11.071561950621312,0.9965125274810015
e1/L/R2/74,L,2,quintuplet,272,0.8320394474142585,0.22187718597711628,0.6512683500365473,11.071561950621312,0.9965125274810015
e1/L/R2/49,L,2,quadruplet,144,5.48168880181183,1.501337738565058,0.594731035527674,3.980351063246758,0.6303661923089433
e1/L/R2/49,L,2,quintuplet,272,1.5013377385650728,1.5013377385650584,0.594731035527674,3.980351063246758,0.6303661923089433
e1/L/R2/73,L,2,quadruplet,144,2.5348861717101796,1.763399075972277,0.1913020888837016,3.7763458320539205,0.5727717144281587
e1/L/R2/73,L,2,quintuplet,272,1.6531866337240413,0.8816995379861385,0.1913020888837016,3.7763458320539205,0.5727717144281587
e1/L/R2/39,L,2,quadruplet,144,7.085710927643725,2.0910720536239658,0.8124947667718025,4.874968600630816,0.6131769400171958
e1/L/R2/39,L,2,quintuplet,272,2.557154573704353,1.3638157726423072,0.8124947667718025,4.874968600630816,0.6131769400171958
e1/L/R2/64,L,2,quadruplet,144,3.5675342139785307,1.2154603364421979,0.3015606646542035,2.7324813375385992,0.40543619521507407
e1/L/R2/64,L,2,quintuplet,272,1.1366135410941356,0.3030969442917676,0.3015606646542035,2.7324813375385992,0.40543619521507407
e1/L/R2/54,L,2,quadruplet,144,3.6117799837234883,3.6117799837234448,0.48157066449645924,7.22355996744689,0.584147238005713
e1/L/R2/54,L,2,quintuplet,272,1.8058899918617661,1.8058899918617222,0.48157066449645924,7.22355996744689,0.584147238005713
e1/L/R2/72,L,2,quadruplet,144,0.19011355010924919,0.05786064568539544,0.9214023779393781,15.663840424969424,1.4061568143791474
e1/L/R2/72,L,2,quintuplet,272,0.12398709789736896,0.06612645221187959,0.9214023779393781,15.663840424969424,1.4061568143791474
e1/L/R2/71,L,2,quadruplet,144,4.514325895420506,1.4720627919849374,0.31676732282460485,5.3850444880182895,0.5517457292320953
e1/L/R2/71,L,2,quintuplet,272,2.9441255839699068,0.7851001557253006,0.31676732282460485,5.3850444880182895,0.5517457292320953
e1/L/R2/66,L,2,quadruplet,144,5.014362188565325,1.7976568647284457,0.2933482081588523,3.1791377080615337,0.3977884402317359
e1/L/R2/66,L,2,quintuplet,272,2.507181094282669,2.5071810942826556,0.2933482081588523,3.1791377080615337,0.3977884402317359
e1/L/R2/62,L,2,quadruplet,144,3.817598525459835,1.908799262729895,0.6965105677634837,3.817598525459789,0.5621582127984875
e1/L/R2/62,L,2,quintuplet,272,4.737037051475595e-14,1.5543122344752192e-15,0.6965105677634837,3.817598525459789,0.5621582127984875
e1/L/R2/55,L,2,quadruplet,144,4.4445479563866455,1.3778980888682621,0.18090078190273395,2.121848603286165,0.3269897593180051
e1/L/R2/55,L,2,quintuplet,272,2.4261847767292974,1.015699106167399,0.18090078190273395,2.121848603286165,0.3269897593180051
e1/L/R2/59,L,2,quadruplet,144,2.6031637150520672,0.7757231425495392,0.40432122970384077,3.1891883817611295,0.383173346117226
e1/L/R2/59,L,2,quintuplet,272,0.47703812721131444,0.1272101672563474,0.40432122970384077,3.1891883817611295,0.383173346117226
e1/L/R2/83,L,2,quadruplet,144,4.797094221662819,4.772944899442253,0.6363926532589677,9.54588979888451,0.5621812677152792
e1/L/R2/83,L,2,quintuplet,272,2.386472449721162,2.3864724497211283,0.6363926532589677,9.54588979888451,0.5621812677152792
e1/L/R2/75,L,2,quadruplet,144,1.8939750833954472,0.9469875416976975,0.31863619427851564,5.4168153027347605,0.6191009202194796
e1/L/R2/75,L,2,quintuplet,272,5.243484953957461e-14,2.6645352591003757e-15,0.31863619427851564,5.4168153027347605,0.6191009202194796
e1/L/R2/70,L,2,quadruplet,144,3.7969625200891843,1.2880816916753917,0.8197281114346184,5.319439693911464,0.622968115307172
e1/L/R2/70,L,2,quintuplet,272,0.250669390814876,0.13369034176791908,0.8197281114346184,5.319439693911464,0.622968115307172
e1/L/R2/87,L,2,quadruplet,144,5.626941573416581,1.5732347764915455,0.2412397113922875,4.3536093194793795,0.6609230711769515
e1/L/R2/87,L,2,quintuplet,272,1.8163569069535606,0.6054523023178455,0.2412397113922875,4.3536093194793795,0.6609230711769515
e1/L/R2/84,L,2,quadruplet,144,3.1559092462363476,2.5568074586316185,0.15976047669458948,3.036088888715388,0.4399050161552833
e1/L/R2/84,L,2,quintuplet,272,0.5991017876047295,0.15976047669458993,0.15976047669458948,3.036088888715388,0.4399050161552833
e1/L/R2/69,L,2,quadruplet,144,1.8339221227345912,0.6877207960254598,0.6958981097203614,6.263082987483252,0.7656760833565182
e1/L/R2/69,L,2,quintuplet,272,3.2306484588483664e-14,1.7763568394002505e-15,0.6958981097203614,6.263082987483252,0.7656760833565182
e1/L/R2/96,L,2,quadruplet,144,2.713281715162355,1.1950125530700608,0.35506381976838064,3.4234093546990834,0.5233089588595897
e1/L/R2/96,L,2,quintuplet,272,3.380182024818217e-14,1.1102230246251565e-15,0.35506381976838064,3.4234093546990834,0.5233089588595897
e1/L/R2/80,L,2,quadruplet,144,3.664082659389989,1.3740309972712224,0.2963533630315478,5.496123989084885,0.811947991833617
e1/L/R2/80,L,2,quintuplet,272,6.567902663317323e-14,2.220446049250313e-15,0.2963533630315478,5.496123989084885,0.811947991833617
e1/L/R2/94,L,2,quadruplet,144,6.4186304404238905,1.7814418687112217,0.7804040201912148,4.682424121147289,0.5816962621832059
e1/L/R2/94,L,2,quintuplet,272,2.198009573106028,0.5861358861616028,0.7804040201912148,4.682424121147289,0.5816962621832059
e1/L/R3/2,L,3,quadruplet,144,3.433387147437925,1.1845290364930916,0.629071863593019,4.903150832166002,0.5769446853119893
e1/L/R3/2,L,3,quintuplet,272,0.32923985198783506,0.10974661732927515,0.629071863593019,4.903150832166002,0.5769446853119893
e1/L/R2/77,L,2,quadruplet,144,1.4104285932938743,0.5289107224851879,0.30987511619114905,5.267876975249532,0.49522927160249264
e1/L/R2/77,L,2,quintuplet,272,4.060053909316476e-14,1.3322676295501878e-15,0.30987511619114905,5.267876975249532,0.49522927160249264
e1/L/R3/6,L,3,quadruplet,144,3.971108510855721,1.5817977534076986,0.2353295604319845,3.9711085108556583,0.6319516856661266
e1/L/R3/6,L,3,quintuplet,272,6.323861502136692e-14,1.3322676295501878e-15,0.2353295604319845,3.9711085108556583,0.6319516856661266
e1/L/R2/89,L,2,quadruplet,144,0.6051219556712135,0.2269207333766765,0.8273235475555456,14.064500308444277,1.244678346544869
e1/L/R2/89,L,2,quintuplet,272,7.714965903675647e-14,3.552713678800501e-15,0.8273235475555456,14.064500308444277,1.244678346544869
e1/L/R2/86,L,2,quadruplet,144,1.7648713438894683,0.6618267539585432,0.33600583218617475,3.173367034765111,0.3609578560979546
e1/L/R2/86,L,2,quintuplet,272,1.9946654255169154e-14,8.881784197001252e-16,0.33600583218617475,3.173367034765111,0.3609578560979546
e1/L/R3/12,L,3,quadruplet,144,2.9202278224779885,1.3572063194318114,0.05482984533804647,5.428825277727244,0.4750416100045675
e1/L/R3/12,L,3,quintuplet,272,1.4705449553165546,0.4901816517721722,0.05482984533804647,5.428825277727244,0.4750416100045675
e1/L/R3/0,L,3,quadruplet,144,3.8654834143353924,1.9274086569800233,0.8640651970852895,3.8761495147106464,0.5863363700060311
e1/L/R3/0,L,3,quintuplet,272,4.692759378245766e-14,1.3322676295501878e-15,0.8640651970852895,3.8761495147106464,0.5863363700060311
e1/L/R3/19,L,3,quadruplet,144,0.1976996058539349,0.07413735219518632,0.7999070525389635,6.760558579057544,1.0039577933285335
e1/L/R3/19,L,3,quintuplet,272,1.0480832222475823e-13,3.552713678800501e-15,0.7999070525389635,6.760558579057544,1.0039577933285335
e1/L/R3/3,L,3,quadruplet,144,2.2199119561259173,0.8324669835471756,0.29362779876623435,6.1748495019513285,0.9144224939585196
e1/L/R3/3,L,3,quintuplet,272,1.1607815985660157e-13,2.6645352591003757e-15,0.29362779876623435,6.1748495019513285,0.9144224939585196
e1/L/R2/92,L,2,quadruplet,144,0.32267750320738564,0.16133875160368316,0.45822681189523706,2.2911340594761858,0.34792159671144274
e1/L/R2/92,L,2,quintuplet,272,1.9503385396728507e-14,8.881784197001252e-16,0.45822681189523706,2.2911340594761858,0.34792159671144274
e1/L/R3/14,L,3,quadruplet,144,2.689612860354625,1.0086048226329654,0.46714535286817993,4.034419290531865,0.4999523804938846
e1/L/R3/14,L,3,quintuplet,272,4.85397414265714e-14,1.3322676295501878e-15,0.46714535286817993,4.034419290531865,0.4999523804938846
e1/L/R3/9,L,3,quadruplet,144,2.6551075593312317,2.1129547411295997,0.061839199263489464,1.8970952640863725,0.2793906794521043
e1/L/R3/9,L,3,quintuplet,272,2.1129547411296157,2.1129547411295997,0.061839199263489464,1.8970952640863725,0.2793906794521043
e1/L/R3/7,L,3,quadruplet,144,7.473768913659739,7.4737689136596765,0.9965025218212897,14.947537827319353,0.9255776882243176
e1/L/R3/7,L,3,quintuplet,272,3.7368844568299013,3.736884456829836,0.9965025218212897,14.947537827319353,0.9255776882243176
e1/L/R3/4,L,3,quadruplet,144,3.8670481959966536,1.2213055931136074,0.09512505364833279,2.814119587322254,0.3571993612168544
e1/L/R3/4,L,3,quintuplet,272,2.3972077467548547,0.6392553991346217,0.09512505364833279,2.814119587322254,0.3571993612168544
e1/L/R3/5,L,3,quadruplet,144,3.1126157967945804,0.9473178511983258,0.3353983396217366,5.701771773569526,0.7621493569455104
e1/L/R3/5,L,3,quintuplet,272,2.0299668239964945,0.6766556079988044,0.3353983396217366,5.701771773569526,0.7621493569455104
e1/L/R3/17,L,3,quadruplet,144,4.229367870781325,2.250884271615952,0.2912813384463657,11.625069132481102,1.0757254627028958
e1/L/R3/17,L,3,quintuplet,272,2.110204004640037,1.125442135807976,0.2912813384463657,11.625069132481102,1.0757254627028958
e1/L/R3/13,L,3,quadruplet,144,2.86948570593303,1.0760571397248628,0.5708606182692129,3.8456139121658164,0.5622612453378087
e1/L/R3/13,L,3,quintuplet,272,6.269954408961385e-14,1.7763568394002505e-15,0.5708606182692129,3.8456139121658164,0.5622612453378087
e1/L/R3/29,L,3,quadruplet,144,2.1238325943619647,0.6147150721364967,0.1260587111801179,4.374542473591131,0.7466746150128959
e1/L/R3/29,L,3,quintuplet,272,1.4040933441340162,0.4680311147113192,0.1260587111801179,4.374542473591131,0.7466746150128959
e1/L/R3/30,L,3,quadruplet,144,1.2606753104742405,0.3217510982842442,0.4382837905045567,4.3838977533474575,0.7179159062780572
e1/L/R3/30,L,3,quintuplet,272,0.8221795503093057,0.2334893237613822,0.4382837905045567,4.3838977533474575,0.7179159062780572
e1/L/R3/15,L,3,quadruplet,144,5.600188098238889,1.5888162196959468,0.3827966911917713,3.8540465613307537,0.5161029735182174
e1/L/R3/15,L,3,quintuplet,272,3.126522896816329,1.0421742989387641,0.3827966911917713,3.8540465613307537,0.5161029735182174
e1/L/R3/11,L,3,quadruplet,144,5.27312875285791,1.7194985063666843,0.45420737696673186,5.485694548750605,0.8233920532824299
e1/L/R3/11,L,3,quintuplet,272,3.438997012733448,1.1463323375777899,0.45420737696673186,5.485694548750605,0.8233920532824299
e1/L/R3/27,L,3,quadruplet,144,5.969363174858299,2.2604634523945313,0.8615304026941981,8.60687318952007,1.0692747950254038
e1/L/R3/27,L,3,quintuplet,272,1.7499938745882602,0.46666503322351766,0.8615304026941981,8.60687318952007,1.0692747950254038
e1/L/R3/43,L,3,quadruplet,144,1.2786284996440775,1.278628499643991,0.1052562987201906,4.313044673813646,0.6351649491560667
e1/L/R3/43,L,3,quintuplet,272,8.709053850265366e-14,1.7763568394002505e-15,0.1052562987201906,4.313044673813646,0.6351649491560667
e1/L/R3/28,L,3,quadruplet,144,4.06694208627375,1.4145885517473626,0.9574034394282034,7.667913467907049,0.9857967928952867
e1/L/R3/28,L,3,quintuplet,272,2.6523535345263873,0.8841178448421021,0.9574034394282034,7.667913467907049,0.9857967928952867
e1/L/R3/23,L,3,quadruplet,144,4.060855802539918,3.747539681121388,0.4607554757543726,5.450079620940479,0.7752302946054147
e1/L/R3/23,L,3,quintuplet,272,0.31331612141853155,0.08355096571159537,0.4607554757543726,5.450079620940479,0.7752302946054147
e1/L/R3/25,L,3,quadruplet,144,0.5016267824787397,0.1744788808621336,0.6870844512675269,11.680435671547972,1.1228319564064682
e1/L/R3/25,L,3,quintuplet,272,0.3271479016166067,0.08723944043106746,0.6870844512675269,11.680435671547972,1.1228319564064682
e1/L/R3/31,L,3,quadruplet,144,1.5568480435962265e-13,5.329070518200751e-15,0.10112797330109657,10.828055051082249,1.2882313384300557
e1/L/R3/31,L,3,quintuplet,272,1.5489645364319589e-13,4.440892098500626e-15,0.10112797330109657,10.828055051082249,1.2882313384300557
e1/L/R3/34,L,3,quadruplet,144,3.282770735739775,2.7146544439852085,0.37566825539387994,2.7146544439852076,0.41049091063480475
e1/L/R3/34,L,3,quintuplet,272,0.5681162917545679,0.15149767780121112,0.37566825539387994,2.7146544439852076,0.41049091063480475
e1/L/R3/48,L,3,quadruplet,144,1.9206735887667716,0.675799452138805,0.1398945728385046,1.9420693571561887,0.3105981598951333
e1/L/R3/48,L,3,quintuplet,272,0.5886979494715457,0.19623264982384092,0.1398945728385046,1.9420693571561887,0.3105981598951333
e1/L/R3/39,L,3,quadruplet,144,6.733413969833916,2.7189478077451925,0.2681324663139266,4.265498924627658,0.5346888513270491
e1/L/R3/39,L,3,quintuplet,272,3.6013228929416554,2.595826144264408,0.2681324663139266,4.265498924627658,0.5346888513270491
e1/L/R3/58,L,3,quadruplet,144,4.288575724108122,3.5367761817690244,0.03534108977495354,4.698544711142985,0.7384492737362388
e1/L/R3/58,L,3,quintuplet,272,5.3947991949406774e-14,1.7763568394002505e-15,0.03534108977495354,4.698544711142985,0.7384492737362388
e1/L/R3/50,L,3,quadruplet,144,5.655250284454297,1.8065670654028785,0.11706232259533067,5.28803386726662,0.7482280447300973
e1/L/R3/50,L,3,quintuplet,272,3.5546029695081547,1.1848676565026979,0.11706232259533067,5.28803386726662,0.7482280447300973
e1/L/R3/45,L,3,quadruplet,144,2.2322128925154585,2.2322128925153937,0.37085906819964176,6.491798314323126,0.8297927038948015
e1/L/R3/45,L,3,quintuplet,272,6.277859989804258e-14,1.7763568394002505e-15,0.37085906819964176,6.491798314323126,0.8297927038948015
e1/L/R3/35,L,3,quadruplet,144,0.7410407784129602,0.27399661810066117,0.3110842260052804,2.103414366227725,0.3267820560949314
e1/L/R3/35,L,3,quintuplet,272,0.4109949271510099,0.13699830905033072,0.3110842260052804,2.103414366227725,0.3267820560949314
e1/L/R3/53,L,3,quadruplet,144,6.5561087956541275,3.4807893697157266,0.8701973424289315,6.961578739431454,0.6405160467912459
e1/L/R3/53,L,3,quintuplet,272,3.263240034108539,1.740394684857864,0.8701973424289315,6.961578739431454,0.6405160467912459
e1/L/R3/65,L,3,quadruplet,144,3.1659528920124496,1.5829764460061755,0.19117754146071597,4.460337277504232,0.6938535240708605
e1/L/R3/65,L,3,quintuplet,272,1.004414140072773e-13,2.220446049250313e-15,0.19117754146071597,4.460337277504232,0.6938535240708605
e1/L/R3/60,L,3,quadruplet,144,0.012011013114072995,0.012011013114048723,0.5660362761659354,3.089158690110839,0.49622706640915343
e1/L/R3/60,L,3,quintuplet,272,2.4297589442968124e-14,1.3322676295501878e-15,0.5660362761659354,3.089158690110839,0.49622706640915343
e1/L/R3/47,L,3,quadruplet,144,3.9933599102438815,1.996679955121917,0.4149992917239067,3.9933599102438344,0.6127560077234818
e1/L/R3/47,L,3,quintuplet,272,4.772427051511857e-14,1.7763568394002505e-15,0.4149992917239067,3.9933599102438344,0.6127560077234818
e1/L/R3/56,L,3,quadruplet,144,0.29879643818648516,0.09743362114775334,0.17745886458304394,2.4307462989761004,0.4157649974604554
e1/L/R3/56,L,3,quintuplet,272,0.1948672422955483,0.06495574743183585,0.17745886458304394,2.4307462989761004,0.4157649974604554
e1/L/R3/57,L,3,quadruplet,144,3.4505338979759355,3.4505338979758484,0.062207317440499565,5.355021381046849,0.8577220844945346
e1/L/R3/57,L,3,quintuplet,272,8.795647637825773e-14,2.6645352591003757e-15,0.062207317440499565,5.355021381046849,0.8577220844945346
e1/L/R3/73,L,3,quadruplet,144,3.788445363377975,1.8859309614193795,0.47148274035484583,5.656270093339321,0.8265286238785531
e1/L/R3/73,L,3,quintuplet,272,1.8597335438042821,0.9918578900289052,0.47148274035484583,5.656270093339321,0.8265286238785531
e1/L/R3/72,L,3,quadruplet,144,4.09351957481515,4.008174939852526,0.4182612978018936,8.016349879705054,0.6957831019815176
e1/L/R3/72,L,3,quintuplet,272,2.004087469926331,2.0040874699262634,0.4182612978018936,8.016349879705054,0.6957831019815176
e1/L/R3/76,L,3,quadruplet,144,4.5229215723700475,1.7206932990924653,0.2840836846566339,3.4413865981849305,0.5361489878406198
e1/L/R3/76,L,3,quintuplet,272,1.0815349741851175,0.28840932644935724,0.2840836846566339,3.4413865981849305,0.5361489878406198
e1/L/R3/63,L,3,quadruplet,144,6.273997799202227,3.5726657053058535,0.8931664263264647,14.290662821223433,0.9932234264305823
e1/L/R3/63,L,3,quintuplet,272,2.7013320938963683,0.9004440312987726,0.8931664263264647,14.290662821223433,0.9932234264305823
e1/L/R3/67,L,3,quadruplet,144,2.994853194448002,0.8902005413820634,0.05329195970773526,3.626554029679765,0.5337394011258356
e1/L/R3/67,L,3,quintuplet,272,0.5771505079948251,0.1539068021319383,0.05329195970773526,3.626554029679765,0.5337394011258356
e1/L/R3/54,L,3,quadruplet,144,3.1023611780639246,1.0790821488917846,0.5464219194611983,3.3784751298673625,0.5328219097760015
e1/L/R3/54,L,3,quintuplet,272,2.0232790291721403,0.6744263430573656,0.5464219194611983,3.3784751298673625,0.5328219097760015
e1/L/R3/78,L,3,quadruplet,144,2.2982452313622325e-13,7.105427357601002e-15,0.05497611660041457,16.261817460420772,1.8387633739522034
e1/L/R3/78,L,3,quintuplet,272,2.28662126270179e-13,7.105427357601002e-15,0.05497611660041457,16.261817460420772,1.8387633739522034
e1/L/R3/64,L,3,quadruplet,144,3.7336377693720038,1.8668188846859621,0.7244812771824396,6.64509747986059,0.7627851828812432
e1/L/R3/64,L,3,quintuplet,272,7.970981696686554e-14,1.7763568394002505e-15,0.7244812771824396,6.64509747986059,0.7627851828812432
e1/L/R3/81,L,3,quadruplet,144,3.7830292035145034,1.315836244700689,0.18009185751444878,3.532131776973621,0.41268847435945694
e1/L/R3/81,L,3,quintuplet,272,2.467192958813815,0.8223976529379309,0.18009185751444878,3.532131776973621,0.41268847435945694
e1/L/R3/80,L,3,quadruplet,144,2.9371080928909037,2.9371080928908446,0.13406799579656425,5.210070114115652,0.7106104722407975
e1/L/R3/80,L,3,quintuplet,272,5.87343305535773e-14,1.7763568394002505e-15,0.13406799579656425,5.210070114115652,0.7106104722407975
e1/L/R3/74,L,3,quadruplet,144,3.8020745740179143,1.239806926310157,0.3083756516142273,5.041804380165901,0.7779559152418467
e1/L/R3/74,L,3,quintuplet,272,2.479613852620413,0.8265379508734384,0.3083756516142273,5.041804380165901,0.7779559152418467
e1/L/R3/86,L,3,quadruplet,144,2.690346742475793,1.1947621770772017,0.7900003583046527,13.131315546909782,1.0538480477456518
e1/L/R3/86,L,3,quintuplet,272,1.3761088758203837,0.4587029586067747,0.7900003583046527,13.131315546909782,1.0538480477456518
e1/L/R3/69,L,3,quadruplet,144,1.0613000538627866,0.2612020304194269,0.6279529737236604,5.651576763512943,0.6439506351886551
e1/L/R3/69,L,3,quintuplet,272,0.5950584912953029,0.19835283043174823,0.6279529737236604,5.651576763512943,0.6439506351886551
e1/L/R3/87,L,3,quadruplet,144,4.033951468096799,1.0625337931760737,0.38821505688345237,2.8334234484695298,0.42051286222546613
e1/L/R3/87,L,3,quintuplet,272,1.2005280196272692,0.4001760065424129,0.38821505688345237,2.8334234484695298,0.42051286222546613
e1/L/R3/93,L,3,quadruplet,144,6.2054756095292305,2.1572925207115996,0.10499145348714034,4.6221989116461115,0.6415303329419905
e1/L/R3/93,L,3,quintuplet,272,3.162715558630967,1.5817901777826862,0.10499145348714034,4.6221989116461115,0.6415303329419905
e1/L/R3/82,L,3,quadruplet,144,3.8518415957835197,3.6007098267499664,0.1875551175393948,12.216382956824496,0.814727339225499
e1/L/R3/82,L,3,quintuplet,272,3.0540957392061716,3.0540957392061205,0.1875551175393948,12.216382956824496,0.814727339225499
e1/L/R3/79,L,3,quadruplet,144,2.640392912756755,1.320196456378297,0.8292475982156393,7.39415253696956,1.1058479913861226
e1/L/R3/79,L,3,quintuplet,272,1.611964852286143e-13,3.552713678800501e-15,0.8292475982156393,7.39415253696956,1.1058479913861226
e1/L/R3/85,L,3,quadruplet,144,5.03190336932615,1.6145389132245027,0.020990398803556687,2.6916954724689734,0.38775269561378845
e1/L/R3/85,L,3,quintuplet,272,3.091360551504324,1.069362475881816,0.020990398803556687,2.6916954724689734,0.38775269561378845
e1/L/R4/13,L,4,quadruplet,144,6.039148886060378,2.438084891762809,0.25829594666197364,4.1730146146069576,0.5115917377079929
e1/L/R4/13,L,4,quintuplet,272,3.361624997671845,1.792866665424956,0.25829594666197364,4.1730146146069576,0.5115917377079929
e1/L/R3/91,L,3,quadruplet,144,2.7158636868559336,1.0184488825709654,0.4125111569770681,3.014116305336345,0.44517071810601644
e1/L/R3/91,L,3,quintuplet,272,2.5828395242607615e-14,1.3322676295501878e-15,0.4125111569770681,3.014116305336345,0.44517071810601644
e1/L/R3/84,L,3,quadruplet,144,1.7617167791107322,0.9556819221690318,0.19283095832476338,2.5023615195810027,0.33356124242734975
e1/L/R3/84,L,3,quintuplet,272,0.001228553650565242,0.0012285536505456975,0.19283095832476338,2.5023615195810027,0.33356124242734975
e1/L/R4/18,L,4,quadruplet,144,5.495294880563972,1.8606643310481534,0.134685847775045,4.361975385589427,0.6216432681264573
e1/L/R4/18,L,4,quintuplet,272,3.153952724494795,1.05131757483157,0.134685847775045,4.361975385589427,0.6216432681264573
e1/L/R3/90,L,3,quadruplet,144,3.1139475680164637,0.8921457743057652,0.11073932587517366,1.8752849833684038,0.3018257322759015
e1/L/R3/90,L,3,quintuplet,272,1.7831665282086542,0.5943888427362121,0.11073932587517366,1.8752849833684038,0.3018257322759015
e1/L/R4/0,L,4,quadruplet,144,6.736660668631856,1.6186773967385881,0.9998016786155777,11.750813381761033,1.4386041784907535
e1/L/R4/0,L,4,quintuplet,272,2.7374539541695433,0.729987721111837,0.9998016786155777,11.750813381761033,1.4386041784907535
e1/L/R3/92,L,3,quadruplet,144,2.4122579254534005,2.4122579254533654,0.31584326553026276,2.412257925453365,0.3615366425323884
e1/L/R3/92,L,3,quintuplet,272,3.5845965495065685e-14,1.1102230246251565e-15,0.31584326553026276,2.412257925453365,0.3615366425323884
e1/L/R4/12,L,4,quadruplet,144,3.9866244799015407,3.9866244799013884,0.7115998033785749,7.852266167014718,1.0400954659175143
e1/L/R4/12,L,4,quintuplet,272,1.527953625830267e-13,2.6645352591003757e-15,0.7115998033785749,7.852266167014718,1.0400954659175143
e1/L/R4/6,L,4,quadruplet,144,6.059516826953312,2.0357677513967034,0.239318529815308,3.8315928737914637,0.659610048924169
e1/L/R4/6,L,4,quintuplet,272,1.9714399730558585,0.5257173261482124,0.239318529815308,3.8315928737914637,0.659610048924169
e1/L/R4/9,L,4,quadruplet,144,5.757116359406758,2.04304226414657,0.7016022119036087,13.317214930105433,1.4698427823607783
e1/L/R4/9,L,4,quintuplet,272,1.5819005927405771,0.5273001975801425,0.7016022119036087,13.317214930105433,1.4698427823607783
e1/L/R3/99,L,3,quadruplet,144,3.016917181531912,0.98377734180385,0.40780818368015126,6.932739122562564,0.8884835742095982
e1/L/R3/99,L,3,quintuplet,272,1.9675546836078062,0.655851561202567,0.40780818368015126,6.932739122562564,0.8884835742095982
e1/L/R4/20,L,4,quadruplet,144,1.9602390721231417,0.9801195360615242,0.06351117733712552,5.709551187891988,0.8715085396177276
e1/L/R4/20,L,4,quintuplet,272,9.411594390487047e-14,2.6645352591003757e-15,0.06351117733712552,5.709551187891988,0.8715085396177276
e1/L/R4/11,L,4,quadruplet,144,7.069939789071662,2.369454302870782,0.4036636981932338,6.862282869284971,0.8662122936389577
e1/L/R4/11,L,4,quintuplet,272,3.6694508129285377,3.0931040198170288,0.4036636981932338,6.862282869284971,0.8662122936389577
e1/L/R4/1,L,4,quadruplet,144,5.985526257043103,3.308262659998862,0.827065664999715,13.23305063999545,0.9987586141297864
e1/L/R4/1,L,4,quintuplet,272,1.4310604917786374,0.38161613114094495,0.827065664999715,13.23305063999545,0.9987586141297864
e1/L/R4/19,L,4,quadruplet,144,6.2213243008163355,2.106799805825667,0.0507618368880105,3.8982695141987547,0.645626953666917
e1/L/R4/19,L,4,quintuplet,272,3.262922130707187,1.190258169382271,0.0507618368880105,3.8982695141987547,0.645626953666917
e1/L/R4/21,L,4,quadruplet,144,4.2922623597940595,1.609598384922717,0.5790025847265543,9.843043940351414,1.0101599068895883
e1/L/R4/21,L,4,quintuplet,272,1.484757518382875e-13,3.552713678800501e-15,0.5790025847265543,9.843043940351414,1.0101599068895883
e1/L/R4/30,L,4,quadruplet,144,7.189313598644484,2.9925465235823534,0.12206788137016211,7.378060499436474,0.9104279967660186
e1/L/R4/30,L,4,quintuplet,272,3.597587822248286,1.6771994468057339,0.12206788137016211,7.378060499436474,0.9104279967660186
e1/L/R4/14,L,4,quadruplet,144,0.8644441983064126,0.24429944734743936,0.3181653680780565,6.978270536295711,0.7772777300259548
e1/L/R4/14,L,4,quintuplet,272,0.5637679554172569,0.1503381214445782,0.3181653680780565,6.978270536295711,0.7772777300259548
e1/L/R4/22,L,4,quadruplet,144,3.3493490053734054,0.9609605916448278,0.246238565963095,4.681999314005739,0.6633737970646516
e1/L/R4/22,L,4,quintuplet,272,2.1843580469826858,0.6977389828143048,0.246238565963095,4.681999314005739,0.6633737970646516
e1/L/R4/35,L,4,quadruplet,144,1.1329558986192598,0.4454497217738689,0.009149640641605394,1.5614975109806473,0.23632400921834035
e1/L/R4/35,L,4,quintuplet,272,0.7319519582722023,0.39037437774516226,0.009149640641605394,1.5614975109806473,0.23632400921834035
e1/L/R4/7,L,4,quadruplet,144,3.2980686760343962,3.2980686760342586,0.8245171690085655,13.192274704137038,1.0395814342736756
e1/L/R4/7,L,4,quintuplet,272,1.3716686715224604e-13,3.552713678800501e-15,0.8245171690085655,13.192274704137038,1.0395814342736756
e1/L/R4/27,L,4,quadruplet,144,3.45111410627181,0.8891475868946754,0.42962304028407594,4.409823504752958,0.6356160418411051
e1/L/R4/27,L,4,quintuplet,272,2.222868967236757,0.5927650579297836,0.42962304028407594,4.409823504752958,0.6356160418411051
e1/L/R4/3,L,4,quadruplet,144,1.3020561399096386,0.4372272611299257,0.46921015261450005,7.976572594446497,0.7748888826176126
e1/L/R4/3,L,4,quintuplet,272,0.8198011146186835,0.21861363056496175,0.46921015261450005,7.976572594446497,0.7748888826176126
e1/L/R4/40,L,4,quadruplet,144,4.633467795108361,2.2357637359705214,0.030609904702413537,2.3309382376321075,0.4227927588512915
e1/L/R4/40,L,4,quintuplet,272,2.214996629549386,0.5906657678798259,0.030609904702413537,2.3309382376321075,0.4227927588512915
e1/L/R4/26,L,4,quadruplet,144,2.4911483145026114,0.8663814927738129,0.6227870786256133,8.932058694795778,1.317849905560048
e1/L/R4/26,L,4,quintuplet,272,1.6144205342079223e-13,4.440892098500626e-15,0.6227870786256133,8.932058694795778,1.317849905560048
e1/L/R4/25,L,4,quadruplet,144,3.23854473528496,1.3562962198927238,0.017721927351305844,2.6921536256854823,0.3948717176930547
e1/L/R4/25,L,4,quintuplet,272,1.3562962198927582,1.3562962198927238,0.017721927351305844,2.6921536256854823,0.3948717176930547
e1/L/R4/36,L,4,quadruplet,144,4.7951675089654735,1.4274559805627627,0.3213745873528877,7.427573119937225,1.0528355403862382
e1/L/R4/36,L,4,quintuplet,272,1.8896674307339758,1.0078226297247177,0.3213745873528877,7.427573119937225,1.0528355403862382
e1/L/R4/31,L,4,quadruplet,144,2.834009627284238,1.4170048136420679,0.06693795383860035,5.927489926591757,0.8899828097490114
e1/L/R4/31,L,4,quintuplet,272,1.0407061666703899e-13,2.6645352591003757e-15,0.06693795383860035,5.927489926591757,0.8899828097490114
e1/L/R4/24,L,4,quadruplet,144,8.046915226047126,3.1608459489165504,0.04898870052701376,5.0083648177394675,0.8522269650580044
e1/L/R4/24,L,4,quintuplet,272,4.304476519430326,1.3270603858251473,0.04898870052701376,5.0083648177394675,0.8522269650580044
e1/L/R4/39,L,4,quadruplet,144,5.9347929665604315,1.6624139971861793,0.11932326800923576,4.582861776968229,0.6853744402719675
e1/L/R4/39,L,4,quintuplet,272,3.1987655602292717,0.8530041493944538,0.11932326800923576,4.582861776968229,0.6853744402719675
e1/L/R4/15,L,4,quadruplet,144,4.025444617653288,2.2519679435595497,0.06738911277993331,5.27168750469914,0.8345392093946834
e1/L/R4/15,L,4,quintuplet,272,1.1762663910456464e-13,2.220446049250313e-15,0.06738911277993331,5.27168750469914,0.8345392093946834
e1/L/R4/42,L,4,quadruplet,144,3.533454014718629,1.5370734362770402,0.7637967184410881,5.089125134518702,0.6045619023655903
e1/L/R4/42,L,4,quintuplet,272,0.475145319480566,0.15838177316017443,0.7637967184410881,5.089125134518702,0.6045619023655903
e1/L/R4/32,L,4,quadruplet,144,7.143207514259013,3.4582906526552244,0.832013748635756,6.485297642793755,0.8019836149017822
e1/L/R4/32,L,4,quintuplet,272,3.5440356969139604,1.1813452323046358,0.832013748635756,6.485297642793755,0.8019836149017822
e1/L/R4/29,L,4,quadruplet,144,5.793739924268683,2.439469978549502,0.23292424134594292,5.651136955785251,0.7989166789076702
e1/L/R4/29,L,4,quintuplet,272,1.8449827721594974,0.49199540590917445,0.23292424134594292,5.651136955785251,0.7989166789076702
e1/L/R4/28,L,4,quadruplet,144,5.313533563541441,3.1977645014579448,0.03559546657974444,13.927004941333408,1.6454357574127718
e1/L/R4/28,L,4,quintuplet,272,3.197764501458115,3.197764501457941,0.03559546657974444,13.927004941333408,1.6454357574127718
e1/L/R4/38,L,4,quadruplet,144,5.26221191576476,1.6564116305569963,0.4174185011904328,7.096114520237364,0.7587258632248036
e1/L/R4/38,L,4,quintuplet,272,3.479399389959642,1.153408833725955,0.4174185011904328,7.096114520237364,0.7587258632248036
e1/L/R4/34,L,4,quadruplet,144,3.0263690306000908,1.7456265804444557,0.012992661759341217,7.763683741833777,1.1944785254095698
e1/L/R4/34,L,4,quintuplet,272,1.1110871506972864e-13,3.552713678800501e-15,0.012992661759341217,7.763683741833777,1.1944785254095698
e1/L/R4/45,L,4,quadruplet,144,3.628462411442494,3.6284624114424266,0.48379498819232314,7.256924822884853,0.5465717782312419
e1/L/R4/45,L,4,quintuplet,272,1.8142312057212817,1.814231205721212,0.48379498819232314,7.256924822884853,0.5465717782312419
e1/L/R4/33,L,4,quadruplet,144,2.5686734742003375e-13,5.329070518200751e-15,0.03375888279509276,11.226999075593202,1.5729406106474024
e1/L/R4/33,L,4,quintuplet,272,2.558430338650509e-13,5.329070518200751e-15,0.03375888279509276,11.226999075593202,1.5729406106474024
e1/L/R4/51,L,4,quadruplet,144,6.2106432729100165,1.4624099219627884,0.3642547506911562,6.822726505150179,0.9265236695017719
e1/L/R4/51,L,4,quintuplet,272,2.648127184819588,0.8827090616064825,0.3642547506911562,6.822726505150179,0.9265236695017719
e1/L/R4/47,L,4,quadruplet,144,6.945238353783103,3.422411214759882,0.19111919093803298,4.056102896784579,0.6669744700784915
e1/L/R4/47,L,4,quintuplet,272,3.5228271390232218,1.8788411408123624,0.19111919093803298,4.056102896784579,0.6669744700784915
e1/L/R4/48,L,4,quadruplet,144,6.047243804445472,1.9118749562945077,0.2816176962727175,3.8613723628786314,0.6058515958693873
e1/L/R4/48,L,4,quintuplet,272,3.527285573070619,1.175761857690186,0.2816176962727175,3.8613723628786314,0.6058515958693873
e1/L/R4/58,L,4,quadruplet,144,6.45857275833372,2.2992213121647582,0.22999157311791674,5.082812128702493,0.7210167606670534
e1/L/R4/58,L,4,quintuplet,272,3.732858725611132,1.4499458799708214,0.22999157311791674,5.082812128702493,0.7210167606670534
e1/L/R4/60,L,4,quadruplet,144,5.229643451496654,1.5065017010046227,0.08409168502464226,3.2963307164769486,0.5089193742442197
e1/L/R4/60,L,4,quintuplet,272,3.220233784819824,1.1287158702351088,0.08409168502464226,3.2963307164769486,0.5089193742442197
e1/L/R4/46,L,4,quadruplet,144,5.5587215765274305,2.084520591197756,0.7501085673486187,6.366142495729819,0.7423590641264525
e1/L/R4/46,L,4,quintuplet,272,8.146555617729668e-14,2.220446049250313e-15,0.7501085673486187,6.366142495729819,0.7423590641264525
e1/L/R4/44,L,4,quadruplet,144,4.494336837636509,2.2314403601478414,0.1370748552467802,9.062836295838144,1.0598945913312403
e1/L/R4/44,L,4,quintuplet,272,2.2085124784455012,0.5889366609187712,0.1370748552467802,9.062836295838144,1.0598945913312403
e1/L/R4/52,L,4,quadruplet,144,6.683950821727132,2.3260682467238745,0.45605745508799966,5.984252988354476,0.8890214619767839
e1/L/R4/52,L,4,quintuplet,272,4.109905295791869,1.7358920360009569,0.45605745508799966,5.984252988354476,0.8890214619767839
e1/L/R4/65,L,4,quadruplet,144,0.10301283561253848,0.0386298133546622,0.3885538330592704,4.026044126957126,0.5696934104182392
e1/L/R4/65,L,4,quintuplet,272,1.0546024197964545e-13,1.7763568394002505e-15,0.3885538330592704,4.026044126957126,0.5696934104182392
e1/L/R4/69,L,4,quadruplet,144,4.241317164512307,2.9614825836040195,0.46693352961543066,4.032460257574223,0.6138740662973586
e1/L/R4/69,L,4,quintuplet,272,2.9614825836040732,2.96148258360402,0.46693352961543066,4.032460257574223,0.6138740662973586
e1/L/R4/56,L,4,quadruplet,144,2.903132646963429,2.9031326469633,0.06107312661900366,11.156568227648545,1.2746205173043297
e1/L/R4/56,L,4,quintuplet,272,1.2935513290124757e-13,3.552713678800501e-15,0.06107312661900366,11.156568227648545,1.2746205173043297
e1/L/R4/67,L,4,quadruplet,144,4.0747131987023435,2.5205204480767236,0.06539152124095526,6.480755506369923,0.8722441688852326
e1/L/R4/67,L,4,quintuplet,272,9.410523571435128e-14,2.6645352591003757e-15,0.06539152124095526,6.480755506369923,0.8722441688852326
e1/L/R4/49,L,4,quadruplet,144,7.595050932805723,2.6901434528240626,0.20944900482633422,8.199730840618834,1.1865068789385629
e1/L/R4/49,L,4,quintuplet,272,2.550850740847451,1.0157722184991413,0.20944900482633422,8.199730840618834,1.1865068789385629
e1/L/R4/50,L,4,quadruplet,144,8.405028660663808,3.0128774027905485,0.9053311965102697,7.649868164976898,1.0784840474312092
e1/L/R4/50,L,4,quintuplet,272,3.394991986913598,0.9053311965102708,0.9053311965102697,7.649868164976898,1.0784840474312092
e1/L/R4/54,L,4,quadruplet,144,3.9201356785230193,3.9201356785228523,0.9200867074477994,15.64147402661258,1.4453980073357604
e1/L/R4/54,L,4,quintuplet,272,1.6784421219217757e-13,5.329070518200751e-15,0.9200867074477994,15.64147402661258,1.4453980073357604
e1/L/R4/76,L,4,quadruplet,144,3.070974596928373,1.0912546260112088,0.7143521844187926,4.286113106512754,0.49142734005766714
e1/L/R4/76,L,4,quintuplet,272,0.15438681110414337,0.059352810121245964,0.7143521844187926,4.286113106512754,0.49142734005766714
e1/L/R4/81,L,4,quadruplet,144,6.596020119609502,2.7310449555073637,0.4630251576406641,5.542842540053288,0.7448209165114219
e1/L/R4/81,L,4,quintuplet,272,2.596104416957171,0.8653681389856871,0.4630251576406641,5.542842540053288,0.7448209165114219
e1/L/R4/75,L,4,quadruplet,144,6.407634133500555,3.4219181045252114,0.11367839530987744,14.710777975889737,1.318892132683804
e1/L/R4/75,L,4,quintuplet,272,3.208048222992511,1.7109590522626057,0.11367839530987744,14.710777975889737,1.318892132683804
e1/L/R4/74,L,4,quadruplet,144,1.684583826098306,0.6135171486593096,0.4552411178165148,4.653555035612098,0.7589150605675574
e1/L/R4/74,L,4,quintuplet,272,0.9654783246437016,0.46670566471162783,0.4552411178165148,4.653555035612098,0.7589150605675574
e1/L/R4/92,L,4,quadruplet,144,3.828212039374642,1.1617947036684435,0.355200015399852,8.828872541248817,0.9449076102482415
e1/L/R4/92,L,4,quintuplet,272,0.7531976429696833,0.61554535576132,0.355200015399852,8.828872541248817,0.9449076102482415
e1/L/R4/57,L,4,quadruplet,144,4.228654703598578,1.44210751810029,0.6400051626658145,4.67198797972706,0.7347948085910448
e1/L/R4/57,L,4,quintuplet,272,2.589822602921075,1.3812387215578572,0.6400051626658145,4.67198797972706,0.7347948085910448
e1/L/R4/73,L,4,quadruplet,144,3.7615558541649965,1.8807779270824034,0.21018699548252595,6.903455754142371,0.9206746728091069
e1/L/R4/73,L,4,quintuplet,272,1.8974088261686776e-13,3.552713678800501e-15,0.21018699548252595,6.903455754142371,0.9206746728091069
e1/L/R4/82,L,4,quadruplet,144,3.5667242106065467,1.860307237984071,0.4872942890461136,8.145452336117089,1.3702614251162994
e1/L/R4/82,L,4,quintuplet,272,1.6582004527614623e-13,3.552713678800501e-15,0.4872942890461136,8.145452336117089,1.3702614251162994
e1/L/R4/70,L,4,quadruplet,144,6.514538978769692,1.9643806847524963,0.2571201914829535,5.654647736409018,1.0240712357857544
e1/L/R4/70,L,4,quintuplet,272,2.6545442965345085,0.8848480988448038,0.2571201914829535,5.654647736409018,1.0240712357857544
e1/L/R4/89,L,4,quadruplet,144,7.849603769492342,2.712824608391393,0.13752976942595474,4.516254316914689,0.6434194775601262
e1/L/R4/89,L,4,quintuplet,272,4.443913313981047,2.555200327729457,0.13752976942595474,4.516254316914689,0.6434194775601262
e1/L/R4/95,L,4,quadruplet,144,2.8116758830020174,2.19675345387884,0.5491883634697099,3.9380865828877134,0.5728136155151228
e1/L/R4/95,L,4,quintuplet,272,0.6149224291231776,0.16397931443283542,0.5491883634697099,3.9380865828877134,0.5728136155151228
e1/L/R4/72,L,4,quadruplet,144,2.726296037897928,0.8477052100077722,0.030771302702955694,3.106076774750634,0.553101394737928
e1/L/R4/72,L,4,quintuplet,272,1.6954104200155897,0.6475788315894059,0.030771302702955694,3.106076774750634,0.553101394737928
e1/L/R4/86,L,4,quadruplet,144,2.74007918329353,1.121314190602092,0.2974346353494717,6.071338986868566,0.8506474014295525
e1/L/R4/86,L,4,quintuplet,272,1.1344728049874828e-13,2.220446049250313e-15,0.2974346353494717,6.071338986868566,0.8506474014295525
e1/L/R4/80,L,4,quadruplet,144,7.447420198213191,3.81544405719628,0.5091920009823738,7.630888114392559,0.7616524086716386
e1/L/R4/80,L,4,quintuplet,272,3.5769788036216212,1.9077220285981378,0.5091920009823738,7.630888114392559,0.7616524086716386
e1/L/R4/79,L,4,quadruplet,144,2.3060033705963736,0.8647512639735919,0.45939212927037687,9.308814417853835,0.9257348592209664
e1/L/R4/79,L,4,quintuplet,272,1.2805173257805628e-13,3.552713678800501e-15,0.45939212927037687,9.308814417853835,0.9257348592209664
e1/L/R5/5,L,5,quadruplet,144,7.376967901616231,2.045082109504414,0.06184480166518913,7.4842010991301855,1.2297795882170155
e1/L/R5/5,L,5,quintuplet,272,3.2150610958168286,1.205598711723757,0.06184480166518913,7.4842010991301855,1.2297795882170155
e1/L/R4/85,L,4,quadruplet,144,3.245066693376635,1.2307739048801678,0.010551515005323253,5.001365699938178,0.7092864225073968
e1/L/R4/85,L,4,quintuplet,272,1.8461608573203558,0.6153869524400835,0.010551515005323253,5.001365699938178,0.7092864225073968
e1/L/R4/94,L,4,quadruplet,144,2.9627933252798457,1.10760851978741,0.1938407233471473,4.131048797296367,0.6956548880632761
e1/L/R4/94,L,4,quintuplet,272,0.558854992659302,0.18628499755307026,0.1938407233471473,4.131048797296367,0.6956548880632761
e1/L/R5/4,L,5,quadruplet,144,8.472388380054733,2.661260494997074,0.5152523565958385,8.115785568057678,1.1887928888037542
e1/L/R5/4,L,5,quintuplet,272,4.432707557688294,1.9752462169302545,0.5152523565958385,8.115785568057678,1.1887928888037542
e1/L/R4/87,L,4,quadruplet,144,4.311379901303994,1.0551657915478767,0.0799624835477899,3.5655383490245782,0.5689850600691855
e1/L/R4/87,L,4,quintuplet,272,2.3226546828555032,0.619374582094784,0.0799624835477899,3.5655383490245782,0.5689850600691855
e1/L/R4/83,L,4,quadruplet,144,3.655705444019376,1.3708895415071984,0.3151273551304712,7.87667113008896,0.8306588770346796
e1/L/R4/83,L,4,quintuplet,272,1.80653359093297e-13,3.1086244689504383e-15,0.3151273551304712,7.87667113008896,0.8306588770346796
e1/L/R4/88,L,4,quadruplet,144,5.223666256349844,2.0145851720932093,0.2749979165403298,4.876338332331096,0.7713132753437388
e1/L/R4/88,L,4,quintuplet,272,1.8676677909799337,0.6225559303266186,0.2749979165403298,4.876338332331096,0.7713132753437388
e1/L/R4/91,L,4,quadruplet,144,1.575114008503781,1.0453637604524935,0.2613409401131235,4.181455041809976,0.4347412610802516
e1/L/R4/91,L,4,quintuplet,272,0.0017684732613900975,0.0004715928696943372,0.2613409401131235,4.181455041809976,0.4347412610802516
e1/L/R4/97,L,4,quadruplet,144,4.726679111488922,2.0342015627200407,0.4393262734989172,6.418084523325791,0.8691715230878208
e1/L/R4/97,L,4,quintuplet,272,3.0619754046420544,1.0206584682139872,0.4393262734989172,6.418084523325791,0.8691715230878208
e1/L/R5/12,L,5,quadruplet,144,5.9623645603070266,3.0100776468760904,0.19829120861936822,5.721764850775294,0.9397682814918393
e1/L/R5/12,L,5,quintuplet,272,2.952286913430935,0.9117314692100855,0.19829120861936822,5.721764850775294,0.9397682814918393
e1/L/R4/99,L,4,quadruplet,144,3.9173806805254685,1.7431073504978922,0.16538925326310583,6.972429401991571,0.9117066935674736
e1/L/R4/99,L,4,quintuplet,272,1.231371811377587e-13,3.552713678800501e-15,0.16538925326310583,6.972429401991571,0.9117066935674736
e1/L/R5/15,L,5,quadruplet,144,6.3662247077268175,1.998448795773963,0.26066312159192684,5.64291884664682,0.8345288747747597
e1/L/R5/15,L,5,quintuplet,272,3.618465485628874,1.3822204138535232,0.26066312159192684,5.64291884664682,0.8345288747747597
e1/L/R5/13,L,5,quadruplet,144,1.7990422365578365,0.8297539557860463,0.8920907878985496,15.165543394275348,1.3784284673446279
e1/L/R5/13,L,5,quintuplet,272,0.05722465703870864,0.01907488567951887,0.8920907878985496,15.165543394275348,1.3784284673446279
e1/L/R5/25,L,5,quadruplet,144,6.098905263555147,3.57263155386517,0.893157888466293,14.290526215460677,1.0400863036336023
e1/L/R5/25,L,5,quintuplet,272,2.526273709689978,0.84209123656328,0.893157888466293,14.290526215460677,1.0400863036336023
e1/L/R5/6,L,5,quadruplet,144,2.8012105453755387,1.4384346723707273,0.09276296090066793,3.974892383894792,0.6019746158677939
e1/L/R5/6,L,5,quintuplet,272,1.2335413477726442,0.6688534085700217,0.09276296090066793,3.974892383894792,0.6019746158677939
e1/L/R5/7,L,5,quadruplet,144,2.261360517705318,1.9963648228794248,0.12086830449550412,7.985459291517698,0.9236402106590679
e1/L/R5/7,L,5,quintuplet,272,1.1876055424564051,1.1314052951881628,0.12086830449550412,7.985459291517698,0.9236402106590679
e1/L/R5/22,L,5,quadruplet,144,6.254005405863414,1.8503064114951335,0.08638425903637081,4.274877937687259,0.6480961514313381
e1/L/R5/22,L,5,quintuplet,272,3.491106309524785,1.1867502871320756,0.08638425903637081,4.274877937687259,0.6480961514313381
e1/L/R5/27,L,5,quadruplet,144,3.681463638993463,1.2431759235562962,0.04404625515517768,3.4366330295511993,0.4631475068000235
e1/L/R5/27,L,5,quintuplet,272,0.9420056671935674,0.25778223473497697,0.04404625515517768,3.4366330295511993,0.4631475068000235
e1/L/R5/18,L,5,quadruplet,144,5.609688069916948,1.6360994950097343,0.5388230510583849,9.159991867992538,0.8983606694963925
e1/L/R5/18,L,5,quintuplet,272,2.549208845787653,1.3595780510866886,0.5388230510583849,9.159991867992538,0.8983606694963925
e1/L/R5/32,L,5,quadruplet,144,7.52829261687758,3.3825231290484163,0.2272062447942762,8.336808775859819,0.8456304927553061
e1/L/R5/32,L,5,quintuplet,272,5.001148405837821,3.382523129048417,0.2272062447942762,8.336808775859819,0.8456304927553061
e1/L/R5/23,L,5,quadruplet,144,5.203092134727178,1.6954416929833314,0.005594072574455211,5.075882800089224,0.498650831381903
e1/L/R5/23,L,5,quintuplet,272,3.039822124445428,1.3838693565981581,0.005594072574455211,5.075882800089224,0.498650831381903
e1/L/R5/51,L,5,quadruplet,144,7.332707223847796,3.4337746254433537,0.8584436563608389,6.867549250886707,0.708604253586995
e1/L/R5/51,L,5,quintuplet,272,4.7727658518545955,1.7168873127216777,0.8584436563608389,6.867549250886707,0.708604253586995
e1/L/R5/24,L,5,quadruplet,144,6.799062197986223,3.712038878209441,0.9280097195523602,14.848155512837774,1.0756426115947784
e1/L/R5/24,L,5,quintuplet,272,2.7269487587885184,0.9089829195961339,0.9280097195523602,14.848155512837774,1.0756426115947784
e1/L/R5/17,L,5,quadruplet,144,6.847781441479141,2.6154836461669326,0.2117686797058944,8.284408733939616,1.0135852941404349
e1/L/R5/17,L,5,quintuplet,272,2.948096429143155,1.117406738423493,0.2117686797058944,8.284408733939616,1.0135852941404349
e1/L/R5/35,L,5,quadruplet,144,3.53953554880972,1.3338346370793883,0.12388544232326204,4.434930690103301,0.5905567478266213
e1/L/R5/35,L,5,quintuplet,272,2.0088748898679127,0.6696249632892687,0.12388544232326204,4.434930690103301,0.5905567478266213
e1/L/R5/28,L,5,quadruplet,144,8.602908708980385,3.2408709963332667,0.023427045536525526,9.717871409712792,1.13472730900845
e1/L/R5/28,L,5,quintuplet,272,3.1525760655966226,0.8406869508257269,0.023427045536525526,9.717871409712792,1.13472730900845
e1/L/R5/36,L,5,quadruplet,144,4.524634692055473,1.3966977049826088,0.5490621304365568,9.334056217421468,1.0468420121812199
e1/L/R5/36,L,5,quintuplet,272,3.7097984616218147,1.236599487207223,0.5490621304365568,9.334056217421468,1.0468420121812199
e1/L/R5/48,L,5,quadruplet,144,4.905286920708281,1.411832309376225,0.6900464552162511,5.8160102696805875,0.6983607903095878
e1/L/R5/48,L,5,quintuplet,272,2.204402342124716,0.5878406245665528,0.6900464552162511,5.8160102696805875,0.6983607903095878
e1/L/R5/14,L,5,quadruplet,144,5.774194416379149,1.7522610319702774,0.18289701860824792,10.256980646903928,1.3966960913161441
e1/L/R5/14,L,5,quintuplet,272,3.2542788294038543,1.084759609801211,0.18289701860824792,10.256980646903928,1.3966960913161441
e1/L/R5/41,L,5,quadruplet,144,5.233798526864506,1.5522076582292201,0.7650449335194978,13.005763869831469,1.320174625493336
e1/L/R5/41,L,5,quintuplet,272,2.7091393453630106,0.9030464484542693,0.7650449335194978,13.005763869831469,1.320174625493336
e1/L/R5/49,L,5,quadruplet,144,3.7797014839653835,3.779701483965257,0.11438791506899815,7.142027771536399,0.9350610816846269
e1/L/R5/49,L,5,quintuplet,272,1.2570827659255743e-13,2.6645352591003757e-15,0.11438791506899815,7.142027771536399,0.9350610816846269
e1/L/R5/43,L,5,quadruplet,144,6.795300400980462,3.6933667758792357,0.9233416939698085,14.77346710351694,1.0429303656555173
e1/L/R5/43,L,5,quintuplet,272,3.0935624103712485,1.0311874701237205,0.9233416939698085,14.77346710351694,1.0429303656555173
e1/L/R5/56,L,5,quadruplet,144,7.7247301301614595,5.7606467079962655,1.3904393323997546,22.10129619533018,1.5463960970403023
e1/L/R5/56,L,5,quintuplet,272,3.663876252976426,2.8803233539981328,1.3904393323997546,22.10129619533018,1.5463960970403023
e1/L/R5/47,L,5,quadruplet,144,4.924079274313229,1.366038617778491,0.2827031133088651,5.170404909917539,0.840987755384326
e1/L/R5/47,L,5,quintuplet,272,1.9749116955506323,0.5266431188134699,0.2827031133088651,5.170404909917539,0.840987755384326
e1/L/R5/55,L,5,quadruplet,144,7.4896287403117405,2.6415882112598563,0.6603970528149645,10.566352845039424,1.0692705029935956
e1/L/R5/55,L,5,quintuplet,272,3.2229515129884825,0.859453736796895,0.6603970528149645,10.566352845039424,1.0692705029935956
e1/L/R5/58,L,5,quadruplet,144,6.5311709816170564,2.1709966797212235,1.0723692031423475,17.965652455090975,1.7415149880778085
e1/L/R5/58,L,5,quintuplet,272,3.729917801169516,1.2433951846725213,1.0723692031423475,17.965652455090975,1.7415149880778085
e1/L/R5/52,L,5,quadruplet,144,7.109686631159929,4.065252267101345,0.07057697316956357,6.839410026446861,1.0288223187188317
e1/L/R5/52,L,5,quintuplet,272,4.116044647412924,1.7098525066117158,0.07057697316956357,6.839410026446861,1.0288223187188317
e1/L/R5/37,L,5,quadruplet,144,2.373232548990636,0.8663410648875007,0.8933080968411033,15.18623764629875,1.3924622077996902
e1/L/R5/37,L,5,quintuplet,272,0.06298970929063426,0.0629897092904689,0.8933080968411033,15.18623764629875,1.3924622077996902
e1/L/R5/71,L,5,quadruplet,144,5.96708883408761,1.5840799092715456,0.8103975053317214,5.179926640065031,0.6722013128424529
e1/L/R5/71,L,5,quintuplet,272,3.3674667714176136,1.0032294290366432,0.8103975053317214,5.179926640065031,0.6722013128424529
e1/L/R5/50,L,5,quadruplet,144,3.8337767937665665,1.314144362079603,0.09440770706003221,6.247177317258561,0.8464562459219672
e1/L/R5/50,L,5,quintuplet,272,1.9355854890615867,0.6044296827570781,0.09440770706003221,6.247177317258561,0.8464562459219672
e1/L/R5/60,L,5,quadruplet,144,6.4250956323868085,2.1066572696010613,0.05841424310408172,3.889171233045497,0.5980454877058692
e1/L/R5/60,L,5,quintuplet,272,4.41885936514526,1.674088911527786,0.05841424310408172,3.889171233045497,0.5980454877058692
e1/L/R5/59,L,5,quadruplet,144,2.6535147692812595,2.402233838889745,0.24243460771042713,6.006282094367306,0.7822939499929477
e1/L/R5/59,L,5,quintuplet,272,0.013728095178231453,0.013728095178142441,0.24243460771042713,6.006282094367306,0.7822939499929477
e1/L/R5/57,L,5,quadruplet,144,6.753881731674914,3.310444349596459,0.8276110873991147,13.24177739838583,1.1534856799670428
e1/L/R5/57,L,5,quintuplet,272,3.335288717063865,1.778820649100621,0.8276110873991147,13.24177739838583,1.1534856799670428
e1/L/R5/42,L,5,quadruplet,144,1.236464470557712,0.4521249526846379,0.40589499948114005,3.783340419435455,0.6087111932718777
e1/L/R5/42,L,5,quintuplet,272,0.4521249526847084,0.4521249526846379,0.40589499948114005,3.783340419435455,0.6087111932718777
e1/L/R5/54,L,5,quadruplet,144,3.885659679624845,2.2144136310289575,0.5880187490842252,3.87412590343289,0.5497539124318824
e1/L/R5/54,L,5,quintuplet,272,0.010573398061252924,0.0037805668552529786,0.5880187490842252,3.87412590343289,0.5497539124318824
e1/L/R5/67,L,5,quadruplet,144,3.005905064792725,1.351064275017196,0.16920418587490804,2.9100734750608215,0.3519532504339619
e1/L/R5/67,L,5,quintuplet,272,1.4902743145604362,0.5856237792322723,0.16920418587490804,2.9100734750608215,0.3519532504339619
e1/L/R5/72,L,5,quadruplet,144,8.904025302187527,2.7423079750929142,0.0630185433833157,4.72269482572661,0.7487659519546136
e1/L/R5/72,L,5,quintuplet,272,3.1494925594778738,1.1940833887988067,0.0630185433833157,4.72269482572661,0.7487659519546136
e1/L/R5/45,L,5,quadruplet,144,2.1028570740474457,0.9696150848998011,0.12766545342043223,8.728170889715507,1.3276622440774286
e1/L/R5/45,L,5,quintuplet,272,2.1169662977798067e-13,4.440892098500626e-15,0.12766545342043223,8.728170889715507,1.3276622440774286
e1/L/R5/44,L,5,quadruplet,144,4.252036603300797,1.168292683860082,0.14848305352175828,2.247446736835092,0.3467042401764229
e1/L/R5/44,L,5,quintuplet,272,2.3013160990950294,0.881760279330578,0.14848305352175828,2.247446736835092,0.3467042401764229
e1/L/R5/68,L,5,quadruplet,144,2.121139898268418,1.3737732729661705,0.0019506666946602635,4.889403745762309,0.7025172316859769
e1/L/R5/68,L,5,quintuplet,272,1.4546561326654286e-13,3.1086244689504383e-15,0.0019506666946602635,4.889403745762309,0.7025172316859769
e1/L/R5/61,L,5,quadruplet,144,4.250449222054483,1.202649853599289,0.8017665690661921,8.453612255415953,0.9864873962898144
e1/L/R5/61,L,5,quintuplet,272,1.043382945789716,0.34779431526319277,0.8017665690661921,8.453612255415953,0.9864873962898144
e1/W/R1/15,W,1,quadruplet,144,3.1165365462740553,3.1165365462739363,0.8310764123397174,12.466146185095754,1.374263442214164
e1/W/R1/15,W,1,quintuplet,272,3.1165365462740544,3.1165365462739363,0.8310764123397174,12.466146185095754,1.374263442214164
e1/L/R5/70,L,5,quadruplet,144,0.6844494669629737,0.22864272029405727,0.33838420723796947,4.606551499501732,0.6966867271100544
e1/L/R5/70,L,5,quintuplet,272,0.4543280527495961,0.12115414739986186,0.33838420723796947,4.606551499501732,0.6966867271100544
e1/L/R5/46,L,5,quadruplet,144,5.21469061714493,1.812665095159466,0.1233532575859062,7.01570743900122,1.0045601161996829
e1/L/R5/46,L,5,quintuplet,272,3.013581438383864,1.246466777237944,0.1233532575859062,7.01570743900122,1.0045601161996829
e1/W/R1/4,W,1,quadruplet,144,2.4052068896393466e-14,8.881784197001252e-16,0.14828849941398659,2.52090449003777,0.26797274590946163
e1/W/R1/4,W,1,quintuplet,272,2.394320102223229e-14,8.881784197001252e-16,0.14828849941398659,2.52090449003777,0.26797274590946163
e1/W/R1/6,W,1,quadruplet,144,0.5791821134428528,0.5791821134428508,0.14479552836071274,2.316728453771404,0.15959355976275166
e1/W/R1/6,W,1,quintuplet,272,1.87061127763892e-15,4.440892098500626e-16,0.14479552836071274,2.316728453771404,0.15959355976275166
e1/L/R5/62,L,5,quadruplet,144,4.651727528061258,1.6038480450626234,0.3712960049964238,5.86113278052402,0.8884399478408164
e1/L/R5/62,L,5,quintuplet,272,3.0072150844925285,1.002405028164141,0.3712960049964238,5.86113278052402,0.8884399478408164
e1/L/R5/65,L,5,quadruplet,144,7.389902673611244,3.8539627847239535,0.12260353366990095,5.7775211425946775,0.9528912661811729
e1/L/R5/65,L,5,quintuplet,272,3.535939888887292,1.178646629629049,0.12260353366990095,5.7775211425946775,0.9528912661811729
e1/L/R5/77,L,5,quadruplet,144,2.9898836134317697,1.312087828533074,0.05441605732768373,3.8683574319558893,0.5661604585518043
e1/L/R5/77,L,5,quintuplet,272,0.2626822418665091,0.08756074728881647,0.05441605732768373,3.8683574319558893,0.5661604585518043
e1/L/R5/84,L,5,quadruplet,144,3.2359651902009827,1.019753491320048,0.20366298514743253,6.832989870554745,0.8409206614734023
e1/L/R5/84,L,5,quintuplet,272,1.9434373136459346,0.7216232636017306,0.20366298514743253,6.832989870554745,0.8409206614734023
e1/L/R5/80,L,5,quadruplet,144,7.4049005290563485,3.7359011269680593,0.7890576224182482,8.381632822199844,1.182380570131695
e1/L/R5/80,L,5,quintuplet,272,3.2904435804575294,1.0249578798471615,0.7890576224182482,8.381632822199844,1.182380570131695
e1/W/R1/12,W,1,quadruplet,144,2.915689472629199e-13,6.217248937900877e-15,0.8534822379161042,14.509198044573761,1.8964790155809819
e1/W/R1/12,W,1,quintuplet,272,2.9036893705181987e-13,7.105427357601002e-15,0.8534822379161042,14.509198044573761,1.8964790155809819
e1/L/R5/83,L,5,quadruplet,144,3.969785507422777,1.4184735805112842,0.8446637843837372,15.579597550497555,1.7771595738397665
e1/L/R5/83,L,5,quintuplet,272,0.016865327076524102,0.0044974205536775225,0.8446637843837372,15.579597550497555,1.7771595738397665
e1/W/R1/22,W,1,quadruplet,144,3.2522796237045966,1.6261398118522976,0.8130699059261488,4.878419435556893,0.590438663428951
e1/W/R1/22,W,1,quintuplet,272,2.1092475639347685e-15,1.3322676295501878e-15,0.8130699059261488,4.878419435556893,0.590438663428951
e1/L/R5/76,L,5,quadruplet,144,7.188028899199609,2.222246182835993,0.2982180274039772,4.862727019188741,0.6998964500324315
e1/L/R5/76,L,5,quintuplet,272,3.204116883150135,0.8544311688400039,0.2982180274039772,4.862727019188741,0.6998964500324315
e1/W/R1/13,W,1,quadruplet,144,9.401935186745562e-14,2.6645352591003757e-15,0.842813317390207,6.742506539121658,1.0159746612031337
e1/W/R1/13,W,1,quintuplet,272,9.339891293908605e-14,2.6645352591003757e-15,0.842813317390207,6.742506539121658,1.0159746612031337
e1/L/R5/79,L,5,quadruplet,144,2.108189831039808,0.8971114731990721,0.20543668902418588,15.035170815326644,1.7825494524506496
e1/L/R5/79,L,5,quintuplet,272,1.3313586642621122,0.4437862214206323,0.20543668902418588,15.035170815326644,1.7825494524506496
e1/L/R5/74,L,5,quadruplet,144,5.87071824953444,1.4238014144547466,0.809259582235458,5.6682264088413365,0.6970458640944639
e1/L/R5/74,L,5,quintuplet,272,2.091900643640218,0.6997483423499311,0.809259582235458,5.6682264088413365,0.6970458640944639
e1/L/R5/85,L,5,quadruplet,144,3.1538560922452343,1.222627998153772,0.22471744433998353,8.362296760741089,0.8816555852718948
e1/L/R5/85,L,5,quintuplet,272,1.7449159411925315,0.5779162034374645,0.22471744433998353,8.362296760741089,0.8816555852718948
e1/W/R1/26,W,1,quadruplet,144,1.4126008947470525,1.412600894747026,0.3531502236867565,5.650403578988108,0.47544303905740015
e1/W/R1/26,W,1,quintuplet,272,2.5606271016585542e-14,1.3322676295501878e-15,0.3531502236867565,5.650403578988108,0.47544303905740015
e1/L/R5/88,L,5,quadruplet,144,4.017929829403001,1.394452421172069,0.040708051060112105,2.932376179207452,0.3548737220244013
e1/L/R5/88,L,5,quintuplet,272,2.204527921234089,1.175748224658144,0.040708051060112105,2.932376179207452,0.3548737220244013
e1/L/R5/87,L,5,quadruplet,144,2.0775964209064868,1.048482537430174,0.07151907074215602,3.741534009649334,0.5163478978364646
e1/L/R5/87,L,5,quintuplet,272,9.895944495100293e-14,1.9984014443252818e-15,0.07151907074215602,3.741534009649334,0.5163478978364646
e1/W/R1/19,W,1,quadruplet,144,2.294798304898764e-14,1.3322676295501878e-15,0.6419297885391497,3.209648942695749,0.5153585895599191
e1/W/R1/19,W,1,quintuplet,272,2.2686801286734724e-14,1.3322676295501878e-15,0.6419297885391497,3.209648942695749,0.5153585895599191
e1/L/R5/95,L,5,quadruplet,144,3.5383039526056477,2.554586113276334,0.21641994480014226,5.130398838715352,0.7396312698373628
e1/L/R5/95,L,5,quintuplet,272,0.9837178393293139,0.32790594644306725,0.21641994480014226,5.130398838715352,0.7396312698373628
e1/L/R5/89,L,5,quadruplet,144,3.16318365260566,3.1631836526054524,0.6438493919394066,13.55621884659236,1.429190312658439
e1/L/R5/89,L,5,quintuplet,272,2.0973850136216555e-13,5.329070518200751e-15,0.6438493919394066,13.55621884659236,1.429190312658439
e1/W/R1/40,W,1,quadruplet,144,2.683828128539987e-15,3.885780586188048e-16,0.22155536043851987,1.1077768021925993,0.17787063336767317
e1/W/R1/40,W,1,quintuplet,272,2.624400720477099e-15,3.885780586188048e-16,0.22155536043851987,1.1077768021925993,0.17787063336767317
e1/L/R5/97,L,5,quadruplet,144,6.175978604948862,1.7728338207090717,0.24775261091585765,5.070130016738639,0.7968242073597058
e1/L/R5/97,L,5,quintuplet,272,2.9799829057037543,1.0056428784396134,0.24775261091585765,5.070130016738639,0.7968242073597058
e1/L/R5/78,L,5,quadruplet,144,5.034799370944362,1.7977217822719647,0.008613990914001945,4.370074045285012,0.6510899377475236
e1/L/R5/78,L,5,quintuplet,272,2.9990584593581957,1.0531791618288646,0.008613990914001945,4.370074045285012,0.6510899377475236
e1/W/R1/33,W,1,quadruplet,144,0.42832413943965825,0.42832413943965764,0.10708103485991438,0.4283241394396575,0.06591411785027927
e1/W/R1/33,W,1,quintuplet,272,7.208002623997024e-16,1.1102230246251565e-16,0.10708103485991438,0.4283241394396575,0.06591411785027927
e1/L/R5/92,L,5,quadruplet,144,4.7299338829219995,2.531205295832075,0.09519642771318537,9.234479663875348,1.2647185337852205
e1/L/R5/92,L,5,quintuplet,272,0.13329392188045963,0.13329392188032357,0.09519642771318537,9.234479663875348,1.2647185337852205
e1/W/R1/60,W,1,quadruplet,144,0.38981190815020234,0.1461794655563256,0.0974529770375504,0.3898119081502016,0.05998753207528344
e1/W/R1/60,W,1,quintuplet,272,7.211862976654135e-16,1.1102230246251565e-16,0.0974529770375504,0.3898119081502016,0.05998753207528344
e1/L/R5/81,L,5,quadruplet,144,5.667098448898685,1.663951750027421,0.08102522286829572,4.29758517482408,0.7399215143065866
e1/L/R5/81,L,5,quintuplet,272,2.7768222086617507,1.0951420731615615,0.08102522286829572,4.29758517482408,0.7399215143065866
e1/L/R5/82,L,5,quadruplet,144,4.632308235333451,1.2770077850646038,0.6385100663999879,7.010285084435723,0.789341204854733
e1/L/R5/82,L,5,quintuplet,272,1.995277230765306,0.5320739282040592,0.6385100663999879,7.010285084435723,0.789341204854733
e1/W/R1/62,W,1,quadruplet,144,1.8386967067248014e-14,8.881784197001252e-16,0.4837977133072475,2.418988566536237,0.3884058842786216
e1/W/R1/62,W,1,quintuplet,272,1.8244329895303942e-14,8.881784197001252e-16,0.4837977133072475,2.418988566536237,0.3884058842786216
e1/W/R1/56,W,1,quadruplet,144,0.0,0.0,0.017144490296751247,0.2914563350447712,0.03098187762499689
e1/W/R1/56,W,1,quintuplet,272,0.0,0.0,0.017144490296751247,0.2914563350447712,0.03098187762499689
e1/W/R1/47,W,1,quadruplet,144,7.698878122205152e-15,6.661338147750939e-16,0.18046038000020315,1.4436830400016252,0.21753711011475463
e1/W/R1/47,W,1,quintuplet,272,7.541202092040816e-15,7.771561172376096e-16,0.18046038000020315,1.4436830400016252,0.21753711011475463
e1/W/R1/43,W,1,quadruplet,144,2.729281668614452,1.023480625730412,0.6823204171536084,4.093922502921648,0.472956218469412
e1/W/R1/43,W,1,quintuplet,272,2.0690225410169012e-14,1.3322676295501878e-15,0.6823204171536084,4.093922502921648,0.472956218469412
e1/W/R1/68,W,1,quadruplet,144,1.892370812900054e-15,2.220446049250313e-16,0.13133840310694522,0.6566920155347261,0.10544202090119914
e1/W/R1/68,W,1,quintuplet,272,1.8414295102983516e-15,2.220446049250313e-16,0.13133840310694522,0.6566920155347261,0.10544202090119914
e1/W/R1/72,W,1,quadruplet,144,4.685786941837147e-14,3.552713678800501e-15,0.615386898510712,10.461577274682103,0.9397566960110858
e1/W/R1/72,W,1,quintuplet,272,4.644854413474262e-14,3.552713678800501e-15,0.615386898510712,10.461577274682103,0.9397566960110858
e1/W/R1/50,W,1,quadruplet,144,2.9721045096591306e-13,7.105427357601002e-15,0.9965346655954388,16.94108931512248,2.214348462851712
e1/W/R1/50,W,1,quintuplet,272,2.9564963351840293e-13,7.105427357601002e-15,0.9965346655954388,16.94108931512248,2.214348462851712
e1/L/R5/98,L,5,quadruplet,144,2.628533243570392,1.3533611570084298,0.005230793446844961,1.6557179856315567,0.2602469732276198
e1/L/R5/98,L,5,quintuplet,272,1.6734155846774674,1.3533611570084298,0.005230793446844961,1.6557179856315567,0.2602469732276198
e1/L/R5/99,L,5,quadruplet,144,2.9644286188440097,2.6011265507240573,0.2908729323342367,5.202253101448115,0.4820139618078772
e1/L/R5/99,L,5,quintuplet,272,1.3005632753620755,1.3005632753620286,0.2908729323342367,5.202253101448115,0.4820139618078772
e1/W/R1/64,W,1,quadruplet,144,1.017916550406935e-15,1.1102230246251565e-16,0.06705395513036716,0.3352697756518358,0.053832728060558874
e1/W/R1/64,W,1,quintuplet,272,9.962549533303272e-16,1.1102230246251565e-16,0.06705395513036716,0.3352697756518358,0.053832728060558874
e1/W/R1/80,W,1,quadruplet,144,5.452535907789216,5.452535907789153,0.9693397169402935,14.540095754104408,1.207122314565852
e1/W/R1/80,W,1,quintuplet,272,3.6350239385261647,3.6350239385261,0.9693397169402935,14.540095754104408,1.207122314565852
e1/W/R1/97,W,1,quadruplet,144,1.5153067272431612e-14,4.440892098500626e-16,0.419262720102374,2.0963136005118694,0.33659544695492327
e1/W/R1/97,W,1,quintuplet,272,1.5047931213677803e-14,4.440892098500626e-16,0.419262720102374,2.0963136005118694,0.33659544695492327
e1/W/R1/88,W,1,quadruplet,144,1.1272642683859573,0.563632134192978,0.2818160670964889,1.1272642683859555,0.17347289819342182
e1/W/R1/88,W,1,quintuplet,272,1.5266100219352673e-15,3.3306690738754696e-16,0.2818160670964889,1.1272642683859555,0.17347289819342182
e1/L/R5/96,L,5,quadruplet,144,4.407431199415606,1.4105597764013051,0.46319124490682917,8.049535153318061,1.04596843180785
e1/L/R5/96,L,5,quintuplet,272,0.5168605874028813,0.1378294899740633,0.46319124490682917,8.049535153318061,1.04596843180785
e1/W/R1/93,W,1,quadruplet,144,2.7125742668357824e-14,1.7763568394002505e-15,0.8287083427212574,4.143541713606286,0.6653094626334175
e1/W/R1/93,W,1,quintuplet,272,2.6882708163483357e-14,1.7763568394002505e-15,0.8287083427212574,4.143541713606286,0.6653094626334175
e1/W/R1/99,W,1,quadruplet,144,1.5385458598849593,1.5385458598849011,0.3846364649712255,6.154183439539606,0.7131350924003564
e1/W/R1/99,W,1,quintuplet,272,5.792619124167855e-14,2.6645352591003757e-15,0.3846364649712255,6.154183439539606,0.7131350924003564
e1/W/R1/75,W,1,quadruplet,144,4.315238641007884,4.31523864100779,0.7671535361791637,11.507303042687449,1.2685609213336613
e1/W/R1/75,W,1,quintuplet,272,2.876825760671953,2.87682576067186,0.7671535361791637,11.507303042687449,1.2685609213336613
e1/W/R1/91,W,1,quadruplet,144,3.7640995097147694,3.764099509714741,0.501879934628632,7.528199019429482,0.46972759673556364
e1/W/R1/91,W,1,quintuplet,272,1.8820497548573987,1.882049754857369,0.501879934628632,7.528199019429482,0.46972759673556364
e1/W/R1/84,W,1,quadruplet,144,1.2490482094934053e-14,1.1102230246251565e-15,0.4500184648368073,2.2500923241840374,0.3612869903451642
e1/W/R1/84,W,1,quintuplet,272,1.2372624236587195e-14,1.1102230246251565e-15,0.4500184648368073,2.2500923241840374,0.3612869903451642
e1/W/R2/1,W,2,quadruplet,144,1.8329760730617755,0.6873660273980953,0.982685097728174,16.705646661378946,1.8672438081650191
e1/W/R2/1,W,2,quintuplet,272,1.9008312384398613e-13,7.105427357601002e-15,0.982685097728174,16.705646661378946,1.8672438081650191
e1/W/R2/0,W,2,quadruplet,144,1.5559949146867809,0.6915532954162721,0.9587967722436375,16.299545128141844,1.7945294852681437
e1/W/R2/0,W,2,quintuplet,272,1.0373299431245768,0.48408730679139134,0.9587967722436375,16.299545128141844,1.7945294852681437
e1/W/R2/3,W,2,quadruplet,144,2.614025110172345,2.6140251101722027,0.5873757733959497,11.043476214084754,1.1758850107890733
e1/W/R2/3,W,2,quintuplet,272,1.4400006659092898e-13,4.440892098500626e-15,0.5873757733959497,11.043476214084754,1.1758850107890733
e1/W/R2/4,W,2,quadruplet,144,2.1785430876668657,2.1785430876667786,0.2768940049153388,4.707198083560757,0.5999803150297242
e1/W/R2/4,W,2,quintuplet,272,8.607549392333351e-14,2.6645352591003757e-15,0.2768940049153388,4.707198083560757,0.5999803150297242
e1/W/R1/94,W,1,quadruplet,144,1.0092502768027038e-13,3.552713678800501e-15,0.8919887133290558,7.135909706632443,1.075253454261609
e1/W/R1/94,W,1,quintuplet,272,1.0022899868465489e-13,2.6645352591003757e-15,0.8919887133290558,7.135909706632443,1.075253454261609
e1/W/R2/15,W,2,quadruplet,144,3.638015783335249,3.3936075297534005,0.45248100396712054,6.7872150595068,0.41445295077551186
e1/W/R2/15,W,2,quintuplet,272,1.9333278812462318,1.6968037648767007,0.45248100396712054,6.7872150595068,0.41445295077551186
e1/W/R2/7,W,2,quadruplet,144,0.41291949338937933,0.1324458752380994,0.10501364632576293,1.1483429386316342,0.19562697257912284
e1/W/R2/7,W,2,quintuplet,272,0.23372801512606853,0.07790933837535274,0.10501364632576293,1.1483429386316342,0.19562697257912284
e1/W/R2/25,W,2,quadruplet,144,5.469585948606977,5.469585948606857,0.9113987060594297,14.585562529618283,1.2296018601649235
e1/W/R2/25,W,2,quintuplet,272,3.646390632404691,3.6463906324045734,0.9113987060594297,14.585562529618283,1.2296018601649235
e1/W/R2/17,W,2,quadruplet,144,2.5960777052744803,2.5960777052743067,0.23876017678308514,6.184172982372,0.9379454650502463
e1/W/R2/17,W,2,quintuplet,272,1.7331509804860532e-13,3.1086244689504383e-15,0.23876017678308514,6.184172982372,0.9379454650502463
e1/W/R2/23,W,2,quadruplet,144,1.0894090189338856,1.0894090189336936,0.6499483252551457,10.776769274604042,1.1655846504341194
e1/W/R2/23,W,2,quintuplet,272,1.9398300805814156e-13,5.329070518200751e-15,0.6499483252551457,10.776769274604042,1.1655846504341194
e1/W/R2/30,W,2,quadruplet,144,6.436875087238746,2.6391398006180924,0.4748686661489536,8.21869872079273,0.8579790948070234
e1/W/R2/30,W,2,quintuplet,272,3.6299203381143625,1.9359575136609442,0.4748686661489536,8.21869872079273,0.8579790948070234
e1/W/R2/45,W,2,quadruplet,144,6.154170734530885,3.091671811658994,0.5496305442949332,8.244458164423982,0.6979751940231821
e1/W/R2/45,W,2,quintuplet,272,3.862584495736538,2.0611145411059972,0.5496305442949332,8.244458164423982,0.6979751940231821
e1/W/R2/31,W,2,quadruplet,144,3.081735633185198,3.0817356331849868,0.6867404829790402,8.994126623603343,1.3075957469518762
e1/W/R2/31,W,2,quintuplet,272,2.1095212063987085e-13,4.440892098500626e-15,0.6867404829790402,8.994126623603343,1.3075957469518762
e1/W/R2/33,W,2,quadruplet,144,1.8728618145336215e-13,5.329070518200751e-15,0.7608355935259343,12.934205089940887,1.379568246163505
e1/W/R2/33,W,2,quintuplet,272,1.8637364321313194e-13,5.329070518200751e-15,0.7608355935259343,12.934205089940887,1.379568246163505
e1/W/R2/22,W,2,quadruplet,144,0.5446853524431321,0.2042570071661729,0.06833272840579097,0.8170280286646918,0.09780551983157341
e1/W/R2/22,W,2,quintuplet,272,4.262032409600171e-15,2.220446049250313e-16,0.06833272840579097,0.8170280286646918,0.09780551983157341
e1/W/R2/42,W,2,quadruplet,144,7.342015449628688,2.4669548680810376,0.9744343092155123,6.653159807075328,0.952728772401904
e1/W/R2/42,W,2,quintuplet,272,3.444278212766637,1.3777112851066393,0.9744343092155123,6.653159807075328,0.952728772401904
e1/W/R2/29,W,2,quadruplet,144,3.4483048824445834,1.7241524412222222,0.7501041531496053,13.703533176966083,1.3739186072521097
e1/W/R2/29,W,2,quintuplet,272,1.416368539854519e-13,5.329070518200751e-15,0.7501041531496053,13.703533176966083,1.3739186072521097
e1/W/R2/32,W,2,quadruplet,144,7.486318060435634,3.1419320713848653,0.9135794904989814,5.780994736916726,0.9705606438158236
e1/W/R2/32,W,2,quintuplet,272,3.5987218166344226,3.5987218166343555,0.9135794904989814,5.780994736916726,0.9705606438158236
e1/W/R2/35,W,2,quadruplet,144,3.549516514502626,3.5495165145022307,0.6950289956249183,14.198066058008916,1.9314921789813817
e1/W/R2/35,W,2,quintuplet,272,3.549516514502624,3.549516514502232,0.6950289956249183,14.198066058008916,1.9314921789813817
e1/W/R2/36,W,2,quadruplet,144,1.768873022175742,0.7861657876336493,0.16711488080028136,2.8409529736047796,0.3137215218610997
e1/W/R2/36,W,2,quintuplet,272,1.1792486814505054,0.5503160513435548,0.16711488080028136,2.8409529736047796,0.3137215218610997
e1/W/R2/41,W,2,quadruplet,144,3.4619478770438965,1.0451163402396535,0.025709659767303883,4.660276554040616,0.582611290238077
e1/W/R2/41,W,2,quintuplet,272,1.9595931379493958,1.0451163402396526,0.025709659767303883,4.660276554040616,0.582611290238077
e1/W/R2/67,W,2,quadruplet,144,3.626335292926096,3.6263352929260435,0.6565895918831703,11.162023062013896,1.3598891720836714
e1/W/R2/67,W,2,quintuplet,272,5.2574664185980197e-14,4.440892098500626e-15,0.6565895918831703,11.162023062013896,1.3598891720836714
e1/W/R2/50,W,2,quadruplet,144,3.717309173922318,2.3234063443536432,0.0642171204800226,7.3057141834057715,0.8304912482292189
e1/W/R2/50,W,2,quintuplet,272,1.922989188310887,1.922989188310801,0.0642171204800226,7.3057141834057715,0.8304912482292189
e1/W/R2/37,W,2,quadruplet,144,3.6808696822466143,1.2269565607488158,0.9837746663448996,16.724169327863308,1.7256254642050937
e1/W/R2/37,W,2,quintuplet,272,2.453913121497799,1.3087536647987361,0.9837746663448996,16.724169327863308,1.7256254642050937
e1/W/R2/58,W,2,quadruplet,144,4.11439413685369,3.0004484553938484,0.4120304493197606,7.546011095736801,1.076866225260246
e1/W/R2/58,W,2,quintuplet,272,3.0004484553940407,1.8865027739342006,0.4120304493197606,7.546011095736801,1.076866225260246
e1/W/R2/57,W,2,quadruplet,144,2.3930140405135534,2.3930140405132985,0.9453036162627431,16.070161476466613,1.531611729266174
e1/W/R2/57,W,2,quintuplet,272,2.5653355206431156e-13,7.105427357601002e-15,0.9453036162627431,16.070161476466613,1.531611729266174
e1/W/R2/65,W,2,quadruplet,144,7.694576657969284,2.7853769287500305,0.23835989076306685,4.92704157722199,0.7558022919538294
e1/W/R2/65,W,2,quintuplet,272,3.5165112648442363,1.4066045059376775,0.23835989076306685,4.92704157722199,0.7558022919538294
e1/W/R2/64,W,2,quadruplet,144,1.2173401187420477e-13,3.552713678800501e-15,0.4870778192730878,8.2803229276425,0.8090932906486855
e1/W/R2/64,W,2,quintuplet,272,1.2102551815349572e-13,2.6645352591003757e-15,0.4870778192730878,8.2803229276425,0.8090932906486855
e1/W/R2/51,W,2,quadruplet,144,2.787709635149704,1.39385481757481,0.0026645141812799977,3.3495147848695925,0.5577731364202012
e1/W/R2/51,W,2,quintuplet,272,8.449679868080128e-14,1.7763568394002505e-15,0.0026645141812799977,3.3495147848695925,0.5577731364202012
e1/W/R2/53,W,2,quadruplet,144,0.8482146537226805,0.42410732686129227,0.9556329190467334,16.24575962379449,1.4559585175205547
e1/W/R2/53,W,2,quintuplet,272,9.508074005453978e-14,3.552713678800501e-15,0.9556329190467334,16.24575962379449,1.4559585175205547
e1/W/R2/63,W,2,quadruplet,144,4.76460191435475,2.0715660497194075,0.9259900324287207,7.407920259429765,1.1267692841756844
e1/W/R2/63,W,2,quintuplet,272,3.1073490745792247,1.0357830248597035,0.9259900324287207,7.407920259429765,1.1267692841756844
e1/W/R2/71,W,2,quadruplet,144,0.32158811305882634,0.32158811305876356,0.4605284814775241,3.0262156617698395,0.45305971171031845
e1/W/R2/71,W,2,quintuplet,272,6.228763344967174e-14,1.3322676295501878e-15,0.4605284814775241,3.0262156617698395,0.45305971171031845
e1/W/R2/86,W,2,quadruplet,144,4.107437947206668,2.188106634097115,0.2006242955353934,3.118099807664881,0.42515945131055627
e1/W/R2/86,W,2,quintuplet,272,2.188106634097147,2.188106634097115,0.2006242955353934,3.118099807664881,0.42515945131055627
e1/W/R2/74,W,2,quadruplet,144,3.3773150773963847,1.8762861541090783,0.24161203377110763,4.107404574108824,0.5185765305210772
e1/W/R2/74,W,2,quintuplet,272,2.251543384930937,2.251543384930895,0.24161203377110763,4.107404574108824,0.5185765305210772
e1/W/R2/83,W,2,quadruplet,144,3.574342341962593,3.5743423419624776,0.9621627116905369,15.463180513248524,1.3133861562458564
e1/W/R2/83,W,2,quintuplet,272,1.1317783296547958e-13,3.552713678800501e-15,0.9621627116905369,15.463180513248524,1.3133861562458564
e1/W/R2/80,W,2,quadruplet,144,3.872468630401512,3.872468630401425,0.9681171576003571,15.489874521605703,1.105702727153087
e1/W/R2/80,W,2,quintuplet,272,8.666886856085153e-14,3.552713678800501e-15,0.9681171576003571,15.489874521605703,1.105702727153087
e1/W/R2/75,W,2,quadruplet,144,0.6453431322382699,0.6453431322381559,0.5250515243718006,8.925875914320603,0.9055819760398199
e1/W/R2/75,W,2,quintuplet,272,0.6453431322382693,0.6453431322381556,0.5250515243718006,8.925875914320603,0.9055819760398199
e1/W/R2/60,W,2,quadruplet,144,2.9625603856172367,0.7728418397262266,0.4743784936388744,4.269406442749868,0.5178729164708092
e1/W/R2/60,W,2,quintuplet,272,1.932104599315601,0.5152278931508177,0.4743784936388744,4.269406442749868,0.5178729164708092
e1/W/R2/78,W,2,quadruplet,144,3.7311403496183164,1.8655701748090863,0.0031366444194382836,8.36997263128537,1.226550194593212
e1/W/R2/78,W,2,quintuplet,272,1.4761652119307626e-13,4.440892098500626e-15,0.0031366444194382836,8.36997263128537,1.226550194593212
e1/W/R2/87,W,2,quadruplet,144,3.8539673569093065,3.8539673569092177,0.963491839227304,15.415869427636858,1.1413978450524873
e1/W/R2/87,W,2,quintuplet,272,9.254775663544452e-14,3.552713678800501e-15,0.963491839227304,15.415869427636858,1.1413978450524873
e1/W/R2/72,W,2,quadruplet,144,1.1271469171238495,1.127146917123819,0.06234354509159523,2.3155344670114335,0.3778632798482246
e1/W/R2/72,W,2,quintuplet,272,0.7514312780825761,0.7514312780825457,0.06234354509159523,2.3155344670114335,0.3778632798482246
e1/W/R2/77,W,2,quadruplet,144,3.031147063195338,3.031147063195288,0.7577867657988211,12.124588252781153,0.8531704432009014
e1/W/R2/77,W,2,quintuplet,272,4.9997271676493343e-14,3.552713678800501e-15,0.7577867657988211,12.124588252781153,0.8531704432009014
e1/W/R2/97,W,2,quadruplet,144,3.410455243659904,1.2339500683353668,0.5827899226924353,4.45611336094585,0.48064929308067605
e1/W/R2/97,W,2,quintuplet,272,0.7195303685934478,0.38374952991649464,0.5827899226924353,4.45611336094585,0.48064929308067605
e1/W/R2/82,W,2,quadruplet,144,2.9103268382171237,1.2772346496259563,0.23723835931010973,3.4165368200851756,0.5070883321101615
e1/W/R2/82,W,2,quintuplet,272,4.7477236638304525e-14,1.3322676295501878e-15,0.23723835931010973,3.4165368200851756,0.5070883321101615
e1/W/R2/96,W,2,quadruplet,144,4.156627637314588,1.8822464772745082,0.2156024821617737,3.6760836675286153,0.5983247704157959
e1/W/R2/96,W,2,quintuplet,272,2.352808096593184,1.2548309848496726,0.2156024821617737,3.6760836675286153,0.5983247704157959
e1/W/R2/95,W,2,quadruplet,144,5.068561168114719,5.068561168114602,1.1731551149058355,18.141481871402874,1.4758164201209594
e1/W/R2/95,W,2,quintuplet,272,3.379040778743187,3.3790407787430663,1.1731551149058355,18.141481871402874,1.4758164201209594
e1/W/R3/0,W,3,quadruplet,144,10.019157639088716,4.898625439664833,0.8708667448293035,13.063001172439549,1.3024676699881501
e1/W/R3/0,W,3,quintuplet,272,4.877567247115474,3.2657502931098854,0.8708667448293035,13.063001172439549,1.3024676699881501
e1/W/R2/98,W,2,quadruplet,144,5.39614136655976,1.7987137888532025,0.38506233725181893,11.427199042774973,1.4708576136426659
e1/W/R2/98,W,2,quintuplet,272,3.597427577706557,1.1991425259021362,0.38506233725181893,11.427199042774973,1.4708576136426659
e1/W/R3/11,W,3,quadruplet,144,7.721878807327004,2.7095006571136495,0.23828313001391965,4.896719703513818,0.7408305577295932
e1/W/R3/11,W,3,quintuplet,272,3.187472001194342,2.7206891591643076,0.23828313001391965,4.896719703513818,0.7408305577295932
e1/W/R3/13,W,3,quadruplet,144,2.106802323344127,0.8865865845334722,0.7745881253454687,13.167998130872974,1.3986140816083217
e1/W/R3/13,W,3,quintuplet,272,1.4045348822294788,0.5511545844817851,0.7745881253454687,13.167998130872974,1.3986140816083217
e1/W/R2/99,W,2,quadruplet,144,3.1644306823831627,1.5822153411915465,0.14537580831701824,4.682417394563955,0.6959811825690144
e1/W/R2/99,W,2,quintuplet,272,7.25817522302327e-14,2.6645352591003757e-15,0.14537580831701824,4.682417394563955,0.6959811825690144
e1/W/R3/1,W,3,quadruplet,144,2.702575229398639,0.8860661381339027,0.150388475259553,2.627909911260386,0.29221541544498786
e1/W/R3/1,W,3,quintuplet,272,1.7547872571241256,0.46794326856642054,0.150388475259553,2.627909911260386,0.29221541544498786
e1/W/R3/15,W,3,quadruplet,144,5.503556460226244,1.7874533173102019,0.7886599204027522,13.407218646846777,1.4217672508146022
e1/W/R3/15,W,3,quintuplet,272,1.9951549920060354,0.665051664001943,0.7886599204027522,13.407218646846777,1.4217672508146022
e1/W/R3/2,W,3,quadruplet,144,8.51700712279391,7.02679941661238,0.9369065888816497,14.05359883322476,0.9796970251143916
e1/W/R3/2,W,3,quintuplet,272,3.5133997083062765,3.5133997083061885,0.9369065888816497,14.05359883322476,0.9796970251143916
e1/W/R3/22,W,3,quadruplet,144,6.023214892524651,3.636658048316659,0.2386311123813254,10.144661840937793,1.2991234900648814
e1/W/R3/22,W,3,quintuplet,272,3.409366920297052,1.818329024158329,0.2386311123813254,10.144661840937793,1.2991234900648814
e1/W/R3/16,W,3,quadruplet,144,0.930688349231307,0.9306883492311351,0.47559618541991,12.21385777449107,1.0759293271937633
e1/W/R3/16,W,3,quintuplet,272,1.7246984768218851e-13,3.552713678800501e-15,0.47559618541991,12.21385777449107,1.0759293271937633
e1/W/R2/92,W,2,quadruplet,144,3.9307080678583395,3.9307080678582187,0.9038266117670402,8.607541937088447,1.1501048286745954
e1/W/R2/92,W,2,quintuplet,272,1.2055977592277764e-13,3.552713678800501e-15,0.9038266117670402,8.607541937088447,1.1501048286745954
e1/W/R3/10,W,3,quadruplet,144,5.872353925366038,2.6190247734628165,0.11828280413898451,4.099307964817534,0.6424346849043846
e1/W/R3/10,W,3,quintuplet,272,3.8431012170164998,3.231062995239626,0.11828280413898451,4.099307964817534,0.6424346849043846
e1/W/R3/18,W,3,quadruplet,144,7.752170793900136,3.418789769075031,0.08328934818010048,8.037030234381643,1.0796440982302506
e1/W/R3/18,W,3,quintuplet,272,4.991617368999744,2.7243632453711806,0.08328934818010048,8.037030234381643,1.0796440982302506
e1/W/R3/21,W,3,quadruplet,144,2.6765172236632093,0.8814759749878562,0.5966223599508496,10.142580119164428,1.0628478852607848
e1/W/R3/21,W,3,quintuplet,272,0.8493866762883955,0.8493866762883053,0.5966223599508496,10.142580119164428,1.0628478852607848
e1/W/R3/20,W,3,quadruplet,144,1.891359890106436,0.6066626062604472,0.949609556898519,16.14336246727481,1.9403990769646096
e1/W/R3/20,W,3,quintuplet,272,1.0705810698717149,0.35686035662379556,0.949609556898519,16.14336246727481,1.9403990769646096
e1/W/R3/23,W,3,quadruplet,144,2.9594006145887026,1.0068067258516091,0.35237023174568716,5.990293939676683,0.7264900367501962
e1/W/R3/23,W,3,quintuplet,272,1.887762610971898,0.5034033629258055,0.35237023174568716,5.990293939676683,0.7264900367501962
e1/W/R3/27,W,3,quadruplet,144,3.8216585920360453,3.821658592035866,0.9089474788046621,8.508171760086617,1.2625486437381856
e1/W/R3/27,W,3,quintuplet,272,1.7919286878086176e-13,3.552713678800501e-15,0.9089474788046621,8.508171760086617,1.2625486437381856
e1/W/R3/7,W,3,quadruplet,144,1.3045078753304908,0.4638250223397052,0.3478686848974437,5.913767643256543,0.5658869602100417
e1/W/R3/7,W,3,quintuplet,272,0.8696719168870173,0.8696719168869468,0.3478686848974437,5.913767643256543,0.5658869602100417
e1/W/R3/30,W,3,quadruplet,144,1.3455912782575674,1.3455912782573967,0.06241530955350871,3.737322303586571,0.41251763035280814
e1/W/R3/30,W,3,quintuplet,272,0.8073471629435883,0.8073471629434174,0.06241530955350871,3.737322303586571,0.41251763035280814
e1/W/R3/32,W,3,quadruplet,144,6.982824328634991,5.320745671055854,0.16367705381665942,10.968845449745036,1.0845341962841097
e1/W/R3/32,W,3,quintuplet,272,3.9753431611217986,2.6603728355279284,0.16367705381665942,10.968845449745036,1.0845341962841097
e1/W/R3/9,W,3,quadruplet,144,1.3097324201142722,0.6548662100570666,0.11312755235884797,5.660665108282036,0.7833665474937168
e1/W/R3/9,W,3,quintuplet,272,1.3998044230533878e-13,3.552713678800501e-15,0.11312755235884797,5.660665108282036,0.7833665474937168
e1/W/R3/24,W,3,quadruplet,144,4.684600761368608,3.129293948087863,0.0373606430535709,7.627763553625082,1.0515577749951437
e1/W/R3/24,W,3,quintuplet,272,2.0736755195774825e-13,4.440892098500626e-15,0.0373606430535709,7.627763553625082,1.0515577749951437
e1/W/R3/48,W,3,quadruplet,144,9.687720551206763,3.8314525744365455,0.9578631436091358,7.662905148873089,0.8580377988649175
e1/W/R3/48,W,3,quintuplet,272,4.991516805641525,1.9157262872182725,0.9578631436091358,7.662905148873089,0.8580377988649175
e1/W/R3/44,W,3,quadruplet,144,4.207417485056109,1.2173143179336652,0.6721222061998553,4.48515475068362,0.5278945589939833
e1/W/R3/44,W,3,quintuplet,272,1.3586960408975985,1.2173143179336656,0.6721222061998553,4.48515475068362,0.5278945589939833
e1/W/R3/25,W,3,quadruplet,144,1.5833630871832185,1.5667183058846734,0.5761086937764031,9.793847794198857,1.1541630681724344
e1/W/R3/25,W,3,quintuplet,272,2.5472195240743755e-13,4.440892098500626e-15,0.5761086937764031,9.793847794198857,1.1541630681724344
e1/W/R3/28,W,3,quadruplet,144,3.2849441649668405,1.1854669719660453,0.691789888761452,11.760428108944698,1.5751233863643799
e1/W/R3/28,W,3,quintuplet,272,1.6795817544006852,0.5598605848001492,0.691789888761452,11.760428108944698,1.5751233863643799
e1/W/R3/53,W,3,quadruplet,144,0.21852090497837234,0.14251363368154457,0.16246072070001438,1.192339959984191,0.20007290947097514
e1/W/R3/53,W,3,quintuplet,272,0.14251363368154846,0.14251363368154457,0.16246072070001438,1.192339959984191,0.20007290947097514
e1/W/R3/42,W,3,quadruplet,144,2.513230582399789,0.9424614683998916,0.5396267751244128,5.704407816397204,0.782447995205086
e1/W/R3/42,W,3,quintuplet,272,7.677500175286755e-14,1.7763568394002505e-15,0.5396267751244128,5.704407816397204,0.782447995205086
e1/W/R3/59,W,3,quadruplet,144,1.3618782933575713,0.6052792414922,0.11112560173748998,3.927679392143717,0.6411410601823839
e1/W/R3/59,W,3,quintuplet,272,0.9079188622384204,0.4236954690445418,0.11112560173748998,3.927679392143717,0.6411410601823839
e1/W/R3/55,W,3,quadruplet,144,9.074533617600597,3.885058448283099,0.20042669886325726,6.789156793590756,1.047520745610807
e1/W/R3/55,W,3,quintuplet,272,3.527019427733666,1.881077028124543,0.20042669886325726,6.789156793590756,1.047520745610807
e1/W/R3/37,W,3,quadruplet,144,4.693068623052822,1.3396206822757875,0.4426699895330497,5.045852168757181,0.6470573404337934
e1/W/R3/37,W,3,quintuplet,272,1.3291671772147016,1.3291671772146363,0.4426699895330497,5.045852168757181,0.6470573404337934
e1/W/R3/61,W,3,quadruplet,144,5.222040726367883,3.891581478859404,0.9534314430873856,14.301471646310784,1.2284261445861513
e1/W/R3/61,W,3,quintuplet,272,3.5753679115779065,3.5753679115776933,0.9534314430873856,14.301471646310784,1.2284261445861513
e1/W/R3/35,W,3,quadruplet,144,6.0168007450578145,2.724589016629887,0.3355667792437371,8.082546262757566,0.9244787297309641
e1/W/R3/35,W,3,quintuplet,272,3.405736270787506,1.816392677753258,0.3355667792437371,8.082546262757566,0.9244787297309641
e1/W/R3/64,W,3,quadruplet,144,3.3005538730506535e-13,5.329070518200751e-15,0.5059559470685215,10.837700619647887,1.4374681685433486
e1/W/R3/64,W,3,quintuplet,272,3.2856549891425063e-13,5.329070518200751e-15,0.5059559470685215,10.837700619647887,1.4374681685433486
e1/W/R3/58,W,3,quadruplet,144,2.21808037549647,0.6527129667126639,0.2599414753583229,7.918061686882256,1.009445777317552
e1/W/R3/58,W,3,quintuplet,272,0.9747805325938635,0.5198829507166476,0.2599414753583229,7.918061686882256,1.009445777317552
e1/W/R3/57,W,3,quadruplet,144,3.929670311251914,3.699993260342538,0.9249983150856345,14.799973041370155,1.6358418806284845
e1/W/R3/57,W,3,quintuplet,272,2.921121018463908e-13,5.329070518200751e-15,0.9249983150856345,14.799973041370155,1.6358418806284845
e1/W/R3/72,W,3,quadruplet,144,2.6081652958040187,1.2916768329368695,0.43071788965688373,7.322204124167018,0.7993499961879178
e1/W/R3/72,W,3,quintuplet,272,0.015837210593841827,0.00844651231664617,0.43071788965688373,7.322204124167018,0.7993499961879178
e1/W/R3/77,W,3,quadruplet,144,0.8465938225201206,0.5832090777359964,0.5522265237869046,8.21007158303322,0.8558240472285691
e1/W/R3/77,W,3,quintuplet,272,0.5643958816801207,0.5643958816799994,0.5522265237869046,8.21007158303322,0.8558240472285691
e1/W/R3/54,W,3,quadruplet,144,4.3601009946412255,1.5165568677012429,0.3523292347454783,7.19406631156442,0.9759045727851731
e1/W/R3/54,W,3,quintuplet,272,2.8435441269399835,0.7582784338506228,0.3523292347454783,7.19406631156442,0.9759045727851731
e1/W/R3/67,W,3,quadruplet,144,7.563613780417445,3.190876610032566,0.3193242288075844,11.738198494599452,1.526336545063255
e1/W/R3/67,W,3,quintuplet,272,3.4034058468109194,1.5882560618449881,0.3193242288075844,11.738198494599452,1.526336545063255
e1/W/R3/73,W,3,quadruplet,144,7.292979209412263,2.0787999389331313,0.12364305650061702,5.101179252241812,0.8119097280312685
e1/W/R3/73,W,3,quintuplet,272,3.2944547116584446,1.317781884663343,0.12364305650061702,5.101179252241812,0.8119097280312685
e1/W/R3/69,W,3,quadruplet,144,2.733400129093787,0.9111333763645337,0.20533807499904633,7.024904352454736,1.093194270464084
e1/W/R3/69,W,3,quintuplet,272,1.822266752729255,0.6074222509096892,0.20533807499904633,7.024904352454736,1.093194270464084
e1/W/R3/78,W,3,quadruplet,144,4.135031007299591,3.1372650297419225,0.21285674187895331,7.977383994515471,0.8453659882059757
e1/W/R3/78,W,3,quintuplet,272,0.7982127820461496,0.42571348375790663,0.21285674187895331,7.977383994515471,0.8453659882059757
e1/W/R3/56,W,3,quadruplet,144,3.7816356047945368,3.7816356047943174,0.9663940265937487,15.126542419177282,1.3354477076862132
e1/W/R3/56,W,3,quintuplet,272,1.2591075237104317,1.2591075237102185,0.9663940265937487,15.126542419177282,1.3354477076862132
e1/W/R3/65,W,3,quadruplet,144,2.872317879422028,0.867114831523498,0.7776011977748905,13.7175571491154,1.5378651614686643
e1/W/R3/65,W,3,quintuplet,272,1.625840309107002,0.8671148315234962,0.7776011977748905,13.7175571491154,1.5378651614686643
e1/W/R3/74,W,3,quadruplet,144,7.064788713134837,7.064788713134751,1.066278137168453,15.994172057526816,1.057787446942841
e1/W/R3/74,W,3,quintuplet,272,3.998543014381791,3.9985430143817062,1.066278137168453,15.994172057526816,1.057787446942841
e1/W/R3/76,W,3,quadruplet,144,1.5330544743226484,1.5330544743225862,0.031734926392012586,2.67507803483019,0.43470628443209164
e1/W/R3/76,W,3,quintuplet,272,6.185217497615861e-14,1.1102230246251565e-15,0.031734926392012586,2.67507803483019,0.43470628443209164
e1/W/R3/81,W,3,quadruplet,144,3.6239226955861197,3.6239226955858452,0.9059806738964618,14.495690782343395,1.4985825359387435
e1/W/R3/81,W,3,quintuplet,272,2.7089169691519514e-13,5.329070518200751e-15,0.9059806738964618,14.495690782343395,1.4985825359387435
e1/W/R3/94,W,3,quadruplet,144,4.6659897385024305,1.6649770703809885,0.15616607980117614,4.384184230488339,0.6820475112191078
e1/W/R3/94,W,3,quintuplet,272,1.4574933793532119,0.4858311264510422,0.15616607980117614,4.384184230488339,0.6820475112191078
e1/W/R3/83,W,3,quadruplet,144,7.982990100599263,4.548231287053504,0.8126639338174115,22.772603566274725,2.4074103684481
e1/W/R3/83,W,3,quintuplet,272,2.2898392090305832,0.7632797363434527,0.8126639338174115,22.772603566274725,2.4074103684481
e1/W/R3/79,W,3,quadruplet,144,2.4032363585436013e-13,7.105427357601002e-15,0.12438094946372757,11.33276588923222,1.8924643003474633
e1/W/R3/79,W,3,quintuplet,272,2.387510103440488e-13,7.105427357601002e-15,0.12438094946372757,11.33276588923222,1.8924643003474633
e1/W/R3/84,W,3,quadruplet,144,2.9959678553807225,1.5398649892046234,0.6248615857295539,7.795518244601668,1.261488792327847
e1/W/R3/84,W,3,quintuplet,272,1.4120330864172926e-13,3.552713678800501e-15,0.6248615857295539,7.795518244601668,1.261488792327847
e1/W/R3/88,W,3,quadruplet,144,4.158279401395474,2.779851339827615,0.5655301541654154,7.942632770848748,1.1562830636294967
e1/W/R3/88,W,3,quintuplet,272,2.2855157237693634e-13,3.552713678800501e-15,0.5655301541654154,7.942632770848748,1.1562830636294967
e1/W/R3/87,W,3,quadruplet,144,1.4525831314688518,0.7262915657343827,0.8692908235294556,6.10939329821483,0.9135965748995646
e1/W/R3/87,W,3,quintuplet,272,8.739602982892687e-14,2.220446049250313e-15,0.8692908235294556,6.10939329821483,0.9135965748995646
e1/W/R3/99,W,3,quadruplet,144,6.1423140825197695,2.59400284908424,0.7574272578561914,12.876263383555248,1.3728693791275646
e1/W/R3/99,W,3,quintuplet,272,3.476781556143348,1.854283496609685,0.7574272578561914,12.876263383555248,1.3728693791275646
e1/W/R3/92,W,3,quadruplet,144,4.713325323382024e-13,7.105427357601002e-15,0.21052249811544854,15.43863926967811,1.653871326819425
e1/W/R3/92,W,3,quintuplet,272,4.697064997065008e-13,8.881784197001252e-15,0.21052249811544854,15.43863926967811,1.653871326819425
e1/W/R4/6,W,4,quadruplet,144,4.063618159043343,2.4096924845363485,0.19869022940480185,5.290109966405204,0.7713490042172193
e1/W/R4/6,W,4,quintuplet,272,1.1749767410318044e-13,2.6645352591003757e-15,0.19869022940480185,5.290109966405204,0.7713490042172193
e1/W/R3/96,W,3,quadruplet,144,3.931929366784859,1.9659646833923148,0.9024606849297871,15.341831643806369,1.7426543226127662
e1/W/R3/96,W,3,quintuplet,272,2.347871337436404e-13,7.105427357601002e-15,0.9024606849297871,15.341831643806369,1.7426543226127662
e1/W/R3/95,W,3,quadruplet,144,5.401152091732059,2.8806144489236956,0.6901741348003085,11.732960291605245,1.331429658886733
e1/W/R3/95,W,3,quintuplet,272,3.60076806115475,1.9204096326157973,0.6901741348003085,11.732960291605245,1.331429658886733
e1/W/R3/98,W,3,quadruplet,144,2.265699417530518,2.0379513344452995,0.8823741688071287,15.000360869721197,1.7030051380073954
e1/W/R3/98,W,3,quintuplet,272,0.45549616617005106,0.4554961661696595,0.8823741688071287,15.000360869721197,1.7030051380073954
e1/W/R4/11,W,4,quadruplet,144,7.167625542605305,7.167625542604743,0.48605148226035055,16.827049168639707,2.361561445566766
e1/W/R4/11,W,4,quintuplet,272,5.59344617064722e-13,8.881784197001252e-15,0.48605148226035055,16.827049168639707,2.361561445566766
e1/W/R4/21,W,4,quadruplet,144,3.01577904455605,1.5123182297494964,0.3780795574373723,9.753394302596249,0.80974090998249
e1/W/R4/21,W,4,quintuplet,272,1.4434300778489915e-13,3.552713678800501e-15,0.3780795574373723,9.753394302596249,0.80974090998249
e1/W/R3/97,W,3,quadruplet,144,3.178882654238675,1.9459653145898859,0.486491328647471,7.783861258359542,0.7768806494260153
e1/W/R3/97,W,3,quintuplet,272,1.2329173396487894,1.2329173396486675,0.486491328647471,7.783861258359542,0.7768806494260153
e1/W/R4/3,W,4,quadruplet,144,3.9375091619300155,2.4232567302476014,0.23870823035032895,6.413613480396109,0.6648470116016866
e1/W/R4/3,W,4,quintuplet,272,3.2180448766197336,1.9431402276727505,0.23870823035032895,6.413613480396109,0.6648470116016866
e1/W/R4/1,W,4,quadruplet,144,0.9333429917790674,0.35000362191712076,0.13744180464839761,4.475092020169403,0.6450850644501693
e1/W/R4/1,W,4,quintuplet,272,7.665043137017194e-14,2.220446049250313e-15,0.13744180464839761,4.475092020169403,0.6450850644501693
e1/W/R4/16,W,4,quadruplet,144,8.782099300398938,3.8018712626551565,0.18565619256831223,7.904945536509491,1.091519702256016
e1/W/R4/16,W,4,quintuplet,272,5.523843750383036,2.9767819272849483,0.18565619256831223,7.904945536509491,1.091519702256016
e1/W/R4/8,W,4,quadruplet,144,7.224038715698847,4.600327107498433,0.14593566979502892,7.942999489136577,1.1463224403373105
e1/W/R4/8,W,4,quintuplet,272,3.0668847383324853,3.066884738332288,0.14593566979502892,7.942999489136577,1.1463224403373105
e1/W/R4/20,W,4,quadruplet,144,3.813047420977046,1.9519238072173568,0.19337774971958765,4.260628332094998,0.5191928458437793
e1/W/R4/20,W,4,quintuplet,272,2.5420316139847308,1.3012825381449047,0.19337774971958765,4.260628332094998,0.5191928458437793
e1/W/R4/29,W,4,quadruplet,144,8.054042775398793,2.526743936580371,0.19961865425918734,6.454609356232352,0.9082531091869994
e1/W/R4/29,W,4,quintuplet,272,6.062002533862606,2.4703071532899687,0.19961865425918734,6.454609356232352,0.9082531091869994
e1/W/R4/26,W,4,quadruplet,144,5.74715421777921,2.3055830091358365,0.22144586569312885,7.69143140935056,1.2146935115134851
e1/W/R4/26,W,4,quintuplet,272,2.7170299015605854,0.9056766338534841,0.22144586569312885,7.69143140935056,1.2146935115134851
e1/W/R4/19,W,4,quadruplet,144,4.987364444862993,2.5200718095033032,0.26588062208685237,5.375451206852653,0.8482223643011323
e1/W/R4/19,W,4,quintuplet,272,3.36752585147769,1.6800478730022028,0.26588062208685237,5.375451206852653,0.8482223643011323
e1/W/R4/5,W,4,quadruplet,144,8.059170177900466,3.4434423167274986,0.6079782917447076,13.57094804691623,1.416106909478517
e1/W/R4/5,W,4,quintuplet,272,3.707264367832667,1.9772076628438162,0.6079782917447076,13.57094804691623,1.416106909478517
e1/W/R4/14,W,4,quadruplet,144,3.321300298211189,1.008959996555739,0.005974304863062496,2.8687594120209625,0.39393097092422535
e1/W/R4/14,W,4,quintuplet,272,2.1694924736049477,1.157062652589284,0.005974304863062496,2.8687594120209625,0.39393097092422535
e1/W/R4/7,W,4,quadruplet,144,4.633770438993219,1.7365014795354372,0.38099315982737636,11.841698784899545,1.5025295007227872
e1/W/R4/7,W,4,quintuplet,272,1.0510161268862852,1.0510161268858786,0.38099315982737636,11.841698784899545,1.5025295007227872
e1/W/R4/33,W,4,quadruplet,144,5.224166628757395,1.7501164505408073,0.01693896059385347,3.916060458090168,0.61208042136488
e1/W/R4/33,W,4,quintuplet,272,2.7588614683929156,0.9196204894642632,0.01693896059385347,3.916060458090168,0.61208042136488
e1/W/R4/36,W,4,quadruplet,144,4.858189590577632,1.6525838224062932,0.08756892195393462,5.571078088922491,0.910370536769675
e1/W/R4/36,W,4,quintuplet,272,2.777583424983833,0.9556772689637635,0.08756892195393462,5.571078088922491,0.910370536769675
e1/W/R4/12,W,4,quadruplet,144,3.824220288318629,1.274740096106135,0.969693884777822,16.48479604122298,1.7064197384354083
e1/W/R4/12,W,4,quintuplet,272,2.5494801922124926,0.8498267307374254,0.969693884777822,16.48479604122298,1.7064197384354083
e1/W/R4/13,W,4,quadruplet,144,5.749397007004145,3.4964949984423273,0.6186543828483728,10.517124508422343,1.1085966600299715
e1/W/R4/13,W,4,quintuplet,272,2.2529020085618163,2.2529020085614313,0.6186543828483728,10.517124508422343,1.1085966600299715
e1/W/R4/31,W,4,quadruplet,144,6.351279572727432,2.8230992707101814,0.7747653148740472,13.171010352858822,1.4683963336945856
e1/W/R4/31,W,4,quintuplet,272,3.5950639090910927,1.8114637050567612,0.7747653148740472,13.171010352858822,1.4683963336945856
e1/W/R4/2,W,4,quadruplet,144,3.041126346530786,1.0226377805624316,0.0905243636977846,3.842313412404927,0.48153028906475454
e1/W/R4/2,W,4,quintuplet,272,1.9946674147669536,0.5319113106045071,0.0905243636977846,3.842313412404927,0.48153028906475454
e1/W/R4/34,W,4,quadruplet,144,4.570216437650108,1.5381492742990337,0.8966453081045369,5.508767173181701,0.8028836871660123
e1/W/R4/34,W,4,quintuplet,272,3.054284690198961,1.7145684808883939,0.8966453081045369,5.508767173181701,0.8028836871660123
e1/W/R4/39,W,4,quadruplet,144,6.0851621376870755,2.0919836831451115,0.3378047474984065,5.7426807074729105,0.7263047316240832
e1/W/R4/39,W,4,quintuplet,272,2.9541780660266843,1.0323975494624904,0.3378047474984065,5.7426807074729105,0.7263047316240832
e1/W/R4/35,W,4,quadruplet,144,9.72092623895391,3.733283577034258,0.6189001043336511,7.662591589970501,1.0185995963865602
e1/W/R4/35,W,4,quintuplet,272,3.8623385120062235,1.457478308330752,0.6189001043336511,7.662591589970501,1.0185995963865602
e1/W/R4/30,W,4,quadruplet,144,5.641509290051361,1.700907354780858,0.1294759695894121,4.034608870257811,0.6362555914143495
e1/W/R4/30,W,4,quintuplet,272,3.614332034662476,1.2047773448874546,0.1294759695894121,4.034608870257811,0.6362555914143495
e1/W/R4/38,W,4,quadruplet,144,7.338966129290342,2.5235470846920505,0.07944296053670907,5.101955758605898,0.8663200696797997
e1/W/R4/38,W,4,quintuplet,272,3.6036975347688722,1.2012325115895979,0.07944296053670907,5.101955758605898,0.8663200696797997
e1/W/R4/59,W,4,quadruplet,144,5.759575887587692,3.638519490669161,0.11682335561418533,9.000745108609003,1.085663870460428
e1/W/R4/59,W,4,quintuplet,272,3.983559879162467,3.1605010705713137,0.11682335561418533,9.000745108609003,1.085663870460428
e1/W/R4/41,W,4,quadruplet,144,10.832059397200563,5.096251210569347,0.7855490227037549,12.568784363260079,1.5152303858775709
e1/W/R4/41,W,4,quintuplet,272,4.96292675990757,3.3894601798335957,0.7855490227037549,12.568784363260079,1.5152303858775709
e1/W/R4/48,W,4,quadruplet,144,0.8382447545942837,0.25939712761880607,0.8918669051541048,15.161737387619793,1.9624225504107462
e1/W/R4/48,W,4,quintuplet,272,0.13880755036814005,0.13880755036776726,0.8918669051541048,15.161737387619793,1.9624225504107462
e1/W/R4/50,W,4,quadruplet,144,6.843059613513951,2.357610742189561,0.1304986032327804,4.567319887399582,0.702554679164456
e1/W/R4/50,W,4,quintuplet,272,4.420520141605524,3.146843734971143,0.1304986032327804,4.567319887399582,0.702554679164456
e1/W/R4/63,W,4,quadruplet,144,7.134687725324567,4.243780737777079,0.09440759357276107,4.303227500349506,0.6631864787526502
e1/W/R4/63,W,4,quintuplet,272,4.58993388708872,2.9691324528579504,0.09440759357276107,4.303227500349506,0.6631864787526502
e1/W/R4/69,W,4,quadruplet,144,8.238790500866212,3.2864405292510224,0.04757836691088535,14.126829654059273,1.9063473244635964
e1/W/R4/69,W,4,quintuplet,272,2.7382056729079185,0.9127352243025442,0.04757836691088535,14.126829654059273,1.9063473244635964
e1/W/R4/44,W,4,quadruplet,144,4.705325475206714,3.317068606941217,0.9188677377446588,15.620751541659185,1.1868111394325398
e1/W/R4/44,W,4,quintuplet,272,1.893077547634597,1.0096413587382003,0.9188677377446588,15.620751541659185,1.1868111394325398
e1/W/R4/43,W,4,quadruplet,144,2.8987651953013126e-13,3.552713678800501e-15,0.02914029144920871,6.645725091149793,0.8153858457683154
e1/W/R4/43,W,4,quintuplet,272,2.8877717251442797e-13,3.552713678800501e-15,0.02914029144920871,6.645725091149793,0.8153858457683154
e1/W/R4/61,W,4,quadruplet,144,7.264959291295631,2.9751161132039075,0.11406360780037694,8.359964434646217,1.258934706232323
e1/W/R4/61,W,4,quintuplet,272,2.0899911086617595,2.0899911086615557,0.11406360780037694,8.359964434646217,1.258934706232323
e1/W/R4/46,W,4,quadruplet,144,2.321680138053857,1.0451064090597901,0.07060125660662742,5.657091091403361,0.8698896496346659
e1/W/R4/46,W,4,quintuplet,272,1.7149022782066755e-13,2.6645352591003757e-15,0.07060125660662742,5.657091091403361,0.8698896496346659
e1/W/R4/60,W,4,quadruplet,144,7.7192656039458205,6.6439117677292066,0.8638639046739147,15.14732438069727,1.485906095824915
e1/W/R4/60,W,4,quintuplet,272,3.7878954830989915e-13,7.105427357601002e-15,0.8638639046739147,15.14732438069727,1.485906095824915
e1/W/R4/71,W,4,quadruplet,144,3.373983608824815,1.5152592176446749,0.48568883953156927,6.282530556006156,0.8700437683036187
e1/W/R4/71,W,4,quintuplet,272,1.661449177750438e-13,3.1086244689504383e-15,0.48568883953156927,6.282530556006156,0.8700437683036187
e1/W/R4/77,W,4,quadruplet,144,5.521450729011447,2.1650397361159914,1.3984623336467976,22.77483145298389,2.2074204760708103
e1/W/R4/77,W,4,quintuplet,272,4.0621416016658,1.873177910646862,1.3984623336467976,22.77483145298389,2.2074204760708103
e1/W/R4/79,W,4,quadruplet,144,2.0013064546524246,0.6090633419392718,0.3938111415566352,4.42653566666152,0.5361714583439419
e1/W/R4/79,W,4,quintuplet,272,1.3161528386176906,0.35097409029803583,0.3938111415566352,4.42653566666152,0.5361714583439419
e1/W/R4/85,W,4,quadruplet,144,4.456148625396675,1.8037406378978642,0.3159632721662984,9.581199889711248,1.2490104188656674
e1/W/R4/85,W,4,quintuplet,272,3.1482256505536217,1.3170634842961584,0.3159632721662984,9.581199889711248,1.2490104188656674
e1/W/R4/90,W,4,quadruplet,144,3.9079276809695456,2.9495873973205216,0.06956050351278709,6.223193062523234,1.0317011491281336
e1/W/R4/90,W,4,quintuplet,272,2.1623909023246127e-13,3.552713678800501e-15,0.06956050351278709,6.223193062523234,1.0317011491281336
e1/W/R4/62,W,4,quadruplet,144,2.203893540442189,1.1754098882357296,0.06594085029694696,7.0915607281426,1.017366761149342
e1/W/R4/62,W,4,quintuplet,272,2.2038935404421887,1.1754098882357296,0.06594085029694696,7.0915607281426,1.017366761149342
e1/W/R4/56,W,4,quadruplet,144,2.498159200973323,1.2490796004865237,0.046862942715598876,8.670527296889638,1.5322935800442261
e1/W/R4/56,W,4,quintuplet,272,2.7842397053881807e-13,5.329070518200751e-15,0.046862942715598876,8.670527296889638,1.5322935800442261
e1/W/R4/70,W,4,quadruplet,144,4.190641806139576,1.2439762955035283,0.7934854860257889,13.489253262438424,1.2773231272611194
e1/W/R4/70,W,4,quintuplet,272,2.0095300914812877,0.88378153964416,0.7934854860257889,13.489253262438424,1.2773231272611194
e1/W/R4/83,W,4,quadruplet,144,2.5368719118150787,2.2250404452926364,0.3786339791100275,10.248365042519838,1.3692389129544797
e1/W/R4/83,W,4,quintuplet,272,2.2027667691129076,2.202766769112491,0.3786339791100275,10.248365042519838,1.3692389129544797
e1/W/R4/76,W,4,quadruplet,144,7.032200415917663,2.798206501252084,0.2571621610781101,9.664038913298544,1.2293261052146771
e1/W/R4/76,W,4,quintuplet,272,1.6450323109043052,0.7676817450886007,0.2571621610781101,9.664038913298544,1.2293261052146771
e1/W/R4/92,W,4,quadruplet,144,5.796024994280463,3.5380075831047835,0.9291272545205285,15.795163326848972,1.347307597743214
e1/W/R4/92,W,4,quintuplet,272,3.407887396438006,1.769003791552393,0.9291272545205285,15.795163326848972,1.347307597743214
e1/W/R4/82,W,4,quadruplet,144,1.8914251017093586,1.4531270881615155,0.14413276526663843,12.079502282292077,1.924422269232741
e1/W/R4/82,W,4,quintuplet,272,3.6122044163404817e-13,7.105427357601002e-15,0.14413276526663843,12.079502282292077,1.924422269232741
e1/W/R4/96,W,4,quadruplet,144,3.830408283005135,1.4364031061267966,0.1798920899240386,6.708372427915506,0.7735089355376235
e1/W/R4/96,W,4,quintuplet,272,3.356446149932902e-13,4.440892098500626e-15,0.1798920899240386,6.708372427915506,0.7735089355376235
e1/W/R4/91,W,4,quadruplet,144,10.661102765721504,4.550149016104575,0.35996550229894275,11.977892966654766,1.4265472495038336
e1/W/R4/91,W,4,quintuplet,272,7.139219664776532,4.470233412545455,0.35996550229894275,11.977892966654766,1.4265472495038336
e1/W/R5/2,W,5,quadruplet,144,4.5157142251479945,3.524875368542757,0.22982072191163372,7.381212725500636,0.5031020941115075
e1/W/R5/2,W,5,quintuplet,272,2.6977122446257273,1.8453031813751588,0.22982072191163372,7.381212725500636,0.5031020941115075
e1/W/R5/5,W,5,quadruplet,144,9.056545734524573,4.872503389026953,1.2687614270117002,20.59055162374938,1.6865887525158856
e1/W/R5/5,W,5,quintuplet,272,3.098351036661103,2.1394181894320843,1.2687614270117002,20.59055162374938,1.6865887525158856
e1/W/R4/86,W,4,quadruplet,144,7.177082526653471,2.8173011173719043,0.08441438808621005,6.1435838755385355,0.7031564900857442
e1/W/R4/86,W,4,quintuplet,272,3.977571132132568,2.025455959069349,0.08441438808621005,6.1435838755385355,0.7031564900857442
e1/W/R4/88,W,4,quadruplet,144,2.3987089604860063,0.9049742325759187,0.1732332936602532,11.838250582236302,1.5003760188265347
e1/W/R4/88,W,4,quintuplet,272,3.261488621408452e-13,5.329070518200751e-15,0.1732332936602532,11.838250582236302,1.5003760188265347
e1/W/R5/6,W,5,quadruplet,144,5.121172993676969,2.9256116571392203,0.2441580742402092,11.28190800763946,1.1996388730242111
e1/W/R5/6,W,5,quintuplet,272,1.4476228592557574,0.4825409530851563,0.2441580742402092,11.28190800763946,1.1996388730242111
e1/W/R4/95,W,4,quadruplet,144,4.763263239782668,4.329878905547817,0.6003329909146142,12.291951204875241,1.294065351654267
e1/W/R4/95,W,4,quintuplet,272,3.2127891993592423,2.793385004938413,0.6003329909146142,12.291951204875241,1.294065351654267
e1/W/R4/98,W,4,quadruplet,144,6.206190351296382,3.8500582447699827,1.4907063222338657,24.31532527937037,1.9593462609092163
e1/W/R4/98,W,4,quintuplet,272,3.807265843664741,1.9250291223849914,1.4907063222338657,24.31532527937037,1.9593462609092163
e1/W/R5/19,W,5,quadruplet,144,3.9941133957942614,2.0130150351343055,0.25007820889876164,12.789882350835427,1.5069669807208406
e1/W/R5/19,W,5,quintuplet,272,2.0328954675121853,1.0842109160061728,0.25007820889876164,12.789882350835427,1.5069669807208406
e1/W/R5/12,W,5,quadruplet,144,8.424658344769432,4.046635640359075,0.6308006388862557,8.60223664817051,1.0794370622833789
e1/W/R5/12,W,5,quintuplet,272,4.358731545552032,3.2528140180355694,0.6308006388862557,8.60223664817051,1.0794370622833789
e1/W/R5/0,W,5,quadruplet,144,4.144510128289803,3.12687900586256,0.007087502964520098,10.204883571591893,1.2832171635206222
e1/W/R5/0,W,5,quintuplet,272,2.405058655150596,2.4050586551503237,0.007087502964520098,10.204883571591893,1.2832171635206222
e1/W/R5/8,W,5,quadruplet,144,8.042695283067303,5.14661645383675,0.030404407364786223,11.734192453956615,1.2958223785401508
e1/W/R5/8,W,5,quintuplet,272,2.8960788292305555,1.35150345364067,0.030404407364786223,11.734192453956615,1.2958223785401508
e1/W/R5/13,W,5,quadruplet,144,3.958590118963502,2.679849481768544,0.28063629177260907,10.719397927074167,1.039082032270792
e1/W/R5/13,W,5,quintuplet,272,3.125093660886753e-13,5.329070518200751e-15,0.28063629177260907,10.719397927074167,1.039082032270792
e1/W/R5/14,W,5,quadruplet,144,2.8324952565441146,0.8528580082257968,0.19541999650714104,13.747310946479352,1.663668816764998
e1/W/R5/14,W,5,quintuplet,272,1.4343859773043943,0.7442763128111141,0.19541999650714104,13.747310946479352,1.663668816764998
e1/W/R5/18,W,5,quadruplet,144,7.306081934698735,2.8044153526722697,0.6378695806177728,10.20591328988437,0.9878662730894596
e1/W/R5/18,W,5,quintuplet,272,2.5204567020542146,0.7650760952771658,0.6378695806177728,10.20591328988437,0.9878662730894596
e1/W/R5/24,W,5,quadruplet,144,8.90940284596759,3.063806506412584,0.021246370645092938,7.936306383591008,0.9699688092836566
e1/W/R5/24,W,5,quintuplet,272,4.999623881261965,1.8753914528603248,0.021246370645092938,7.936306383591008,0.9699688092836566
e1/W/R5/15,W,5,quadruplet,144,8.851782520702685,2.8358483826417746,0.340727847987246,18.919881294629384,2.2849291081309886
e1/W/R5/15,W,5,quintuplet,272,5.488658908398094,2.187090545872845,0.340727847987246,18.919881294629384,2.2849291081309886
e1/W/R5/26,W,5,quadruplet,144,2.192943185742154,1.8748169819597382,0.03339187849904679,4.66483936582659,0.6988573383040627
e1/W/R5/26,W,5,quintuplet,272,1.819430848107087e-13,2.6645352591003757e-15,0.03339187849904679,4.66483936582659,0.6988573383040627
e1/W/R5/23,W,5,quadruplet,144,4.416386741843903,2.2495709322412543,0.15516915387683738,13.556397467439362,1.3714874970483981
e1/W/R5/23,W,5,quintuplet,272,3.7505822269933526e-13,7.105427357601002e-15,0.15516915387683738,13.556397467439362,1.3714874970483981
e1/W/R5/20,W,5,quadruplet,144,2.2256341234134185,1.2602298446542521,0.145157582668749,6.373022194332431,0.9652897129556807
e1/W/R5/20,W,5,quintuplet,272,1.552551388503149e-13,3.552713678800501e-15,0.145157582668749,6.373022194332431,0.9652897129556807
e1/W/R5/11,W,5,quadruplet,144,5.088845659740269,1.7775354147985707,0.049445998928446144,13.335554983412523,1.2452384092697335
e1/W/R5/11,W,5,quintuplet,272,2.9742547024226234,1.8629112573787427,0.049445998928446144,13.335554983412523,1.2452384092697335
e1/W/R5/38,W,5,quadruplet,144,3.997598933913014,2.062371770412265,0.16871201109909073,13.118332975280094,1.7616700816798647
e1/W/R5/38,W,5,quintuplet,272,4.408177475321673e-13,7.105427357601002e-15,0.16871201109909073,13.118332975280094,1.7616700816798647
e1/W/R5/7,W,5,quadruplet,144,5.432240005590266,2.1437356369507907,0.09266114620802401,7.646219422355393,1.191689675965751
e1/W/R5/7,W,5,quintuplet,272,3.224872110007096,1.3648874839328116,0.09266114620802401,7.646219422355393,1.191689675965751
e1/W/R5/36,W,5,quadruplet,144,7.612851004371788,5.60227295665569,0.5245144019191361,12.129385369101108,1.2347668073211049
e1/W/R5/36,W,5,quintuplet,272,3.7822266491063954,3.734848637770461,0.5245144019191361,12.129385369101108,1.2347668073211049
e1/W/R5/37,W,5,quadruplet,144,4.69914868395414,1.491426723561061,0.11435397330118757,6.010565714380016,0.7442352372822361
e1/W/R5/37,W,5,quintuplet,272,3.13108073903626,1.1572299636607672,0.11435397330118757,6.010565714380016,0.7442352372822361
e1/W/R5/32,W,5,quadruplet,144,3.290489675873007,1.5504792509540004,0.9092590765991417,16.424214377514527,1.8554440655864073
e1/W/R5/32,W,5,quintuplet,272,0.6762073861517598,0.22540246205050263,0.9092590765991417,16.424214377514527,1.8554440655864073
e1/W/R5/40,W,5,quadruplet,144,5.6380159306295,1.7097635993023474,0.239869664726454,3.841598674892434,0.49227887838149414
e1/W/R5/40,W,5,quintuplet,272,3.1972490394087334,1.023807844537287,0.239869664726454,3.841598674892434,0.49227887838149414
e1/W/R5/33,W,5,quadruplet,144,1.0034800358228686,0.37630501343342004,0.21472317563166055,8.104779112952667,1.0081697791311541
e1/W/R5/33,W,5,quintuplet,272,4.159314360977813e-13,7.105427357601002e-15,0.21472317563166055,8.104779112952667,1.0081697791311541
e1/W/R5/22,W,5,quadruplet,144,7.599663594439567,4.2679190456570275,0.14293644348006396,12.913895469064052,1.728643785723763
e1/W/R5/22,W,5,quintuplet,272,3.14098803317759,1.2563952132708085,0.14293644348006396,12.913895469064052,1.728643785723763
e1/W/R5/42,W,5,quadruplet,144,7.2211311725051175,4.87647572879801,0.44604004775575135,13.003935276794692,1.2701091023730549
e1/W/R5/42,W,5,quintuplet,272,3.250983819198926,3.250983819198673,0.44604004775575135,13.003935276794692,1.2701091023730549
e1/W/R5/53,W,5,quadruplet,144,2.506583126224978,1.1253940398490745,0.5990581435345845,7.702316592499722,0.8747060251595606
e1/W/R5/53,W,5,quintuplet,272,1.1253940398492526,1.1253940398490747,0.5990581435345845,7.702316592499722,0.8747060251595606
e1/W/R5/43,W,5,quadruplet,144,4.214510150936841,2.931833148477528,0.09215465278925628,16.021012436757953,2.111810785421216
e1/W/R5/43,W,5,quintuplet,272,2.7485935766980765,1.4659165742387614,0.09215465278925628,16.021012436757953,2.111810785421216
e1/W/R5/25,W,5,quadruplet,144,4.620467154724894,1.6352086626889601,0.7795217741794431,13.251870161050533,1.0999223009818315
e1/W/R5/25,W,5,quintuplet,272,2.184399608998258,1.1650131247989508,0.7795217741794431,13.251870161050533,1.0999223009818315
e1/W/R5/34,W,5,quadruplet,144,11.00635914567655,7.693866921594388,0.17802841149357462,11.060947425570028,1.6688209342031934
e1/W/R5/34,W,5,quintuplet,272,3.132097247114302,2.509089343414767,0.17802841149357462,11.060947425570028,1.6688209342031934
e1/W/R5/28,W,5,quadruplet,144,14.447682119594011,6.136660488460366,0.6441662010707248,21.682190523983067,3.4363445425369887
e1/W/R5/28,W,5,quintuplet,272,3.5405575127745275,1.1801858375913046,0.6441662010707248,21.682190523983067,3.4363445425369887
e1/W/R5/50,W,5,quadruplet,144,2.618770959184516,0.8663547597954953,0.10933044463829589,7.895955203672993,1.0386136392801335
e1/W/R5/50,W,5,quintuplet,272,1.7550052394783362,0.585001746492706,0.10933044463829589,7.895955203672993,1.0386136392801335
e1/W/R5/56,W,5,quadruplet,144,7.691322594049078,5.334878742996891,0.4874837201483295,8.739138558272476,1.0745634076703796
e1/W/R5/56,W,5,quintuplet,272,5.362080860855009,3.556585828664592,0.4874837201483295,8.739138558272476,1.0745634076703796
e1/W/R5/52,W,5,quadruplet,144,8.698392640765267,4.769497251403839,0.10279208845545895,6.701067538342912,1.0441926726073925
e1/W/R5/52,W,5,quintuplet,272,6.339924438309222,3.3358225633098177,0.10279208845545895,6.701067538342912,1.0441926726073925
e1/W/R5/30,W,5,quadruplet,144,6.006980232214706,2.7021908367767145,0.22449920084272001,8.830639744497569,1.2804906697416703
e1/W/R5/30,W,5,quintuplet,272,2.7021908367768948,2.702190836776715,0.22449920084272001,8.830639744497569,1.2804906697416703
e1/W/R5/55,W,5,quadruplet,144,8.397755349252128,4.2970078340584275,0.3609951395640367,6.292005614243423,0.962874135334738
e1/W/R5/55,W,5,quintuplet,272,5.457341868822787,4.657833091592088,0.3609951395640367,6.292005614243423,0.962874135334738
e1/W/R5/62,W,5,quadruplet,144,10.763093626023183,8.00896962188408,0.6842091464000379,10.812879184453246,1.5752413959458147
e1/W/R5/62,W,5,quintuplet,272,5.920330110742486,3.253069885673324,0.6842091464000379,10.812879184453246,1.5752413959458147
e1/W/R5/60,W,5,quadruplet,144,2.5530174543130797,1.2765087271564173,0.17852723437514495,6.321658826524096,0.7722231441649439
e1/W/R5/60,W,5,quintuplet,272,2.4551863852706506e-13,3.552713678800501e-15,0.17852723437514495,6.321658826524096,0.7722231441649439
e1/W/R5/41,W,5,quadruplet,144,5.894079110531484,1.8504094886977898,0.7171536663836307,12.764576061557804,1.2691221983459058
e1/W/R5/41,W,5,quintuplet,272,2.8522477611973467,2.852247761197205,0.7171536663836307,12.764576061557804,1.2691221983459058
e1/W/R5/46,W,5,quadruplet,144,4.4249492458116615,2.768835423918107,0.1658609336517074,11.602031958608755,1.5726383525627523
e1/W/R5/46,W,5,quintuplet,272,4.3320086061106956e-13,7.105427357601002e-15,0.1658609336517074,11.602031958608755,1.5726383525627523
e1/W/R5/47,W,5,quadruplet,144,5.8216610749664985,1.9719875426311324,0.2809784983009358,10.263528170072995,1.5160821272830138
e1/W/R5/47,W,5,quintuplet,272,2.8176669484889927,1.12706677939547,0.2809784983009358,10.263528170072995,1.5160821272830138
e1/W/R5/64,W,5,quadruplet,144,5.292158049671099,2.313582585760538,0.047398616326733034,7.702796049465158,1.114994826791452
e1/W/R5/64,W,5,quintuplet,272,1.495416447446232,0.7975554386378712,0.047398616326733034,7.702796049465158,1.114994826791452
e1/W/R5/48,W,5,quadruplet,144,1.697362361537732,0.5534877265882603,0.0693143579770279,9.60945106697115,1.3878591362317039
e1/W/R5/48,W,5,quintuplet,272,1.10697545317692,0.3689918177255107,0.0693143579770279,9.60945106697115,1.3878591362317039
e1/W/R5/75,W,5,quadruplet,144,7.344481204700385,5.884945976996114,0.7846594635994819,11.769891953992229,0.9449308481726966
e1/W/R5/75,W,5,quintuplet,272,3.5384076062364667,2.942472988498057,0.7846594635994819,11.769891953992229,0.9449308481726966
e1/W/R5/68,W,5,quadruplet,144,3.3984478965410156,1.7502197115308924,0.049547496672909475,9.955504112117126,1.3005172332314323
e1/W/R5/68,W,5,quintuplet,272,0.01061161174553111,0.005659526264097714,0.049547496672909475,9.955504112117126,1.3005172332314323
e1/W/R5/69,W,5,quadruplet,144,3.328488648323668,3.3284886483230167,0.05414004092790847,13.302576861985774,2.006232602404417
e1/W/R5/69,W,5,quintuplet,272,6.531653032836298e-13,1.0658141036401503e-14,0.05414004092790847,13.302576861985774,2.006232602404417
e1/W/R5/54,W,5,quadruplet,144,6.612873890417424,3.621175058288811,0.6179302882661712,9.886884612258735,1.0674923807290353
e1/W/R5/54,W,5,quintuplet,272,1.9617697259861129,0.6539232419952405,0.6179302882661712,9.886884612258735,1.0674923807290353
e1/W/R5/71,W,5,quadruplet,144,5.36154440874126,2.26638783121847,0.6994256569216137,15.134107510438367,1.6869791727118062
e1/W/R5/71,W,5,quintuplet,272,2.6546621732339535,2.654662173233628,0.6994256569216137,15.134107510438367,1.6869791727118062
e1/W/R5/73,W,5,quadruplet,144,6.3167578795999875,5.162434886818351,0.5722857275357534,16.03720837156898,1.0678707306333606
e1/W/R5/73,W,5,quintuplet,272,3.545861833360695,3.545861833360563,0.5722857275357534,16.03720837156898,1.0678707306333606
e1/W/R5/80,W,5,quadruplet,144,12.5372847182833,8.215203282756692,0.23106060691899444,11.109607624484756,1.7163042098890215
e1/W/R5/80,W,5,quintuplet,272,7.575358062692318,5.928376351902487,0.23106060691899444,11.109607624484756,1.7163042098890215
e1/W/R5/61,W,5,quadruplet,144,3.755136138880274,1.6818063596045079,0.03026579324369827,8.089424587261773,0.8835927028401526
e1/W/R5/61,W,5,quintuplet,272,0.39815940983516995,0.13271980327824462,0.03026579324369827,8.089424587261773,0.8835927028401526
e1/W/R5/63,W,5,quadruplet,144,11.891959337126663,9.361870174630319,1.712535980056714,26.682939608220742,1.9404817408620127
e1/W/R5/63,W,5,quintuplet,272,4.557594490810213,2.691135272575135,1.712535980056714,26.682939608220742,1.9404817408620127
e1/W/R5/72,W,5,quadruplet,144,1.28032482761072,1.1447831080281734,0.043597285955042864,12.441891237215629,1.4960624280088393
e1/W/R5/72,W,5,quintuplet,272,1.1447831080284951,1.1447831080281787,0.043597285955042864,12.441891237215629,1.4960624280088393
e1/W/R5/65,W,5,quadruplet,144,7.584193001581955,7.531438682932316,0.11522364136066976,14.046876391773873,1.3320473080874329
e1/W/R5/65,W,5,quintuplet,272,3.5465021651850543,3.511719097943468,0.11522364136066976,14.046876391773873,1.3320473080874329
e1/W/R5/81,W,5,quadruplet,144,5.219425056629785,2.4522083883345047,0.7737294912811805,22.610364314695026,2.637246286478309
e1/W/R5/81,W,5,quintuplet,272,2.0860947712317235,2.086094771231238,0.7737294912811805,22.610364314695026,2.637246286478309
e1/W/R5/51,W,5,quadruplet,144,8.2121141947241,8.212114194723805,0.043413572908001186,10.874652735600534,1.5578627316583589
e1/W/R5/51,W,5,quintuplet,272,3.4612906941448913,3.461290694144597,0.043413572908001186,10.874652735600534,1.5578627316583589
e1/W/R5/78,W,5,quadruplet,144,5.519587930916317,3.4791289760684867,0.017661703433997644,12.628235265620525,1.5253456417673485
e1/W/R5/78,W,5,quintuplet,272,1.3603059698987048,0.45343532329941905,0.017661703433997644,12.628235265620525,1.5253456417673485
e1/W/R5/98,W,5,quadruplet,144,4.069724985106908,1.8083584381068274,0.0436883162471986,9.14550932974127,1.229408669233634
e1/W/R5/98,W,5,quintuplet,272,2.7092310594428066,1.2643078277397652,0.0436883162471986,9.14550932974127,1.229408669233634
e1/W/R5/67,W,5,quadruplet,144,5.501818511502753,1.7895660455977258,0.012246321483580402,4.658520406050194,0.756026081452841
e1/W/R5/67,W,5,quintuplet,272,2.8020617665803913,1.0738077120346272,0.012246321483580402,4.658520406050194,0.756026081452841
e1/W/R5/87,W,5,quadruplet,144,1.0775510789045617,1.0775510789040101,0.04296223197854587,14.166526739098714,1.7886820699767951
e1/W/R5/87,W,5,quintuplet,272,5.4799244730101e-13,7.105427357601002e-15,0.04296223197854587,14.166526739098714,1.7886820699767951
e1/W/R5/88,W,5,quadruplet,144,7.706546870482745,2.4669122341437015,0.18022568844365772,7.319137212180923,1.1344566202419368
e1/W/R5/88,W,5,quintuplet,272,3.3733008797918815,1.2960681200425554,0.18022568844365772,7.319137212180923,1.1344566202419368
e1/W/R5/77,W,5,quadruplet,144,8.217904669716741,5.523276104853879,0.7832033101677318,14.728736279610352,1.4345653904611937
e1/W/R5/77,W,5,quintuplet,272,6.313579584427147,3.6821840699025863,0.7832033101677318,14.728736279610352,1.4345653904611937
e1/W/R5/83,W,5,quadruplet,144,7.972650542248879,3.025556350739035,0.342907474618233,9.377282726816482,1.44815963433729
e1/W/R5/83,W,5,quintuplet,272,2.9856009135901855,0.9770025685931572,0.342907474618233,9.377282726816482,1.44815963433729
e1/W/R5/92,W,5,quadruplet,144,6.147776645200025,3.302463381500896,0.18066199694155927,9.745700980866106,1.2632601412889555
e1/W/R5/92,W,5,quintuplet,272,2.2016422543341627,2.201642254333933,0.18066199694155927,9.745700980866106,1.2632601412889555
e1/W/R5/94,W,5,quadruplet,144,7.658897380848091,2.624376533632843,0.18709348017155492,6.816018066528558,0.8770872064899575
e1/W/R5/94,W,5,quintuplet,272,3.603054315420049,1.2010181051399487,0.18709348017155492,6.816018066528558,0.8770872064899575
e1/W/R5/99,W,5,quadruplet,144,6.821477723939789,5.149040432778812,1.2685660790568178,21.203843118591514,2.10113116887006
e1/W/R5/99,W,5,quintuplet,272,2.965249143687958,2.4442772406233306,1.2685660790568178,21.203843118591514,2.10113116887006
e1/W/R5/86,W,5,quadruplet,144,9.30722278718649,3.8694145557510495,0.08075890709863565,6.553876408667183,0.9185554949817836
e1/W/R5/86,W,5,quintuplet,272,4.445523727458689,1.8214544424396197,0.08075890709863565,6.553876408667183,0.9185554949817836
e1/W/R5/84,W,5,quadruplet,144,7.404481649631663,2.7146051530091624,0.2802523769607941,9.022525755710117,1.3070012432631606
e1/W/R5/84,W,5,quintuplet,272,3.3837681498117487,1.1279227166038002,0.2802523769607941,9.022525755710117,1.3070012432631606
e1/W/R5/90,W,5,quadruplet,144,3.618671474274697,1.387141107398647,0.04575307780704119,5.012588069687015,0.8139687605372957
e1/W/R5/90,W,5,quintuplet,272,0.2893373236386381,0.09644577454617456,0.04575307780704119,5.012588069687015,0.8139687605372957
