instance_key,family,n_rules,method,success,runs,gap,f_star,wh_sparsity,unique_maximizer,relative_gap
e1/L/R1/0,L,1,annealing,0.0,10,0.11359276779230476,0.45437107116921904,237,True,0.25
e1/L/R1/0,L,1,quadruplet,0.2,10,0.11359276779230476,0.45437107116921904,237,True,0.25
e1/L/R1/0,L,1,quintuplet,0.9,10,0.11359276779230476,0.45437107116921904,237,True,0.25
e1/L/R1/0,L,1,random,0.0,10,0.11359276779230476,0.45437107116921904,237,True,0.25
e1/L/R1/1,L,1,annealing,0.3,10,0.6619894309896699,2.6479577239586796,237,True,0.25
e1/L/R1/1,L,1,quadruplet,0.1,10,0.6619894309896699,2.6479577239586796,237,True,0.25
e1/L/R1/1,L,1,quintuplet,0.8,10,0.6619894309896699,2.6479577239586796,237,True,0.25
e1/L/R1/1,L,1,random,0.0,10,0.6619894309896699,2.6479577239586796,237,True,0.25
e1/L/R1/10,L,1,annealing,0.5,10,0.4452574470109978,3.562059576087983,424,True,0.12499999999999997
e1/L/R1/10,L,1,quadruplet,1.0,10,0.4452574470109978,3.562059576087983,424,True,0.12499999999999997
e1/L/R1/10,L,1,quintuplet,1.0,10,0.4452574470109978,3.562059576087983,424,True,0.12499999999999997
e1/L/R1/11,L,1,annealing,1.0,10,0.0,2.7318550759670677,225,False,0.0
e1/L/R1/11,L,1,quadruplet,0.4,10,0.0,2.7318550759670677,225,False,0.0
e1/L/R1/11,L,1,quintuplet,0.4,10,0.0,2.7318550759670677,225,False,0.0
e1/L/R1/12,L,1,annealing,0.5,10,0.0,1.5246924787714813,126,False,0.0
e1/L/R1/12,L,1,quadruplet,1.0,10,0.0,1.5246924787714813,126,False,0.0
e1/L/R1/12,L,1,quintuplet,1.0,10,0.0,1.5246924787714813,126,False,0.0
e1/L/R1/13,L,1,annealing,0.4,10,0.0,1.1064609662474938,435,False,0.0
e1/L/R1/13,L,1,quadruplet,0.3,10,0.0,1.1064609662474938,435,False,0.0
e1/L/R1/13,L,1,quintuplet,1.0,10,0.0,1.1064609662474938,435,False,0.0
e1/L/R1/14,L,1,annealing,0.8,10,0.0,2.3915513616231587,392,False,0.0
e1/L/R1/14,L,1,quadruplet,0.3,10,0.0,2.3915513616231587,392,False,0.0
e1/L/R1/14,L,1,quintuplet,0.3,10,0.0,2.3915513616231587,392,False,0.0
e1/L/R1/15,L,1,annealing,0.1,10,0.0,0.6482844847412321,126,False,0.0
e1/L/R1/15,L,1,quadruplet,1.0,10,0.0,0.6482844847412321,126,False,0.0
e1/L/R1/15,L,1,quintuplet,1.0,10,0.0,0.6482844847412321,126,False,0.0
e1/L/R1/16,L,1,annealing,0.8,10,0.9142122938119455,3.656849175247781,208,True,0.25000000000000006
e1/L/R1/16,L,1,quadruplet,0.0,10,0.9142122938119455,3.656849175247781,208,True,0.25000000000000006
e1/L/R1/16,L,1,quintuplet,0.4,10,0.9142122938119455,3.656849175247781,208,True,0.25000000000000006
e1/L/R1/17,L,1,annealing,0.2,10,0.0,0.8288697383349075,434,False,0.0
e1/L/R1/17,L,1,quadruplet,0.2,10,0.0,0.8288697383349075,434,False,0.0
e1/L/R1/17,L,1,quintuplet,1.0,10,0.0,0.8288697383349075,434,False,0.0
e1/L/R1/18,L,1,annealing,0.1,10,0.6002685686494798,2.4010742745979186,208,True,0.25000000000000006
e1/L/R1/18,L,1,quadruplet,0.0,10,0.6002685686494798,2.4010742745979186,208,True,0.25000000000000006
e1/L/R1/18,L,1,quintuplet,0.6,10,0.6002685686494798,2.4010742745979186,208,True,0.25000000000000006
e1/L/R1/19,L,1,annealing,0.4,10,0.7111719304937587,3.5558596524687927,110,True,0.20000000000000004
e1/L/R1/19,L,1,quadruplet,0.0,10,0.7111719304937587,3.5558596524687927,110,True,0.20000000000000004
e1/L/R1/19,L,1,quintuplet,0.3,10,0.7111719304937587,3.5558596524687927,110,True,0.20000000000000004
e1/L/R1/2,L,1,annealing,0.9,10,0.0,2.795948811113252,434,False,0.0
e1/L/R1/2,L,1,quadruplet,0.5,10,0.0,2.795948811113252,434,False,0.0
e1/L/R1/2,L,1,quintuplet,1.0,10,0.0,2.795948811113252,434,False,0.0
e1/L/R1/2,L,1,random,0.2,10,0.0,2.795948811113252,434,False,0.0
e1/L/R1/20,L,1,annealing,0.0,10,0.04936064992679834,0.19744259970719336,208,True,0.25
e1/L/R1/20,L,1,quadruplet,0.0,10,0.04936064992679834,0.19744259970719336,208,True,0.25
e1/L/R1/20,L,1,quintuplet,0.6,10,0.04936064992679834,0.19744259970719336,208,True,0.25
e1/L/R1/21,L,1,annealing,0.3,10,0.3819998847489958,1.909999423744979,110,True,0.2
e1/L/R1/21,L,1,quadruplet,0.0,10,0.3819998847489958,1.909999423744979,110,True,0.2
e1/L/R1/21,L,1,quintuplet,0.2,10,0.3819998847489958,1.909999423744979,110,True,0.2
e1/L/R1/22,L,1,annealing,0.7,10,0.0,0.26927103521955087,424,False,0.0
e1/L/R1/22,L,1,quadruplet,1.0,10,0.0,0.26927103521955087,424,False,0.0
e1/L/R1/22,L,1,quintuplet,1.0,10,0.0,0.26927103521955087,424,False,0.0
e1/L/R1/23,L,1,annealing,1.0,10,0.6543584985527335,10.469735976843742,272,True,0.062499999999999965
e1/L/R1/23,L,1,quadruplet,1.0,10,0.6543584985527335,10.469735976843742,272,True,0.062499999999999965
e1/L/R1/23,L,1,quintuplet,1.0,10,0.6543584985527335,10.469735976843742,272,True,0.062499999999999965
e1/L/R1/24,L,1,annealing,0.4,10,0.0,0.462841115743613,225,False,0.0
e1/L/R1/24,L,1,quadruplet,1.0,10,0.0,0.462841115743613,225,False,0.0
e1/L/R1/24,L,1,quintuplet,1.0,10,0.0,0.462841115743613,225,False,0.0
e1/L/R1/25,L,1,annealing,0.6,10,0.5929922151921896,2.9649610759609475,110,True,0.20000000000000004
e1/L/R1/25,L,1,quadruplet,0.0,10,0.5929922151921896,2.9649610759609475,110,True,0.20000000000000004
e1/L/R1/25,L,1,quintuplet,0.7,10,0.5929922151921896,2.9649610759609475,110,True,0.20000000000000004
e1/L/R1/26,L,1,annealing,0.0,10,0.37955031532731276,1.8977515766365642,110,True,0.19999999999999996
e1/L/R1/26,L,1,quadruplet,0.2,10,0.37955031532731276,1.8977515766365642,110,True,0.19999999999999996
e1/L/R1/26,L,1,quintuplet,0.7,10,0.37955031532731276,1.8977515766365642,110,True,0.19999999999999996
e1/L/R1/27,L,1,annealing,0.8,10,0.0,1.902582583903115,126,False,0.0
e1/L/R1/27,L,1,quadruplet,1.0,10,0.0,1.902582583903115,126,False,0.0
e1/L/R1/27,L,1,quintuplet,1.0,10,0.0,1.902582583903115,126,False,0.0
e1/L/R1/28,L,1,annealing,0.8,10,0.598966288040593,4.791730304324741,424,True,0.12500000000000008
e1/L/R1/28,L,1,quadruplet,1.0,10,0.598966288040593,4.791730304324741,424,True,0.12500000000000008
e1/L/R1/28,L,1,quintuplet,1.0,10,0.598966288040593,4.791730304324741,424,True,0.12500000000000008
e1/L/R1/29,L,1,annealing,0.1,10,0.391152748344612,1.5646109933784476,237,True,0.25000000000000006
e1/L/R1/29,L,1,quadruplet,0.1,10,0.391152748344612,1.5646109933784476,237,True,0.25000000000000006
e1/L/R1/29,L,1,quintuplet,0.4,10,0.391152748344612,1.5646109933784476,237,True,0.25000000000000006
e1/L/R1/3,L,1,annealing,1.0,10,0.0,2.550867463680257,435,False,0.0
e1/L/R1/3,L,1,quadruplet,1.0,10,0.0,2.550867463680257,435,False,0.0
e1/L/R1/3,L,1,quintuplet,1.0,10,0.0,2.550867463680257,435,False,0.0
e1/L/R1/3,L,1,random,1.0,10,0.0,2.550867463680257,435,False,0.0
e1/L/R1/30,L,1,annealing,0.4,10,0.8531735442684507,4.265867721342253,112,True,0.20000000000000004
e1/L/R1/30,L,1,quadruplet,0.9,10,0.8531735442684507,4.265867721342253,112,True,0.20000000000000004
e1/L/R1/30,L,1,quintuplet,0.9,10,0.8531735442684507,4.265867721342253,112,True,0.20000000000000004
e1/L/R1/31,L,1,annealing,0.8,10,0.0,0.377087491561074,225,False,0.0
e1/L/R1/31,L,1,quadruplet,1.0,10,0.0,0.377087491561074,225,False,0.0
e1/L/R1/31,L,1,quintuplet,1.0,10,0.0,0.377087491561074,225,False,0.0
e1/L/R1/32,L,1,annealing,1.0,10,0.0,2.7382988599702673,223,False,0.0
e1/L/R1/32,L,1,quadruplet,0.5,10,0.0,2.7382988599702673,223,False,0.0
e1/L/R1/32,L,1,quintuplet,0.5,10,0.0,2.7382988599702673,223,False,0.0
e1/L/R1/33,L,1,annealing,0.4,10,0.2697713471612877,1.6186280829677262,237,True,0.16666666666666666
e1/L/R1/33,L,1,quadruplet,0.8,10,0.2697713471612877,1.6186280829677262,237,True,0.16666666666666666
e1/L/R1/33,L,1,quintuplet,0.8,10,0.2697713471612877,1.6186280829677262,237,True,0.16666666666666666
e1/L/R1/34,L,1,annealing,1.0,10,0.0,2.2105243144587035,435,False,0.0
e1/L/R1/34,L,1,quadruplet,0.8,10,0.0,2.2105243144587035,435,False,0.0
e1/L/R1/34,L,1,quintuplet,1.0,10,0.0,2.2105243144587035,435,False,0.0
e1/L/R1/35,L,1,annealing,0.9,10,0.0,1.0864679320887434,447,False,0.0
e1/L/R1/35,L,1,quadruplet,0.6,10,0.0,1.0864679320887434,447,False,0.0
e1/L/R1/35,L,1,quintuplet,0.9,10,0.0,1.0864679320887434,447,False,0.0
e1/L/R1/36,L,1,annealing,0.4,10,0.44233566399511526,3.981020975956038,112,True,0.11111111111111109
e1/L/R1/36,L,1,quadruplet,1.0,10,0.44233566399511526,3.981020975956038,112,True,0.11111111111111109
e1/L/R1/36,L,1,quintuplet,1.0,10,0.44233566399511526,3.981020975956038,112,True,0.11111111111111109
e1/L/R1/37,L,1,annealing,0.1,10,0.0,1.254551083186374,126,False,0.0
e1/L/R1/37,L,1,quadruplet,1.0,10,0.0,1.254551083186374,126,False,0.0
e1/L/R1/37,L,1,quintuplet,1.0,10,0.0,1.254551083186374,126,False,0.0
e1/L/R1/38,L,1,annealing,1.0,10,0.0,3.986156799267484,434,False,0.0
e1/L/R1/38,L,1,quadruplet,1.0,10,0.0,3.986156799267484,434,False,0.0
e1/L/R1/38,L,1,quintuplet,1.0,10,0.0,3.986156799267484,434,False,0.0
e1/L/R1/39,L,1,annealing,0.8,10,0.0,2.7045529841013884,434,False,0.0
e1/L/R1/39,L,1,quadruplet,0.5,10,0.0,2.7045529841013884,434,False,0.0
e1/L/R1/39,L,1,quintuplet,1.0,10,0.0,2.7045529841013884,434,False,0.0
e1/L/R1/4,L,1,annealing,0.2,10,0.5915676408689947,2.9578382043449745,112,True,0.19999999999999993
e1/L/R1/4,L,1,quadruplet,1.0,10,0.5915676408689947,2.9578382043449745,112,True,0.19999999999999993
e1/L/R1/4,L,1,quintuplet,1.0,10,0.5915676408689947,2.9578382043449745,112,True,0.19999999999999993
e1/L/R1/4,L,1,random,0.0,10,0.5915676408689947,2.9578382043449745,112,True,0.19999999999999993
e1/L/R1/40,L,1,annealing,0.1,10,0.0,0.648266941807177,435,False,0.0
e1/L/R1/40,L,1,quadruplet,0.0,10,0.0,0.648266941807177,435,False,0.0
e1/L/R1/40,L,1,quintuplet,0.9,10,0.0,0.648266941807177,435,False,0.0
e1/L/R1/41,L,1,annealing,0.3,10,0.0,0.6323964800508848,434,False,0.0
e1/L/R1/41,L,1,quadruplet,1.0,10,0.0,0.6323964800508848,434,False,0.0
e1/L/R1/41,L,1,quintuplet,1.0,10,0.0,0.6323964800508848,434,False,0.0
e1/L/R1/42,L,1,annealing,0.0,10,0.0,0.07390962095302989,236,False,0.0
e1/L/R1/42,L,1,quadruplet,1.0,10,0.0,0.07390962095302989,236,False,0.0
e1/L/R1/42,L,1,quintuplet,1.0,10,0.0,0.07390962095302989,236,False,0.0
e1/L/R1/43,L,1,annealing,0.2,10,0.6305477485671034,3.152738742835517,110,True,0.2
e1/L/R1/43,L,1,quadruplet,0.3,10,0.6305477485671034,3.152738742835517,110,True,0.2
e1/L/R1/43,L,1,quintuplet,0.7,10,0.6305477485671034,3.152738742835517,110,True,0.2
e1/L/R1/44,L,1,annealing,0.0,10,0.008262704200915016,0.0495762252054901,237,True,0.16666666666666666
e1/L/R1/44,L,1,quadruplet,0.9,10,0.008262704200915016,0.0495762252054901,237,True,0.16666666666666666
e1/L/R1/44,L,1,quintuplet,0.9,10,0.008262704200915016,0.0495762252054901,237,True,0.16666666666666666
e1/L/R1/45,L,1,annealing,0.7,10,0.0,3.6214789654641875,126,False,0.0
e1/L/R1/45,L,1,quadruplet,1.0,10,0.0,3.6214789654641875,126,False,0.0
e1/L/R1/45,L,1,quintuplet,1.0,10,0.0,3.6214789654641875,126,False,0.0
e1/L/R1/46,L,1,annealing,0.9,10,0.0,2.666331034036086,434,False,0.0
e1/L/R1/46,L,1,quadruplet,1.0,10,0.0,2.666331034036086,434,False,0.0
e1/L/R1/46,L,1,quintuplet,1.0,10,0.0,2.666331034036086,434,False,0.0
e1/L/R1/47,L,1,annealing,0.0,10,0.25670866629564604,1.0268346651825841,208,True,0.25
e1/L/R1/47,L,1,quadruplet,0.0,10,0.25670866629564604,1.0268346651825841,208,True,0.25
e1/L/R1/47,L,1,quintuplet,0.7,10,0.25670866629564604,1.0268346651825841,208,True,0.25
e1/L/R1/48,L,1,annealing,0.8,10,0.0,2.5934134212903386,126,False,0.0
e1/L/R1/48,L,1,quadruplet,1.0,10,0.0,2.5934134212903386,126,False,0.0
e1/L/R1/48,L,1,quintuplet,1.0,10,0.0,2.5934134212903386,126,False,0.0
e1/L/R1/49,L,1,annealing,0.1,10,0.06365234933303388,0.3182617466651694,110,True,0.2
e1/L/R1/49,L,1,quadruplet,0.2,10,0.06365234933303388,0.3182617466651694,110,True,0.2
e1/L/R1/49,L,1,quintuplet,0.7,10,0.06365234933303388,0.3182617466651694,110,True,0.2
e1/L/R1/5,L,1,annealing,0.9,10,0.0,2.4437536703405205,434,False,0.0
e1/L/R1/5,L,1,quadruplet,1.0,10,0.0,2.4437536703405205,434,False,0.0
e1/L/R1/5,L,1,quintuplet,1.0,10,0.0,2.4437536703405205,434,False,0.0
e1/L/R1/5,L,1,random,0.2,10,0.0,2.4437536703405205,434,False,0.0
e1/L/R1/50,L,1,annealing,1.0,10,0.0,1.196622293485479,424,False,0.0
e1/L/R1/50,L,1,quadruplet,1.0,10,0.0,1.196622293485479,424,False,0.0
e1/L/R1/50,L,1,quintuplet,1.0,10,0.0,1.196622293485479,424,False,0.0
e1/L/R1/51,L,1,annealing,0.1,10,0.4429795501180851,1.7719182004723408,237,True,0.24999999999999994
e1/L/R1/51,L,1,quadruplet,0.2,10,0.4429795501180851,1.7719182004723408,237,True,0.24999999999999994
e1/L/R1/51,L,1,quintuplet,0.8,10,0.4429795501180851,1.7719182004723408,237,True,0.24999999999999994
e1/L/R1/52,L,1,annealing,1.0,10,0.0,3.2638455863913096,126,False,0.0
e1/L/R1/52,L,1,quadruplet,1.0,10,0.0,3.2638455863913096,126,False,0.0
e1/L/R1/52,L,1,quintuplet,1.0,10,0.0,3.2638455863913096,126,False,0.0
e1/L/R1/53,L,1,annealing,0.9,10,0.0,2.817787855975075,446,False,0.0
e1/L/R1/53,L,1,quadruplet,1.0,10,0.0,2.817787855975075,446,False,0.0
e1/L/R1/53,L,1,quintuplet,1.0,10,0.0,2.817787855975075,446,False,0.0
e1/L/R1/54,L,1,annealing,0.6,10,0.0,4.091454811029245,126,False,0.0
e1/L/R1/54,L,1,quadruplet,1.0,10,0.0,4.091454811029245,126,False,0.0
e1/L/R1/54,L,1,quintuplet,1.0,10,0.0,4.091454811029245,126,False,0.0
e1/L/R1/55,L,1,annealing,0.7,10,0.6069796868170112,4.855837494536086,424,True,0.12500000000000008
e1/L/R1/55,L,1,quadruplet,1.0,10,0.6069796868170112,4.855837494536086,424,True,0.12500000000000008
e1/L/R1/55,L,1,quintuplet,1.0,10,0.6069796868170112,4.855837494536086,424,True,0.12500000000000008
e1/L/R1/56,L,1,annealing,1.0,10,0.0,3.1173309198624244,434,False,0.0
e1/L/R1/56,L,1,quadruplet,0.9,10,0.0,3.1173309198624244,434,False,0.0
e1/L/R1/56,L,1,quintuplet,1.0,10,0.0,3.1173309198624244,434,False,0.0
e1/L/R1/57,L,1,annealing,0.5,10,0.8843831523140349,5.306298913884213,237,True,0.16666666666666655
e1/L/R1/57,L,1,quadruplet,1.0,10,0.8843831523140349,5.306298913884213,237,True,0.16666666666666655
e1/L/R1/57,L,1,quintuplet,1.0,10,0.8843831523140349,5.306298913884213,237,True,0.16666666666666655
e1/L/R1/58,L,1,annealing,0.6,10,0.0,5.9433752014073065,126,False,0.0
e1/L/R1/58,L,1,quadruplet,1.0,10,0.0,5.9433752014073065,126,False,0.0
e1/L/R1/58,L,1,quintuplet,1.0,10,0.0,5.9433752014073065,126,False,0.0
e1/L/R1/59,L,1,annealing,0.7,10,0.5956219248595946,5.360597323736348,112,True,0.11111111111111119
e1/L/R1/59,L,1,quadruplet,1.0,10,0.5956219248595946,5.360597323736348,112,True,0.11111111111111119
e1/L/R1/59,L,1,quintuplet,1.0,10,0.5956219248595946,5.360597323736348,112,True,0.11111111111111119
e1/L/R1/6,L,1,annealing,0.3,10,0.9285322205435591,3.7141288821742373,237,True,0.24999999999999994
e1/L/R1/6,L,1,quadruplet,0.2,10,0.9285322205435591,3.7141288821742373,237,True,0.24999999999999994
e1/L/R1/6,L,1,quintuplet,0.7,10,0.9285322205435591,3.7141288821742373,237,True,0.24999999999999994
e1/L/R1/6,L,1,random,0.0,10,0.9285322205435591,3.7141288821742373,237,True,0.24999999999999994
e1/L/R1/60,L,1,annealing,0.3,10,0.4349773919502957,2.174886959751479,110,True,0.19999999999999996
e1/L/R1/60,L,1,quadruplet,0.0,10,0.4349773919502957,2.174886959751479,110,True,0.19999999999999996
e1/L/R1/60,L,1,quintuplet,0.8,10,0.4349773919502957,2.174886959751479,110,True,0.19999999999999996
e1/L/R1/61,L,1,annealing,0.8,10,0.0,2.947106423174124,436,False,0.0
e1/L/R1/61,L,1,quadruplet,0.1,10,0.0,2.947106423174124,436,False,0.0
e1/L/R1/61,L,1,quintuplet,0.8,10,0.0,2.947106423174124,436,False,0.0
e1/L/R1/62,L,1,annealing,0.0,10,0.0,0.5275791033423438,446,False,0.0
e1/L/R1/62,L,1,quadruplet,1.0,10,0.0,0.5275791033423438,446,False,0.0
e1/L/R1/62,L,1,quintuplet,1.0,10,0.0,0.5275791033423438,446,False,0.0
e1/L/R1/63,L,1,annealing,0.8,10,0.0,1.2421535065640186,424,False,0.0
e1/L/R1/63,L,1,quadruplet,0.8,10,0.0,1.2421535065640186,424,False,0.0
e1/L/R1/63,L,1,quintuplet,1.0,10,0.0,1.2421535065640186,424,False,0.0
e1/L/R1/64,L,1,annealing,0.0,10,0.31438844635774776,1.257553785430991,237,True,0.25
e1/L/R1/64,L,1,quadruplet,0.0,10,0.31438844635774776,1.257553785430991,237,True,0.25
e1/L/R1/64,L,1,quintuplet,0.6,10,0.31438844635774776,1.257553785430991,237,True,0.25
e1/L/R1/65,L,1,annealing,1.0,10,0.0,1.5010097169967103,472,False,0.0
e1/L/R1/65,L,1,quadruplet,0.1,10,0.0,1.5010097169967103,472,False,0.0
e1/L/R1/65,L,1,quintuplet,0.4,10,0.0,1.5010097169967103,472,False,0.0
e1/L/R1/66,L,1,annealing,0.9,10,0.0,0.7941286853751797,424,False,0.0
e1/L/R1/66,L,1,quadruplet,1.0,10,0.0,0.7941286853751797,424,False,0.0
e1/L/R1/66,L,1,quintuplet,1.0,10,0.0,0.7941286853751797,424,False,0.0
e1/L/R1/67,L,1,annealing,0.0,10,0.5431068993628809,2.172427597451524,237,True,0.24999999999999994
e1/L/R1/67,L,1,quadruplet,0.2,10,0.5431068993628809,2.172427597451524,237,True,0.24999999999999994
e1/L/R1/67,L,1,quintuplet,0.8,10,0.5431068993628809,2.172427597451524,237,True,0.24999999999999994
e1/L/R1/68,L,1,annealing,0.5,10,0.0,1.6187547402227551,435,False,0.0
e1/L/R1/68,L,1,quadruplet,0.5,10,0.0,1.6187547402227551,435,False,0.0
e1/L/R1/68,L,1,quintuplet,1.0,10,0.0,1.6187547402227551,435,False,0.0
e1/L/R1/69,L,1,annealing,1.0,10,0.0,2.357430617312369,223,False,0.0
e1/L/R1/69,L,1,quadruplet,1.0,10,0.0,2.357430617312369,223,False,0.0
e1/L/R1/69,L,1,quintuplet,1.0,10,0.0,2.357430617312369,223,False,0.0
e1/L/R1/7,L,1,annealing,0.0,10,0.18952317054298295,1.1371390232578977,225,True,0.16666666666666666
e1/L/R1/7,L,1,quadruplet,0.2,10,0.18952317054298295,1.1371390232578977,225,True,0.16666666666666666
e1/L/R1/7,L,1,quintuplet,0.6,10,0.18952317054298295,1.1371390232578977,225,True,0.16666666666666666
e1/L/R1/7,L,1,random,0.0,10,0.18952317054298295,1.1371390232578977,225,True,0.16666666666666666
e1/L/R1/70,L,1,annealing,0.0,10,0.08138620959213483,0.3255448383685393,208,True,0.25
e1/L/R1/70,L,1,quadruplet,0.0,10,0.08138620959213483,0.3255448383685393,208,True,0.25
e1/L/R1/70,L,1,quintuplet,0.3,10,0.08138620959213483,0.3255448383685393,208,True,0.25
e1/L/R1/71,L,1,annealing,0.3,10,0.09287885794465989,0.835909721501939,112,True,0.1111111111111111
e1/L/R1/71,L,1,quadruplet,1.0,10,0.09287885794465989,0.835909721501939,112,True,0.1111111111111111
e1/L/R1/71,L,1,quintuplet,1.0,10,0.09287885794465989,0.835909721501939,112,True,0.1111111111111111
e1/L/R1/72,L,1,annealing,0.9,10,0.0,1.1286372756972263,424,False,0.0
e1/L/R1/72,L,1,quadruplet,0.0,10,0.0,1.1286372756972263,424,False,0.0
e1/L/R1/72,L,1,quintuplet,0.0,10,0.0,1.1286372756972263,424,False,0.0
e1/L/R1/73,L,1,annealing,0.5,10,0.5871360086901065,2.9356800434505335,110,True,0.19999999999999993
e1/L/R1/73,L,1,quadruplet,0.1,10,0.5871360086901065,2.9356800434505335,110,True,0.19999999999999993
e1/L/R1/73,L,1,quintuplet,0.8,10,0.5871360086901065,2.9356800434505335,110,True,0.19999999999999993
e1/L/R1/74,L,1,annealing,1.0,10,0.4726794974193851,8.035551456129532,144,True,0.05882352941176481
e1/L/R1/74,L,1,quadruplet,1.0,10,0.4726794974193851,8.035551456129532,144,True,0.05882352941176481
e1/L/R1/74,L,1,quintuplet,1.0,10,0.4726794974193851,8.035551456129532,144,True,0.05882352941176481
e1/L/R1/75,L,1,annealing,0.2,10,0.540666938232401,2.1626677529296034,237,True,0.25000000000000006
e1/L/R1/75,L,1,quadruplet,0.0,10,0.540666938232401,2.1626677529296034,237,True,0.25000000000000006
e1/L/R1/75,L,1,quintuplet,0.8,10,0.540666938232401,2.1626677529296034,237,True,0.25000000000000006
e1/L/R1/76,L,1,annealing,0.6,10,0.9720401821414217,3.888160728565687,237,True,0.25
e1/L/R1/76,L,1,quadruplet,0.3,10,0.9720401821414217,3.888160728565687,237,True,0.25
e1/L/R1/76,L,1,quintuplet,0.8,10,0.9720401821414217,3.888160728565687,237,True,0.25
e1/L/R1/77,L,1,annealing,0.4,10,0.0,1.2059322868585673,434,False,0.0
e1/L/R1/77,L,1,quadruplet,0.9,10,0.0,1.2059322868585673,434,False,0.0
e1/L/R1/77,L,1,quintuplet,1.0,10,0.0,1.2059322868585673,434,False,0.0
e1/L/R1/78,L,1,annealing,0.2,10,0.0,0.3656028327351225,436,False,0.0
e1/L/R1/78,L,1,quadruplet,0.1,10,0.0,0.3656028327351225,436,False,0.0
e1/L/R1/78,L,1,quintuplet,0.8,10,0.0,0.3656028327351225,436,False,0.0
e1/L/R1/79,L,1,annealing,0.1,10,0.0,0.8603739903440508,126,False,0.0
e1/L/R1/79,L,1,quadruplet,1.0,10,0.0,0.8603739903440508,126,False,0.0
e1/L/R1/79,L,1,quintuplet,1.0,10,0.0,0.8603739903440508,126,False,0.0
e1/L/R1/8,L,1,annealing,0.7,10,0.0,1.657941373036117,126,False,0.0
e1/L/R1/8,L,1,quadruplet,1.0,10,0.0,1.657941373036117,126,False,0.0
e1/L/R1/8,L,1,quintuplet,1.0,10,0.0,1.657941373036117,126,False,0.0
e1/L/R1/8,L,1,random,0.0,10,0.0,1.657941373036117,126,False,0.0
e1/L/R1/80,L,1,annealing,1.0,10,0.0,2.382257113242796,392,False,0.0
e1/L/R1/80,L,1,quadruplet,0.3,10,0.0,2.382257113242796,392,False,0.0
e1/L/R1/80,L,1,quintuplet,0.3,10,0.0,2.382257113242796,392,False,0.0
e1/L/R1/81,L,1,annealing,0.9,10,0.0,1.1556238580516902,446,False,0.0
e1/L/R1/81,L,1,quadruplet,1.0,10,0.0,1.1556238580516902,446,False,0.0
e1/L/R1/81,L,1,quintuplet,1.0,10,0.0,1.1556238580516902,446,False,0.0
e1/L/R1/82,L,1,annealing,0.7,10,0.6570602244561012,3.9423613467366074,237,True,0.16666666666666666
e1/L/R1/82,L,1,quadruplet,0.9,10,0.6570602244561012,3.9423613467366074,237,True,0.16666666666666666
e1/L/R1/82,L,1,quintuplet,1.0,10,0.6570602244561012,3.9423613467366074,237,True,0.16666666666666666
e1/L/R1/83,L,1,annealing,0.1,10,0.0,0.19102881307254616,392,False,0.0
e1/L/R1/83,L,1,quadruplet,0.0,10,0.0,0.19102881307254616,392,False,0.0
e1/L/R1/83,L,1,quintuplet,0.0,10,0.0,0.19102881307254616,392,False,0.0
e1/L/R1/84,L,1,annealing,0.7,10,0.0,2.244265315169956,434,False,0.0
e1/L/R1/84,L,1,quadruplet,1.0,10,0.0,2.244265315169956,434,False,0.0
e1/L/R1/84,L,1,quintuplet,1.0,10,0.0,2.244265315169956,434,False,0.0
e1/L/R1/85,L,1,annealing,1.0,10,0.0,2.981925072739223,236,False,0.0
e1/L/R1/85,L,1,quadruplet,1.0,10,0.0,2.981925072739223,236,False,0.0
e1/L/R1/85,L,1,quintuplet,1.0,10,0.0,2.981925072739223,236,False,0.0
e1/L/R1/86,L,1,annealing,0.9,10,0.0,2.3244780680791886,434,False,0.0
e1/L/R1/86,L,1,quadruplet,0.2,10,0.0,2.3244780680791886,434,False,0.0
e1/L/R1/86,L,1,quintuplet,0.5,10,0.0,2.3244780680791886,434,False,0.0
e1/L/R1/87,L,1,annealing,0.0,10,0.03422652800653814,0.13690611202615255,208,True,0.25
e1/L/R1/87,L,1,quadruplet,0.0,10,0.03422652800653814,0.13690611202615255,208,True,0.25
e1/L/R1/87,L,1,quintuplet,0.4,10,0.03422652800653814,0.13690611202615255,208,True,0.25
e1/L/R1/88,L,1,annealing,0.7,10,0.0,0.6530607205521481,225,False,0.0
e1/L/R1/88,L,1,quadruplet,1.0,10,0.0,0.6530607205521481,225,False,0.0
e1/L/R1/88,L,1,quintuplet,1.0,10,0.0,0.6530607205521481,225,False,0.0
e1/L/R1/89,L,1,annealing,1.0,10,0.838452715688689,14.253696166707718,144,True,0.058823529411764684
e1/L/R1/89,L,1,quadruplet,1.0,10,0.838452715688689,14.253696166707718,144,True,0.058823529411764684
e1/L/R1/89,L,1,quintuplet,1.0,10,0.838452715688689,14.253696166707718,144,True,0.058823529411764684
e1/L/R1/9,L,1,annealing,1.0,10,0.0,2.5078421738546623,447,False,0.0
e1/L/R1/9,L,1,quadruplet,0.8,10,0.0,2.5078421738546623,447,False,0.0
e1/L/R1/9,L,1,quintuplet,0.9,10,0.0,2.5078421738546623,447,False,0.0
e1/L/R1/9,L,1,random,0.8,10,0.0,2.5078421738546623,447,False,0.0
e1/L/R1/90,L,1,annealing,0.6,10,0.0,1.652246953461961,126,False,0.0
e1/L/R1/90,L,1,quadruplet,1.0,10,0.0,1.652246953461961,126,False,0.0
e1/L/R1/90,L,1,quintuplet,1.0,10,0.0,1.652246953461961,126,False,0.0
e1/L/R1/91,L,1,annealing,0.8,10,0.0,1.5083092667175593,392,False,0.0
e1/L/R1/91,L,1,quadruplet,0.2,10,0.0,1.5083092667175593,392,False,0.0
e1/L/R1/91,L,1,quintuplet,0.2,10,0.0,1.5083092667175593,392,False,0.0
e1/L/R1/92,L,1,annealing,0.0,10,0.6205623057608021,2.4822492230432083,237,True,0.25
e1/L/R1/92,L,1,quadruplet,0.0,10,0.6205623057608021,2.4822492230432083,237,True,0.25
e1/L/R1/92,L,1,quintuplet,0.7,10,0.6205623057608021,2.4822492230432083,237,True,0.25
e1/L/R1/93,L,1,annealing,1.0,10,0.0,5.03787533476175,126,False,0.0
e1/L/R1/93,L,1,quadruplet,1.0,10,0.0,5.03787533476175,126,False,0.0
e1/L/R1/93,L,1,quintuplet,1.0,10,0.0,5.03787533476175,126,False,0.0
e1/L/R1/94,L,1,annealing,1.0,10,0.0,2.584639827365894,434,False,0.0
e1/L/R1/94,L,1,quadruplet,1.0,10,0.0,2.584639827365894,434,False,0.0
e1/L/R1/94,L,1,quintuplet,1.0,10,0.0,2.584639827365894,434,False,0.0
e1/L/R1/95,L,1,annealing,0.2,10,0.7242636422487831,4.345581853492697,225,True,0.16666666666666674
e1/L/R1/95,L,1,quadruplet,0.7,10,0.7242636422487831,4.345581853492697,225,True,0.16666666666666674
e1/L/R1/95,L,1,quintuplet,0.8,10,0.7242636422487831,4.345581853492697,225,True,0.16666666666666674
e1/L/R1/96,L,1,annealing,1.0,10,0.0,3.920724633454248,126,False,0.0
e1/L/R1/96,L,1,quadruplet,1.0,10,0.0,3.920724633454248,126,False,0.0
e1/L/R1/96,L,1,quintuplet,1.0,10,0.0,3.920724633454248,126,False,0.0
e1/L/R1/97,L,1,annealing,0.5,10,0.0,0.5221627389881496,225,False,0.0
e1/L/R1/97,L,1,quadruplet,1.0,10,0.0,0.5221627389881496,225,False,0.0
e1/L/R1/97,L,1,quintuplet,1.0,10,0.0,0.5221627389881496,225,False,0.0
e1/L/R1/98,L,1,annealing,1.0,10,0.0,1.6089747737937174,223,False,0.0
e1/L/R1/98,L,1,quadruplet,1.0,10,0.0,1.6089747737937174,223,False,0.0
e1/L/R1/98,L,1,quintuplet,1.0,10,0.0,1.6089747737937174,223,False,0.0
e1/L/R1/99,L,1,annealing,1.0,10,0.6519629431241025,11.083370033109738,144,True,0.05882352941176473
e1/L/R1/99,L,1,quadruplet,1.0,10,0.6519629431241025,11.083370033109738,144,True,0.05882352941176473
e1/L/R1/99,L,1,quintuplet,1.0,10,0.6519629431241025,11.083370033109738,144,True,0.05882352941176473
e1/L/R2/0,L,2,annealing,0.3,10,0.036815389747956395,4.055901121195436,508,True,0.009076993902924692
e1/L/R2/0,L,2,quadruplet,0.0,10,0.036815389747956395,4.055901121195436,508,True,0.009076993902924692
e1/L/R2/0,L,2,quintuplet,0.0,10,0.036815389747956395,4.055901121195436,508,True,0.009076993902924692
e1/L/R2/0,L,2,random,0.0,10,0.036815389747956395,4.055901121195436,508,True,0.009076993902924692
e1/L/R2/1,L,2,annealing,0.5,10,0.2250294959286503,3.1426457116695463,479,True,0.07160511128984445
e1/L/R2/1,L,2,quadruplet,0.0,10,0.2250294959286503,3.1426457116695463,479,True,0.07160511128984445
e1/L/R2/1,L,2,quintuplet,0.0,10,0.2250294959286503,3.1426457116695463,479,True,0.07160511128984445
e1/L/R2/1,L,2,random,0.0,10,0.2250294959286503,3.1426457116695463,479,True,0.07160511128984445
e1/L/R2/10,L,2,annealing,0.9,10,0.16986439465404057,5.311745294532089,144,True,0.03197901729755359
e1/L/R2/10,L,2,quadruplet,1.0,10,0.16986439465404057,5.311745294532089,144,True,0.03197901729755359
e1/L/R2/10,L,2,quintuplet,0.7,10,0.16986439465404057,5.311745294532089,144,True,0.03197901729755359
e1/L/R2/11,L,2,annealing,0.5,10,0.14653108123621017,6.1537141129948925,255,True,0.023811811622314116
e1/L/R2/11,L,2,quadruplet,0.7,10,0.14653108123621017,6.1537141129948925,255,True,0.023811811622314116
e1/L/R2/11,L,2,quintuplet,0.7,10,0.14653108123621017,6.1537141129948925,255,True,0.023811811622314116
e1/L/R2/12,L,2,annealing,0.8,10,0.0,2.2573325754326143,271,False,0.0
e1/L/R2/12,L,2,quadruplet,0.8,10,0.0,2.2573325754326143,271,False,0.0
e1/L/R2/12,L,2,quintuplet,1.0,10,0.0,2.2573325754326143,271,False,0.0
e1/L/R2/13,L,2,annealing,0.1,10,0.16253217418267996,2.249771181184898,269,True,0.07224386886184501
e1/L/R2/13,L,2,quadruplet,0.7,10,0.16253217418267996,2.249771181184898,269,True,0.07224386886184501
e1/L/R2/13,L,2,quintuplet,0.9,10,0.16253217418267996,2.249771181184898,269,True,0.07224386886184501
e1/L/R2/14,L,2,annealing,0.3,10,0.3167667219797732,6.209444324557831,112,True,0.05101369871809421
e1/L/R2/14,L,2,quadruplet,0.8,10,0.3167667219797732,6.209444324557831,112,True,0.05101369871809421
e1/L/R2/14,L,2,quintuplet,0.8,10,0.3167667219797732,6.209444324557831,112,True,0.05101369871809421
e1/L/R2/15,L,2,annealing,0.2,10,0.7587650561110095,5.950552385643121,505,True,0.12751170092068756
e1/L/R2/15,L,2,quadruplet,1.0,10,0.7587650561110095,5.950552385643121,505,True,0.12751170092068756
e1/L/R2/15,L,2,quintuplet,1.0,10,0.7587650561110095,5.950552385643121,505,True,0.12751170092068756
e1/L/R2/16,L,2,annealing,1.0,10,0.0,5.450008441807869,142,False,0.0
e1/L/R2/16,L,2,quadruplet,1.0,10,0.0,5.450008441807869,142,False,0.0
e1/L/R2/16,L,2,quintuplet,1.0,10,0.0,5.450008441807869,142,False,0.0
e1/L/R2/17,L,2,annealing,0.0,10,0.0,1.1184631635211135,269,False,0.0
e1/L/R2/17,L,2,quadruplet,0.6,10,0.0,1.1184631635211135,269,False,0.0
e1/L/R2/17,L,2,quintuplet,0.8,10,0.0,1.1184631635211135,269,False,0.0
e1/L/R2/18,L,2,annealing,0.1,10,0.018337578639574303,8.107853684025901,128,True,0.0022617056688754773
e1/L/R2/18,L,2,quadruplet,0.0,10,0.018337578639574303,8.107853684025901,128,True,0.0022617056688754773
e1/L/R2/18,L,2,quintuplet,0.3,10,0.018337578639574303,8.107853684025901,128,True,0.0022617056688754773
e1/L/R2/19,L,2,annealing,0.1,10,0.035848526789462376,2.897815958739267,269,True,0.012370877688539872
e1/L/R2/19,L,2,quadruplet,0.0,10,0.035848526789462376,2.897815958739267,269,True,0.012370877688539872
e1/L/R2/19,L,2,quintuplet,0.2,10,0.035848526789462376,2.897815958739267,269,True,0.012370877688539872
e1/L/R2/2,L,2,annealing,0.5,10,0.0,1.6109251821448676,454,False,0.0
e1/L/R2/2,L,2,quadruplet,0.2,10,0.0,1.6109251821448676,454,False,0.0
e1/L/R2/2,L,2,quintuplet,0.9,10,0.0,1.6109251821448676,454,False,0.0
e1/L/R2/2,L,2,random,0.2,10,0.0,1.6109251821448676,454,False,0.0
e1/L/R2/20,L,2,annealing,1.0,10,0.0,2.4106806339342692,455,False,0.0
e1/L/R2/20,L,2,quadruplet,0.0,10,0.0,2.4106806339342692,455,False,0.0
e1/L/R2/20,L,2,quintuplet,0.0,10,0.0,2.4106806339342692,455,False,0.0
e1/L/R2/21,L,2,annealing,0.2,10,0.23339683861569016,3.0358796658253664,480,True,0.07687947623320453
e1/L/R2/21,L,2,quadruplet,0.0,10,0.23339683861569016,3.0358796658253664,480,True,0.07687947623320453
e1/L/R2/21,L,2,quintuplet,0.0,10,0.23339683861569016,3.0358796658253664,480,True,0.07687947623320453
e1/L/R2/22,L,2,annealing,0.5,10,0.0,6.056010647172894,128,False,0.0
e1/L/R2/22,L,2,quadruplet,0.6,10,0.0,6.056010647172894,128,False,0.0
e1/L/R2/22,L,2,quintuplet,1.0,10,0.0,6.056010647172894,128,False,0.0
e1/L/R2/23,L,2,annealing,0.9,10,0.0,3.0940213387301343,442,False,0.0
e1/L/R2/23,L,2,quadruplet,1.0,10,0.0,3.0940213387301343,442,False,0.0
e1/L/R2/23,L,2,quintuplet,1.0,10,0.0,3.0940213387301343,442,False,0.0
e1/L/R2/24,L,2,annealing,0.2,10,0.07778309965500685,1.108446947053646,507,True,0.07017304694803976
e1/L/R2/24,L,2,quadruplet,0.0,10,0.07778309965500685,1.108446947053646,507,True,0.07017304694803976
e1/L/R2/24,L,2,quintuplet,0.5,10,0.07778309965500685,1.108446947053646,507,True,0.07017304694803976
e1/L/R2/25,L,2,annealing,0.9,10,0.0,5.475444900366806,455,False,0.0
e1/L/R2/25,L,2,quadruplet,1.0,10,0.0,5.475444900366806,455,False,0.0
e1/L/R2/25,L,2,quintuplet,1.0,10,0.0,5.475444900366806,455,False,0.0
e1/L/R2/26,L,2,annealing,1.0,10,0.0,2.6782736173688226,508,False,0.0
e1/L/R2/26,L,2,quadruplet,0.9,10,0.0,2.6782736173688226,508,False,0.0
e1/L/R2/26,L,2,quintuplet,1.0,10,0.0,2.6782736173688226,508,False,0.0
e1/L/R2/27,L,2,annealing,0.9,10,0.0,2.8989394400757638,446,False,0.0
e1/L/R2/27,L,2,quadruplet,0.7,10,0.0,2.8989394400757638,446,False,0.0
e1/L/R2/27,L,2,quintuplet,0.9,10,0.0,2.8989394400757638,446,False,0.0
e1/L/R2/28,L,2,annealing,0.8,10,0.0,2.947608767106994,270,False,0.0
e1/L/R2/28,L,2,quadruplet,1.0,10,0.0,2.947608767106994,270,False,0.0
e1/L/R2/28,L,2,quintuplet,1.0,10,0.0,2.947608767106994,270,False,0.0
e1/L/R2/29,L,2,annealing,0.0,10,0.1783056154410212,1.3252122136030655,269,True,0.13454872631775203
e1/L/R2/29,L,2,quadruplet,0.0,10,0.1783056154410212,1.3252122136030655,269,True,0.13454872631775203
e1/L/R2/29,L,2,quintuplet,0.0,10,0.1783056154410212,1.3252122136030655,269,True,0.13454872631775203
e1/L/R2/3,L,2,annealing,0.1,10,0.0,0.2839547605482441,507,False,0.0
e1/L/R2/3,L,2,quadruplet,0.5,10,0.0,0.2839547605482441,507,False,0.0
e1/L/R2/3,L,2,quintuplet,0.9,10,0.0,0.2839547605482441,507,False,0.0
e1/L/R2/3,L,2,random,0.1,10,0.0,0.2839547605482441,507,False,0.0
e1/L/R2/30,L,2,annealing,0.2,10,0.05365715798327941,1.7521267040719155,506,True,0.030624017006635994
e1/L/R2/30,L,2,quadruplet,0.2,10,0.05365715798327941,1.7521267040719155,506,True,0.030624017006635994
e1/L/R2/30,L,2,quintuplet,0.1,10,0.05365715798327941,1.7521267040719155,506,True,0.030624017006635994
e1/L/R2/31,L,2,annealing,1.0,10,0.5726482687597851,10.080905696585656,512,True,0.05680524012378548
e1/L/R2/31,L,2,quadruplet,1.0,10,0.5726482687597851,10.080905696585656,512,True,0.05680524012378548
e1/L/R2/31,L,2,quintuplet,1.0,10,0.5726482687597851,10.080905696585656,512,True,0.05680524012378548
e1/L/R2/32,L,2,annealing,0.4,10,0.263848922948426,2.624280159917776,454,True,0.10054144636626483
e1/L/R2/32,L,2,quadruplet,1.0,10,0.263848922948426,2.624280159917776,454,True,0.10054144636626483
e1/L/R2/32,L,2,quintuplet,1.0,10,0.263848922948426,2.624280159917776,454,True,0.10054144636626483
e1/L/R2/33,L,2,annealing,1.0,10,0.23957659052334268,4.072802038896829,144,True,0.058823529411764656
e1/L/R2/33,L,2,quadruplet,1.0,10,0.23957659052334268,4.072802038896829,144,True,0.058823529411764656
e1/L/R2/33,L,2,quintuplet,1.0,10,0.23957659052334268,4.072802038896829,144,True,0.058823529411764656
e1/L/R2/34,L,2,annealing,0.4,10,0.15898602225797798,2.1387448220400977,269,True,0.07433613426884886
e1/L/R2/34,L,2,quadruplet,0.2,10,0.15898602225797798,2.1387448220400977,269,True,0.07433613426884886
e1/L/R2/34,L,2,quintuplet,0.6,10,0.15898602225797798,2.1387448220400977,269,True,0.07433613426884886
e1/L/R2/35,L,2,annealing,0.3,10,0.2640584070343084,2.375295865566483,268,True,0.11116863834195799
e1/L/R2/35,L,2,quadruplet,0.9,10,0.2640584070343084,2.375295865566483,268,True,0.11116863834195799
e1/L/R2/35,L,2,quintuplet,1.0,10,0.2640584070343084,2.375295865566483,268,True,0.11116863834195799
e1/L/R2/36,L,2,annealing,0.8,10,0.35185903730897294,4.57141301618973,114,True,0.07696942631585874
e1/L/R2/36,L,2,quadruplet,1.0,10,0.35185903730897294,4.57141301618973,114,True,0.07696942631585874
e1/L/R2/36,L,2,quintuplet,1.0,10,0.35185903730897294,4.57141301618973,114,True,0.07696942631585874
e1/L/R2/37,L,2,annealing,0.7,10,0.0,4.6230704488314585,506,False,0.0
e1/L/R2/37,L,2,quadruplet,0.9,10,0.0,4.6230704488314585,506,False,0.0
e1/L/R2/37,L,2,quintuplet,0.9,10,0.0,4.6230704488314585,506,False,0.0
e1/L/R2/38,L,2,annealing,0.5,10,0.0,1.6380170858624958,398,False,0.0
e1/L/R2/38,L,2,quadruplet,0.0,10,0.0,1.6380170858624958,398,False,0.0
e1/L/R2/38,L,2,quintuplet,0.0,10,0.0,1.6380170858624958,398,False,0.0
e1/L/R2/39,L,2,annealing,0.2,10,0.8124947667718025,4.874968600630816,508,True,0.16666666666666663
e1/L/R2/39,L,2,quadruplet,0.8,10,0.8124947667718025,4.874968600630816,508,True,0.16666666666666663
e1/L/R2/39,L,2,quintuplet,0.8,10,0.8124947667718025,4.874968600630816,508,True,0.16666666666666663
e1/L/R2/4,L,2,annealing,0.0,10,0.01769676194837755,0.42191928303541404,272,True,0.04194347748474952
e1/L/R2/4,L,2,quadruplet,1.0,10,0.01769676194837755,0.42191928303541404,272,True,0.04194347748474952
e1/L/R2/4,L,2,quintuplet,1.0,10,0.01769676194837755,0.42191928303541404,272,True,0.04194347748474952
e1/L/R2/4,L,2,random,0.0,10,0.01769676194837755,0.42191928303541404,272,True,0.04194347748474952
e1/L/R2/40,L,2,annealing,1.0,10,0.0,2.89723446074787,510,False,0.0
e1/L/R2/40,L,2,quadruplet,1.0,10,0.0,2.89723446074787,510,False,0.0
e1/L/R2/40,L,2,quintuplet,1.0,10,0.0,2.89723446074787,510,False,0.0
e1/L/R2/41,L,2,annealing,0.4,10,0.1955441683146084,3.3801610761786365,255,True,0.05785054732825821
e1/L/R2/41,L,2,quadruplet,0.0,10,0.1955441683146084,3.3801610761786365,255,True,0.05785054732825821
e1/L/R2/41,L,2,quintuplet,0.0,10,0.1955441683146084,3.3801610761786365,255,True,0.05785054732825821
e1/L/R2/42,L,2,annealing,1.0,10,0.6815737220189781,10.223605830284654,512,True,0.06666666666666678
e1/L/R2/42,L,2,quadruplet,1.0,10,0.6815737220189781,10.223605830284654,512,True,0.06666666666666678
e1/L/R2/42,L,2,quintuplet,1.0,10,0.6815737220189781,10.223605830284654,512,True,0.06666666666666678
e1/L/R2/43,L,2,annealing,0.9,10,0.0,3.675554272343487,271,False,0.0
e1/L/R2/43,L,2,quadruplet,0.8,10,0.0,3.675554272343487,271,False,0.0
e1/L/R2/43,L,2,quintuplet,1.0,10,0.0,3.675554272343487,271,False,0.0
e1/L/R2/44,L,2,annealing,1.0,10,0.0,2.4176313501714315,467,False,0.0
e1/L/R2/44,L,2,quadruplet,1.0,10,0.0,2.4176313501714315,467,False,0.0
e1/L/R2/44,L,2,quintuplet,1.0,10,0.0,2.4176313501714315,467,False,0.0
e1/L/R2/45,L,2,annealing,0.0,10,0.03917173957287168,1.99881707066016,269,True,0.01959746099223288
e1/L/R2/45,L,2,quadruplet,0.1,10,0.03917173957287168,1.99881707066016,269,True,0.01959746099223288
e1/L/R2/45,L,2,quintuplet,0.6,10,0.03917173957287168,1.99881707066016,269,True,0.01959746099223288
e1/L/R2/46,L,2,annealing,0.2,10,0.1341233853230417,1.8124438871551116,507,True,0.07400140013910578
e1/L/R2/46,L,2,quadruplet,0.0,10,0.1341233853230417,1.8124438871551116,507,True,0.07400140013910578
e1/L/R2/46,L,2,quintuplet,0.1,10,0.1341233853230417,1.8124438871551116,507,True,0.07400140013910578
e1/L/R2/47,L,2,annealing,0.6,10,0.0,3.661136051589792,479,False,0.0
e1/L/R2/47,L,2,quadruplet,0.0,10,0.0,3.661136051589792,479,False,0.0
e1/L/R2/47,L,2,quintuplet,0.5,10,0.0,3.661136051589792,479,False,0.0
e1/L/R2/48,L,2,annealing,1.0,10,0.2032576834654436,3.048865251981652,512,True,0.06666666666666671
e1/L/R2/48,L,2,quadruplet,0.2,10,0.2032576834654436,3.048865251981652,512,True,0.06666666666666671
e1/L/R2/48,L,2,quintuplet,0.9,10,0.2032576834654436,3.048865251981652,512,True,0.06666666666666671
e1/L/R2/49,L,2,annealing,0.5,10,0.594731035527674,3.980351063246758,508,True,0.14941672884565968
e1/L/R2/49,L,2,quadruplet,0.0,10,0.594731035527674,3.980351063246758,508,True,0.14941672884565968
e1/L/R2/49,L,2,quintuplet,0.7,10,0.594731035527674,3.980351063246758,508,True,0.14941672884565968
e1/L/R2/5,L,2,annealing,1.0,10,0.7495166411591487,11.99226625854637,272,True,0.06250000000000004
e1/L/R2/5,L,2,quadruplet,0.9,10,0.7495166411591487,11.99226625854637,272,True,0.06250000000000004
e1/L/R2/5,L,2,quintuplet,1.0,10,0.7495166411591487,11.99226625854637,272,True,0.06250000000000004
e1/L/R2/5,L,2,random,0.0,10,0.7495166411591487,11.99226625854637,272,True,0.06250000000000004
e1/L/R2/50,L,2,annealing,1.0,10,0.8688884526586289,13.902215242538063,272,True,0.0625
e1/L/R2/50,L,2,quadruplet,1.0,10,0.8688884526586289,13.902215242538063,272,True,0.0625
e1/L/R2/50,L,2,quintuplet,1.0,10,0.8688884526586289,13.902215242538063,272,True,0.0625
e1/L/R2/51,L,2,annealing,1.0,10,0.0,3.7339395762892518,269,False,0.0
e1/L/R2/51,L,2,quadruplet,0.9,10,0.0,3.7339395762892518,269,False,0.0
e1/L/R2/51,L,2,quintuplet,0.9,10,0.0,3.7339395762892518,269,False,0.0
e1/L/R2/52,L,2,annealing,1.0,10,0.830568715693456,12.458530735401844,512,True,0.06666666666666665
e1/L/R2/52,L,2,quadruplet,1.0,10,0.830568715693456,12.458530735401844,512,True,0.06666666666666665
e1/L/R2/52,L,2,quintuplet,1.0,10,0.830568715693456,12.458530735401844,512,True,0.06666666666666665
e1/L/R2/53,L,2,annealing,0.6,10,0.0,7.212053580425896,454,False,0.0
e1/L/R2/53,L,2,quadruplet,1.0,10,0.0,7.212053580425896,454,False,0.0
e1/L/R2/53,L,2,quintuplet,1.0,10,0.0,7.212053580425896,454,False,0.0
e1/L/R2/54,L,2,annealing,0.8,10,0.48157066449645924,7.22355996744689,512,True,0.06666666666666665
e1/L/R2/54,L,2,quadruplet,0.8,10,0.48157066449645924,7.22355996744689,512,True,0.06666666666666665
e1/L/R2/54,L,2,quintuplet,1.0,10,0.48157066449645924,7.22355996744689,512,True,0.06666666666666665
e1/L/R2/55,L,2,annealing,0.1,10,0.18090078190273395,2.121848603286165,479,True,0.08525621555777729
e1/L/R2/55,L,2,quadruplet,0.0,10,0.18090078190273395,2.121848603286165,479,True,0.08525621555777729
e1/L/R2/55,L,2,quintuplet,0.0,10,0.18090078190273395,2.121848603286165,479,True,0.08525621555777729
e1/L/R2/56,L,2,annealing,0.9,10,0.0,3.2718908318223,441,False,0.0
e1/L/R2/56,L,2,quadruplet,0.2,10,0.0,3.2718908318223,441,False,0.0
e1/L/R2/56,L,2,quintuplet,1.0,10,0.0,3.2718908318223,441,False,0.0
e1/L/R2/57,L,2,annealing,0.4,10,0.0,1.660029925959483,268,False,0.0
e1/L/R2/57,L,2,quadruplet,0.5,10,0.0,1.660029925959483,268,False,0.0
e1/L/R2/57,L,2,quintuplet,0.9,10,0.0,1.660029925959483,268,False,0.0
e1/L/R2/58,L,2,annealing,0.6,10,0.0,3.3833074467948974,507,False,0.0
e1/L/R2/58,L,2,quadruplet,0.7,10,0.0,3.3833074467948974,507,False,0.0
e1/L/R2/58,L,2,quintuplet,1.0,10,0.0,3.3833074467948974,507,False,0.0
e1/L/R2/59,L,2,annealing,0.3,10,0.40432122970384077,3.1891883817611295,508,True,0.12677872276725372
e1/L/R2/59,L,2,quadruplet,0.9,10,0.40432122970384077,3.1891883817611295,508,True,0.12677872276725372
e1/L/R2/59,L,2,quintuplet,1.0,10,0.40432122970384077,3.1891883817611295,508,True,0.12677872276725372
e1/L/R2/6,L,2,annealing,0.7,10,0.0,3.8936474188990364,452,False,0.0
e1/L/R2/6,L,2,quadruplet,0.1,10,0.0,3.8936474188990364,452,False,0.0
e1/L/R2/6,L,2,quintuplet,0.1,10,0.0,3.8936474188990364,452,False,0.0
e1/L/R2/6,L,2,random,0.0,10,0.0,3.8936474188990364,452,False,0.0
e1/L/R2/60,L,2,annealing,0.3,10,0.24563395728033566,2.5679926003074365,271,True,0.09565212814512343
e1/L/R2/60,L,2,quadruplet,0.0,10,0.24563395728033566,2.5679926003074365,271,True,0.09565212814512343
e1/L/R2/60,L,2,quintuplet,0.4,10,0.24563395728033566,2.5679926003074365,271,True,0.09565212814512343
e1/L/R2/61,L,2,annealing,1.0,10,0.0,3.7752622460527965,268,False,0.0
e1/L/R2/61,L,2,quadruplet,1.0,10,0.0,3.7752622460527965,268,False,0.0
e1/L/R2/61,L,2,quintuplet,1.0,10,0.0,3.7752622460527965,268,False,0.0
e1/L/R2/62,L,2,annealing,0.3,10,0.6965105677634837,3.817598525459789,269,True,0.18244730636771098
e1/L/R2/62,L,2,quadruplet,0.0,10,0.6965105677634837,3.817598525459789,269,True,0.18244730636771098
e1/L/R2/62,L,2,quintuplet,0.5,10,0.6965105677634837,3.817598525459789,269,True,0.18244730636771098
e1/L/R2/63,L,2,annealing,1.0,10,0.0,2.5333811418028365,255,False,0.0
e1/L/R2/63,L,2,quadruplet,1.0,10,0.0,2.5333811418028365,255,False,0.0
e1/L/R2/63,L,2,quintuplet,1.0,10,0.0,2.5333811418028365,255,False,0.0
e1/L/R2/64,L,2,annealing,0.2,10,0.3015606646542035,2.7324813375385992,507,True,0.1103614727432493
e1/L/R2/64,L,2,quadruplet,0.0,10,0.3015606646542035,2.7324813375385992,507,True,0.1103614727432493
e1/L/R2/64,L,2,quintuplet,0.2,10,0.3015606646542035,2.7324813375385992,507,True,0.1103614727432493
e1/L/R2/65,L,2,annealing,0.7,10,0.0,2.0503770179610155,505,False,0.0
e1/L/R2/65,L,2,quadruplet,0.2,10,0.0,2.0503770179610155,505,False,0.0
e1/L/R2/65,L,2,quintuplet,0.9,10,0.0,2.0503770179610155,505,False,0.0
e1/L/R2/66,L,2,annealing,0.1,10,0.2933482081588523,3.1791377080615337,504,True,0.09227288500746329
e1/L/R2/66,L,2,quadruplet,0.0,10,0.2933482081588523,3.1791377080615337,504,True,0.09227288500746329
e1/L/R2/66,L,2,quintuplet,0.3,10,0.2933482081588523,3.1791377080615337,504,True,0.09227288500746329
e1/L/R2/67,L,2,annealing,1.0,10,0.0,3.4063853084195337,270,False,0.0
e1/L/R2/67,L,2,quadruplet,1.0,10,0.0,3.4063853084195337,270,False,0.0
e1/L/R2/67,L,2,quintuplet,1.0,10,0.0,3.4063853084195337,270,False,0.0
e1/L/R2/68,L,2,annealing,0.6,10,0.0,3.334292222474229,453,False,0.0
e1/L/R2/68,L,2,quadruplet,1.0,10,0.0,3.334292222474229,453,False,0.0
e1/L/R2/68,L,2,quintuplet,1.0,10,0.0,3.334292222474229,453,False,0.0
e1/L/R2/69,L,2,annealing,0.7,10,0.6958981097203614,6.263082987483252,270,True,0.1111111111111111
e1/L/R2/69,L,2,quadruplet,1.0,10,0.6958981097203614,6.263082987483252,270,True,0.1111111111111111
e1/L/R2/69,L,2,quintuplet,1.0,10,0.6958981097203614,6.263082987483252,270,True,0.1111111111111111
e1/L/R2/7,L,2,annealing,1.0,10,0.06192989128846538,6.549375211670149,272,True,0.00945584720480119
e1/L/R2/7,L,2,quadruplet,0.0,10,0.06192989128846538,6.549375211670149,272,True,0.00945584720480119
e1/L/R2/7,L,2,quintuplet,0.6,10,0.06192989128846538,6.549375211670149,272,True,0.00945584720480119
e1/L/R2/7,L,2,random,0.0,10,0.06192989128846538,6.549375211670149,272,True,0.00945584720480119
e1/L/R2/70,L,2,annealing,0.3,10,0.8197281114346184,5.319439693911464,508,True,0.15410046144011458
e1/L/R2/70,L,2,quadruplet,0.7,10,0.8197281114346184,5.319439693911464,508,True,0.15410046144011458
e1/L/R2/70,L,2,quintuplet,0.9,10,0.8197281114346184,5.319439693911464,508,True,0.15410046144011458
e1/L/R2/71,L,2,annealing,1.0,10,0.31676732282460485,5.3850444880182895,456,True,0.05882352941176463
e1/L/R2/71,L,2,quadruplet,1.0,10,0.31676732282460485,5.3850444880182895,456,True,0.05882352941176463
e1/L/R2/71,L,2,quintuplet,1.0,10,0.31676732282460485,5.3850444880182895,456,True,0.05882352941176463
e1/L/R2/72,L,2,annealing,1.0,10,0.9214023779393781,15.663840424969424,456,True,0.05882352941176472
e1/L/R2/72,L,2,quadruplet,1.0,10,0.9214023779393781,15.663840424969424,456,True,0.05882352941176472
e1/L/R2/72,L,2,quintuplet,1.0,10,0.9214023779393781,15.663840424969424,456,True,0.05882352941176472
e1/L/R2/73,L,2,annealing,0.5,10,0.1913020888837016,3.7763458320539205,441,True,0.05065798986414709
e1/L/R2/73,L,2,quadruplet,0.0,10,0.1913020888837016,3.7763458320539205,441,True,0.05065798986414709
e1/L/R2/73,L,2,quintuplet,0.0,10,0.1913020888837016,3.7763458320539205,441,True,0.05065798986414709
e1/L/R2/74,L,2,annealing,1.0,10,0.6512683500365473,11.071561950621312,456,True,0.058823529411764656
e1/L/R2/74,L,2,quadruplet,1.0,10,0.6512683500365473,11.071561950621312,456,True,0.058823529411764656
e1/L/R2/74,L,2,quintuplet,1.0,10,0.6512683500365473,11.071561950621312,456,True,0.058823529411764656
e1/L/R2/75,L,2,annealing,1.0,10,0.31863619427851564,5.4168153027347605,272,True,0.05882352941176476
e1/L/R2/75,L,2,quadruplet,1.0,10,0.31863619427851564,5.4168153027347605,272,True,0.05882352941176476
e1/L/R2/75,L,2,quintuplet,1.0,10,0.31863619427851564,5.4168153027347605,272,True,0.05882352941176476
e1/L/R2/76,L,2,annealing,0.1,10,0.0,0.15199925320180263,127,False,0.0
e1/L/R2/76,L,2,quadruplet,1.0,10,0.0,0.15199925320180263,127,False,0.0
e1/L/R2/76,L,2,quintuplet,1.0,10,0.0,0.15199925320180263,127,False,0.0
e1/L/R2/77,L,2,annealing,1.0,10,0.30987511619114905,5.267876975249532,272,True,0.058823529411764726
e1/L/R2/77,L,2,quadruplet,1.0,10,0.30987511619114905,5.267876975249532,272,True,0.058823529411764726
e1/L/R2/77,L,2,quintuplet,1.0,10,0.30987511619114905,5.267876975249532,272,True,0.058823529411764726
e1/L/R2/78,L,2,annealing,0.8,10,0.0,4.8612259668881155,271,False,0.0
e1/L/R2/78,L,2,quadruplet,0.0,10,0.0,4.8612259668881155,271,False,0.0
e1/L/R2/78,L,2,quintuplet,0.0,10,0.0,4.8612259668881155,271,False,0.0
e1/L/R2/79,L,2,annealing,0.8,10,0.0,2.6817141653089123,478,False,0.0
e1/L/R2/79,L,2,quadruplet,1.0,10,0.0,2.6817141653089123,478,False,0.0
e1/L/R2/79,L,2,quintuplet,1.0,10,0.0,2.6817141653089123,478,False,0.0
e1/L/R2/8,L,2,annealing,0.7,10,0.39222147283484166,5.378616987418129,269,True,0.07292236531293109
e1/L/R2/8,L,2,quadruplet,0.8,10,0.39222147283484166,5.378616987418129,269,True,0.07292236531293109
e1/L/R2/8,L,2,quintuplet,0.9,10,0.39222147283484166,5.378616987418129,269,True,0.07292236531293109
e1/L/R2/8,L,2,random,0.0,10,0.39222147283484166,5.378616987418129,269,True,0.07292236531293109
e1/L/R2/80,L,2,annealing,0.5,10,0.2963533630315478,5.496123989084885,268,True,0.05392042894594363
e1/L/R2/80,L,2,quadruplet,0.3,10,0.2963533630315478,5.496123989084885,268,True,0.05392042894594363
e1/L/R2/80,L,2,quintuplet,0.2,10,0.2963533630315478,5.496123989084885,268,True,0.05392042894594363
e1/L/R2/81,L,2,annealing,0.5,10,0.0,1.9169690172609424,478,False,0.0
e1/L/R2/81,L,2,quadruplet,0.8,10,0.0,1.9169690172609424,478,False,0.0
e1/L/R2/81,L,2,quintuplet,1.0,10,0.0,1.9169690172609424,478,False,0.0
e1/L/R2/82,L,2,annealing,0.0,10,0.0,0.2687357550179159,479,False,0.0
e1/L/R2/82,L,2,quadruplet,0.3,10,0.0,0.2687357550179159,479,False,0.0
e1/L/R2/82,L,2,quintuplet,0.7,10,0.0,0.2687357550179159,479,False,0.0
e1/L/R2/83,L,2,annealing,1.0,10,0.6363926532589677,9.54588979888451,512,True,0.06666666666666671
e1/L/R2/83,L,2,quadruplet,1.0,10,0.6363926532589677,9.54588979888451,512,True,0.06666666666666671
e1/L/R2/83,L,2,quintuplet,1.0,10,0.6363926532589677,9.54588979888451,512,True,0.06666666666666671
e1/L/R2/84,L,2,annealing,0.2,10,0.15976047669458948,3.036088888715388,507,True,0.05262048726188198
e1/L/R2/84,L,2,quadruplet,0.2,10,0.15976047669458948,3.036088888715388,507,True,0.05262048726188198
e1/L/R2/84,L,2,quintuplet,0.3,10,0.15976047669458948,3.036088888715388,507,True,0.05262048726188198
e1/L/R2/85,L,2,annealing,0.1,10,0.0,3.419866524936861,508,False,0.0
e1/L/R2/85,L,2,quadruplet,0.0,10,0.0,3.419866524936861,508,False,0.0
e1/L/R2/85,L,2,quintuplet,0.0,10,0.0,3.419866524936861,508,False,0.0
e1/L/R2/86,L,2,annealing,0.2,10,0.33600583218617475,3.173367034765111,270,True,0.10588306631572654
e1/L/R2/86,L,2,quadruplet,0.9,10,0.33600583218617475,3.173367034765111,270,True,0.10588306631572654
e1/L/R2/86,L,2,quintuplet,1.0,10,0.33600583218617475,3.173367034765111,270,True,0.10588306631572654
e1/L/R2/87,L,2,annealing,0.5,10,0.2412397113922875,4.3536093194793795,505,True,0.055411428469915126
e1/L/R2/87,L,2,quadruplet,0.5,10,0.2412397113922875,4.3536093194793795,505,True,0.055411428469915126
e1/L/R2/87,L,2,quintuplet,0.5,10,0.2412397113922875,4.3536093194793795,505,True,0.055411428469915126
e1/L/R2/88,L,2,annealing,1.0,10,0.0,3.17839159640539,455,False,0.0
e1/L/R2/88,L,2,quadruplet,0.3,10,0.0,3.17839159640539,455,False,0.0
e1/L/R2/88,L,2,quintuplet,0.8,10,0.0,3.17839159640539,455,False,0.0
e1/L/R2/89,L,2,annealing,1.0,10,0.8273235475555456,14.064500308444277,272,True,0.0588235294117647
e1/L/R2/89,L,2,quadruplet,1.0,10,0.8273235475555456,14.064500308444277,272,True,0.0588235294117647
e1/L/R2/89,L,2,quintuplet,1.0,10,0.8273235475555456,14.064500308444277,272,True,0.0588235294117647
e1/L/R2/9,L,2,annealing,1.0,10,0.0,4.769312427006859,398,False,0.0
e1/L/R2/9,L,2,quadruplet,1.0,10,0.0,4.769312427006859,398,False,0.0
e1/L/R2/9,L,2,quintuplet,1.0,10,0.0,4.769312427006859,398,False,0.0
e1/L/R2/9,L,2,random,0.0,10,0.0,4.769312427006859,398,False,0.0
e1/L/R2/90,L,2,annealing,0.1,10,0.0,1.1719286233722845,251,False,0.0
e1/L/R2/90,L,2,quadruplet,0.1,10,0.0,1.1719286233722845,251,False,0.0
e1/L/R2/90,L,2,quintuplet,0.5,10,0.0,1.1719286233722845,251,False,0.0
e1/L/R2/91,L,2,annealing,0.3,10,0.0,2.24082969236383,453,False,0.0
e1/L/R2/91,L,2,quadruplet,0.2,10,0.0,2.24082969236383,453,False,0.0
e1/L/R2/91,L,2,quintuplet,0.6,10,0.0,2.24082969236383,453,False,0.0
e1/L/R2/92,L,2,annealing,0.0,10,0.45822681189523706,2.2911340594761858,269,True,0.19999999999999996
e1/L/R2/92,L,2,quadruplet,0.9,10,0.45822681189523706,2.2911340594761858,269,True,0.19999999999999996
e1/L/R2/92,L,2,quintuplet,1.0,10,0.45822681189523706,2.2911340594761858,269,True,0.19999999999999996
e1/L/R2/93,L,2,annealing,0.1,10,0.0,2.545252687774973,270,False,0.0
e1/L/R2/93,L,2,quadruplet,0.0,10,0.0,2.545252687774973,270,False,0.0
e1/L/R2/93,L,2,quintuplet,0.0,10,0.0,2.545252687774973,270,False,0.0
e1/L/R2/94,L,2,annealing,0.3,10,0.7804040201912148,4.682424121147289,508,True,0.16666666666666666
e1/L/R2/94,L,2,quadruplet,0.8,10,0.7804040201912148,4.682424121147289,508,True,0.16666666666666666
e1/L/R2/94,L,2,quintuplet,1.0,10,0.7804040201912148,4.682424121147289,508,True,0.16666666666666666
e1/L/R2/95,L,2,annealing,0.2,10,0.0,1.7633892050934108,504,False,0.0
e1/L/R2/95,L,2,quadruplet,0.0,10,0.0,1.7633892050934108,504,False,0.0
e1/L/R2/95,L,2,quintuplet,0.0,10,0.0,1.7633892050934108,504,False,0.0
e1/L/R2/96,L,2,annealing,0.3,10,0.35506381976838064,3.4234093546990834,242,True,0.10371643673900945
e1/L/R2/96,L,2,quadruplet,0.0,10,0.35506381976838064,3.4234093546990834,242,True,0.10371643673900945
e1/L/R2/96,L,2,quintuplet,0.5,10,0.35506381976838064,3.4234093546990834,242,True,0.10371643673900945
e1/L/R2/97,L,2,annealing,0.4,10,0.0,1.3506538990027004,468,False,0.0
e1/L/R2/97,L,2,quadruplet,0.2,10,0.0,1.3506538990027004,468,False,0.0
e1/L/R2/97,L,2,quintuplet,0.0,10,0.0,1.3506538990027004,468,False,0.0
e1/L/R2/98,L,2,annealing,0.9,10,0.0,2.970062470346555,126,False,0.0
e1/L/R2/98,L,2,quadruplet,1.0,10,0.0,2.970062470346555,126,False,0.0
e1/L/R2/98,L,2,quintuplet,1.0,10,0.0,2.970062470346555,126,False,0.0
e1/L/R2/99,L,2,annealing,0.5,10,0.0,3.331747464700517,508,False,0.0
e1/L/R2/99,L,2,quadruplet,0.9,10,0.0,3.331747464700517,508,False,0.0
e1/L/R2/99,L,2,quintuplet,0.9,10,0.0,3.331747464700517,508,False,0.0
e1/L/R3/0,L,3,annealing,0.4,10,0.8640651970852895,3.8761495147106464,270,True,0.22291843846735404
e1/L/R3/0,L,3,quadruplet,0.0,10,0.8640651970852895,3.8761495147106464,270,True,0.22291843846735404
e1/L/R3/0,L,3,quintuplet,0.5,10,0.8640651970852895,3.8761495147106464,270,True,0.22291843846735404
e1/L/R3/0,L,3,random,0.0,10,0.8640651970852895,3.8761495147106464,270,True,0.22291843846735404
e1/L/R3/1,L,3,annealing,0.7,10,0.0,2.6808232537692716,509,False,0.0
e1/L/R3/1,L,3,quadruplet,0.3,10,0.0,2.6808232537692716,509,False,0.0
e1/L/R3/1,L,3,quintuplet,1.0,10,0.0,2.6808232537692716,509,False,0.0
e1/L/R3/1,L,3,random,0.0,10,0.0,2.6808232537692716,509,False,0.0
e1/L/R3/10,L,3,annealing,0.9,10,0.0,3.9400299267878616,507,False,0.0
e1/L/R3/10,L,3,quadruplet,0.2,10,0.0,3.9400299267878616,507,False,0.0
e1/L/R3/10,L,3,quintuplet,0.9,10,0.0,3.9400299267878616,507,False,0.0
e1/L/R3/11,L,3,annealing,0.8,10,0.45420737696673186,5.485694548750605,455,True,0.08279851765902277
e1/L/R3/11,L,3,quadruplet,0.3,10,0.45420737696673186,5.485694548750605,455,True,0.08279851765902277
e1/L/R3/11,L,3,quintuplet,0.3,10,0.45420737696673186,5.485694548750605,455,True,0.08279851765902277
e1/L/R3/12,L,3,annealing,1.0,10,0.05482984533804647,5.428825277727244,512,True,0.01009976238561149
e1/L/R3/12,L,3,quadruplet,0.6,10,0.05482984533804647,5.428825277727244,512,True,0.01009976238561149
e1/L/R3/12,L,3,quintuplet,0.7,10,0.05482984533804647,5.428825277727244,512,True,0.01009976238561149
e1/L/R3/13,L,3,annealing,0.6,10,0.5708606182692129,3.8456139121658164,270,True,0.14844459982403932
e1/L/R3/13,L,3,quadruplet,0.2,10,0.5708606182692129,3.8456139121658164,270,True,0.14844459982403932
e1/L/R3/13,L,3,quintuplet,0.8,10,0.5708606182692129,3.8456139121658164,270,True,0.14844459982403932
e1/L/R3/14,L,3,annealing,0.5,10,0.46714535286817993,4.034419290531865,271,True,0.11578998592548255
e1/L/R3/14,L,3,quadruplet,0.6,10,0.46714535286817993,4.034419290531865,271,True,0.11578998592548255
e1/L/R3/14,L,3,quintuplet,0.7,10,0.46714535286817993,4.034419290531865,271,True,0.11578998592548255
e1/L/R3/15,L,3,annealing,0.5,10,0.3827966911917713,3.8540465613307537,512,True,0.09932331773895238
e1/L/R3/15,L,3,quadruplet,0.2,10,0.3827966911917713,3.8540465613307537,512,True,0.09932331773895238
e1/L/R3/15,L,3,quintuplet,0.5,10,0.3827966911917713,3.8540465613307537,512,True,0.09932331773895238
e1/L/R3/16,L,3,annealing,0.6,10,0.0,4.292889790501971,456,False,0.0
e1/L/R3/16,L,3,quadruplet,0.9,10,0.0,4.292889790501971,456,False,0.0
e1/L/R3/16,L,3,quintuplet,1.0,10,0.0,4.292889790501971,456,False,0.0
e1/L/R3/17,L,3,annealing,0.3,10,0.2912813384463657,11.625069132481102,509,True,0.02505631021432029
e1/L/R3/17,L,3,quadruplet,1.0,10,0.2912813384463657,11.625069132481102,509,True,0.02505631021432029
e1/L/R3/17,L,3,quintuplet,1.0,10,0.2912813384463657,11.625069132481102,509,True,0.02505631021432029
e1/L/R3/18,L,3,annealing,0.8,10,0.0,3.753984615146202,442,False,0.0
e1/L/R3/18,L,3,quadruplet,0.8,10,0.0,3.753984615146202,442,False,0.0
e1/L/R3/18,L,3,quintuplet,1.0,10,0.0,3.753984615146202,442,False,0.0
e1/L/R3/19,L,3,annealing,0.1,10,0.7999070525389635,6.760558579057544,269,True,0.11831966888311093
e1/L/R3/19,L,3,quadruplet,0.8,10,0.7999070525389635,6.760558579057544,269,True,0.11831966888311093
e1/L/R3/19,L,3,quintuplet,0.9,10,0.7999070525389635,6.760558579057544,269,True,0.11831966888311093
e1/L/R3/2,L,3,annealing,0.3,10,0.629071863593019,4.903150832166002,511,True,0.12829951293077435
e1/L/R3/2,L,3,quadruplet,0.9,10,0.629071863593019,4.903150832166002,511,True,0.12829951293077435
e1/L/R3/2,L,3,quintuplet,0.9,10,0.629071863593019,4.903150832166002,511,True,0.12829951293077435
e1/L/R3/2,L,3,random,0.1,10,0.629071863593019,4.903150832166002,511,True,0.12829951293077435
e1/L/R3/20,L,3,annealing,0.9,10,0.0,2.0596203126071213,271,False,0.0
e1/L/R3/20,L,3,quadruplet,1.0,10,0.0,2.0596203126071213,271,False,0.0
e1/L/R3/20,L,3,quintuplet,1.0,10,0.0,2.0596203126071213,271,False,0.0
e1/L/R3/21,L,3,annealing,0.9,10,0.0,4.2965013114054935,271,False,0.0
e1/L/R3/21,L,3,quadruplet,1.0,10,0.0,4.2965013114054935,271,False,0.0
e1/L/R3/21,L,3,quintuplet,1.0,10,0.0,4.2965013114054935,271,False,0.0
e1/L/R3/22,L,3,annealing,0.8,10,0.0,4.777156186335809,510,False,0.0
e1/L/R3/22,L,3,quadruplet,0.1,10,0.0,4.777156186335809,510,False,0.0
e1/L/R3/22,L,3,quintuplet,0.5,10,0.0,4.777156186335809,510,False,0.0
e1/L/R3/23,L,3,annealing,0.7,10,0.4607554757543726,5.450079620940479,512,True,0.08454105403965888
e1/L/R3/23,L,3,quadruplet,0.0,10,0.4607554757543726,5.450079620940479,512,True,0.08454105403965888
e1/L/R3/23,L,3,quintuplet,0.0,10,0.4607554757543726,5.450079620940479,512,True,0.08454105403965888
e1/L/R3/24,L,3,annealing,0.8,10,0.0,3.658525506084591,271,False,0.0
e1/L/R3/24,L,3,quadruplet,0.0,10,0.0,3.658525506084591,271,False,0.0
e1/L/R3/24,L,3,quintuplet,0.1,10,0.0,3.658525506084591,271,False,0.0
e1/L/R3/25,L,3,annealing,1.0,10,0.6870844512675269,11.680435671547972,456,True,0.058823529411764636
e1/L/R3/25,L,3,quadruplet,1.0,10,0.6870844512675269,11.680435671547972,456,True,0.058823529411764636
e1/L/R3/25,L,3,quintuplet,1.0,10,0.6870844512675269,11.680435671547972,456,True,0.058823529411764636
e1/L/R3/26,L,3,annealing,0.6,10,0.0,3.852257213191259,511,False,0.0
e1/L/R3/26,L,3,quadruplet,0.9,10,0.0,3.852257213191259,511,False,0.0
e1/L/R3/26,L,3,quintuplet,1.0,10,0.0,3.852257213191259,511,False,0.0
e1/L/R3/27,L,3,annealing,0.3,10,0.8615304026941981,8.60687318952007,512,True,0.10009795470708431
e1/L/R3/27,L,3,quadruplet,1.0,10,0.8615304026941981,8.60687318952007,512,True,0.10009795470708431
e1/L/R3/27,L,3,quintuplet,1.0,10,0.8615304026941981,8.60687318952007,512,True,0.10009795470708431
e1/L/R3/28,L,3,annealing,0.7,10,0.9574034394282034,7.667913467907049,455,True,0.12485840423672986
e1/L/R3/28,L,3,quadruplet,0.1,10,0.9574034394282034,7.667913467907049,455,True,0.12485840423672986
e1/L/R3/28,L,3,quintuplet,0.5,10,0.9574034394282034,7.667913467907049,455,True,0.12485840423672986
e1/L/R3/29,L,3,annealing,0.5,10,0.1260587111801179,4.374542473591131,512,True,0.028816433247848737
e1/L/R3/29,L,3,quadruplet,0.3,10,0.1260587111801179,4.374542473591131,512,True,0.028816433247848737
e1/L/R3/29,L,3,quintuplet,1.0,10,0.1260587111801179,4.374542473591131,512,True,0.028816433247848737
e1/L/R3/3,L,3,annealing,0.1,10,0.29362779876623435,6.1748495019513285,270,True,0.04755221947894347
e1/L/R3/3,L,3,quadruplet,0.1,10,0.29362779876623435,6.1748495019513285,270,True,0.04755221947894347
e1/L/R3/3,L,3,quintuplet,0.0,10,0.29362779876623435,6.1748495019513285,270,True,0.04755221947894347
e1/L/R3/3,L,3,random,0.0,10,0.29362779876623435,6.1748495019513285,270,True,0.04755221947894347
e1/L/R3/30,L,3,annealing,0.5,10,0.4382837905045567,4.3838977533474575,483,True,0.09997582406430257
e1/L/R3/30,L,3,quadruplet,1.0,10,0.4382837905045567,4.3838977533474575,483,True,0.09997582406430257
e1/L/R3/30,L,3,quintuplet,0.9,10,0.4382837905045567,4.3838977533474575,483,True,0.09997582406430257
e1/L/R3/31,L,3,annealing,1.0,10,0.10112797330109657,10.828055051082249,144,True,0.00933944026180297
e1/L/R3/31,L,3,quadruplet,0.9,10,0.10112797330109657,10.828055051082249,144,True,0.00933944026180297
e1/L/R3/31,L,3,quintuplet,0.8,10,0.10112797330109657,10.828055051082249,144,True,0.00933944026180297
e1/L/R3/32,L,3,annealing,0.9,10,0.0,8.268100908676706,270,False,0.0
e1/L/R3/32,L,3,quadruplet,0.3,10,0.0,8.268100908676706,270,False,0.0
e1/L/R3/32,L,3,quintuplet,0.6,10,0.0,8.268100908676706,270,False,0.0
e1/L/R3/33,L,3,annealing,0.9,10,0.0,3.0053623101519404,512,False,0.0
e1/L/R3/33,L,3,quadruplet,1.0,10,0.0,3.0053623101519404,512,False,0.0
e1/L/R3/33,L,3,quintuplet,1.0,10,0.0,3.0053623101519404,512,False,0.0
e1/L/R3/34,L,3,annealing,0.4,10,0.37566825539387994,2.7146544439852076,511,True,0.13838529475684788
e1/L/R3/34,L,3,quadruplet,0.0,10,0.37566825539387994,2.7146544439852076,511,True,0.13838529475684788
e1/L/R3/34,L,3,quintuplet,0.0,10,0.37566825539387994,2.7146544439852076,511,True,0.13838529475684788
e1/L/R3/35,L,3,annealing,0.1,10,0.3110842260052804,2.103414366227725,512,True,0.14789488509730994
e1/L/R3/35,L,3,quadruplet,1.0,10,0.3110842260052804,2.103414366227725,512,True,0.14789488509730994
e1/L/R3/35,L,3,quintuplet,1.0,10,0.3110842260052804,2.103414366227725,512,True,0.14789488509730994
e1/L/R3/36,L,3,annealing,1.0,10,0.0,3.7858826486070463,511,False,0.0
e1/L/R3/36,L,3,quadruplet,0.3,10,0.0,3.7858826486070463,511,False,0.0
e1/L/R3/36,L,3,quintuplet,0.5,10,0.0,3.7858826486070463,511,False,0.0
e1/L/R3/37,L,3,annealing,0.5,10,0.0,2.9780475757350846,510,False,0.0
e1/L/R3/37,L,3,quadruplet,0.0,10,0.0,2.9780475757350846,510,False,0.0
e1/L/R3/37,L,3,quintuplet,0.2,10,0.0,2.9780475757350846,510,False,0.0
e1/L/R3/38,L,3,annealing,0.9,10,0.0,5.347827469610754,271,False,0.0
e1/L/R3/38,L,3,quadruplet,0.0,10,0.0,5.347827469610754,271,False,0.0
e1/L/R3/38,L,3,quintuplet,0.2,10,0.0,5.347827469610754,271,False,0.0
e1/L/R3/39,L,3,annealing,0.5,10,0.2681324663139266,4.265498924627658,512,True,0.06286075112240998
e1/L/R3/39,L,3,quadruplet,0.0,10,0.2681324663139266,4.265498924627658,512,True,0.06286075112240998
e1/L/R3/39,L,3,quintuplet,0.0,10,0.2681324663139266,4.265498924627658,512,True,0.06286075112240998
e1/L/R3/4,L,3,annealing,0.1,10,0.09512505364833279,2.814119587322254,511,True,0.03380277585816743
e1/L/R3/4,L,3,quadruplet,0.1,10,0.09512505364833279,2.814119587322254,511,True,0.03380277585816743
e1/L/R3/4,L,3,quintuplet,0.3,10,0.09512505364833279,2.814119587322254,511,True,0.03380277585816743
e1/L/R3/4,L,3,random,0.0,10,0.09512505364833279,2.814119587322254,511,True,0.03380277585816743
e1/L/R3/40,L,3,annealing,0.3,10,0.0,4.32299155543969,511,False,0.0
e1/L/R3/40,L,3,quadruplet,0.0,10,0.0,4.32299155543969,511,False,0.0
e1/L/R3/40,L,3,quintuplet,0.0,10,0.0,4.32299155543969,511,False,0.0
e1/L/R3/41,L,3,annealing,0.8,10,0.0,2.6453864517021364,507,False,0.0
e1/L/R3/41,L,3,quadruplet,0.1,10,0.0,2.6453864517021364,507,False,0.0
e1/L/R3/41,L,3,quintuplet,0.8,10,0.0,2.6453864517021364,507,False,0.0
e1/L/R3/42,L,3,annealing,0.8,10,0.0,3.1506407325539567,510,False,0.0
e1/L/R3/42,L,3,quadruplet,0.7,10,0.0,3.1506407325539567,510,False,0.0
e1/L/R3/42,L,3,quintuplet,1.0,10,0.0,3.1506407325539567,510,False,0.0
e1/L/R3/43,L,3,annealing,0.5,10,0.1052562987201906,4.313044673813646,269,True,0.02440417539823943
e1/L/R3/43,L,3,quadruplet,0.1,10,0.1052562987201906,4.313044673813646,269,True,0.02440417539823943
e1/L/R3/43,L,3,quintuplet,0.5,10,0.1052562987201906,4.313044673813646,269,True,0.02440417539823943
e1/L/R3/44,L,3,annealing,0.2,10,0.0,2.014874096917734,483,False,0.0
e1/L/R3/44,L,3,quadruplet,0.0,10,0.0,2.014874096917734,483,False,0.0
e1/L/R3/44,L,3,quintuplet,0.0,10,0.0,2.014874096917734,483,False,0.0
e1/L/R3/45,L,3,annealing,1.0,10,0.37085906819964176,6.491798314323126,272,True,0.05712732439351973
e1/L/R3/45,L,3,quadruplet,1.0,10,0.37085906819964176,6.491798314323126,272,True,0.05712732439351973
e1/L/R3/45,L,3,quintuplet,1.0,10,0.37085906819964176,6.491798314323126,272,True,0.05712732439351973
e1/L/R3/46,L,3,annealing,0.2,10,0.0,7.079990977645669,511,False,0.0
e1/L/R3/46,L,3,quadruplet,0.7,10,0.0,7.079990977645669,511,False,0.0
e1/L/R3/46,L,3,quintuplet,1.0,10,0.0,7.079990977645669,511,False,0.0
e1/L/R3/47,L,3,annealing,0.1,10,0.4149992917239067,3.9933599102438344,270,True,0.10392233634122071
e1/L/R3/47,L,3,quadruplet,0.0,10,0.4149992917239067,3.9933599102438344,270,True,0.10392233634122071
e1/L/R3/47,L,3,quintuplet,0.5,10,0.4149992917239067,3.9933599102438344,270,True,0.10392233634122071
e1/L/R3/48,L,3,annealing,0.7,10,0.1398945728385046,1.9420693571561887,511,True,0.07203376765253897
e1/L/R3/48,L,3,quadruplet,0.0,10,0.1398945728385046,1.9420693571561887,511,True,0.07203376765253897
e1/L/R3/48,L,3,quintuplet,0.0,10,0.1398945728385046,1.9420693571561887,511,True,0.07203376765253897
e1/L/R3/49,L,3,annealing,1.0,10,0.0,2.350760754293903,456,False,0.0
e1/L/R3/49,L,3,quadruplet,1.0,10,0.0,2.350760754293903,456,False,0.0
e1/L/R3/49,L,3,quintuplet,1.0,10,0.0,2.350760754293903,456,False,0.0
e1/L/R3/5,L,3,annealing,1.0,10,0.3353983396217366,5.701771773569526,456,True,0.05882352941176467
e1/L/R3/5,L,3,quadruplet,1.0,10,0.3353983396217366,5.701771773569526,456,True,0.05882352941176467
e1/L/R3/5,L,3,quintuplet,1.0,10,0.3353983396217366,5.701771773569526,456,True,0.05882352941176467
e1/L/R3/5,L,3,random,0.0,10,0.3353983396217366,5.701771773569526,456,True,0.05882352941176467
e1/L/R3/50,L,3,annealing,0.3,10,0.11706232259533067,5.28803386726662,510,True,0.02213721120811204
e1/L/R3/50,L,3,quadruplet,0.2,10,0.11706232259533067,5.28803386726662,510,True,0.02213721120811204
e1/L/R3/50,L,3,quintuplet,0.6,10,0.11706232259533067,5.28803386726662,510,True,0.02213721120811204
e1/L/R3/51,L,3,annealing,0.6,10,0.0,5.900138805541138,143,False,0.0
e1/L/R3/51,L,3,quadruplet,0.0,10,0.0,5.900138805541138,143,False,0.0
e1/L/R3/51,L,3,quintuplet,0.0,10,0.0,5.900138805541138,143,False,0.0
e1/L/R3/52,L,3,annealing,0.6,10,0.0,3.176045689684215,509,False,0.0
e1/L/R3/52,L,3,quadruplet,0.1,10,0.0,3.176045689684215,509,False,0.0
e1/L/R3/52,L,3,quintuplet,0.8,10,0.0,3.176045689684215,509,False,0.0
e1/L/R3/53,L,3,annealing,0.6,10,0.8701973424289315,6.961578739431454,509,True,0.12499999999999997
e1/L/R3/53,L,3,quadruplet,0.2,10,0.8701973424289315,6.961578739431454,509,True,0.12499999999999997
e1/L/R3/53,L,3,quintuplet,1.0,10,0.8701973424289315,6.961578739431454,509,True,0.12499999999999997
e1/L/R3/54,L,3,annealing,0.2,10,0.5464219194611983,3.3784751298673625,456,True,0.16173625628632365
e1/L/R3/54,L,3,quadruplet,0.1,10,0.5464219194611983,3.3784751298673625,456,True,0.16173625628632365
e1/L/R3/54,L,3,quintuplet,0.2,10,0.5464219194611983,3.3784751298673625,456,True,0.16173625628632365
e1/L/R3/55,L,3,annealing,0.7,10,0.0,1.4026957381181646,272,False,0.0
e1/L/R3/55,L,3,quadruplet,0.8,10,0.0,1.4026957381181646,272,False,0.0
e1/L/R3/55,L,3,quintuplet,1.0,10,0.0,1.4026957381181646,272,False,0.0
e1/L/R3/56,L,3,annealing,0.4,10,0.17745886458304394,2.4307462989761004,455,True,0.07300591783593156
e1/L/R3/56,L,3,quadruplet,0.4,10,0.17745886458304394,2.4307462989761004,455,True,0.07300591783593156
e1/L/R3/56,L,3,quintuplet,0.5,10,0.17745886458304394,2.4307462989761004,455,True,0.07300591783593156
e1/L/R3/57,L,3,annealing,0.6,10,0.062207317440499565,5.355021381046849,272,True,0.011616632878567276
e1/L/R3/57,L,3,quadruplet,0.1,10,0.062207317440499565,5.355021381046849,272,True,0.011616632878567276
e1/L/R3/57,L,3,quintuplet,0.1,10,0.062207317440499565,5.355021381046849,272,True,0.011616632878567276
e1/L/R3/58,L,3,annealing,0.4,10,0.03534108977495354,4.698544711142985,256,True,0.007521709794766715
e1/L/R3/58,L,3,quadruplet,0.0,10,0.03534108977495354,4.698544711142985,256,True,0.007521709794766715
e1/L/R3/58,L,3,quintuplet,0.3,10,0.03534108977495354,4.698544711142985,256,True,0.007521709794766715
e1/L/R3/59,L,3,annealing,0.7,10,0.0,1.6066133576424328,510,False,0.0
e1/L/R3/59,L,3,quadruplet,0.1,10,0.0,1.6066133576424328,510,False,0.0
e1/L/R3/59,L,3,quintuplet,0.1,10,0.0,1.6066133576424328,510,False,0.0
e1/L/R3/6,L,3,annealing,0.2,10,0.2353295604319845,3.9711085108556583,272,True,0.05926042055730122
e1/L/R3/6,L,3,quadruplet,0.0,10,0.2353295604319845,3.9711085108556583,272,True,0.05926042055730122
e1/L/R3/6,L,3,quintuplet,0.0,10,0.2353295604319845,3.9711085108556583,272,True,0.05926042055730122
e1/L/R3/6,L,3,random,0.0,10,0.2353295604319845,3.9711085108556583,272,True,0.05926042055730122
e1/L/R3/60,L,3,annealing,0.6,10,0.5660362761659354,3.089158690110839,272,True,0.18323314952318817
e1/L/R3/60,L,3,quadruplet,0.1,10,0.5660362761659354,3.089158690110839,272,True,0.18323314952318817
e1/L/R3/60,L,3,quintuplet,0.0,10,0.5660362761659354,3.089158690110839,272,True,0.18323314952318817
e1/L/R3/61,L,3,annealing,0.4,10,0.0,6.127352525687865,510,False,0.0
e1/L/R3/61,L,3,quadruplet,0.1,10,0.0,6.127352525687865,510,False,0.0
e1/L/R3/61,L,3,quintuplet,0.1,10,0.0,6.127352525687865,510,False,0.0
e1/L/R3/62,L,3,annealing,0.9,10,0.0,3.494364262965857,456,False,0.0
e1/L/R3/62,L,3,quadruplet,1.0,10,0.0,3.494364262965857,456,False,0.0
e1/L/R3/62,L,3,quintuplet,1.0,10,0.0,3.494364262965857,456,False,0.0
e1/L/R3/63,L,3,annealing,1.0,10,0.8931664263264647,14.290662821223433,512,True,0.06250000000000001
e1/L/R3/63,L,3,quadruplet,1.0,10,0.8931664263264647,14.290662821223433,512,True,0.06250000000000001
e1/L/R3/63,L,3,quintuplet,1.0,10,0.8931664263264647,14.290662821223433,512,True,0.06250000000000001
e1/L/R3/64,L,3,annealing,0.5,10,0.7244812771824396,6.64509747986059,270,True,0.10902492843455454
e1/L/R3/64,L,3,quadruplet,1.0,10,0.7244812771824396,6.64509747986059,270,True,0.10902492843455454
e1/L/R3/64,L,3,quintuplet,1.0,10,0.7244812771824396,6.64509747986059,270,True,0.10902492843455454
e1/L/R3/65,L,3,annealing,0.3,10,0.19117754146071597,4.460337277504232,270,True,0.04286167829166694
e1/L/R3/65,L,3,quadruplet,0.4,10,0.19117754146071597,4.460337277504232,270,True,0.04286167829166694
e1/L/R3/65,L,3,quintuplet,0.0,10,0.19117754146071597,4.460337277504232,270,True,0.04286167829166694
e1/L/R3/66,L,3,annealing,0.7,10,0.0,4.85366376082823,512,False,0.0
e1/L/R3/66,L,3,quadruplet,0.9,10,0.0,4.85366376082823,512,False,0.0
e1/L/R3/66,L,3,quintuplet,0.9,10,0.0,4.85366376082823,512,False,0.0
e1/L/R3/67,L,3,annealing,0.3,10,0.05329195970773526,3.626554029679765,512,True,0.014694930579165008
e1/L/R3/67,L,3,quadruplet,0.0,10,0.05329195970773526,3.626554029679765,512,True,0.014694930579165008
e1/L/R3/67,L,3,quintuplet,0.2,10,0.05329195970773526,3.626554029679765,512,True,0.014694930579165008
e1/L/R3/68,L,3,annealing,0.9,10,0.0,2.3186911029393436,509,False,0.0
e1/L/R3/68,L,3,quadruplet,0.2,10,0.0,2.3186911029393436,509,False,0.0
e1/L/R3/68,L,3,quintuplet,0.3,10,0.0,2.3186911029393436,509,False,0.0
e1/L/R3/69,L,3,annealing,0.8,10,0.6279529737236604,5.651576763512943,512,True,0.11111111111111113
e1/L/R3/69,L,3,quadruplet,1.0,10,0.6279529737236604,5.651576763512943,512,True,0.11111111111111113
e1/L/R3/69,L,3,quintuplet,1.0,10,0.6279529737236604,5.651576763512943,512,True,0.11111111111111113
e1/L/R3/7,L,3,annealing,0.9,10,0.9965025218212897,14.947537827319353,512,True,0.06666666666666664
e1/L/R3/7,L,3,quadruplet,1.0,10,0.9965025218212897,14.947537827319353,512,True,0.06666666666666664
e1/L/R3/7,L,3,quintuplet,1.0,10,0.9965025218212897,14.947537827319353,512,True,0.06666666666666664
e1/L/R3/7,L,3,random,0.0,10,0.9965025218212897,14.947537827319353,512,True,0.06666666666666664
e1/L/R3/70,L,3,annealing,0.6,10,0.0,3.75127933916262,509,False,0.0
e1/L/R3/70,L,3,quadruplet,0.0,10,0.0,3.75127933916262,509,False,0.0
e1/L/R3/70,L,3,quintuplet,0.0,10,0.0,3.75127933916262,509,False,0.0
e1/L/R3/71,L,3,annealing,0.9,10,0.0,2.5095784323935524,271,False,0.0
e1/L/R3/71,L,3,quadruplet,0.0,10,0.0,2.5095784323935524,271,False,0.0
e1/L/R3/71,L,3,quintuplet,0.0,10,0.0,2.5095784323935524,271,False,0.0
e1/L/R3/72,L,3,annealing,0.9,10,0.4182612978018936,8.016349879705054,512,True,0.052176028252060615
e1/L/R3/72,L,3,quadruplet,0.0,10,0.4182612978018936,8.016349879705054,512,True,0.052176028252060615
e1/L/R3/72,L,3,quintuplet,0.4,10,0.4182612978018936,8.016349879705054,512,True,0.052176028252060615
e1/L/R3/73,L,3,annealing,0.3,10,0.47148274035484583,5.656270093339321,509,True,0.08335576847895786
e1/L/R3/73,L,3,quadruplet,0.0,10,0.47148274035484583,5.656270093339321,509,True,0.08335576847895786
e1/L/R3/73,L,3,quintuplet,0.0,10,0.47148274035484583,5.656270093339321,509,True,0.08335576847895786
e1/L/R3/74,L,3,annealing,0.5,10,0.3083756516142273,5.041804380165901,443,True,0.06116374780968399
e1/L/R3/74,L,3,quadruplet,0.2,10,0.3083756516142273,5.041804380165901,443,True,0.06116374780968399
e1/L/R3/74,L,3,quintuplet,0.4,10,0.3083756516142273,5.041804380165901,443,True,0.06116374780968399
e1/L/R3/75,L,3,annealing,1.0,10,0.0,4.747260517550128,508,False,0.0
e1/L/R3/75,L,3,quadruplet,0.3,10,0.0,4.747260517550128,508,False,0.0
e1/L/R3/75,L,3,quintuplet,0.3,10,0.0,4.747260517550128,508,False,0.0
e1/L/R3/76,L,3,annealing,0.2,10,0.2840836846566339,3.4413865981849305,509,True,0.08254919246982204
e1/L/R3/76,L,3,quadruplet,0.0,10,0.2840836846566339,3.4413865981849305,509,True,0.08254919246982204
e1/L/R3/76,L,3,quintuplet,0.2,10,0.2840836846566339,3.4413865981849305,509,True,0.08254919246982204
e1/L/R3/77,L,3,annealing,0.8,10,0.0,5.338517614935935,272,False,0.0
e1/L/R3/77,L,3,quadruplet,1.0,10,0.0,5.338517614935935,272,False,0.0
e1/L/R3/77,L,3,quintuplet,1.0,10,0.0,5.338517614935935,272,False,0.0
e1/L/R3/78,L,3,annealing,0.4,10,0.05497611660041457,16.261817460420772,127,True,0.0033806871054984818
e1/L/R3/78,L,3,quadruplet,1.0,10,0.05497611660041457,16.261817460420772,127,True,0.0033806871054984818
e1/L/R3/78,L,3,quintuplet,1.0,10,0.05497611660041457,16.261817460420772,127,True,0.0033806871054984818
e1/L/R3/79,L,3,annealing,1.0,10,0.8292475982156393,7.39415253696956,270,True,0.1121491062119068
e1/L/R3/79,L,3,quadruplet,0.6,10,0.8292475982156393,7.39415253696956,270,True,0.1121491062119068
e1/L/R3/79,L,3,quintuplet,0.9,10,0.8292475982156393,7.39415253696956,270,True,0.1121491062119068
e1/L/R3/8,L,3,annealing,0.9,10,0.0,2.4535327301728675,455,False,0.0
e1/L/R3/8,L,3,quadruplet,0.7,10,0.0,2.4535327301728675,455,False,0.0
e1/L/R3/8,L,3,quintuplet,0.4,10,0.0,2.4535327301728675,455,False,0.0
e1/L/R3/8,L,3,random,0.0,10,0.0,2.4535327301728675,455,False,0.0
e1/L/R3/80,L,3,annealing,0.6,10,0.13406799579656425,5.210070114115652,272,True,0.025732474392874984
e1/L/R3/80,L,3,quadruplet,1.0,10,0.13406799579656425,5.210070114115652,272,True,0.025732474392874984
e1/L/R3/80,L,3,quintuplet,1.0,10,0.13406799579656425,5.210070114115652,272,True,0.025732474392874984
e1/L/R3/81,L,3,annealing,0.5,10,0.18009185751444878,3.532131776973621,442,True,0.050986732343478405
e1/L/R3/81,L,3,quadruplet,0.0,10,0.18009185751444878,3.532131776973621,442,True,0.050986732343478405
e1/L/R3/81,L,3,quintuplet,0.2,10,0.18009185751444878,3.532131776973621,442,True,0.050986732343478405
e1/L/R3/82,L,3,annealing,1.0,10,0.1875551175393948,12.216382956824496,512,True,0.015352753609825237
e1/L/R3/82,L,3,quadruplet,0.2,10,0.1875551175393948,12.216382956824496,512,True,0.015352753609825237
e1/L/R3/82,L,3,quintuplet,0.4,10,0.1875551175393948,12.216382956824496,512,True,0.015352753609825237
e1/L/R3/83,L,3,annealing,0.5,10,0.0,3.0356715118966524,441,False,0.0
e1/L/R3/83,L,3,quadruplet,0.0,10,0.0,3.0356715118966524,441,False,0.0
e1/L/R3/83,L,3,quintuplet,0.0,10,0.0,3.0356715118966524,441,False,0.0
e1/L/R3/84,L,3,annealing,0.2,10,0.19283095832476338,2.5023615195810027,510,True,0.07705959223551805
e1/L/R3/84,L,3,quadruplet,0.0,10,0.19283095832476338,2.5023615195810027,510,True,0.07705959223551805
e1/L/R3/84,L,3,quintuplet,0.1,10,0.19283095832476338,2.5023615195810027,510,True,0.07705959223551805
e1/L/R3/85,L,3,annealing,0.1,10,0.020990398803556687,2.6916954724689734,512,True,0.007798207121960613
e1/L/R3/85,L,3,quadruplet,0.0,10,0.020990398803556687,2.6916954724689734,512,True,0.007798207121960613
e1/L/R3/85,L,3,quintuplet,0.0,10,0.020990398803556687,2.6916954724689734,512,True,0.007798207121960613
e1/L/R3/86,L,3,annealing,1.0,10,0.7900003583046527,13.131315546909782,512,True,0.0601615546806782
e1/L/R3/86,L,3,quadruplet,1.0,10,0.7900003583046527,13.131315546909782,512,True,0.0601615546806782
e1/L/R3/86,L,3,quintuplet,1.0,10,0.7900003583046527,13.131315546909782,512,True,0.0601615546806782
e1/L/R3/87,L,3,annealing,0.3,10,0.38821505688345237,2.8334234484695298,511,True,0.13701272116356145
e1/L/R3/87,L,3,quadruplet,0.0,10,0.38821505688345237,2.8334234484695298,511,True,0.13701272116356145
e1/L/R3/87,L,3,quintuplet,0.4,10,0.38821505688345237,2.8334234484695298,511,True,0.13701272116356145
e1/L/R3/88,L,3,annealing,0.6,10,0.0,5.7058750617869745,511,False,0.0
e1/L/R3/88,L,3,quadruplet,0.2,10,0.0,5.7058750617869745,511,False,0.0
e1/L/R3/88,L,3,quintuplet,0.5,10,0.0,5.7058750617869745,511,False,0.0
e1/L/R3/89,L,3,annealing,1.0,10,0.0,4.51889344737035,454,False,0.0
e1/L/R3/89,L,3,quadruplet,0.0,10,0.0,4.51889344737035,454,False,0.0
e1/L/R3/89,L,3,quintuplet,0.1,10,0.0,4.51889344737035,454,False,0.0
e1/L/R3/9,L,3,annealing,0.1,10,0.061839199263489464,1.8970952640863725,512,True,0.032596781212919625
e1/L/R3/9,L,3,quadruplet,0.0,10,0.061839199263489464,1.8970952640863725,512,True,0.032596781212919625
e1/L/R3/9,L,3,quintuplet,0.0,10,0.061839199263489464,1.8970952640863725,512,True,0.032596781212919625
e1/L/R3/9,L,3,random,0.0,10,0.061839199263489464,1.8970952640863725,512,True,0.032596781212919625
e1/L/R3/90,L,3,annealing,0.1,10,0.11073932587517366,1.8752849833684038,510,True,0.05905199842013489
e1/L/R3/90,L,3,quadruplet,0.0,10,0.11073932587517366,1.8752849833684038,510,True,0.05905199842013489
e1/L/R3/90,L,3,quintuplet,0.2,10,0.11073932587517366,1.8752849833684038,510,True,0.05905199842013489
e1/L/R3/91,L,3,annealing,0.5,10,0.4125111569770681,3.014116305336345,272,True,0.13685973439270982
e1/L/R3/91,L,3,quadruplet,0.2,10,0.4125111569770681,3.014116305336345,272,True,0.13685973439270982
e1/L/R3/91,L,3,quintuplet,0.4,10,0.4125111569770681,3.014116305336345,272,True,0.13685973439270982
e1/L/R3/92,L,3,annealing,0.1,10,0.31584326553026276,2.412257925453365,270,True,0.13093262631561361
e1/L/R3/92,L,3,quadruplet,0.0,10,0.31584326553026276,2.412257925453365,270,True,0.13093262631561361
e1/L/R3/92,L,3,quintuplet,0.0,10,0.31584326553026276,2.412257925453365,270,True,0.13093262631561361
e1/L/R3/93,L,3,annealing,0.0,10,0.10499145348714034,4.6221989116461115,510,True,0.022714611701933347
e1/L/R3/93,L,3,quadruplet,0.0,10,0.10499145348714034,4.6221989116461115,510,True,0.022714611701933347
e1/L/R3/93,L,3,quintuplet,0.0,10,0.10499145348714034,4.6221989116461115,510,True,0.022714611701933347
e1/L/R3/94,L,3,annealing,0.9,10,0.0,5.051248200916406,456,False,0.0
e1/L/R3/94,L,3,quadruplet,0.2,10,0.0,5.051248200916406,456,False,0.0
e1/L/R3/94,L,3,quintuplet,0.6,10,0.0,5.051248200916406,456,False,0.0
e1/L/R3/95,L,3,annealing,0.9,10,0.0,3.530622418644121,270,False,0.0
e1/L/R3/95,L,3,quadruplet,0.9,10,0.0,3.530622418644121,270,False,0.0
e1/L/R3/95,L,3,quintuplet,1.0,10,0.0,3.530622418644121,270,False,0.0
e1/L/R3/96,L,3,annealing,0.3,10,0.0,2.1483642009052994,509,False,0.0
e1/L/R3/96,L,3,quadruplet,0.0,10,0.0,2.1483642009052994,509,False,0.0
e1/L/R3/96,L,3,quintuplet,0.0,10,0.0,2.1483642009052994,509,False,0.0
e1/L/R3/97,L,3,annealing,0.3,10,0.0,1.6900279633574606,510,False,0.0
e1/L/R3/97,L,3,quadruplet,0.8,10,0.0,1.6900279633574606,510,False,0.0
e1/L/R3/97,L,3,quintuplet,0.3,10,0.0,1.6900279633574606,510,False,0.0
e1/L/R3/98,L,3,annealing,0.9,10,0.0,4.165130193094089,272,False,0.0
e1/L/R3/98,L,3,quadruplet,0.2,10,0.0,4.165130193094089,272,False,0.0
e1/L/R3/98,L,3,quintuplet,0.7,10,0.0,4.165130193094089,272,False,0.0
e1/L/R3/99,L,3,annealing,1.0,10,0.40780818368015126,6.932739122562564,456,True,0.05882352941176477
e1/L/R3/99,L,3,quadruplet,1.0,10,0.40780818368015126,6.932739122562564,456,True,0.05882352941176477
e1/L/R3/99,L,3,quintuplet,1.0,10,0.40780818368015126,6.932739122562564,456,True,0.05882352941176477
e1/L/R4/0,L,4,annealing,0.3,10,0.9998016786155777,11.750813381761033,512,True,0.08508361473661176
e1/L/R4/0,L,4,quadruplet,1.0,10,0.9998016786155777,11.750813381761033,512,True,0.08508361473661176
e1/L/R4/0,L,4,quintuplet,1.0,10,0.9998016786155777,11.750813381761033,512,True,0.08508361473661176
e1/L/R4/0,L,4,random,0.0,10,0.9998016786155777,11.750813381761033,512,True,0.08508361473661176
e1/L/R4/1,L,4,annealing,1.0,10,0.827065664999715,13.23305063999545,512,True,0.06249999999999995
e1/L/R4/1,L,4,quadruplet,1.0,10,0.827065664999715,13.23305063999545,512,True,0.06249999999999995
e1/L/R4/1,L,4,quintuplet,1.0,10,0.827065664999715,13.23305063999545,512,True,0.06249999999999995
e1/L/R4/1,L,4,random,0.0,10,0.827065664999715,13.23305063999545,512,True,0.06249999999999995
e1/L/R4/10,L,4,annealing,1.0,10,0.0,4.721320390473049,511,False,0.0
e1/L/R4/10,L,4,quadruplet,0.3,10,0.0,4.721320390473049,511,False,0.0
e1/L/R4/10,L,4,quintuplet,0.9,10,0.0,4.721320390473049,511,False,0.0
e1/L/R4/11,L,4,annealing,1.0,10,0.4036636981932338,6.862282869284971,512,True,0.05882352941176474
e1/L/R4/11,L,4,quadruplet,0.8,10,0.4036636981932338,6.862282869284971,512,True,0.05882352941176474
e1/L/R4/11,L,4,quintuplet,0.2,10,0.4036636981932338,6.862282869284971,512,True,0.05882352941176474
e1/L/R4/12,L,4,annealing,0.2,10,0.7115998033785749,7.852266167014718,270,True,0.09062349495586591
e1/L/R4/12,L,4,quadruplet,0.6,10,0.7115998033785749,7.852266167014718,270,True,0.09062349495586591
e1/L/R4/12,L,4,quintuplet,1.0,10,0.7115998033785749,7.852266167014718,270,True,0.09062349495586591
e1/L/R4/13,L,4,annealing,0.3,10,0.25829594666197364,4.1730146146069576,511,True,0.06189672707060521
e1/L/R4/13,L,4,quadruplet,0.1,10,0.25829594666197364,4.1730146146069576,511,True,0.06189672707060521
e1/L/R4/13,L,4,quintuplet,0.1,10,0.25829594666197364,4.1730146146069576,511,True,0.06189672707060521
e1/L/R4/14,L,4,annealing,0.6,10,0.3181653680780565,6.978270536295711,455,True,0.04559372790481535
e1/L/R4/14,L,4,quadruplet,1.0,10,0.3181653680780565,6.978270536295711,455,True,0.04559372790481535
e1/L/R4/14,L,4,quintuplet,1.0,10,0.3181653680780565,6.978270536295711,455,True,0.04559372790481535
e1/L/R4/15,L,4,annealing,0.3,10,0.06738911277993331,5.27168750469914,271,True,0.012783214619581148
e1/L/R4/15,L,4,quadruplet,0.1,10,0.06738911277993331,5.27168750469914,271,True,0.012783214619581148
e1/L/R4/15,L,4,quintuplet,0.5,10,0.06738911277993331,5.27168750469914,271,True,0.012783214619581148
e1/L/R4/16,L,4,annealing,0.5,10,0.0,5.7783317380652015,271,False,0.0
e1/L/R4/16,L,4,quadruplet,0.1,10,0.0,5.7783317380652015,271,False,0.0
e1/L/R4/16,L,4,quintuplet,0.6,10,0.0,5.7783317380652015,271,False,0.0
e1/L/R4/17,L,4,annealing,1.0,10,0.0,5.916725925530029,272,False,0.0
e1/L/R4/17,L,4,quadruplet,0.0,10,0.0,5.916725925530029,272,False,0.0
e1/L/R4/17,L,4,quintuplet,0.2,10,0.0,5.916725925530029,272,False,0.0
e1/L/R4/18,L,4,annealing,0.1,10,0.134685847775045,4.361975385589427,510,True,0.030877259926776295
e1/L/R4/18,L,4,quadruplet,0.0,10,0.134685847775045,4.361975385589427,510,True,0.030877259926776295
e1/L/R4/18,L,4,quintuplet,0.0,10,0.134685847775045,4.361975385589427,510,True,0.030877259926776295
e1/L/R4/19,L,4,annealing,0.6,10,0.0507618368880105,3.8982695141987547,512,True,0.013021633497406869
e1/L/R4/19,L,4,quadruplet,0.0,10,0.0507618368880105,3.8982695141987547,512,True,0.013021633497406869
e1/L/R4/19,L,4,quintuplet,0.0,10,0.0507618368880105,3.8982695141987547,512,True,0.013021633497406869
e1/L/R4/2,L,4,annealing,0.5,10,0.0,7.271185653568053,510,False,0.0
e1/L/R4/2,L,4,quadruplet,0.6,10,0.0,7.271185653568053,510,False,0.0
e1/L/R4/2,L,4,quintuplet,0.9,10,0.0,7.271185653568053,510,False,0.0
e1/L/R4/2,L,4,random,0.0,10,0.0,7.271185653568053,510,False,0.0
e1/L/R4/20,L,4,annealing,0.7,10,0.06351117733712552,5.709551187891988,271,True,0.011123672465151217
e1/L/R4/20,L,4,quadruplet,0.9,10,0.06351117733712552,5.709551187891988,271,True,0.011123672465151217
e1/L/R4/20,L,4,quintuplet,0.4,10,0.06351117733712552,5.709551187891988,271,True,0.011123672465151217
e1/L/R4/21,L,4,annealing,1.0,10,0.5790025847265543,9.843043940351414,272,True,0.05882352941176476
e1/L/R4/21,L,4,quadruplet,1.0,10,0.5790025847265543,9.843043940351414,272,True,0.05882352941176476
e1/L/R4/21,L,4,quintuplet,1.0,10,0.5790025847265543,9.843043940351414,272,True,0.05882352941176476
e1/L/R4/22,L,4,annealing,0.4,10,0.246238565963095,4.681999314005739,483,True,0.05259261043172233
e1/L/R4/22,L,4,quadruplet,0.5,10,0.246238565963095,4.681999314005739,483,True,0.05259261043172233
e1/L/R4/22,L,4,quintuplet,0.9,10,0.246238565963095,4.681999314005739,483,True,0.05259261043172233
e1/L/R4/23,L,4,annealing,0.7,10,0.0,4.162915265549404,511,False,0.0
e1/L/R4/23,L,4,quadruplet,0.1,10,0.0,4.162915265549404,511,False,0.0
e1/L/R4/23,L,4,quintuplet,0.5,10,0.0,4.162915265549404,511,False,0.0
e1/L/R4/24,L,4,annealing,0.1,10,0.04898870052701376,5.0083648177394675,512,True,0.00978137621953923
e1/L/R4/24,L,4,quadruplet,0.0,10,0.04898870052701376,5.0083648177394675,512,True,0.00978137621953923
e1/L/R4/24,L,4,quintuplet,0.0,10,0.04898870052701376,5.0083648177394675,512,True,0.00978137621953923
e1/L/R4/25,L,4,annealing,0.5,10,0.017721927351305844,2.6921536256854823,512,True,0.006582806858502901
e1/L/R4/25,L,4,quadruplet,0.2,10,0.017721927351305844,2.6921536256854823,512,True,0.006582806858502901
e1/L/R4/25,L,4,quintuplet,0.5,10,0.017721927351305844,2.6921536256854823,512,True,0.006582806858502901
e1/L/R4/26,L,4,annealing,0.4,10,0.6227870786256133,8.932058694795778,271,True,0.06972492007788499
e1/L/R4/26,L,4,quadruplet,0.3,10,0.6227870786256133,8.932058694795778,271,True,0.06972492007788499
e1/L/R4/26,L,4,quintuplet,0.3,10,0.6227870786256133,8.932058694795778,271,True,0.06972492007788499
e1/L/R4/27,L,4,annealing,0.5,10,0.42962304028407594,4.409823504752958,512,True,0.09742408960835357
e1/L/R4/27,L,4,quadruplet,0.0,10,0.42962304028407594,4.409823504752958,512,True,0.09742408960835357
e1/L/R4/27,L,4,quintuplet,0.3,10,0.42962304028407594,4.409823504752958,512,True,0.09742408960835357
e1/L/R4/28,L,4,annealing,1.0,10,0.03559546657974444,13.927004941333408,512,True,0.002555859406217489
e1/L/R4/28,L,4,quadruplet,0.1,10,0.03559546657974444,13.927004941333408,512,True,0.002555859406217489
e1/L/R4/28,L,4,quintuplet,0.4,10,0.03559546657974444,13.927004941333408,512,True,0.002555859406217489
e1/L/R4/29,L,4,annealing,0.2,10,0.23292424134594292,5.651136955785251,511,True,0.04121723525165867
e1/L/R4/29,L,4,quadruplet,0.0,10,0.23292424134594292,5.651136955785251,511,True,0.04121723525165867
e1/L/R4/29,L,4,quintuplet,0.2,10,0.23292424134594292,5.651136955785251,511,True,0.04121723525165867
e1/L/R4/3,L,4,annealing,1.0,10,0.46921015261450005,7.976572594446497,484,True,0.05882352941176473
e1/L/R4/3,L,4,quadruplet,1.0,10,0.46921015261450005,7.976572594446497,484,True,0.05882352941176473
e1/L/R4/3,L,4,quintuplet,1.0,10,0.46921015261450005,7.976572594446497,484,True,0.05882352941176473
e1/L/R4/3,L,4,random,0.0,10,0.46921015261450005,7.976572594446497,484,True,0.05882352941176473
e1/L/R4/30,L,4,annealing,0.1,10,0.12206788137016211,7.378060499436474,483,True,0.016544711361405274
e1/L/R4/30,L,4,quadruplet,0.1,10,0.12206788137016211,7.378060499436474,483,True,0.016544711361405274
e1/L/R4/30,L,4,quintuplet,0.0,10,0.12206788137016211,7.378060499436474,483,True,0.016544711361405274
e1/L/R4/31,L,4,annealing,0.9,10,0.06693795383860035,5.927489926591757,272,True,0.01129279925695107
e1/L/R4/31,L,4,quadruplet,0.0,10,0.06693795383860035,5.927489926591757,272,True,0.01129279925695107
e1/L/R4/31,L,4,quintuplet,0.4,10,0.06693795383860035,5.927489926591757,272,True,0.01129279925695107
e1/L/R4/32,L,4,annealing,0.3,10,0.832013748635756,6.485297642793755,512,True,0.12829229966958597
e1/L/R4/32,L,4,quadruplet,0.0,10,0.832013748635756,6.485297642793755,512,True,0.12829229966958597
e1/L/R4/32,L,4,quintuplet,0.1,10,0.832013748635756,6.485297642793755,512,True,0.12829229966958597
e1/L/R4/33,L,4,annealing,1.0,10,0.03375888279509276,11.226999075593202,144,True,0.0030069373452147573
e1/L/R4/33,L,4,quadruplet,0.6,10,0.03375888279509276,11.226999075593202,144,True,0.0030069373452147573
e1/L/R4/33,L,4,quintuplet,0.6,10,0.03375888279509276,11.226999075593202,144,True,0.0030069373452147573
e1/L/R4/34,L,4,annealing,0.0,10,0.012992661759341217,7.763683741833777,272,True,0.0016735176485012718
e1/L/R4/34,L,4,quadruplet,0.9,10,0.012992661759341217,7.763683741833777,272,True,0.0016735176485012718
e1/L/R4/34,L,4,quintuplet,0.8,10,0.012992661759341217,7.763683741833777,272,True,0.0016735176485012718
e1/L/R4/35,L,4,annealing,0.1,10,0.009149640641605394,1.5614975109806473,510,True,0.005859529443539915
e1/L/R4/35,L,4,quadruplet,0.0,10,0.009149640641605394,1.5614975109806473,510,True,0.005859529443539915
e1/L/R4/35,L,4,quintuplet,0.0,10,0.009149640641605394,1.5614975109806473,510,True,0.005859529443539915
e1/L/R4/36,L,4,annealing,0.6,10,0.3213745873528877,7.427573119937225,512,True,0.04326777833936744
e1/L/R4/36,L,4,quadruplet,1.0,10,0.3213745873528877,7.427573119937225,512,True,0.04326777833936744
e1/L/R4/36,L,4,quintuplet,1.0,10,0.3213745873528877,7.427573119937225,512,True,0.04326777833936744
e1/L/R4/37,L,4,annealing,0.6,10,0.0,4.831007992685267,511,False,0.0
e1/L/R4/37,L,4,quadruplet,0.0,10,0.0,4.831007992685267,511,False,0.0
e1/L/R4/37,L,4,quintuplet,0.0,10,0.0,4.831007992685267,511,False,0.0
e1/L/R4/38,L,4,annealing,1.0,10,0.4174185011904328,7.096114520237364,498,True,0.05882352941176465
e1/L/R4/38,L,4,quadruplet,1.0,10,0.4174185011904328,7.096114520237364,498,True,0.05882352941176465
e1/L/R4/38,L,4,quintuplet,1.0,10,0.4174185011904328,7.096114520237364,498,True,0.05882352941176465
e1/L/R4/39,L,4,annealing,0.4,10,0.11932326800923576,4.582861776968229,511,True,0.026036846367243814
e1/L/R4/39,L,4,quadruplet,0.0,10,0.11932326800923576,4.582861776968229,511,True,0.026036846367243814
e1/L/R4/39,L,4,quintuplet,0.0,10,0.11932326800923576,4.582861776968229,511,True,0.026036846367243814
e1/L/R4/4,L,4,annealing,0.9,10,0.0,5.567980266368449,511,False,0.0
e1/L/R4/4,L,4,quadruplet,0.0,10,0.0,5.567980266368449,511,False,0.0
e1/L/R4/4,L,4,quintuplet,0.0,10,0.0,5.567980266368449,511,False,0.0
e1/L/R4/4,L,4,random,0.0,10,0.0,5.567980266368449,511,False,0.0
e1/L/R4/40,L,4,annealing,0.1,10,0.030609904702413537,2.3309382376321075,510,True,0.013132010195820857
e1/L/R4/40,L,4,quadruplet,0.0,10,0.030609904702413537,2.3309382376321075,510,True,0.013132010195820857
e1/L/R4/40,L,4,quintuplet,0.0,10,0.030609904702413537,2.3309382376321075,510,True,0.013132010195820857
e1/L/R4/41,L,4,annealing,0.5,10,0.0,5.182184011331818,482,False,0.0
e1/L/R4/41,L,4,quadruplet,0.2,10,0.0,5.182184011331818,482,False,0.0
e1/L/R4/41,L,4,quintuplet,0.2,10,0.0,5.182184011331818,482,False,0.0
e1/L/R4/42,L,4,annealing,0.0,10,0.7637967184410881,5.089125134518702,512,True,0.1500840907330771
e1/L/R4/42,L,4,quadruplet,0.6,10,0.7637967184410881,5.089125134518702,512,True,0.1500840907330771
e1/L/R4/42,L,4,quintuplet,0.8,10,0.7637967184410881,5.089125134518702,512,True,0.1500840907330771
e1/L/R4/43,L,4,annealing,0.3,10,0.0,5.414914991886636,512,False,0.0
e1/L/R4/43,L,4,quadruplet,0.0,10,0.0,5.414914991886636,512,False,0.0
e1/L/R4/43,L,4,quintuplet,0.0,10,0.0,5.414914991886636,512,False,0.0
e1/L/R4/44,L,4,annealing,1.0,10,0.1370748552467802,9.062836295838144,512,True,0.015124940004679111
e1/L/R4/44,L,4,quadruplet,0.7,10,0.1370748552467802,9.062836295838144,512,True,0.015124940004679111
e1/L/R4/44,L,4,quintuplet,0.6,10,0.1370748552467802,9.062836295838144,512,True,0.015124940004679111
e1/L/R4/45,L,4,annealing,0.8,10,0.48379498819232314,7.256924822884853,512,True,0.06666666666666661
e1/L/R4/45,L,4,quadruplet,0.8,10,0.48379498819232314,7.256924822884853,512,True,0.06666666666666661
e1/L/R4/45,L,4,quintuplet,1.0,10,0.48379498819232314,7.256924822884853,512,True,0.06666666666666661
e1/L/R4/46,L,4,annealing,0.6,10,0.7501085673486187,6.366142495729819,272,True,0.11782780040688137
e1/L/R4/46,L,4,quadruplet,1.0,10,0.7501085673486187,6.366142495729819,272,True,0.11782780040688137
e1/L/R4/46,L,4,quintuplet,1.0,10,0.7501085673486187,6.366142495729819,272,True,0.11782780040688137
e1/L/R4/47,L,4,annealing,0.0,10,0.19111919093803298,4.056102896784579,511,True,0.047118920747681266
e1/L/R4/47,L,4,quadruplet,0.0,10,0.19111919093803298,4.056102896784579,511,True,0.047118920747681266
e1/L/R4/47,L,4,quintuplet,0.0,10,0.19111919093803298,4.056102896784579,511,True,0.047118920747681266
e1/L/R4/48,L,4,annealing,0.2,10,0.2816176962727175,3.8613723628786314,498,True,0.07293202255758963
e1/L/R4/48,L,4,quadruplet,0.0,10,0.2816176962727175,3.8613723628786314,498,True,0.07293202255758963
e1/L/R4/48,L,4,quintuplet,0.0,10,0.2816176962727175,3.8613723628786314,498,True,0.07293202255758963
e1/L/R4/49,L,4,annealing,0.2,10,0.20944900482633422,8.199730840618834,512,True,0.025543400008789446
e1/L/R4/49,L,4,quadruplet,1.0,10,0.20944900482633422,8.199730840618834,512,True,0.025543400008789446
e1/L/R4/49,L,4,quintuplet,0.9,10,0.20944900482633422,8.199730840618834,512,True,0.025543400008789446
e1/L/R4/5,L,4,annealing,0.9,10,0.0,4.877837002326961,511,False,0.0
e1/L/R4/5,L,4,quadruplet,0.0,10,0.0,4.877837002326961,511,False,0.0
e1/L/R4/5,L,4,quintuplet,0.0,10,0.0,4.877837002326961,511,False,0.0
e1/L/R4/5,L,4,random,0.0,10,0.0,4.877837002326961,511,False,0.0
e1/L/R4/50,L,4,annealing,0.8,10,0.9053311965102697,7.649868164976898,512,True,0.11834598675244017
e1/L/R4/50,L,4,quadruplet,0.0,10,0.9053311965102697,7.649868164976898,512,True,0.11834598675244017
e1/L/R4/50,L,4,quintuplet,0.2,10,0.9053311965102697,7.649868164976898,512,True,0.11834598675244017
e1/L/R4/51,L,4,annealing,0.4,10,0.3642547506911562,6.822726505150179,512,True,0.05338844381585517
e1/L/R4/51,L,4,quadruplet,0.3,10,0.3642547506911562,6.822726505150179,512,True,0.05338844381585517
e1/L/R4/51,L,4,quintuplet,0.7,10,0.3642547506911562,6.822726505150179,512,True,0.05338844381585517
e1/L/R4/52,L,4,annealing,0.3,10,0.45605745508799966,5.984252988354476,472,True,0.07620958805977959
e1/L/R4/52,L,4,quadruplet,0.0,10,0.45605745508799966,5.984252988354476,472,True,0.07620958805977959
e1/L/R4/52,L,4,quintuplet,0.0,10,0.45605745508799966,5.984252988354476,472,True,0.07620958805977959
e1/L/R4/53,L,4,annealing,0.8,10,0.0,3.563651994492796,511,False,0.0
e1/L/R4/53,L,4,quadruplet,0.5,10,0.0,3.563651994492796,511,False,0.0
e1/L/R4/53,L,4,quintuplet,1.0,10,0.0,3.563651994492796,511,False,0.0
e1/L/R4/54,L,4,annealing,1.0,10,0.9200867074477994,15.64147402661258,272,True,0.05882352941176475
e1/L/R4/54,L,4,quadruplet,1.0,10,0.9200867074477994,15.64147402661258,272,True,0.05882352941176475
e1/L/R4/54,L,4,quintuplet,1.0,10,0.9200867074477994,15.64147402661258,272,True,0.05882352941176475
e1/L/R4/55,L,4,annealing,0.8,10,0.0,4.451203524770996,511,False,0.0
e1/L/R4/55,L,4,quadruplet,0.1,10,0.0,4.451203524770996,511,False,0.0
e1/L/R4/55,L,4,quintuplet,0.1,10,0.0,4.451203524770996,511,False,0.0
e1/L/R4/56,L,4,annealing,1.0,10,0.06107312661900366,11.156568227648545,272,True,0.0054741857328179456
e1/L/R4/56,L,4,quadruplet,1.0,10,0.06107312661900366,11.156568227648545,272,True,0.0054741857328179456
e1/L/R4/56,L,4,quintuplet,0.9,10,0.06107312661900366,11.156568227648545,272,True,0.0054741857328179456
e1/L/R4/57,L,4,annealing,0.5,10,0.6400051626658145,4.67198797972706,511,True,0.13698775883905506
e1/L/R4/57,L,4,quadruplet,0.3,10,0.6400051626658145,4.67198797972706,511,True,0.13698775883905506
e1/L/R4/57,L,4,quintuplet,0.4,10,0.6400051626658145,4.67198797972706,511,True,0.13698775883905506
e1/L/R4/58,L,4,annealing,0.1,10,0.22999157311791674,5.082812128702493,511,True,0.0452488833532054
e1/L/R4/58,L,4,quadruplet,0.1,10,0.22999157311791674,5.082812128702493,511,True,0.0452488833532054
e1/L/R4/58,L,4,quintuplet,0.4,10,0.22999157311791674,5.082812128702493,511,True,0.0452488833532054
e1/L/R4/59,L,4,annealing,0.4,10,0.0,2.3482573146453873,512,False,0.0
e1/L/R4/59,L,4,quadruplet,0.0,10,0.0,2.3482573146453873,512,False,0.0
e1/L/R4/59,L,4,quintuplet,0.3,10,0.0,2.3482573146453873,512,False,0.0
e1/L/R4/6,L,4,annealing,0.1,10,0.239318529815308,3.8315928737914637,512,True,0.06245927939063523
e1/L/R4/6,L,4,quadruplet,0.0,10,0.239318529815308,3.8315928737914637,512,True,0.06245927939063523
e1/L/R4/6,L,4,quintuplet,0.3,10,0.239318529815308,3.8315928737914637,512,True,0.06245927939063523
e1/L/R4/6,L,4,random,0.0,10,0.239318529815308,3.8315928737914637,512,True,0.06245927939063523
e1/L/R4/60,L,4,annealing,0.5,10,0.08409168502464226,3.2963307164769486,511,True,0.025510694240812627
e1/L/R4/60,L,4,quadruplet,0.0,10,0.08409168502464226,3.2963307164769486,511,True,0.025510694240812627
e1/L/R4/60,L,4,quintuplet,0.1,10,0.08409168502464226,3.2963307164769486,511,True,0.025510694240812627
e1/L/R4/61,L,4,annealing,0.5,10,0.0,1.5776722227341247,511,False,0.0
e1/L/R4/61,L,4,quadruplet,0.3,10,0.0,1.5776722227341247,511,False,0.0
e1/L/R4/61,L,4,quintuplet,0.9,10,0.0,1.5776722227341247,511,False,0.0
e1/L/R4/62,L,4,annealing,0.7,10,0.0,3.6236261986689917,512,False,0.0
e1/L/R4/62,L,4,quadruplet,0.0,10,0.0,3.6236261986689917,512,False,0.0
e1/L/R4/62,L,4,quintuplet,0.0,10,0.0,3.6236261986689917,512,False,0.0
e1/L/R4/63,L,4,annealing,1.0,10,0.0,5.000277198773176,483,False,0.0
e1/L/R4/63,L,4,quadruplet,0.2,10,0.0,5.000277198773176,483,False,0.0
e1/L/R4/63,L,4,quintuplet,0.2,10,0.0,5.000277198773176,483,False,0.0
e1/L/R4/64,L,4,annealing,0.7,10,0.0,3.5581147174128,271,False,0.0
e1/L/R4/64,L,4,quadruplet,0.9,10,0.0,3.5581147174128,271,False,0.0
e1/L/R4/64,L,4,quintuplet,1.0,10,0.0,3.5581147174128,271,False,0.0
e1/L/R4/65,L,4,annealing,0.7,10,0.3885538330592704,4.026044126957126,272,True,0.09651007808325697
e1/L/R4/65,L,4,quadruplet,0.7,10,0.3885538330592704,4.026044126957126,272,True,0.09651007808325697
e1/L/R4/65,L,4,quintuplet,0.8,10,0.3885538330592704,4.026044126957126,272,True,0.09651007808325697
e1/L/R4/66,L,4,annealing,0.7,10,0.0,3.039465768918496,511,False,0.0
e1/L/R4/66,L,4,quadruplet,0.2,10,0.0,3.039465768918496,511,False,0.0
e1/L/R4/66,L,4,quintuplet,0.3,10,0.0,3.039465768918496,511,False,0.0
e1/L/R4/67,L,4,annealing,0.3,10,0.06539152124095526,6.480755506369923,271,True,0.010090107731526372
e1/L/R4/67,L,4,quadruplet,0.1,10,0.06539152124095526,6.480755506369923,271,True,0.010090107731526372
e1/L/R4/67,L,4,quintuplet,0.3,10,0.06539152124095526,6.480755506369923,271,True,0.010090107731526372
e1/L/R4/68,L,4,annealing,0.8,10,0.0,4.96680733008123,512,False,0.0
e1/L/R4/68,L,4,quadruplet,0.0,10,0.0,4.96680733008123,512,False,0.0
e1/L/R4/68,L,4,quintuplet,0.3,10,0.0,4.96680733008123,512,False,0.0
e1/L/R4/69,L,4,annealing,0.4,10,0.46693352961543066,4.032460257574223,512,True,0.11579370899896244
e1/L/R4/69,L,4,quadruplet,0.7,10,0.46693352961543066,4.032460257574223,512,True,0.11579370899896244
e1/L/R4/69,L,4,quintuplet,0.8,10,0.46693352961543066,4.032460257574223,512,True,0.11579370899896244
e1/L/R4/7,L,4,annealing,0.8,10,0.8245171690085655,13.192274704137038,272,True,0.06250000000000006
e1/L/R4/7,L,4,quadruplet,1.0,10,0.8245171690085655,13.192274704137038,272,True,0.06250000000000006
e1/L/R4/7,L,4,quintuplet,1.0,10,0.8245171690085655,13.192274704137038,272,True,0.06250000000000006
e1/L/R4/7,L,4,random,0.0,10,0.8245171690085655,13.192274704137038,272,True,0.06250000000000006
e1/L/R4/70,L,4,annealing,0.1,10,0.2571201914829535,5.654647736409018,511,True,0.04547059400843201
e1/L/R4/70,L,4,quadruplet,0.0,10,0.2571201914829535,5.654647736409018,511,True,0.04547059400843201
e1/L/R4/70,L,4,quintuplet,0.0,10,0.2571201914829535,5.654647736409018,511,True,0.04547059400843201
e1/L/R4/71,L,4,annealing,0.1,10,0.0,3.956347741661982,511,False,0.0
e1/L/R4/71,L,4,quadruplet,0.0,10,0.0,3.956347741661982,511,False,0.0
e1/L/R4/71,L,4,quintuplet,0.0,10,0.0,3.956347741661982,511,False,0.0
e1/L/R4/72,L,4,annealing,0.4,10,0.030771302702955694,3.106076774750634,511,True,0.009906806861020398
e1/L/R4/72,L,4,quadruplet,0.1,10,0.030771302702955694,3.106076774750634,511,True,0.009906806861020398
e1/L/R4/72,L,4,quintuplet,0.0,10,0.030771302702955694,3.106076774750634,511,True,0.009906806861020398
e1/L/R4/73,L,4,annealing,0.6,10,0.21018699548252595,6.903455754142371,271,True,0.030446634695442888
e1/L/R4/73,L,4,quadruplet,1.0,10,0.21018699548252595,6.903455754142371,271,True,0.030446634695442888
e1/L/R4/73,L,4,quintuplet,0.9,10,0.21018699548252595,6.903455754142371,271,True,0.030446634695442888
e1/L/R4/74,L,4,annealing,0.5,10,0.4552411178165148,4.653555035612098,484,True,0.09782652495408499
e1/L/R4/74,L,4,quadruplet,0.3,10,0.4552411178165148,4.653555035612098,484,True,0.09782652495408499
e1/L/R4/74,L,4,quintuplet,0.5,10,0.4552411178165148,4.653555035612098,484,True,0.09782652495408499
e1/L/R4/75,L,4,annealing,0.3,10,0.11367839530987744,14.710777975889737,511,True,0.007727558358653153
e1/L/R4/75,L,4,quadruplet,1.0,10,0.11367839530987744,14.710777975889737,511,True,0.007727558358653153
e1/L/R4/75,L,4,quintuplet,1.0,10,0.11367839530987744,14.710777975889737,511,True,0.007727558358653153
e1/L/R4/76,L,4,annealing,0.4,10,0.7143521844187926,4.286113106512754,512,True,0.16666666666666674
e1/L/R4/76,L,4,quadruplet,1.0,10,0.7143521844187926,4.286113106512754,512,True,0.16666666666666674
e1/L/R4/76,L,4,quintuplet,1.0,10,0.7143521844187926,4.286113106512754,512,True,0.16666666666666674
e1/L/R4/77,L,4,annealing,1.0,10,0.0,4.117987126383272,512,False,0.0
e1/L/R4/77,L,4,quadruplet,0.8,10,0.0,4.117987126383272,512,False,0.0
e1/L/R4/77,L,4,quintuplet,0.6,10,0.0,4.117987126383272,512,False,0.0
e1/L/R4/78,L,4,annealing,0.7,10,0.0,5.009219828979959,272,False,0.0
e1/L/R4/78,L,4,quadruplet,0.2,10,0.0,5.009219828979959,272,False,0.0
e1/L/R4/78,L,4,quintuplet,0.6,10,0.0,5.009219828979959,272,False,0.0
e1/L/R4/79,L,4,annealing,1.0,10,0.45939212927037687,9.308814417853835,272,True,0.04935022964785784
e1/L/R4/79,L,4,quadruplet,1.0,10,0.45939212927037687,9.308814417853835,272,True,0.04935022964785784
e1/L/R4/79,L,4,quintuplet,1.0,10,0.45939212927037687,9.308814417853835,272,True,0.04935022964785784
e1/L/R4/8,L,4,annealing,0.8,10,0.0,2.228237878278141,483,False,0.0
e1/L/R4/8,L,4,quadruplet,1.0,10,0.0,2.228237878278141,483,False,0.0
e1/L/R4/8,L,4,quintuplet,1.0,10,0.0,2.228237878278141,483,False,0.0
e1/L/R4/8,L,4,random,0.1,10,0.0,2.228237878278141,483,False,0.0
e1/L/R4/80,L,4,annealing,0.6,10,0.5091920009823738,7.630888114392559,512,True,0.06672775086585148
e1/L/R4/80,L,4,quadruplet,0.0,10,0.5091920009823738,7.630888114392559,512,True,0.06672775086585148
e1/L/R4/80,L,4,quintuplet,0.7,10,0.5091920009823738,7.630888114392559,512,True,0.06672775086585148
e1/L/R4/81,L,4,annealing,0.1,10,0.4630251576406641,5.542842540053288,512,True,0.08353568666163348
e1/L/R4/81,L,4,quadruplet,0.9,10,0.4630251576406641,5.542842540053288,512,True,0.08353568666163348
e1/L/R4/81,L,4,quintuplet,1.0,10,0.4630251576406641,5.542842540053288,512,True,0.08353568666163348
e1/L/R4/82,L,4,annealing,0.0,10,0.4872942890461136,8.145452336117089,271,True,0.059824091890568386
e1/L/R4/82,L,4,quadruplet,0.0,10,0.4872942890461136,8.145452336117089,271,True,0.059824091890568386
e1/L/R4/82,L,4,quintuplet,0.1,10,0.4872942890461136,8.145452336117089,271,True,0.059824091890568386
e1/L/R4/83,L,4,annealing,0.3,10,0.3151273551304712,7.87667113008896,271,True,0.04000768217003267
e1/L/R4/83,L,4,quadruplet,1.0,10,0.3151273551304712,7.87667113008896,271,True,0.04000768217003267
e1/L/R4/83,L,4,quintuplet,1.0,10,0.3151273551304712,7.87667113008896,271,True,0.04000768217003267
e1/L/R4/84,L,4,annealing,1.0,10,0.0,4.570799602702756,512,False,0.0
e1/L/R4/84,L,4,quadruplet,0.0,10,0.0,4.570799602702756,512,False,0.0
e1/L/R4/84,L,4,quintuplet,0.2,10,0.0,4.570799602702756,512,False,0.0
e1/L/R4/85,L,4,annealing,0.3,10,0.010551515005323253,5.001365699938178,512,True,0.002109726750326152
e1/L/R4/85,L,4,quadruplet,0.0,10,0.010551515005323253,5.001365699938178,512,True,0.002109726750326152
e1/L/R4/85,L,4,quintuplet,0.4,10,0.010551515005323253,5.001365699938178,512,True,0.002109726750326152
e1/L/R4/86,L,4,annealing,0.4,10,0.2974346353494717,6.071338986868566,271,True,0.04898995690946924
e1/L/R4/86,L,4,quadruplet,0.0,10,0.2974346353494717,6.071338986868566,271,True,0.04898995690946924
e1/L/R4/86,L,4,quintuplet,0.1,10,0.2974346353494717,6.071338986868566,271,True,0.04898995690946924
e1/L/R4/87,L,4,annealing,0.7,10,0.0799624835477899,3.5655383490245782,512,True,0.022426482544961317
e1/L/R4/87,L,4,quadruplet,0.0,10,0.0799624835477899,3.5655383490245782,512,True,0.022426482544961317
e1/L/R4/87,L,4,quintuplet,0.0,10,0.0799624835477899,3.5655383490245782,512,True,0.022426482544961317
e1/L/R4/88,L,4,annealing,0.5,10,0.2749979165403298,4.876338332331096,512,True,0.056394347110215626
e1/L/R4/88,L,4,quadruplet,0.3,10,0.2749979165403298,4.876338332331096,512,True,0.056394347110215626
e1/L/R4/88,L,4,quintuplet,0.3,10,0.2749979165403298,4.876338332331096,512,True,0.056394347110215626
e1/L/R4/89,L,4,annealing,0.2,10,0.13752976942595474,4.516254316914689,510,True,0.03045217558073859
e1/L/R4/89,L,4,quadruplet,0.0,10,0.13752976942595474,4.516254316914689,510,True,0.03045217558073859
e1/L/R4/89,L,4,quintuplet,0.2,10,0.13752976942595474,4.516254316914689,510,True,0.03045217558073859
e1/L/R4/9,L,4,annealing,1.0,10,0.7016022119036087,13.317214930105433,512,True,0.052683854363387836
e1/L/R4/9,L,4,quadruplet,1.0,10,0.7016022119036087,13.317214930105433,512,True,0.052683854363387836
e1/L/R4/9,L,4,quintuplet,1.0,10,0.7016022119036087,13.317214930105433,512,True,0.052683854363387836
e1/L/R4/9,L,4,random,0.0,10,0.7016022119036087,13.317214930105433,512,True,0.052683854363387836
e1/L/R4/90,L,4,annealing,0.8,10,0.0,6.953415387683565,484,False,0.0
e1/L/R4/90,L,4,quadruplet,0.5,10,0.0,6.953415387683565,484,False,0.0
e1/L/R4/90,L,4,quintuplet,0.7,10,0.0,6.953415387683565,484,False,0.0
e1/L/R4/91,L,4,annealing,0.8,10,0.2613409401131235,4.181455041809976,512,True,0.0625
e1/L/R4/91,L,4,quadruplet,0.7,10,0.2613409401131235,4.181455041809976,512,True,0.0625
e1/L/R4/91,L,4,quintuplet,1.0,10,0.2613409401131235,4.181455041809976,512,True,0.0625
e1/L/R4/92,L,4,annealing,1.0,10,0.355200015399852,8.828872541248817,512,True,0.04023163928806815
e1/L/R4/92,L,4,quadruplet,1.0,10,0.355200015399852,8.828872541248817,512,True,0.04023163928806815
e1/L/R4/92,L,4,quintuplet,1.0,10,0.355200015399852,8.828872541248817,512,True,0.04023163928806815
e1/L/R4/93,L,4,annealing,0.6,10,0.0,6.352493499904709,512,False,0.0
e1/L/R4/93,L,4,quadruplet,0.1,10,0.0,6.352493499904709,512,False,0.0
e1/L/R4/93,L,4,quintuplet,0.2,10,0.0,6.352493499904709,512,False,0.0
e1/L/R4/94,L,4,annealing,0.6,10,0.1938407233471473,4.131048797296367,511,True,0.04692288395963987
e1/L/R4/94,L,4,quadruplet,0.1,10,0.1938407233471473,4.131048797296367,511,True,0.04692288395963987
e1/L/R4/94,L,4,quintuplet,0.1,10,0.1938407233471473,4.131048797296367,511,True,0.04692288395963987
e1/L/R4/95,L,4,annealing,0.8,10,0.5491883634697099,3.9380865828877134,511,True,0.13945563458561697
e1/L/R4/95,L,4,quadruplet,0.0,10,0.5491883634697099,3.9380865828877134,511,True,0.13945563458561697
e1/L/R4/95,L,4,quintuplet,0.3,10,0.5491883634697099,3.9380865828877134,511,True,0.13945563458561697
e1/L/R4/96,L,4,annealing,0.5,10,0.0,5.113799322005735,455,False,0.0
e1/L/R4/96,L,4,quadruplet,0.1,10,0.0,5.113799322005735,455,False,0.0
e1/L/R4/96,L,4,quintuplet,0.1,10,0.0,5.113799322005735,455,False,0.0
e1/L/R4/97,L,4,annealing,0.2,10,0.4393262734989172,6.418084523325791,510,True,0.0684513069128704
e1/L/R4/97,L,4,quadruplet,0.5,10,0.4393262734989172,6.418084523325791,510,True,0.0684513069128704
e1/L/R4/97,L,4,quintuplet,0.7,10,0.4393262734989172,6.418084523325791,510,True,0.0684513069128704
e1/L/R4/98,L,4,annealing,0.3,10,0.0,2.355131126699305,511,False,0.0
e1/L/R4/98,L,4,quadruplet,0.1,10,0.0,2.355131126699305,511,False,0.0
e1/L/R4/98,L,4,quintuplet,0.1,10,0.0,2.355131126699305,511,False,0.0
e1/L/R4/99,L,4,annealing,0.5,10,0.16538925326310583,6.972429401991571,272,True,0.023720462944503223
e1/L/R4/99,L,4,quadruplet,0.8,10,0.16538925326310583,6.972429401991571,272,True,0.023720462944503223
e1/L/R4/99,L,4,quintuplet,1.0,10,0.16538925326310583,6.972429401991571,272,True,0.023720462944503223
e1/L/R5/0,L,5,annealing,1.0,10,0.0,3.4565711531077947,511,False,0.0
e1/L/R5/0,L,5,quadruplet,0.7,10,0.0,3.4565711531077947,511,False,0.0
e1/L/R5/0,L,5,quintuplet,1.0,10,0.0,3.4565711531077947,511,False,0.0
e1/L/R5/0,L,5,random,0.1,10,0.0,3.4565711531077947,511,False,0.0
e1/L/R5/1,L,5,annealing,0.3,10,0.0,2.939123584173177,511,False,0.0
e1/L/R5/1,L,5,quadruplet,0.0,10,0.0,2.939123584173177,511,False,0.0
e1/L/R5/1,L,5,quintuplet,0.0,10,0.0,2.939123584173177,511,False,0.0
e1/L/R5/1,L,5,random,0.0,10,0.0,2.939123584173177,511,False,0.0
e1/L/R5/10,L,5,annealing,0.6,10,0.0,4.963965691628938,510,False,0.0
e1/L/R5/10,L,5,quadruplet,0.2,10,0.0,4.963965691628938,510,False,0.0
e1/L/R5/10,L,5,quintuplet,0.6,10,0.0,4.963965691628938,510,False,0.0
e1/L/R5/11,L,5,annealing,0.4,10,0.0,8.644819260297147,272,False,0.0
e1/L/R5/11,L,5,quadruplet,0.2,10,0.0,8.644819260297147,272,False,0.0
e1/L/R5/11,L,5,quintuplet,0.2,10,0.0,8.644819260297147,272,False,0.0
e1/L/R5/12,L,5,annealing,0.8,10,0.19829120861936822,5.721764850775294,511,True,0.03465560256159425
e1/L/R5/12,L,5,quadruplet,0.4,10,0.19829120861936822,5.721764850775294,511,True,0.03465560256159425
e1/L/R5/12,L,5,quintuplet,0.2,10,0.19829120861936822,5.721764850775294,511,True,0.03465560256159425
e1/L/R5/13,L,5,annealing,1.0,10,0.8920907878985496,15.165543394275348,512,True,0.058823529411764684
e1/L/R5/13,L,5,quadruplet,1.0,10,0.8920907878985496,15.165543394275348,512,True,0.058823529411764684
e1/L/R5/13,L,5,quintuplet,1.0,10,0.8920907878985496,15.165543394275348,512,True,0.058823529411764684
e1/L/R5/14,L,5,annealing,1.0,10,0.18289701860824792,10.256980646903928,512,True,0.017831467651589595
e1/L/R5/14,L,5,quadruplet,0.5,10,0.18289701860824792,10.256980646903928,512,True,0.017831467651589595
e1/L/R5/14,L,5,quintuplet,0.4,10,0.18289701860824792,10.256980646903928,512,True,0.017831467651589595
e1/L/R5/15,L,5,annealing,0.4,10,0.26066312159192684,5.64291884664682,484,True,0.04619295947288346
e1/L/R5/15,L,5,quadruplet,0.0,10,0.26066312159192684,5.64291884664682,484,True,0.04619295947288346
e1/L/R5/15,L,5,quintuplet,0.0,10,0.26066312159192684,5.64291884664682,484,True,0.04619295947288346
e1/L/R5/16,L,5,annealing,0.4,10,0.0,4.638633344893004,511,False,0.0
e1/L/R5/16,L,5,quadruplet,0.0,10,0.0,4.638633344893004,511,False,0.0
e1/L/R5/16,L,5,quintuplet,0.1,10,0.0,4.638633344893004,511,False,0.0
e1/L/R5/17,L,5,annealing,0.0,10,0.2117686797058944,8.284408733939616,512,True,0.025562316697185547
e1/L/R5/17,L,5,quadruplet,0.8,10,0.2117686797058944,8.284408733939616,512,True,0.025562316697185547
e1/L/R5/17,L,5,quintuplet,0.9,10,0.2117686797058944,8.284408733939616,512,True,0.025562316697185547
e1/L/R5/18,L,5,annealing,1.0,10,0.5388230510583849,9.159991867992538,512,True,0.05882352941176474
e1/L/R5/18,L,5,quadruplet,1.0,10,0.5388230510583849,9.159991867992538,512,True,0.05882352941176474
e1/L/R5/18,L,5,quintuplet,1.0,10,0.5388230510583849,9.159991867992538,512,True,0.05882352941176474
e1/L/R5/19,L,5,annealing,1.0,10,0.0,3.4037962572488287,512,False,0.0
e1/L/R5/19,L,5,quadruplet,0.0,10,0.0,3.4037962572488287,512,False,0.0
e1/L/R5/19,L,5,quintuplet,0.0,10,0.0,3.4037962572488287,512,False,0.0
e1/L/R5/2,L,5,annealing,0.6,10,0.0,4.7165957469979425,512,False,0.0
e1/L/R5/2,L,5,quadruplet,0.9,10,0.0,4.7165957469979425,512,False,0.0
e1/L/R5/2,L,5,quintuplet,0.9,10,0.0,4.7165957469979425,512,False,0.0
e1/L/R5/2,L,5,random,0.0,10,0.0,4.7165957469979425,512,False,0.0
e1/L/R5/20,L,5,annealing,0.7,10,0.0,6.857595973862612,511,False,0.0
e1/L/R5/20,L,5,quadruplet,0.0,10,0.0,6.857595973862612,511,False,0.0
e1/L/R5/20,L,5,quintuplet,0.0,10,0.0,6.857595973862612,511,False,0.0
e1/L/R5/21,L,5,annealing,0.7,10,0.0,3.2880387933073787,512,False,0.0
e1/L/R5/21,L,5,quadruplet,0.0,10,0.0,3.2880387933073787,512,False,0.0
e1/L/R5/21,L,5,quintuplet,0.8,10,0.0,3.2880387933073787,512,False,0.0
e1/L/R5/22,L,5,annealing,0.2,10,0.08638425903637081,4.274877937687259,512,True,0.020207421193201444
e1/L/R5/22,L,5,quadruplet,0.0,10,0.08638425903637081,4.274877937687259,512,True,0.020207421193201444
e1/L/R5/22,L,5,quintuplet,0.0,10,0.08638425903637081,4.274877937687259,512,True,0.020207421193201444
e1/L/R5/23,L,5,annealing,0.8,10,0.005594072574455211,5.075882800089224,512,True,0.001102088601091593
e1/L/R5/23,L,5,quadruplet,0.2,10,0.005594072574455211,5.075882800089224,512,True,0.001102088601091593
e1/L/R5/23,L,5,quintuplet,0.3,10,0.005594072574455211,5.075882800089224,512,True,0.001102088601091593
e1/L/R5/24,L,5,annealing,1.0,10,0.9280097195523602,14.848155512837774,512,True,0.06249999999999996
e1/L/R5/24,L,5,quadruplet,1.0,10,0.9280097195523602,14.848155512837774,512,True,0.06249999999999996
e1/L/R5/24,L,5,quintuplet,1.0,10,0.9280097195523602,14.848155512837774,512,True,0.06249999999999996
e1/L/R5/25,L,5,annealing,1.0,10,0.893157888466293,14.290526215460677,512,True,0.06250000000000004
e1/L/R5/25,L,5,quadruplet,0.9,10,0.893157888466293,14.290526215460677,512,True,0.06250000000000004
e1/L/R5/25,L,5,quintuplet,1.0,10,0.893157888466293,14.290526215460677,512,True,0.06250000000000004
e1/L/R5/26,L,5,annealing,0.2,10,0.0,3.1421916066258255,511,False,0.0
e1/L/R5/26,L,5,quadruplet,0.0,10,0.0,3.1421916066258255,511,False,0.0
e1/L/R5/26,L,5,quintuplet,0.0,10,0.0,3.1421916066258255,511,False,0.0
e1/L/R5/27,L,5,annealing,0.1,10,0.04404625515517768,3.4366330295511993,510,True,0.012816688536840903
e1/L/R5/27,L,5,quadruplet,0.0,10,0.04404625515517768,3.4366330295511993,510,True,0.012816688536840903
e1/L/R5/27,L,5,quintuplet,0.0,10,0.04404625515517768,3.4366330295511993,510,True,0.012816688536840903
e1/L/R5/28,L,5,annealing,0.1,10,0.023427045536525526,9.717871409712792,510,True,0.0024107177949597813
e1/L/R5/28,L,5,quadruplet,0.4,10,0.023427045536525526,9.717871409712792,510,True,0.0024107177949597813
e1/L/R5/28,L,5,quintuplet,0.9,10,0.023427045536525526,9.717871409712792,510,True,0.0024107177949597813
e1/L/R5/29,L,5,annealing,0.4,10,0.0,4.898242686105801,272,False,0.0
e1/L/R5/29,L,5,quadruplet,0.0,10,0.0,4.898242686105801,272,False,0.0
e1/L/R5/29,L,5,quintuplet,0.1,10,0.0,4.898242686105801,272,False,0.0
e1/L/R5/3,L,5,annealing,1.0,10,0.0,6.19258011326283,512,False,0.0
e1/L/R5/3,L,5,quadruplet,0.6,10,0.0,6.19258011326283,512,False,0.0
e1/L/R5/3,L,5,quintuplet,1.0,10,0.0,6.19258011326283,512,False,0.0
e1/L/R5/3,L,5,random,0.0,10,0.0,6.19258011326283,512,False,0.0
e1/L/R5/30,L,5,annealing,0.2,10,0.0,1.202300182262397,512,False,0.0
e1/L/R5/30,L,5,quadruplet,0.0,10,0.0,1.202300182262397,512,False,0.0
e1/L/R5/30,L,5,quintuplet,0.8,10,0.0,1.202300182262397,512,False,0.0
e1/L/R5/31,L,5,annealing,0.8,10,0.0,3.612235624588158,512,False,0.0
e1/L/R5/31,L,5,quadruplet,0.9,10,0.0,3.612235624588158,512,False,0.0
e1/L/R5/31,L,5,quintuplet,0.6,10,0.0,3.612235624588158,512,False,0.0
e1/L/R5/32,L,5,annealing,1.0,10,0.2272062447942762,8.336808775859819,512,True,0.027253383267249433
e1/L/R5/32,L,5,quadruplet,0.9,10,0.2272062447942762,8.336808775859819,512,True,0.027253383267249433
e1/L/R5/32,L,5,quintuplet,0.9,10,0.2272062447942762,8.336808775859819,512,True,0.027253383267249433
e1/L/R5/33,L,5,annealing,0.3,10,0.0,4.8070084921425345,512,False,0.0
e1/L/R5/33,L,5,quadruplet,0.0,10,0.0,4.8070084921425345,512,False,0.0
e1/L/R5/33,L,5,quintuplet,0.5,10,0.0,4.8070084921425345,512,False,0.0
e1/L/R5/34,L,5,annealing,1.0,10,0.0,5.654120401706844,512,False,0.0
e1/L/R5/34,L,5,quadruplet,0.2,10,0.0,5.654120401706844,512,False,0.0
e1/L/R5/34,L,5,quintuplet,0.2,10,0.0,5.654120401706844,512,False,0.0
e1/L/R5/35,L,5,annealing,0.8,10,0.12388544232326204,4.434930690103301,484,True,0.027934019938511467
e1/L/R5/35,L,5,quadruplet,0.0,10,0.12388544232326204,4.434930690103301,484,True,0.027934019938511467
e1/L/R5/35,L,5,quintuplet,0.1,10,0.12388544232326204,4.434930690103301,484,True,0.027934019938511467
e1/L/R5/36,L,5,annealing,1.0,10,0.5490621304365568,9.334056217421468,456,True,0.0588235294117647
e1/L/R5/36,L,5,quadruplet,1.0,10,0.5490621304365568,9.334056217421468,456,True,0.0588235294117647
e1/L/R5/36,L,5,quintuplet,1.0,10,0.5490621304365568,9.334056217421468,456,True,0.0588235294117647
e1/L/R5/37,L,5,annealing,1.0,10,0.8933080968411033,15.18623764629875,512,True,0.05882352941176473
e1/L/R5/37,L,5,quadruplet,1.0,10,0.8933080968411033,15.18623764629875,512,True,0.05882352941176473
e1/L/R5/37,L,5,quintuplet,1.0,10,0.8933080968411033,15.18623764629875,512,True,0.05882352941176473
e1/L/R5/38,L,5,annealing,0.5,10,0.0,5.595594221956095,512,False,0.0
e1/L/R5/38,L,5,quadruplet,0.0,10,0.0,5.595594221956095,512,False,0.0
e1/L/R5/38,L,5,quintuplet,0.0,10,0.0,5.595594221956095,512,False,0.0
e1/L/R5/39,L,5,annealing,1.0,10,0.0,7.025556410338567,512,False,0.0
e1/L/R5/39,L,5,quadruplet,0.0,10,0.0,7.025556410338567,512,False,0.0
e1/L/R5/39,L,5,quintuplet,0.7,10,0.0,7.025556410338567,512,False,0.0
e1/L/R5/4,L,5,annealing,0.5,10,0.5152523565958385,8.115785568057678,512,True,0.06348767501001779
e1/L/R5/4,L,5,quadruplet,0.0,10,0.5152523565958385,8.115785568057678,512,True,0.06348767501001779
e1/L/R5/4,L,5,quintuplet,0.2,10,0.5152523565958385,8.115785568057678,512,True,0.06348767501001779
e1/L/R5/4,L,5,random,0.0,10,0.5152523565958385,8.115785568057678,512,True,0.06348767501001779
e1/L/R5/40,L,5,annealing,0.9,10,0.0,4.811797032327723,511,False,0.0
e1/L/R5/40,L,5,quadruplet,0.1,10,0.0,4.811797032327723,511,False,0.0
e1/L/R5/40,L,5,quintuplet,0.1,10,0.0,4.811797032327723,511,False,0.0
e1/L/R5/41,L,5,annealing,0.9,10,0.7650449335194978,13.005763869831469,512,True,0.05882352941176467
e1/L/R5/41,L,5,quadruplet,1.0,10,0.7650449335194978,13.005763869831469,512,True,0.05882352941176467
e1/L/R5/41,L,5,quintuplet,1.0,10,0.7650449335194978,13.005763869831469,512,True,0.05882352941176467
e1/L/R5/42,L,5,annealing,0.5,10,0.40589499948114005,3.783340419435455,512,True,0.10728482094712141
e1/L/R5/42,L,5,quadruplet,0.4,10,0.40589499948114005,3.783340419435455,512,True,0.10728482094712141
e1/L/R5/42,L,5,quintuplet,0.1,10,0.40589499948114005,3.783340419435455,512,True,0.10728482094712141
e1/L/R5/43,L,5,annealing,1.0,10,0.9233416939698085,14.77346710351694,512,True,0.062499999999999986
e1/L/R5/43,L,5,quadruplet,1.0,10,0.9233416939698085,14.77346710351694,512,True,0.062499999999999986
e1/L/R5/43,L,5,quintuplet,1.0,10,0.9233416939698085,14.77346710351694,512,True,0.062499999999999986
e1/L/R5/44,L,5,annealing,0.1,10,0.14848305352175828,2.247446736835092,511,True,0.06606744048175114
e1/L/R5/44,L,5,quadruplet,0.0,10,0.14848305352175828,2.247446736835092,511,True,0.06606744048175114
e1/L/R5/44,L,5,quintuplet,0.1,10,0.14848305352175828,2.247446736835092,511,True,0.06606744048175114
e1/L/R5/45,L,5,annealing,0.0,10,0.12766545342043223,8.728170889715507,272,True,0.014626827892526914
e1/L/R5/45,L,5,quadruplet,0.0,10,0.12766545342043223,8.728170889715507,272,True,0.014626827892526914
e1/L/R5/45,L,5,quintuplet,0.1,10,0.12766545342043223,8.728170889715507,272,True,0.014626827892526914
e1/L/R5/46,L,5,annealing,0.8,10,0.1233532575859062,7.01570743900122,512,True,0.01758244035379377
e1/L/R5/46,L,5,quadruplet,0.0,10,0.1233532575859062,7.01570743900122,512,True,0.01758244035379377
e1/L/R5/46,L,5,quintuplet,0.0,10,0.1233532575859062,7.01570743900122,512,True,0.01758244035379377
e1/L/R5/47,L,5,annealing,0.0,10,0.2827031133088651,5.170404909917539,512,True,0.05467717098260566
e1/L/R5/47,L,5,quadruplet,0.0,10,0.2827031133088651,5.170404909917539,512,True,0.05467717098260566
e1/L/R5/47,L,5,quintuplet,0.0,10,0.2827031133088651,5.170404909917539,512,True,0.05467717098260566
e1/L/R5/48,L,5,annealing,0.3,10,0.6900464552162511,5.8160102696805875,511,True,0.11864601732454438
e1/L/R5/48,L,5,quadruplet,0.3,10,0.6900464552162511,5.8160102696805875,511,True,0.11864601732454438
e1/L/R5/48,L,5,quintuplet,0.4,10,0.6900464552162511,5.8160102696805875,511,True,0.11864601732454438
e1/L/R5/49,L,5,annealing,1.0,10,0.11438791506899815,7.142027771536399,272,True,0.01601616777869108
e1/L/R5/49,L,5,quadruplet,0.9,10,0.11438791506899815,7.142027771536399,272,True,0.01601616777869108
e1/L/R5/49,L,5,quintuplet,0.8,10,0.11438791506899815,7.142027771536399,272,True,0.01601616777869108
e1/L/R5/5,L,5,annealing,0.6,10,0.06184480166518913,7.4842010991301855,512,True,0.008263380532676593
e1/L/R5/5,L,5,quadruplet,0.0,10,0.06184480166518913,7.4842010991301855,512,True,0.008263380532676593
e1/L/R5/5,L,5,quintuplet,0.2,10,0.06184480166518913,7.4842010991301855,512,True,0.008263380532676593
e1/L/R5/5,L,5,random,0.0,10,0.06184480166518913,7.4842010991301855,512,True,0.008263380532676593
e1/L/R5/50,L,5,annealing,1.0,10,0.09440770706003221,6.247177317258561,484,True,0.015112058176933736
e1/L/R5/50,L,5,quadruplet,0.7,10,0.09440770706003221,6.247177317258561,484,True,0.015112058176933736
e1/L/R5/50,L,5,quintuplet,0.8,10,0.09440770706003221,6.247177317258561,484,True,0.015112058176933736
e1/L/R5/51,L,5,annealing,0.4,10,0.8584436563608389,6.867549250886707,498,True,0.12500000000000006
e1/L/R5/51,L,5,quadruplet,1.0,10,0.8584436563608389,6.867549250886707,498,True,0.12500000000000006
e1/L/R5/51,L,5,quintuplet,1.0,10,0.8584436563608389,6.867549250886707,498,True,0.12500000000000006
e1/L/R5/52,L,5,annealing,0.4,10,0.07057697316956357,6.839410026446861,484,True,0.010319160994391938
e1/L/R5/52,L,5,quadruplet,0.0,10,0.07057697316956357,6.839410026446861,484,True,0.010319160994391938
e1/L/R5/52,L,5,quintuplet,0.0,10,0.07057697316956357,6.839410026446861,484,True,0.010319160994391938
e1/L/R5/53,L,5,annealing,0.7,10,0.0,4.6568811034899635,512,False,0.0
e1/L/R5/53,L,5,quadruplet,0.4,10,0.0,4.6568811034899635,512,False,0.0
e1/L/R5/53,L,5,quintuplet,0.8,10,0.0,4.6568811034899635,512,False,0.0
e1/L/R5/54,L,5,annealing,0.2,10,0.5880187490842252,3.87412590343289,512,True,0.1517810117020662
e1/L/R5/54,L,5,quadruplet,0.0,10,0.5880187490842252,3.87412590343289,512,True,0.1517810117020662
e1/L/R5/54,L,5,quintuplet,0.4,10,0.5880187490842252,3.87412590343289,512,True,0.1517810117020662
e1/L/R5/55,L,5,annealing,1.0,10,0.6603970528149645,10.566352845039424,512,True,0.06250000000000006
e1/L/R5/55,L,5,quadruplet,0.9,10,0.6603970528149645,10.566352845039424,512,True,0.06250000000000006
e1/L/R5/55,L,5,quintuplet,1.0,10,0.6603970528149645,10.566352845039424,512,True,0.06250000000000006
e1/L/R5/56,L,5,annealing,1.0,10,1.3904393323997546,22.10129619533018,512,True,0.06291211701391265
e1/L/R5/56,L,5,quadruplet,1.0,10,1.3904393323997546,22.10129619533018,512,True,0.06291211701391265
e1/L/R5/56,L,5,quintuplet,1.0,10,1.3904393323997546,22.10129619533018,512,True,0.06291211701391265
e1/L/R5/57,L,5,annealing,1.0,10,0.8276110873991147,13.24177739838583,512,True,0.06250000000000003
e1/L/R5/57,L,5,quadruplet,1.0,10,0.8276110873991147,13.24177739838583,512,True,0.06250000000000003
e1/L/R5/57,L,5,quintuplet,1.0,10,0.8276110873991147,13.24177739838583,512,True,0.06250000000000003
e1/L/R5/58,L,5,annealing,1.0,10,1.0723692031423475,17.965652455090975,512,True,0.05968996705368568
e1/L/R5/58,L,5,quadruplet,1.0,10,1.0723692031423475,17.965652455090975,512,True,0.05968996705368568
e1/L/R5/58,L,5,quintuplet,1.0,10,1.0723692031423475,17.965652455090975,512,True,0.05968996705368568
e1/L/R5/59,L,5,annealing,0.3,10,0.24243460771042713,6.006282094367306,512,True,0.04036350672536384
e1/L/R5/59,L,5,quadruplet,0.9,10,0.24243460771042713,6.006282094367306,512,True,0.04036350672536384
e1/L/R5/59,L,5,quintuplet,1.0,10,0.24243460771042713,6.006282094367306,512,True,0.04036350672536384
e1/L/R5/6,L,5,annealing,0.4,10,0.09276296090066793,3.974892383894792,512,True,0.023337225751448972
e1/L/R5/6,L,5,quadruplet,0.2,10,0.09276296090066793,3.974892383894792,512,True,0.023337225751448972
e1/L/R5/6,L,5,quintuplet,0.3,10,0.09276296090066793,3.974892383894792,512,True,0.023337225751448972
e1/L/R5/6,L,5,random,0.0,10,0.09276296090066793,3.974892383894792,512,True,0.023337225751448972
e1/L/R5/60,L,5,annealing,0.1,10,0.05841424310408172,3.889171233045497,511,True,0.015019714896517742
e1/L/R5/60,L,5,quadruplet,0.0,10,0.05841424310408172,3.889171233045497,511,True,0.015019714896517742
e1/L/R5/60,L,5,quintuplet,0.0,10,0.05841424310408172,3.889171233045497,511,True,0.015019714896517742
e1/L/R5/61,L,5,annealing,0.2,10,0.8017665690661921,8.453612255415953,512,True,0.09484307356923385
e1/L/R5/61,L,5,quadruplet,1.0,10,0.8017665690661921,8.453612255415953,512,True,0.09484307356923385
e1/L/R5/61,L,5,quintuplet,1.0,10,0.8017665690661921,8.453612255415953,512,True,0.09484307356923385
e1/L/R5/62,L,5,annealing,0.8,10,0.3712960049964238,5.86113278052402,512,True,0.06334884721093585
e1/L/R5/62,L,5,quadruplet,0.1,10,0.3712960049964238,5.86113278052402,512,True,0.06334884721093585
e1/L/R5/62,L,5,quintuplet,0.2,10,0.3712960049964238,5.86113278052402,512,True,0.06334884721093585
e1/L/R5/63,L,5,annealing,1.0,10,0.0,3.7953849105501747,272,False,0.0
e1/L/R5/63,L,5,quadruplet,0.0,10,0.0,3.7953849105501747,272,False,0.0
e1/L/R5/63,L,5,quintuplet,0.0,10,0.0,3.7953849105501747,272,False,0.0
e1/L/R5/64,L,5,annealing,0.6,10,0.0,7.828587164824749,512,False,0.0
e1/L/R5/64,L,5,quadruplet,0.0,10,0.0,7.828587164824749,512,False,0.0
e1/L/R5/64,L,5,quintuplet,0.0,10,0.0,7.828587164824749,512,False,0.0
e1/L/R5/65,L,5,annealing,0.0,10,0.12260353366990095,5.7775211425946775,512,True,0.02122078494287255
e1/L/R5/65,L,5,quadruplet,0.6,10,0.12260353366990095,5.7775211425946775,512,True,0.02122078494287255
e1/L/R5/65,L,5,quintuplet,0.7,10,0.12260353366990095,5.7775211425946775,512,True,0.02122078494287255
e1/L/R5/66,L,5,annealing,0.8,10,0.0,4.200849695857216,484,False,0.0
e1/L/R5/66,L,5,quadruplet,0.0,10,0.0,4.200849695857216,484,False,0.0
e1/L/R5/66,L,5,quintuplet,0.5,10,0.0,4.200849695857216,484,False,0.0
e1/L/R5/67,L,5,annealing,0.3,10,0.16920418587490804,2.9100734750608215,512,True,0.05814430024704844
e1/L/R5/67,L,5,quadruplet,0.0,10,0.16920418587490804,2.9100734750608215,512,True,0.05814430024704844
e1/L/R5/67,L,5,quintuplet,0.5,10,0.16920418587490804,2.9100734750608215,512,True,0.05814430024704844
e1/L/R5/68,L,5,annealing,0.0,10,0.0019506666946602635,4.889403745762309,271,True,0.0003989579908083729
e1/L/R5/68,L,5,quadruplet,0.0,10,0.0019506666946602635,4.889403745762309,271,True,0.0003989579908083729
e1/L/R5/68,L,5,quintuplet,0.0,10,0.0019506666946602635,4.889403745762309,271,True,0.0003989579908083729
e1/L/R5/69,L,5,annealing,0.8,10,0.0,4.8978086941690435,512,False,0.0
e1/L/R5/69,L,5,quadruplet,0.1,10,0.0,4.8978086941690435,512,False,0.0
e1/L/R5/69,L,5,quintuplet,0.2,10,0.0,4.8978086941690435,512,False,0.0
e1/L/R5/7,L,5,annealing,1.0,10,0.12086830449550412,7.985459291517698,512,True,0.015136049171760561
e1/L/R5/7,L,5,quadruplet,0.0,10,0.12086830449550412,7.985459291517698,512,True,0.015136049171760561
e1/L/R5/7,L,5,quintuplet,0.7,10,0.12086830449550412,7.985459291517698,512,True,0.015136049171760561
e1/L/R5/7,L,5,random,0.0,10,0.12086830449550412,7.985459291517698,512,True,0.015136049171760561
e1/L/R5/70,L,5,annealing,0.7,10,0.33838420723796947,4.606551499501732,512,True,0.07345716362328106
e1/L/R5/70,L,5,quadruplet,0.4,10,0.33838420723796947,4.606551499501732,512,True,0.07345716362328106
e1/L/R5/70,L,5,quintuplet,1.0,10,0.33838420723796947,4.606551499501732,512,True,0.07345716362328106
e1/L/R5/71,L,5,annealing,0.0,10,0.8103975053317214,5.179926640065031,512,True,0.15644961051447387
e1/L/R5/71,L,5,quadruplet,0.9,10,0.8103975053317214,5.179926640065031,512,True,0.15644961051447387
e1/L/R5/71,L,5,quintuplet,0.9,10,0.8103975053317214,5.179926640065031,512,True,0.15644961051447387
e1/L/R5/72,L,5,annealing,0.3,10,0.0630185433833157,4.72269482572661,510,True,0.013343767850513182
e1/L/R5/72,L,5,quadruplet,0.0,10,0.0630185433833157,4.72269482572661,510,True,0.013343767850513182
e1/L/R5/72,L,5,quintuplet,0.0,10,0.0630185433833157,4.72269482572661,510,True,0.013343767850513182
e1/L/R5/73,L,5,annealing,0.8,10,0.0,10.14997241382516,511,False,0.0
e1/L/R5/73,L,5,quadruplet,0.5,10,0.0,10.14997241382516,511,False,0.0
e1/L/R5/73,L,5,quintuplet,0.7,10,0.0,10.14997241382516,511,False,0.0
e1/L/R5/74,L,5,annealing,0.3,10,0.809259582235458,5.6682264088413365,510,True,0.14277121693183772
e1/L/R5/74,L,5,quadruplet,0.9,10,0.809259582235458,5.6682264088413365,510,True,0.14277121693183772
e1/L/R5/74,L,5,quintuplet,1.0,10,0.809259582235458,5.6682264088413365,510,True,0.14277121693183772
e1/L/R5/75,L,5,annealing,1.0,10,0.0,5.893396182480982,512,False,0.0
e1/L/R5/75,L,5,quadruplet,0.9,10,0.0,5.893396182480982,512,False,0.0
e1/L/R5/75,L,5,quintuplet,1.0,10,0.0,5.893396182480982,512,False,0.0
e1/L/R5/76,L,5,annealing,0.4,10,0.2982180274039772,4.862727019188741,511,True,0.061327322349616395
e1/L/R5/76,L,5,quadruplet,0.1,10,0.2982180274039772,4.862727019188741,511,True,0.061327322349616395
e1/L/R5/76,L,5,quintuplet,0.3,10,0.2982180274039772,4.862727019188741,511,True,0.061327322349616395
e1/L/R5/77,L,5,annealing,0.3,10,0.05441605732768373,3.8683574319558893,512,True,0.014066967255445756
e1/L/R5/77,L,5,quadruplet,0.6,10,0.05441605732768373,3.8683574319558893,512,True,0.014066967255445756
e1/L/R5/77,L,5,quintuplet,0.4,10,0.05441605732768373,3.8683574319558893,512,True,0.014066967255445756
e1/L/R5/78,L,5,annealing,0.2,10,0.008613990914001945,4.370074045285012,512,True,0.0019711315700235805
e1/L/R5/78,L,5,quadruplet,0.1,10,0.008613990914001945,4.370074045285012,512,True,0.0019711315700235805
e1/L/R5/78,L,5,quintuplet,0.2,10,0.008613990914001945,4.370074045285012,512,True,0.0019711315700235805
e1/L/R5/79,L,5,annealing,0.6,10,0.20543668902418588,15.035170815326644,484,True,0.013663741606099119
e1/L/R5/79,L,5,quadruplet,1.0,10,0.20543668902418588,15.035170815326644,484,True,0.013663741606099119
e1/L/R5/79,L,5,quintuplet,1.0,10,0.20543668902418588,15.035170815326644,484,True,0.013663741606099119
e1/L/R5/8,L,5,annealing,1.0,10,0.0,3.4540071501170346,511,False,0.0
e1/L/R5/8,L,5,quadruplet,0.1,10,0.0,3.4540071501170346,511,False,0.0
e1/L/R5/8,L,5,quintuplet,0.4,10,0.0,3.4540071501170346,511,False,0.0
e1/L/R5/8,L,5,random,0.0,10,0.0,3.4540071501170346,511,False,0.0
e1/L/R5/80,L,5,annealing,0.7,10,0.7890576224182482,8.381632822199844,511,True,0.09414127761935914
e1/L/R5/80,L,5,quadruplet,0.0,10,0.7890576224182482,8.381632822199844,511,True,0.09414127761935914
e1/L/R5/80,L,5,quintuplet,0.1,10,0.7890576224182482,8.381632822199844,511,True,0.09414127761935914
e1/L/R5/81,L,5,annealing,0.1,10,0.08102522286829572,4.29758517482408,512,True,0.018853663062445864
e1/L/R5/81,L,5,quadruplet,0.0,10,0.08102522286829572,4.29758517482408,512,True,0.018853663062445864
e1/L/R5/81,L,5,quintuplet,0.0,10,0.08102522286829572,4.29758517482408,512,True,0.018853663062445864
e1/L/R5/82,L,5,annealing,0.5,10,0.6385100663999879,7.010285084435723,512,True,0.09108189734217967
e1/L/R5/82,L,5,quadruplet,1.0,10,0.6385100663999879,7.010285084435723,512,True,0.09108189734217967
e1/L/R5/82,L,5,quintuplet,1.0,10,0.6385100663999879,7.010285084435723,512,True,0.09108189734217967
e1/L/R5/83,L,5,annealing,1.0,10,0.8446637843837372,15.579597550497555,512,True,0.0542160207698537
e1/L/R5/83,L,5,quadruplet,1.0,10,0.8446637843837372,15.579597550497555,512,True,0.0542160207698537
e1/L/R5/83,L,5,quintuplet,1.0,10,0.8446637843837372,15.579597550497555,512,True,0.0542160207698537
e1/L/R5/84,L,5,annealing,1.0,10,0.20366298514743253,6.832989870554745,498,True,0.0298058374160736
e1/L/R5/84,L,5,quadruplet,1.0,10,0.20366298514743253,6.832989870554745,498,True,0.0298058374160736
e1/L/R5/84,L,5,quintuplet,1.0,10,0.20366298514743253,6.832989870554745,498,True,0.0298058374160736
e1/L/R5/85,L,5,annealing,1.0,10,0.22471744433998353,8.362296760741089,512,True,0.026872694281190337
e1/L/R5/85,L,5,quadruplet,0.9,10,0.22471744433998353,8.362296760741089,512,True,0.026872694281190337
e1/L/R5/85,L,5,quintuplet,0.9,10,0.22471744433998353,8.362296760741089,512,True,0.026872694281190337
e1/L/R5/86,L,5,annealing,0.5,10,0.0,6.5547565203299865,512,False,0.0
e1/L/R5/86,L,5,quadruplet,0.0,10,0.0,6.5547565203299865,512,False,0.0
e1/L/R5/86,L,5,quintuplet,0.3,10,0.0,6.5547565203299865,512,False,0.0
e1/L/R5/87,L,5,annealing,0.3,10,0.07151907074215602,3.741534009649334,271,True,0.019114905960418885
e1/L/R5/87,L,5,quadruplet,0.1,10,0.07151907074215602,3.741534009649334,271,True,0.019114905960418885
e1/L/R5/87,L,5,quintuplet,0.2,10,0.07151907074215602,3.741534009649334,271,True,0.019114905960418885
e1/L/R5/88,L,5,annealing,0.1,10,0.040708051060112105,2.932376179207452,512,True,0.013882274501054797
e1/L/R5/88,L,5,quadruplet,0.0,10,0.040708051060112105,2.932376179207452,512,True,0.013882274501054797
e1/L/R5/88,L,5,quintuplet,0.0,10,0.040708051060112105,2.932376179207452,512,True,0.013882274501054797
e1/L/R5/89,L,5,annealing,0.9,10,0.6438493919394066,13.55621884659236,272,True,0.047494762309864276
e1/L/R5/89,L,5,quadruplet,1.0,10,0.6438493919394066,13.55621884659236,272,True,0.047494762309864276
e1/L/R5/89,L,5,quintuplet,1.0,10,0.6438493919394066,13.55621884659236,272,True,0.047494762309864276
e1/L/R5/9,L,5,annealing,0.6,10,0.0,7.569177348207065,272,False,0.0
e1/L/R5/9,L,5,quadruplet,0.0,10,0.0,7.569177348207065,272,False,0.0
e1/L/R5/9,L,5,quintuplet,0.0,10,0.0,7.569177348207065,272,False,0.0
e1/L/R5/9,L,5,random,0.0,10,0.0,7.569177348207065,272,False,0.0
e1/L/R5/90,L,5,annealing,0.8,10,0.0,5.492130943920671,512,False,0.0
e1/L/R5/90,L,5,quadruplet,0.1,10,0.0,5.492130943920671,512,False,0.0
e1/L/R5/90,L,5,quintuplet,0.2,10,0.0,5.492130943920671,512,False,0.0
e1/L/R5/91,L,5,annealing,0.7,10,0.0,7.034470993513689,512,False,0.0
e1/L/R5/91,L,5,quadruplet,0.5,10,0.0,7.034470993513689,512,False,0.0
e1/L/R5/91,L,5,quintuplet,0.8,10,0.0,7.034470993513689,512,False,0.0
e1/L/R5/92,L,5,annealing,0.9,10,0.09519642771318537,9.234479663875348,512,True,0.010308802572340625
e1/L/R5/92,L,5,quadruplet,0.6,10,0.09519642771318537,9.234479663875348,512,True,0.010308802572340625
e1/L/R5/92,L,5,quintuplet,0.9,10,0.09519642771318537,9.234479663875348,512,True,0.010308802572340625
e1/L/R5/93,L,5,annealing,0.6,10,0.0,8.534643186486877,512,False,0.0
e1/L/R5/93,L,5,quadruplet,0.9,10,0.0,8.534643186486877,512,False,0.0
e1/L/R5/93,L,5,quintuplet,0.9,10,0.0,8.534643186486877,512,False,0.0
e1/L/R5/94,L,5,annealing,0.9,10,0.0,7.547201355873112,511,False,0.0
e1/L/R5/94,L,5,quadruplet,0.0,10,0.0,7.547201355873112,511,False,0.0
e1/L/R5/94,L,5,quintuplet,0.0,10,0.0,7.547201355873112,511,False,0.0
e1/L/R5/95,L,5,annealing,0.4,10,0.21641994480014226,5.130398838715352,512,True,0.042183844103304384
e1/L/R5/95,L,5,quadruplet,1.0,10,0.21641994480014226,5.130398838715352,512,True,0.042183844103304384
e1/L/R5/95,L,5,quintuplet,1.0,10,0.21641994480014226,5.130398838715352,512,True,0.042183844103304384
e1/L/R5/96,L,5,annealing,0.3,10,0.46319124490682917,8.049535153318061,512,True,0.05754260787542487
e1/L/R5/96,L,5,quadruplet,1.0,10,0.46319124490682917,8.049535153318061,512,True,0.05754260787542487
e1/L/R5/96,L,5,quintuplet,1.0,10,0.46319124490682917,8.049535153318061,512,True,0.05754260787542487
e1/L/R5/97,L,5,annealing,0.5,10,0.24775261091585765,5.070130016738639,512,True,0.0488651395719482
e1/L/R5/97,L,5,quadruplet,0.1,10,0.24775261091585765,5.070130016738639,512,True,0.0488651395719482
e1/L/R5/97,L,5,quintuplet,0.2,10,0.24775261091585765,5.070130016738639,512,True,0.0488651395719482
e1/L/R5/98,L,5,annealing,0.0,10,0.005230793446844961,1.6557179856315567,512,True,0.003159229707135016
e1/L/R5/98,L,5,quadruplet,0.0,10,0.005230793446844961,1.6557179856315567,512,True,0.003159229707135016
e1/L/R5/98,L,5,quintuplet,0.1,10,0.005230793446844961,1.6557179856315567,512,True,0.003159229707135016
e1/L/R5/99,L,5,annealing,1.0,10,0.2908729323342367,5.202253101448115,512,True,0.05591287595239618
e1/L/R5/99,L,5,quadruplet,0.0,10,0.2908729323342367,5.202253101448115,512,True,0.05591287595239618
e1/L/R5/99,L,5,quintuplet,0.6,10,0.2908729323342367,5.202253101448115,512,True,0.05591287595239618
e1/W/R1/0,W,1,annealing,1.0,10,0.0,3.939986856998198,167,False,0.0
e1/W/R1/0,W,1,quadruplet,0.9,10,0.0,3.939986856998198,167,False,0.0
e1/W/R1/0,W,1,quintuplet,1.0,10,0.0,3.939986856998198,167,False,0.0
e1/W/R1/0,W,1,random,0.0,10,0.0,3.939986856998198,167,False,0.0
e1/W/R1/1,W,1,annealing,1.0,10,0.0,2.5905570766039716,236,False,0.0
e1/W/R1/1,W,1,quadruplet,0.9,10,0.0,2.5905570766039716,236,False,0.0
e1/W/R1/1,W,1,quintuplet,0.9,10,0.0,2.5905570766039716,236,False,0.0
e1/W/R1/1,W,1,random,0.0,10,0.0,2.5905570766039716,236,False,0.0
e1/W/R1/10,W,1,annealing,1.0,10,0.0,2.2085708081308155,148,False,0.0
e1/W/R1/10,W,1,quadruplet,1.0,10,0.0,2.2085708081308155,148,False,0.0
e1/W/R1/10,W,1,quintuplet,1.0,10,0.0,2.2085708081308155,148,False,0.0
e1/W/R1/11,W,1,annealing,0.6,10,0.0,2.9408771799126283,138,False,0.0
e1/W/R1/11,W,1,quadruplet,0.3,10,0.0,2.9408771799126283,138,False,0.0
e1/W/R1/11,W,1,quintuplet,0.9,10,0.0,2.9408771799126283,138,False,0.0
e1/W/R1/12,W,1,annealing,1.0,10,0.8534822379161042,14.509198044573761,38,True,0.05882352941176475
e1/W/R1/12,W,1,quadruplet,1.0,10,0.8534822379161042,14.509198044573761,38,True,0.05882352941176475
e1/W/R1/12,W,1,quintuplet,1.0,10,0.8534822379161042,14.509198044573761,38,True,0.05882352941176475
e1/W/R1/13,W,1,annealing,0.9,10,0.842813317390207,6.742506539121658,88,True,0.12499999999999997
e1/W/R1/13,W,1,quadruplet,0.6,10,0.842813317390207,6.742506539121658,88,True,0.12499999999999997
e1/W/R1/13,W,1,quintuplet,0.8,10,0.842813317390207,6.742506539121658,88,True,0.12499999999999997
e1/W/R1/14,W,1,annealing,1.0,10,0.0,4.797043993886568,80,False,0.0
e1/W/R1/14,W,1,quadruplet,0.1,10,0.0,4.797043993886568,80,False,0.0
e1/W/R1/14,W,1,quintuplet,0.1,10,0.0,4.797043993886568,80,False,0.0
e1/W/R1/15,W,1,annealing,1.0,10,0.8310764123397174,12.466146185095754,81,True,0.06666666666666671
e1/W/R1/15,W,1,quadruplet,0.9,10,0.8310764123397174,12.466146185095754,81,True,0.06666666666666671
e1/W/R1/15,W,1,quintuplet,0.8,10,0.8310764123397174,12.466146185095754,81,True,0.06666666666666671
e1/W/R1/16,W,1,annealing,0.8,10,0.0,0.5840761599456443,286,False,0.0
e1/W/R1/16,W,1,quadruplet,0.8,10,0.0,0.5840761599456443,286,False,0.0
e1/W/R1/16,W,1,quintuplet,1.0,10,0.0,0.5840761599456443,286,False,0.0
e1/W/R1/17,W,1,annealing,0.8,10,0.0,2.398375377094865,126,False,0.0
e1/W/R1/17,W,1,quadruplet,1.0,10,0.0,2.398375377094865,126,False,0.0
e1/W/R1/17,W,1,quintuplet,1.0,10,0.0,2.398375377094865,126,False,0.0
e1/W/R1/18,W,1,annealing,0.6,10,0.0,2.9005443330456773,87,False,0.0
e1/W/R1/18,W,1,quadruplet,1.0,10,0.0,2.9005443330456773,87,False,0.0
e1/W/R1/18,W,1,quintuplet,1.0,10,0.0,2.9005443330456773,87,False,0.0
e1/W/R1/19,W,1,annealing,0.5,10,0.6419297885391497,3.209648942695749,112,True,0.19999999999999998
e1/W/R1/19,W,1,quadruplet,1.0,10,0.6419297885391497,3.209648942695749,112,True,0.19999999999999998
e1/W/R1/19,W,1,quintuplet,1.0,10,0.6419297885391497,3.209648942695749,112,True,0.19999999999999998
e1/W/R1/2,W,1,annealing,1.0,10,0.0,3.436047564888332,171,False,0.0
e1/W/R1/2,W,1,quadruplet,0.7,10,0.0,3.436047564888332,171,False,0.0
e1/W/R1/2,W,1,quintuplet,0.7,10,0.0,3.436047564888332,171,False,0.0
e1/W/R1/2,W,1,random,0.7,10,0.0,3.436047564888332,171,False,0.0
e1/W/R1/20,W,1,annealing,1.0,10,0.0,5.995507208532805,55,False,0.0
e1/W/R1/20,W,1,quadruplet,0.4,10,0.0,5.995507208532805,55,False,0.0
e1/W/R1/20,W,1,quintuplet,0.9,10,0.0,5.995507208532805,55,False,0.0
e1/W/R1/21,W,1,annealing,1.0,10,0.0,1.796557944629813,153,False,0.0
e1/W/R1/21,W,1,quadruplet,0.3,10,0.0,1.796557944629813,153,False,0.0
e1/W/R1/21,W,1,quintuplet,1.0,10,0.0,1.796557944629813,153,False,0.0
e1/W/R1/22,W,1,annealing,0.4,10,0.8130699059261488,4.878419435556893,225,True,0.16666666666666666
e1/W/R1/22,W,1,quadruplet,0.8,10,0.8130699059261488,4.878419435556893,225,True,0.16666666666666666
e1/W/R1/22,W,1,quintuplet,0.8,10,0.8130699059261488,4.878419435556893,225,True,0.16666666666666666
e1/W/R1/23,W,1,annealing,0.4,10,0.0,4.59302481185432,150,False,0.0
e1/W/R1/23,W,1,quadruplet,0.0,10,0.0,4.59302481185432,150,False,0.0
e1/W/R1/23,W,1,quintuplet,0.2,10,0.0,4.59302481185432,150,False,0.0
e1/W/R1/24,W,1,annealing,0.3,10,0.0,0.5150913207849739,126,False,0.0
e1/W/R1/24,W,1,quadruplet,1.0,10,0.0,0.5150913207849739,126,False,0.0
e1/W/R1/24,W,1,quintuplet,1.0,10,0.0,0.5150913207849739,126,False,0.0
e1/W/R1/25,W,1,annealing,1.0,10,0.0,2.1940992857422925,287,False,0.0
e1/W/R1/25,W,1,quadruplet,0.8,10,0.0,2.1940992857422925,287,False,0.0
e1/W/R1/25,W,1,quintuplet,1.0,10,0.0,2.1940992857422925,287,False,0.0
e1/W/R1/26,W,1,annealing,1.0,10,0.3531502236867565,5.650403578988108,168,True,0.06249999999999996
e1/W/R1/26,W,1,quadruplet,1.0,10,0.3531502236867565,5.650403578988108,168,True,0.06249999999999996
e1/W/R1/26,W,1,quintuplet,1.0,10,0.3531502236867565,5.650403578988108,168,True,0.06249999999999996
e1/W/R1/27,W,1,annealing,0.8,10,0.0,5.965752179643387,82,False,0.0
e1/W/R1/27,W,1,quadruplet,0.1,10,0.0,5.965752179643387,82,False,0.0
e1/W/R1/27,W,1,quintuplet,0.8,10,0.0,5.965752179643387,82,False,0.0
e1/W/R1/28,W,1,annealing,0.9,10,0.0,1.281707365040793,67,False,0.0
e1/W/R1/28,W,1,quadruplet,1.0,10,0.0,1.281707365040793,67,False,0.0
e1/W/R1/28,W,1,quintuplet,1.0,10,0.0,1.281707365040793,67,False,0.0
e1/W/R1/29,W,1,annealing,0.7,10,0.0,6.458865680837148,299,False,0.0
e1/W/R1/29,W,1,quadruplet,1.0,10,0.0,6.458865680837148,299,False,0.0
e1/W/R1/29,W,1,quintuplet,1.0,10,0.0,6.458865680837148,299,False,0.0
e1/W/R1/3,W,1,annealing,1.0,10,0.0,2.276635708301624,86,False,0.0
e1/W/R1/3,W,1,quadruplet,1.0,10,0.0,2.276635708301624,86,False,0.0
e1/W/R1/3,W,1,quintuplet,1.0,10,0.0,2.276635708301624,86,False,0.0
e1/W/R1/3,W,1,random,1.0,10,0.0,2.276635708301624,86,False,0.0
e1/W/R1/30,W,1,annealing,0.8,10,0.0,4.788517352869763,160,False,0.0
e1/W/R1/30,W,1,quadruplet,1.0,10,0.0,4.788517352869763,160,False,0.0
e1/W/R1/30,W,1,quintuplet,1.0,10,0.0,4.788517352869763,160,False,0.0
e1/W/R1/31,W,1,annealing,0.9,10,0.0,3.750045067229564,86,False,0.0
e1/W/R1/31,W,1,quadruplet,1.0,10,0.0,3.750045067229564,86,False,0.0
e1/W/R1/31,W,1,quintuplet,1.0,10,0.0,3.750045067229564,86,False,0.0
e1/W/R1/32,W,1,annealing,1.0,10,0.0,2.763006087852844,286,False,0.0
e1/W/R1/32,W,1,quadruplet,1.0,10,0.0,2.763006087852844,286,False,0.0
e1/W/R1/32,W,1,quintuplet,1.0,10,0.0,2.763006087852844,286,False,0.0
e1/W/R1/33,W,1,annealing,0.0,10,0.10708103485991438,0.4283241394396575,208,True,0.25
e1/W/R1/33,W,1,quadruplet,0.0,10,0.10708103485991438,0.4283241394396575,208,True,0.25
e1/W/R1/33,W,1,quintuplet,0.3,10,0.10708103485991438,0.4283241394396575,208,True,0.25
e1/W/R1/34,W,1,annealing,1.0,10,0.0,1.0326718261114407,296,False,0.0
e1/W/R1/34,W,1,quadruplet,1.0,10,0.0,1.0326718261114407,296,False,0.0
e1/W/R1/34,W,1,quintuplet,1.0,10,0.0,1.0326718261114407,296,False,0.0
e1/W/R1/35,W,1,annealing,0.9,10,0.0,1.689128333654263,435,False,0.0
e1/W/R1/35,W,1,quadruplet,0.2,10,0.0,1.689128333654263,435,False,0.0
e1/W/R1/35,W,1,quintuplet,1.0,10,0.0,1.689128333654263,435,False,0.0
e1/W/R1/36,W,1,annealing,0.9,10,0.0,0.8663678257804186,284,False,0.0
e1/W/R1/36,W,1,quadruplet,1.0,10,0.0,0.8663678257804186,284,False,0.0
e1/W/R1/36,W,1,quintuplet,1.0,10,0.0,0.8663678257804186,284,False,0.0
e1/W/R1/37,W,1,annealing,1.0,10,0.0,2.6014167635803385,55,False,0.0
e1/W/R1/37,W,1,quadruplet,0.4,10,0.0,2.6014167635803385,55,False,0.0
e1/W/R1/37,W,1,quintuplet,0.8,10,0.0,2.6014167635803385,55,False,0.0
e1/W/R1/38,W,1,annealing,0.7,10,0.0,5.8288164481410245,126,False,0.0
e1/W/R1/38,W,1,quadruplet,1.0,10,0.0,5.8288164481410245,126,False,0.0
e1/W/R1/38,W,1,quintuplet,1.0,10,0.0,5.8288164481410245,126,False,0.0
e1/W/R1/39,W,1,annealing,1.0,10,0.0,2.3562940876031386,139,False,0.0
e1/W/R1/39,W,1,quadruplet,1.0,10,0.0,2.3562940876031386,139,False,0.0
e1/W/R1/39,W,1,quintuplet,1.0,10,0.0,2.3562940876031386,139,False,0.0
e1/W/R1/4,W,1,annealing,1.0,10,0.14828849941398659,2.52090449003777,89,True,0.05882352941176475
e1/W/R1/4,W,1,quadruplet,1.0,10,0.14828849941398659,2.52090449003777,89,True,0.05882352941176475
e1/W/R1/4,W,1,quintuplet,1.0,10,0.14828849941398659,2.52090449003777,89,True,0.05882352941176475
e1/W/R1/4,W,1,random,0.0,10,0.14828849941398659,2.52090449003777,89,True,0.05882352941176475
e1/W/R1/40,W,1,annealing,0.0,10,0.22155536043851987,1.1077768021925993,112,True,0.2
e1/W/R1/40,W,1,quadruplet,1.0,10,0.22155536043851987,1.1077768021925993,112,True,0.2
e1/W/R1/40,W,1,quintuplet,1.0,10,0.22155536043851987,1.1077768021925993,112,True,0.2
e1/W/R1/41,W,1,annealing,1.0,10,0.0,1.8416866868628834,157,False,0.0
e1/W/R1/41,W,1,quadruplet,0.2,10,0.0,1.8416866868628834,157,False,0.0
e1/W/R1/41,W,1,quintuplet,0.2,10,0.0,1.8416866868628834,157,False,0.0
e1/W/R1/42,W,1,annealing,0.3,10,0.0,2.026171762759167,138,False,0.0
e1/W/R1/42,W,1,quadruplet,0.2,10,0.0,2.026171762759167,138,False,0.0
e1/W/R1/42,W,1,quintuplet,0.8,10,0.0,2.026171762759167,138,False,0.0
e1/W/R1/43,W,1,annealing,0.8,10,0.6823204171536084,4.093922502921648,237,True,0.16666666666666674
e1/W/R1/43,W,1,quadruplet,0.9,10,0.6823204171536084,4.093922502921648,237,True,0.16666666666666674
e1/W/R1/43,W,1,quintuplet,1.0,10,0.6823204171536084,4.093922502921648,237,True,0.16666666666666674
e1/W/R1/44,W,1,annealing,0.9,10,0.0,1.7801927721784705,139,False,0.0
e1/W/R1/44,W,1,quadruplet,0.2,10,0.0,1.7801927721784705,139,False,0.0
e1/W/R1/44,W,1,quintuplet,0.3,10,0.0,1.7801927721784705,139,False,0.0
e1/W/R1/45,W,1,annealing,1.0,10,0.0,2.147349831219242,270,False,0.0
e1/W/R1/45,W,1,quadruplet,1.0,10,0.0,2.147349831219242,270,False,0.0
e1/W/R1/45,W,1,quintuplet,1.0,10,0.0,2.147349831219242,270,False,0.0
e1/W/R1/46,W,1,annealing,1.0,10,0.0,1.5476346722175154,446,False,0.0
e1/W/R1/46,W,1,quadruplet,1.0,10,0.0,1.5476346722175154,446,False,0.0
e1/W/R1/46,W,1,quintuplet,1.0,10,0.0,1.5476346722175154,446,False,0.0
e1/W/R1/47,W,1,annealing,0.1,10,0.18046038000020315,1.4436830400016252,88,True,0.125
e1/W/R1/47,W,1,quadruplet,0.5,10,0.18046038000020315,1.4436830400016252,88,True,0.125
e1/W/R1/47,W,1,quintuplet,0.8,10,0.18046038000020315,1.4436830400016252,88,True,0.125
e1/W/R1/48,W,1,annealing,0.6,10,0.0,3.4379431837990384,140,False,0.0
e1/W/R1/48,W,1,quadruplet,0.5,10,0.0,3.4379431837990384,140,False,0.0
e1/W/R1/48,W,1,quintuplet,0.9,10,0.0,3.4379431837990384,140,False,0.0
e1/W/R1/49,W,1,annealing,1.0,10,0.0,1.3202944380687893,296,False,0.0
e1/W/R1/49,W,1,quadruplet,0.2,10,0.0,1.3202944380687893,296,False,0.0
e1/W/R1/49,W,1,quintuplet,1.0,10,0.0,1.3202944380687893,296,False,0.0
e1/W/R1/5,W,1,annealing,0.9,10,0.0,2.077574508932848,81,False,0.0
e1/W/R1/5,W,1,quadruplet,0.7,10,0.0,2.077574508932848,81,False,0.0
e1/W/R1/5,W,1,quintuplet,1.0,10,0.0,2.077574508932848,81,False,0.0
e1/W/R1/5,W,1,random,0.0,10,0.0,2.077574508932848,81,False,0.0
e1/W/R1/50,W,1,annealing,1.0,10,0.9965346655954388,16.94108931512248,38,True,0.058823529411764636
e1/W/R1/50,W,1,quadruplet,1.0,10,0.9965346655954388,16.94108931512248,38,True,0.058823529411764636
e1/W/R1/50,W,1,quintuplet,1.0,10,0.9965346655954388,16.94108931512248,38,True,0.058823529411764636
e1/W/R1/51,W,1,annealing,0.8,10,0.0,1.4726827464699617,55,False,0.0
e1/W/R1/51,W,1,quadruplet,0.4,10,0.0,1.4726827464699617,55,False,0.0
e1/W/R1/51,W,1,quintuplet,0.7,10,0.0,1.4726827464699617,55,False,0.0
e1/W/R1/52,W,1,annealing,1.0,10,0.0,3.53033939236165,310,False,0.0
e1/W/R1/52,W,1,quadruplet,1.0,10,0.0,3.53033939236165,310,False,0.0
e1/W/R1/52,W,1,quintuplet,1.0,10,0.0,3.53033939236165,310,False,0.0
e1/W/R1/53,W,1,annealing,0.9,10,0.0,2.343083988554427,78,False,0.0
e1/W/R1/53,W,1,quadruplet,0.3,10,0.0,2.343083988554427,78,False,0.0
e1/W/R1/53,W,1,quintuplet,0.4,10,0.0,2.343083988554427,78,False,0.0
e1/W/R1/54,W,1,annealing,0.7,10,0.0,0.41884234314578317,286,False,0.0
e1/W/R1/54,W,1,quadruplet,0.0,10,0.0,0.41884234314578317,286,False,0.0
e1/W/R1/54,W,1,quintuplet,0.8,10,0.0,0.41884234314578317,286,False,0.0
e1/W/R1/55,W,1,annealing,0.1,10,0.0,0.3385870412731511,126,False,0.0
e1/W/R1/55,W,1,quadruplet,1.0,10,0.0,0.3385870412731511,126,False,0.0
e1/W/R1/55,W,1,quintuplet,1.0,10,0.0,0.3385870412731511,126,False,0.0
e1/W/R1/56,W,1,annealing,0.0,10,0.017144490296751247,0.2914563350447712,89,True,0.058823529411764705
e1/W/R1/56,W,1,quadruplet,1.0,10,0.017144490296751247,0.2914563350447712,89,True,0.058823529411764705
e1/W/R1/56,W,1,quintuplet,1.0,10,0.017144490296751247,0.2914563350447712,89,True,0.058823529411764705
e1/W/R1/57,W,1,annealing,1.0,10,0.0,5.783040706346923,167,False,0.0
e1/W/R1/57,W,1,quadruplet,1.0,10,0.0,5.783040706346923,167,False,0.0
e1/W/R1/57,W,1,quintuplet,1.0,10,0.0,5.783040706346923,167,False,0.0
e1/W/R1/58,W,1,annealing,1.0,10,0.0,3.8451329856433283,171,False,0.0
e1/W/R1/58,W,1,quadruplet,0.0,10,0.0,3.8451329856433283,171,False,0.0
e1/W/R1/58,W,1,quintuplet,0.0,10,0.0,3.8451329856433283,171,False,0.0
e1/W/R1/59,W,1,annealing,0.9,10,0.0,2.6412899118370685,55,False,0.0
e1/W/R1/59,W,1,quadruplet,0.2,10,0.0,2.6412899118370685,55,False,0.0
e1/W/R1/59,W,1,quintuplet,0.7,10,0.0,2.6412899118370685,55,False,0.0
e1/W/R1/6,W,1,annealing,0.7,10,0.14479552836071274,2.316728453771404,272,True,0.0625
e1/W/R1/6,W,1,quadruplet,1.0,10,0.14479552836071274,2.316728453771404,272,True,0.0625
e1/W/R1/6,W,1,quintuplet,1.0,10,0.14479552836071274,2.316728453771404,272,True,0.0625
e1/W/R1/6,W,1,random,0.0,10,0.14479552836071274,2.316728453771404,272,True,0.0625
e1/W/R1/60,W,1,annealing,0.0,10,0.0974529770375504,0.3898119081502016,237,True,0.25
e1/W/R1/60,W,1,quadruplet,0.1,10,0.0974529770375504,0.3898119081502016,237,True,0.25
e1/W/R1/60,W,1,quintuplet,0.3,10,0.0974529770375504,0.3898119081502016,237,True,0.25
e1/W/R1/61,W,1,annealing,0.6,10,0.0,1.86760133989469,435,False,0.0
e1/W/R1/61,W,1,quadruplet,0.3,10,0.0,1.86760133989469,435,False,0.0
e1/W/R1/61,W,1,quintuplet,0.9,10,0.0,1.86760133989469,435,False,0.0
e1/W/R1/62,W,1,annealing,0.2,10,0.4837977133072475,2.418988566536237,110,True,0.20000000000000004
e1/W/R1/62,W,1,quadruplet,0.0,10,0.4837977133072475,2.418988566536237,110,True,0.20000000000000004
e1/W/R1/62,W,1,quintuplet,0.5,10,0.4837977133072475,2.418988566536237,110,True,0.20000000000000004
e1/W/R1/63,W,1,annealing,1.0,10,0.0,0.7704967973568557,446,False,0.0
e1/W/R1/63,W,1,quadruplet,1.0,10,0.0,0.7704967973568557,446,False,0.0
e1/W/R1/63,W,1,quintuplet,1.0,10,0.0,0.7704967973568557,446,False,0.0
e1/W/R1/64,W,1,annealing,0.0,10,0.06705395513036716,0.3352697756518358,112,True,0.2
e1/W/R1/64,W,1,quadruplet,1.0,10,0.06705395513036716,0.3352697756518358,112,True,0.2
e1/W/R1/64,W,1,quintuplet,0.9,10,0.06705395513036716,0.3352697756518358,112,True,0.2
e1/W/R1/65,W,1,annealing,0.5,10,0.0,1.6919123242297616,299,False,0.0
e1/W/R1/65,W,1,quadruplet,1.0,10,0.0,1.6919123242297616,299,False,0.0
e1/W/R1/65,W,1,quintuplet,1.0,10,0.0,1.6919123242297616,299,False,0.0
e1/W/R1/66,W,1,annealing,1.0,10,0.0,2.863149988105046,24,False,0.0
e1/W/R1/66,W,1,quadruplet,1.0,10,0.0,2.863149988105046,24,False,0.0
e1/W/R1/66,W,1,quintuplet,1.0,10,0.0,2.863149988105046,24,False,0.0
e1/W/R1/67,W,1,annealing,0.6,10,0.0,2.1194129385958385,126,False,0.0
e1/W/R1/67,W,1,quadruplet,1.0,10,0.0,2.1194129385958385,126,False,0.0
e1/W/R1/67,W,1,quintuplet,1.0,10,0.0,2.1194129385958385,126,False,0.0
e1/W/R1/68,W,1,annealing,0.0,10,0.13133840310694522,0.6566920155347261,112,True,0.2
e1/W/R1/68,W,1,quadruplet,0.9,10,0.13133840310694522,0.6566920155347261,112,True,0.2
e1/W/R1/68,W,1,quintuplet,0.9,10,0.13133840310694522,0.6566920155347261,112,True,0.2
e1/W/R1/69,W,1,annealing,0.8,10,0.0,2.0613367352208347,126,False,0.0
e1/W/R1/69,W,1,quadruplet,1.0,10,0.0,2.0613367352208347,126,False,0.0
e1/W/R1/69,W,1,quintuplet,1.0,10,0.0,2.0613367352208347,126,False,0.0
e1/W/R1/7,W,1,annealing,0.9,10,0.0,1.5394391336100344,310,False,0.0
e1/W/R1/7,W,1,quadruplet,0.8,10,0.0,1.5394391336100344,310,False,0.0
e1/W/R1/7,W,1,quintuplet,1.0,10,0.0,1.5394391336100344,310,False,0.0
e1/W/R1/7,W,1,random,0.3,10,0.0,1.5394391336100344,310,False,0.0
e1/W/R1/70,W,1,annealing,0.2,10,0.0,1.0320239143366257,160,False,0.0
e1/W/R1/70,W,1,quadruplet,0.9,10,0.0,1.0320239143366257,160,False,0.0
e1/W/R1/70,W,1,quintuplet,1.0,10,0.0,1.0320239143366257,160,False,0.0
e1/W/R1/71,W,1,annealing,0.2,10,0.0,1.4464450618767821,316,False,0.0
e1/W/R1/71,W,1,quadruplet,0.0,10,0.0,1.4464450618767821,316,False,0.0
e1/W/R1/71,W,1,quintuplet,0.3,10,0.0,1.4464450618767821,316,False,0.0
e1/W/R1/72,W,1,annealing,1.0,10,0.615386898510712,10.461577274682103,144,True,0.05882352941176472
e1/W/R1/72,W,1,quadruplet,1.0,10,0.615386898510712,10.461577274682103,144,True,0.05882352941176472
e1/W/R1/72,W,1,quintuplet,1.0,10,0.615386898510712,10.461577274682103,144,True,0.05882352941176472
e1/W/R1/73,W,1,annealing,1.0,10,0.0,1.874795079772852,414,False,0.0
e1/W/R1/73,W,1,quadruplet,1.0,10,0.0,1.874795079772852,414,False,0.0
e1/W/R1/73,W,1,quintuplet,1.0,10,0.0,1.874795079772852,414,False,0.0
e1/W/R1/74,W,1,annealing,0.5,10,0.0,6.085293212521511,87,False,0.0
e1/W/R1/74,W,1,quadruplet,1.0,10,0.0,6.085293212521511,87,False,0.0
e1/W/R1/74,W,1,quintuplet,1.0,10,0.0,6.085293212521511,87,False,0.0
e1/W/R1/75,W,1,annealing,1.0,10,0.7671535361791637,11.507303042687449,81,True,0.06666666666666671
e1/W/R1/75,W,1,quadruplet,0.9,10,0.7671535361791637,11.507303042687449,81,True,0.06666666666666671
e1/W/R1/75,W,1,quintuplet,0.9,10,0.7671535361791637,11.507303042687449,81,True,0.06666666666666671
e1/W/R1/76,W,1,annealing,1.0,10,0.0,4.917529668788932,55,False,0.0
e1/W/R1/76,W,1,quadruplet,0.3,10,0.0,4.917529668788932,55,False,0.0
e1/W/R1/76,W,1,quintuplet,0.8,10,0.0,4.917529668788932,55,False,0.0
e1/W/R1/77,W,1,annealing,0.5,10,0.0,1.7082660300191994,138,False,0.0
e1/W/R1/77,W,1,quadruplet,0.4,10,0.0,1.7082660300191994,138,False,0.0
e1/W/R1/77,W,1,quintuplet,0.9,10,0.0,1.7082660300191994,138,False,0.0
e1/W/R1/78,W,1,annealing,0.8,10,0.0,2.673171892123472,432,False,0.0
e1/W/R1/78,W,1,quadruplet,1.0,10,0.0,2.673171892123472,432,False,0.0
e1/W/R1/78,W,1,quintuplet,1.0,10,0.0,2.673171892123472,432,False,0.0
e1/W/R1/79,W,1,annealing,1.0,10,0.0,3.7504966749624025,76,False,0.0
e1/W/R1/79,W,1,quadruplet,1.0,10,0.0,3.7504966749624025,76,False,0.0
e1/W/R1/79,W,1,quintuplet,1.0,10,0.0,3.7504966749624025,76,False,0.0
e1/W/R1/8,W,1,annealing,0.7,10,0.0,3.9943703949397107,288,False,0.0
e1/W/R1/8,W,1,quadruplet,0.0,10,0.0,3.9943703949397107,288,False,0.0
e1/W/R1/8,W,1,quintuplet,0.0,10,0.0,3.9943703949397107,288,False,0.0
e1/W/R1/8,W,1,random,0.0,10,0.0,3.9943703949397107,288,False,0.0
e1/W/R1/80,W,1,annealing,1.0,10,0.9693397169402935,14.540095754104408,173,True,0.06666666666666664
e1/W/R1/80,W,1,quadruplet,0.9,10,0.9693397169402935,14.540095754104408,173,True,0.06666666666666664
e1/W/R1/80,W,1,quintuplet,0.9,10,0.9693397169402935,14.540095754104408,173,True,0.06666666666666664
e1/W/R1/81,W,1,annealing,0.6,10,0.0,1.2564527601658204,310,False,0.0
e1/W/R1/81,W,1,quadruplet,0.8,10,0.0,1.2564527601658204,310,False,0.0
e1/W/R1/81,W,1,quintuplet,1.0,10,0.0,1.2564527601658204,310,False,0.0
e1/W/R1/82,W,1,annealing,0.3,10,0.0,0.07295801019700099,414,False,0.0
e1/W/R1/82,W,1,quadruplet,0.9,10,0.0,0.07295801019700099,414,False,0.0
e1/W/R1/82,W,1,quintuplet,1.0,10,0.0,0.07295801019700099,414,False,0.0
e1/W/R1/83,W,1,annealing,0.5,10,0.0,2.4707700002240394,127,False,0.0
e1/W/R1/83,W,1,quadruplet,0.1,10,0.0,2.4707700002240394,127,False,0.0
e1/W/R1/83,W,1,quintuplet,0.8,10,0.0,2.4707700002240394,127,False,0.0
e1/W/R1/84,W,1,annealing,0.2,10,0.4500184648368073,2.2500923241840374,110,True,0.19999999999999993
e1/W/R1/84,W,1,quadruplet,0.0,10,0.4500184648368073,2.2500923241840374,110,True,0.19999999999999993
e1/W/R1/84,W,1,quintuplet,0.3,10,0.4500184648368073,2.2500923241840374,110,True,0.19999999999999993
e1/W/R1/85,W,1,annealing,0.8,10,0.0,7.498936490653233,153,False,0.0
e1/W/R1/85,W,1,quadruplet,1.0,10,0.0,7.498936490653233,153,False,0.0
e1/W/R1/85,W,1,quintuplet,1.0,10,0.0,7.498936490653233,153,False,0.0
e1/W/R1/86,W,1,annealing,1.0,10,0.0,1.4879141919325458,296,False,0.0
e1/W/R1/86,W,1,quadruplet,1.0,10,0.0,1.4879141919325458,296,False,0.0
e1/W/R1/86,W,1,quintuplet,1.0,10,0.0,1.4879141919325458,296,False,0.0
e1/W/R1/87,W,1,annealing,1.0,10,0.0,2.65875393855045,283,False,0.0
e1/W/R1/87,W,1,quadruplet,1.0,10,0.0,2.65875393855045,283,False,0.0
e1/W/R1/87,W,1,quintuplet,1.0,10,0.0,2.65875393855045,283,False,0.0
e1/W/R1/88,W,1,annealing,0.1,10,0.2818160670964889,1.1272642683859555,237,True,0.25
e1/W/R1/88,W,1,quadruplet,0.1,10,0.2818160670964889,1.1272642683859555,237,True,0.25
e1/W/R1/88,W,1,quintuplet,0.9,10,0.2818160670964889,1.1272642683859555,237,True,0.25
e1/W/R1/89,W,1,annealing,1.0,10,0.0,3.8443950594402216,298,False,0.0
e1/W/R1/89,W,1,quadruplet,0.9,10,0.0,3.8443950594402216,298,False,0.0
e1/W/R1/89,W,1,quintuplet,1.0,10,0.0,3.8443950594402216,298,False,0.0
e1/W/R1/9,W,1,annealing,1.0,10,0.0,2.086576872440899,424,False,0.0
e1/W/R1/9,W,1,quadruplet,0.9,10,0.0,2.086576872440899,424,False,0.0
e1/W/R1/9,W,1,quintuplet,1.0,10,0.0,2.086576872440899,424,False,0.0
e1/W/R1/9,W,1,random,0.9,10,0.0,2.086576872440899,424,False,0.0
e1/W/R1/90,W,1,annealing,1.0,10,0.0,2.98873824740056,225,False,0.0
e1/W/R1/90,W,1,quadruplet,1.0,10,0.0,2.98873824740056,225,False,0.0
e1/W/R1/90,W,1,quintuplet,1.0,10,0.0,2.98873824740056,225,False,0.0
e1/W/R1/91,W,1,annealing,1.0,10,0.501879934628632,7.528199019429482,330,True,0.06666666666666665
e1/W/R1/91,W,1,quadruplet,1.0,10,0.501879934628632,7.528199019429482,330,True,0.06666666666666665
e1/W/R1/91,W,1,quintuplet,1.0,10,0.501879934628632,7.528199019429482,330,True,0.06666666666666665
e1/W/R1/92,W,1,annealing,1.0,10,0.0,4.609155417291354,67,False,0.0
e1/W/R1/92,W,1,quadruplet,1.0,10,0.0,4.609155417291354,67,False,0.0
e1/W/R1/92,W,1,quintuplet,1.0,10,0.0,4.609155417291354,67,False,0.0
e1/W/R1/93,W,1,annealing,0.4,10,0.8287083427212574,4.143541713606286,110,True,0.20000000000000004
e1/W/R1/93,W,1,quadruplet,0.1,10,0.8287083427212574,4.143541713606286,110,True,0.20000000000000004
e1/W/R1/93,W,1,quintuplet,0.0,10,0.8287083427212574,4.143541713606286,110,True,0.20000000000000004
e1/W/R1/94,W,1,annealing,0.9,10,0.8919887133290558,7.135909706632443,88,True,0.12500000000000006
e1/W/R1/94,W,1,quadruplet,0.2,10,0.8919887133290558,7.135909706632443,88,True,0.12500000000000006
e1/W/R1/94,W,1,quintuplet,0.7,10,0.8919887133290558,7.135909706632443,88,True,0.12500000000000006
e1/W/R1/95,W,1,annealing,0.5,10,0.0,0.5551179308246879,159,False,0.0
e1/W/R1/95,W,1,quadruplet,1.0,10,0.0,0.5551179308246879,159,False,0.0
e1/W/R1/95,W,1,quintuplet,1.0,10,0.0,0.5551179308246879,159,False,0.0
e1/W/R1/96,W,1,annealing,0.6,10,0.0,1.3782251338241807,392,False,0.0
e1/W/R1/96,W,1,quadruplet,0.0,10,0.0,1.3782251338241807,392,False,0.0
e1/W/R1/96,W,1,quintuplet,0.0,10,0.0,1.3782251338241807,392,False,0.0
e1/W/R1/97,W,1,annealing,0.0,10,0.419262720102374,2.0963136005118694,110,True,0.20000000000000004
e1/W/R1/97,W,1,quadruplet,0.1,10,0.419262720102374,2.0963136005118694,110,True,0.20000000000000004
e1/W/R1/97,W,1,quintuplet,0.8,10,0.419262720102374,2.0963136005118694,110,True,0.20000000000000004
e1/W/R1/98,W,1,annealing,0.6,10,0.0,0.600488690397419,435,False,0.0
e1/W/R1/98,W,1,quadruplet,0.9,10,0.0,0.600488690397419,435,False,0.0
e1/W/R1/98,W,1,quintuplet,1.0,10,0.0,0.600488690397419,435,False,0.0
e1/W/R1/99,W,1,annealing,1.0,10,0.3846364649712255,6.154183439539606,71,True,0.06250000000000001
e1/W/R1/99,W,1,quadruplet,0.9,10,0.3846364649712255,6.154183439539606,71,True,0.06250000000000001
e1/W/R1/99,W,1,quintuplet,1.0,10,0.3846364649712255,6.154183439539606,71,True,0.06250000000000001
e1/W/R2/0,W,2,annealing,1.0,10,0.9587967722436375,16.299545128141844,179,True,0.05882352941176468
e1/W/R2/0,W,2,quadruplet,1.0,10,0.9587967722436375,16.299545128141844,179,True,0.05882352941176468
e1/W/R2/0,W,2,quintuplet,1.0,10,0.9587967722436375,16.299545128141844,179,True,0.05882352941176468
e1/W/R2/0,W,2,random,0.0,10,0.9587967722436375,16.299545128141844,179,True,0.05882352941176468
e1/W/R2/1,W,2,annealing,1.0,10,0.982685097728174,16.705646661378946,242,True,0.05882352941176475
e1/W/R2/1,W,2,quadruplet,1.0,10,0.982685097728174,16.705646661378946,242,True,0.05882352941176475
e1/W/R2/1,W,2,quintuplet,1.0,10,0.982685097728174,16.705646661378946,242,True,0.05882352941176475
e1/W/R2/1,W,2,random,0.0,10,0.982685097728174,16.705646661378946,242,True,0.05882352941176475
e1/W/R2/10,W,2,annealing,0.8,10,0.0,10.572831354905137,89,False,0.0
e1/W/R2/10,W,2,quadruplet,1.0,10,0.0,10.572831354905137,89,False,0.0
e1/W/R2/10,W,2,quintuplet,1.0,10,0.0,10.572831354905137,89,False,0.0
e1/W/R2/11,W,2,annealing,0.8,10,0.0,6.24971472852754,312,False,0.0
e1/W/R2/11,W,2,quadruplet,0.0,10,0.0,6.24971472852754,312,False,0.0
e1/W/R2/11,W,2,quintuplet,0.3,10,0.0,6.24971472852754,312,False,0.0
e1/W/R2/12,W,2,annealing,1.0,10,0.0,3.722489151527679,270,False,0.0
e1/W/R2/12,W,2,quadruplet,0.7,10,0.0,3.722489151527679,270,False,0.0
e1/W/R2/12,W,2,quintuplet,0.9,10,0.0,3.722489151527679,270,False,0.0
e1/W/R2/13,W,2,annealing,1.0,10,0.0,5.82327666570934,304,False,0.0
e1/W/R2/13,W,2,quadruplet,1.0,10,0.0,5.82327666570934,304,False,0.0
e1/W/R2/13,W,2,quintuplet,1.0,10,0.0,5.82327666570934,304,False,0.0
e1/W/R2/14,W,2,annealing,1.0,10,0.0,5.0698191935563335,204,False,0.0
e1/W/R2/14,W,2,quadruplet,0.0,10,0.0,5.0698191935563335,204,False,0.0
e1/W/R2/14,W,2,quintuplet,0.0,10,0.0,5.0698191935563335,204,False,0.0
e1/W/R2/15,W,2,annealing,1.0,10,0.45248100396712054,6.7872150595068,414,True,0.06666666666666675
e1/W/R2/15,W,2,quadruplet,0.8,10,0.45248100396712054,6.7872150595068,414,True,0.06666666666666675
e1/W/R2/15,W,2,quintuplet,1.0,10,0.45248100396712054,6.7872150595068,414,True,0.06666666666666675
e1/W/R2/16,W,2,annealing,1.0,10,0.0,3.864222825209295,177,False,0.0
e1/W/R2/16,W,2,quadruplet,0.6,10,0.0,3.864222825209295,177,False,0.0
e1/W/R2/16,W,2,quintuplet,1.0,10,0.0,3.864222825209295,177,False,0.0
e1/W/R2/17,W,2,annealing,0.5,10,0.23876017678308514,6.184172982372,82,True,0.03860826297447882
e1/W/R2/17,W,2,quadruplet,0.1,10,0.23876017678308514,6.184172982372,82,True,0.03860826297447882
e1/W/R2/17,W,2,quintuplet,0.1,10,0.23876017678308514,6.184172982372,82,True,0.03860826297447882
e1/W/R2/18,W,2,annealing,0.8,10,0.0,1.3136686019758756,480,False,0.0
e1/W/R2/18,W,2,quadruplet,0.9,10,0.0,1.3136686019758756,480,False,0.0
e1/W/R2/18,W,2,quintuplet,1.0,10,0.0,1.3136686019758756,480,False,0.0
e1/W/R2/19,W,2,annealing,0.9,10,0.0,4.60466843259141,453,False,0.0
e1/W/R2/19,W,2,quadruplet,1.0,10,0.0,4.60466843259141,453,False,0.0
e1/W/R2/19,W,2,quintuplet,1.0,10,0.0,4.60466843259141,453,False,0.0
e1/W/R2/2,W,2,annealing,0.4,10,0.0,0.9259581950277582,159,False,0.0
e1/W/R2/2,W,2,quadruplet,0.3,10,0.0,0.9259581950277582,159,False,0.0
e1/W/R2/2,W,2,quintuplet,0.4,10,0.0,0.9259581950277582,159,False,0.0
e1/W/R2/2,W,2,random,0.3,10,0.0,0.9259581950277582,159,False,0.0
e1/W/R2/20,W,2,annealing,0.4,10,0.0,4.255442631513004,243,False,0.0
e1/W/R2/20,W,2,quadruplet,0.7,10,0.0,4.255442631513004,243,False,0.0
e1/W/R2/20,W,2,quintuplet,0.8,10,0.0,4.255442631513004,243,False,0.0
e1/W/R2/21,W,2,annealing,0.6,10,0.0,1.99340678706525,468,False,0.0
e1/W/R2/21,W,2,quadruplet,0.3,10,0.0,1.99340678706525,468,False,0.0
e1/W/R2/21,W,2,quintuplet,1.0,10,0.0,1.99340678706525,468,False,0.0
e1/W/R2/22,W,2,annealing,0.0,10,0.06833272840579097,0.8170280286646918,270,True,0.08363572118507419
e1/W/R2/22,W,2,quadruplet,0.9,10,0.06833272840579097,0.8170280286646918,270,True,0.08363572118507419
e1/W/R2/22,W,2,quintuplet,0.9,10,0.06833272840579097,0.8170280286646918,270,True,0.08363572118507419
e1/W/R2/23,W,2,annealing,1.0,10,0.6499483252551457,10.776769274604042,105,True,0.060310127153485514
e1/W/R2/23,W,2,quadruplet,1.0,10,0.6499483252551457,10.776769274604042,105,True,0.060310127153485514
e1/W/R2/23,W,2,quintuplet,1.0,10,0.6499483252551457,10.776769274604042,105,True,0.060310127153485514
e1/W/R2/24,W,2,annealing,0.6,10,0.0,4.980716240983485,331,False,0.0
e1/W/R2/24,W,2,quadruplet,0.9,10,0.0,4.980716240983485,331,False,0.0
e1/W/R2/24,W,2,quintuplet,0.9,10,0.0,4.980716240983485,331,False,0.0
e1/W/R2/25,W,2,annealing,1.0,10,0.9113987060594297,14.585562529618283,196,True,0.062486359659333746
e1/W/R2/25,W,2,quadruplet,0.5,10,0.9113987060594297,14.585562529618283,196,True,0.062486359659333746
e1/W/R2/25,W,2,quintuplet,0.8,10,0.9113987060594297,14.585562529618283,196,True,0.062486359659333746
e1/W/R2/26,W,2,annealing,1.0,10,0.0,5.936902691768521,208,False,0.0
e1/W/R2/26,W,2,quadruplet,0.0,10,0.0,5.936902691768521,208,False,0.0
e1/W/R2/26,W,2,quintuplet,0.5,10,0.0,5.936902691768521,208,False,0.0
e1/W/R2/27,W,2,annealing,0.8,10,0.0,6.758575224134382,169,False,0.0
e1/W/R2/27,W,2,quadruplet,0.8,10,0.0,6.758575224134382,169,False,0.0
e1/W/R2/27,W,2,quintuplet,1.0,10,0.0,6.758575224134382,169,False,0.0
e1/W/R2/28,W,2,annealing,0.6,10,0.0,3.3606047493407534,339,False,0.0
e1/W/R2/28,W,2,quadruplet,0.2,10,0.0,3.3606047493407534,339,False,0.0
e1/W/R2/28,W,2,quintuplet,0.7,10,0.0,3.3606047493407534,339,False,0.0
e1/W/R2/29,W,2,annealing,1.0,10,0.7501041531496053,13.703533176966083,208,True,0.05473801124591986
e1/W/R2/29,W,2,quadruplet,0.9,10,0.7501041531496053,13.703533176966083,208,True,0.05473801124591986
e1/W/R2/29,W,2,quintuplet,0.9,10,0.7501041531496053,13.703533176966083,208,True,0.05473801124591986
e1/W/R2/3,W,2,annealing,0.7,10,0.5873757733959497,11.043476214084754,170,True,0.05318757988963799
e1/W/R2/3,W,2,quadruplet,1.0,10,0.5873757733959497,11.043476214084754,170,True,0.05318757988963799
e1/W/R2/3,W,2,quintuplet,1.0,10,0.5873757733959497,11.043476214084754,170,True,0.05318757988963799
e1/W/R2/3,W,2,random,0.0,10,0.5873757733959497,11.043476214084754,170,True,0.05318757988963799
e1/W/R2/30,W,2,annealing,0.6,10,0.4748686661489536,8.21869872079273,304,True,0.057779057522521084
e1/W/R2/30,W,2,quadruplet,1.0,10,0.4748686661489536,8.21869872079273,304,True,0.057779057522521084
e1/W/R2/30,W,2,quintuplet,1.0,10,0.4748686661489536,8.21869872079273,304,True,0.057779057522521084
e1/W/R2/31,W,2,annealing,0.5,10,0.6867404829790402,8.994126623603343,69,True,0.07635432674216781
e1/W/R2/31,W,2,quadruplet,0.1,10,0.6867404829790402,8.994126623603343,69,True,0.07635432674216781
e1/W/R2/31,W,2,quintuplet,0.2,10,0.6867404829790402,8.994126623603343,69,True,0.07635432674216781
e1/W/R2/32,W,2,annealing,0.4,10,0.9135794904989814,5.780994736916726,300,True,0.15803153818234333
e1/W/R2/32,W,2,quadruplet,0.0,10,0.9135794904989814,5.780994736916726,300,True,0.15803153818234333
e1/W/R2/32,W,2,quintuplet,0.0,10,0.9135794904989814,5.780994736916726,300,True,0.15803153818234333
e1/W/R2/33,W,2,annealing,1.0,10,0.7608355935259343,12.934205089940887,128,True,0.05882352941176469
e1/W/R2/33,W,2,quadruplet,1.0,10,0.7608355935259343,12.934205089940887,128,True,0.05882352941176469
e1/W/R2/33,W,2,quintuplet,1.0,10,0.7608355935259343,12.934205089940887,128,True,0.05882352941176469
e1/W/R2/34,W,2,annealing,1.0,10,0.0,5.869358959676494,256,False,0.0
e1/W/R2/34,W,2,quadruplet,1.0,10,0.0,5.869358959676494,256,False,0.0
e1/W/R2/34,W,2,quintuplet,1.0,10,0.0,5.869358959676494,256,False,0.0
e1/W/R2/35,W,2,annealing,1.0,10,0.6950289956249183,14.198066058008916,53,True,0.048952370892292256
e1/W/R2/35,W,2,quadruplet,0.9,10,0.6950289956249183,14.198066058008916,53,True,0.048952370892292256
e1/W/R2/35,W,2,quintuplet,0.8,10,0.6950289956249183,14.198066058008916,53,True,0.048952370892292256
e1/W/R2/36,W,2,annealing,0.9,10,0.16711488080028136,2.8409529736047796,197,True,0.05882352941176478
e1/W/R2/36,W,2,quadruplet,0.8,10,0.16711488080028136,2.8409529736047796,197,True,0.05882352941176478
e1/W/R2/36,W,2,quintuplet,0.8,10,0.16711488080028136,2.8409529736047796,197,True,0.05882352941176478
e1/W/R2/37,W,2,annealing,1.0,10,0.9837746663448996,16.724169327863308,316,True,0.058823529411764656
e1/W/R2/37,W,2,quadruplet,1.0,10,0.9837746663448996,16.724169327863308,316,True,0.058823529411764656
e1/W/R2/37,W,2,quintuplet,1.0,10,0.9837746663448996,16.724169327863308,316,True,0.058823529411764656
e1/W/R2/38,W,2,annealing,1.0,10,0.0,6.826576811064879,169,False,0.0
e1/W/R2/38,W,2,quadruplet,0.0,10,0.0,6.826576811064879,169,False,0.0
e1/W/R2/38,W,2,quintuplet,0.0,10,0.0,6.826576811064879,169,False,0.0
e1/W/R2/39,W,2,annealing,0.6,10,0.0,5.6492639976652645,171,False,0.0
e1/W/R2/39,W,2,quadruplet,1.0,10,0.0,5.6492639976652645,171,False,0.0
e1/W/R2/39,W,2,quintuplet,1.0,10,0.0,5.6492639976652645,171,False,0.0
e1/W/R2/4,W,2,annealing,1.0,10,0.2768940049153388,4.707198083560757,187,True,0.058823529411764726
e1/W/R2/4,W,2,quadruplet,0.2,10,0.2768940049153388,4.707198083560757,187,True,0.058823529411764726
e1/W/R2/4,W,2,quintuplet,1.0,10,0.2768940049153388,4.707198083560757,187,True,0.058823529411764726
e1/W/R2/4,W,2,random,0.0,10,0.2768940049153388,4.707198083560757,187,True,0.058823529411764726
e1/W/R2/40,W,2,annealing,0.3,10,0.0,2.3099198414995366,289,False,0.0
e1/W/R2/40,W,2,quadruplet,0.0,10,0.0,2.3099198414995366,289,False,0.0
e1/W/R2/40,W,2,quintuplet,0.0,10,0.0,2.3099198414995366,289,False,0.0
e1/W/R2/41,W,2,annealing,1.0,10,0.025709659767303883,4.660276554040616,342,True,0.005516766970623825
e1/W/R2/41,W,2,quadruplet,1.0,10,0.025709659767303883,4.660276554040616,342,True,0.005516766970623825
e1/W/R2/41,W,2,quintuplet,1.0,10,0.025709659767303883,4.660276554040616,342,True,0.005516766970623825
e1/W/R2/42,W,2,annealing,0.2,10,0.9744343092155123,6.653159807075328,375,True,0.14646188239447466
e1/W/R2/42,W,2,quadruplet,0.2,10,0.9744343092155123,6.653159807075328,375,True,0.14646188239447466
e1/W/R2/42,W,2,quintuplet,0.5,10,0.9744343092155123,6.653159807075328,375,True,0.14646188239447466
e1/W/R2/43,W,2,annealing,1.0,10,0.0,2.5102550495389453,246,False,0.0
e1/W/R2/43,W,2,quadruplet,1.0,10,0.0,2.5102550495389453,246,False,0.0
e1/W/R2/43,W,2,quintuplet,1.0,10,0.0,2.5102550495389453,246,False,0.0
e1/W/R2/44,W,2,annealing,0.6,10,0.0,4.856113775957661,255,False,0.0
e1/W/R2/44,W,2,quadruplet,0.5,10,0.0,4.856113775957661,255,False,0.0
e1/W/R2/44,W,2,quintuplet,0.6,10,0.0,4.856113775957661,255,False,0.0
e1/W/R2/45,W,2,annealing,1.0,10,0.5496305442949332,8.244458164423982,480,True,0.06666666666666679
e1/W/R2/45,W,2,quadruplet,1.0,10,0.5496305442949332,8.244458164423982,480,True,0.06666666666666679
e1/W/R2/45,W,2,quintuplet,0.7,10,0.5496305442949332,8.244458164423982,480,True,0.06666666666666679
e1/W/R2/46,W,2,annealing,0.5,10,0.0,9.600642609265652,152,False,0.0
e1/W/R2/46,W,2,quadruplet,0.9,10,0.0,9.600642609265652,152,False,0.0
e1/W/R2/46,W,2,quintuplet,0.9,10,0.0,9.600642609265652,152,False,0.0
e1/W/R2/47,W,2,annealing,0.6,10,0.0,4.994511454574477,221,False,0.0
e1/W/R2/47,W,2,quadruplet,0.5,10,0.0,4.994511454574477,221,False,0.0
e1/W/R2/47,W,2,quintuplet,0.8,10,0.0,4.994511454574477,221,False,0.0
e1/W/R2/48,W,2,annealing,1.0,10,0.0,4.705398728463524,89,False,0.0
e1/W/R2/48,W,2,quadruplet,0.1,10,0.0,4.705398728463524,89,False,0.0
e1/W/R2/48,W,2,quintuplet,0.2,10,0.0,4.705398728463524,89,False,0.0
e1/W/R2/49,W,2,annealing,0.8,10,0.0,5.734894931689633,230,False,0.0
e1/W/R2/49,W,2,quadruplet,0.2,10,0.0,5.734894931689633,230,False,0.0
e1/W/R2/49,W,2,quintuplet,0.2,10,0.0,5.734894931689633,230,False,0.0
e1/W/R2/5,W,2,annealing,0.6,10,0.0,6.556755351129298,205,False,0.0
e1/W/R2/5,W,2,quadruplet,0.6,10,0.0,6.556755351129298,205,False,0.0
e1/W/R2/5,W,2,quintuplet,1.0,10,0.0,6.556755351129298,205,False,0.0
e1/W/R2/5,W,2,random,0.1,10,0.0,6.556755351129298,205,False,0.0
e1/W/R2/50,W,2,annealing,1.0,10,0.0642171204800226,7.3057141834057715,302,True,0.00878998532763376
e1/W/R2/50,W,2,quadruplet,0.3,10,0.0642171204800226,7.3057141834057715,302,True,0.00878998532763376
e1/W/R2/50,W,2,quintuplet,0.1,10,0.0642171204800226,7.3057141834057715,302,True,0.00878998532763376
e1/W/R2/51,W,2,annealing,0.1,10,0.0026645141812799977,3.3495147848695925,256,True,0.0007954925869609905
e1/W/R2/51,W,2,quadruplet,0.0,10,0.0026645141812799977,3.3495147848695925,256,True,0.0007954925869609905
e1/W/R2/51,W,2,quintuplet,0.0,10,0.0026645141812799977,3.3495147848695925,256,True,0.0007954925869609905
e1/W/R2/52,W,2,annealing,1.0,10,0.0,4.366084123881636,167,False,0.0
e1/W/R2/52,W,2,quadruplet,1.0,10,0.0,4.366084123881636,167,False,0.0
e1/W/R2/52,W,2,quintuplet,1.0,10,0.0,4.366084123881636,167,False,0.0
e1/W/R2/53,W,2,annealing,1.0,10,0.9556329190467334,16.24575962379449,272,True,0.05882352941176462
e1/W/R2/53,W,2,quadruplet,1.0,10,0.9556329190467334,16.24575962379449,272,True,0.05882352941176462
e1/W/R2/53,W,2,quintuplet,1.0,10,0.9556329190467334,16.24575962379449,272,True,0.05882352941176462
e1/W/R2/54,W,2,annealing,0.5,10,0.0,5.279858072742581,181,False,0.0
e1/W/R2/54,W,2,quadruplet,0.1,10,0.0,5.279858072742581,181,False,0.0
e1/W/R2/54,W,2,quintuplet,0.4,10,0.0,5.279858072742581,181,False,0.0
e1/W/R2/55,W,2,annealing,0.8,10,0.0,1.2450810778681967,177,False,0.0
e1/W/R2/55,W,2,quadruplet,0.0,10,0.0,1.2450810778681967,177,False,0.0
e1/W/R2/55,W,2,quintuplet,0.1,10,0.0,1.2450810778681967,177,False,0.0
e1/W/R2/56,W,2,annealing,0.9,10,0.0,6.887698505269158,74,False,0.0
e1/W/R2/56,W,2,quadruplet,0.0,10,0.0,6.887698505269158,74,False,0.0
e1/W/R2/56,W,2,quintuplet,0.0,10,0.0,6.887698505269158,74,False,0.0
e1/W/R2/57,W,2,annealing,1.0,10,0.9453036162627431,16.070161476466613,122,True,0.058823529411764774
e1/W/R2/57,W,2,quadruplet,1.0,10,0.9453036162627431,16.070161476466613,122,True,0.058823529411764774
e1/W/R2/57,W,2,quintuplet,1.0,10,0.9453036162627431,16.070161476466613,122,True,0.058823529411764774
e1/W/R2/58,W,2,annealing,1.0,10,0.4120304493197606,7.546011095736801,173,True,0.05460241763393929
e1/W/R2/58,W,2,quadruplet,0.1,10,0.4120304493197606,7.546011095736801,173,True,0.05460241763393929
e1/W/R2/58,W,2,quintuplet,0.0,10,0.4120304493197606,7.546011095736801,173,True,0.05460241763393929
e1/W/R2/59,W,2,annealing,0.7,10,0.0,4.640163760978205,194,False,0.0
e1/W/R2/59,W,2,quadruplet,1.0,10,0.0,4.640163760978205,194,False,0.0
e1/W/R2/59,W,2,quintuplet,1.0,10,0.0,4.640163760978205,194,False,0.0
e1/W/R2/6,W,2,annealing,1.0,10,0.0,4.9128912632320425,171,False,0.0
e1/W/R2/6,W,2,quadruplet,0.7,10,0.0,4.9128912632320425,171,False,0.0
e1/W/R2/6,W,2,quintuplet,0.9,10,0.0,4.9128912632320425,171,False,0.0
e1/W/R2/6,W,2,random,0.2,10,0.0,4.9128912632320425,171,False,0.0
e1/W/R2/60,W,2,annealing,0.5,10,0.4743784936388744,4.269406442749868,432,True,0.11111111111111116
e1/W/R2/60,W,2,quadruplet,1.0,10,0.4743784936388744,4.269406442749868,432,True,0.11111111111111116
e1/W/R2/60,W,2,quintuplet,1.0,10,0.4743784936388744,4.269406442749868,432,True,0.11111111111111116
e1/W/R2/61,W,2,annealing,0.8,10,0.0,2.193087086065294,480,False,0.0
e1/W/R2/61,W,2,quadruplet,0.6,10,0.0,2.193087086065294,480,False,0.0
e1/W/R2/61,W,2,quintuplet,0.9,10,0.0,2.193087086065294,480,False,0.0
e1/W/R2/62,W,2,annealing,0.5,10,0.0,4.691393886560928,351,False,0.0
e1/W/R2/62,W,2,quadruplet,0.6,10,0.0,4.691393886560928,351,False,0.0
e1/W/R2/62,W,2,quintuplet,0.6,10,0.0,4.691393886560928,351,False,0.0
e1/W/R2/63,W,2,annealing,0.8,10,0.9259900324287207,7.407920259429765,453,True,0.12500000000000003
e1/W/R2/63,W,2,quadruplet,0.5,10,0.9259900324287207,7.407920259429765,453,True,0.12500000000000003
e1/W/R2/63,W,2,quintuplet,0.5,10,0.9259900324287207,7.407920259429765,453,True,0.12500000000000003
e1/W/R2/64,W,2,annealing,1.0,10,0.4870778192730878,8.2803229276425,127,True,0.058823529411764656
e1/W/R2/64,W,2,quadruplet,1.0,10,0.4870778192730878,8.2803229276425,127,True,0.058823529411764656
e1/W/R2/64,W,2,quintuplet,1.0,10,0.4870778192730878,8.2803229276425,127,True,0.058823529411764656
e1/W/R2/65,W,2,annealing,0.1,10,0.23835989076306685,4.92704157722199,391,True,0.04837789310831452
e1/W/R2/65,W,2,quadruplet,0.0,10,0.23835989076306685,4.92704157722199,391,True,0.04837789310831452
e1/W/R2/65,W,2,quintuplet,0.0,10,0.23835989076306685,4.92704157722199,391,True,0.04837789310831452
e1/W/R2/66,W,2,annealing,0.8,10,0.0,6.6038133689598935,167,False,0.0
e1/W/R2/66,W,2,quadruplet,0.0,10,0.0,6.6038133689598935,167,False,0.0
e1/W/R2/66,W,2,quintuplet,0.2,10,0.0,6.6038133689598935,167,False,0.0
e1/W/R2/67,W,2,annealing,1.0,10,0.6565895918831703,11.162023062013896,171,True,0.058823529411764705
e1/W/R2/67,W,2,quadruplet,1.0,10,0.6565895918831703,11.162023062013896,171,True,0.058823529411764705
e1/W/R2/67,W,2,quintuplet,1.0,10,0.6565895918831703,11.162023062013896,171,True,0.058823529411764705
e1/W/R2/68,W,2,annealing,1.0,10,0.0,6.214303311940719,208,False,0.0
e1/W/R2/68,W,2,quadruplet,0.0,10,0.0,6.214303311940719,208,False,0.0
e1/W/R2/68,W,2,quintuplet,0.0,10,0.0,6.214303311940719,208,False,0.0
e1/W/R2/69,W,2,annealing,0.2,10,0.0,0.8392066277314641,391,False,0.0
e1/W/R2/69,W,2,quadruplet,0.0,10,0.0,0.8392066277314641,391,False,0.0
e1/W/R2/69,W,2,quintuplet,0.5,10,0.0,0.8392066277314641,391,False,0.0
e1/W/R2/7,W,2,annealing,0.2,10,0.10501364632576293,1.1483429386316342,326,True,0.09144798369283066
e1/W/R2/7,W,2,quadruplet,0.1,10,0.10501364632576293,1.1483429386316342,326,True,0.09144798369283066
e1/W/R2/7,W,2,quintuplet,0.5,10,0.10501364632576293,1.1483429386316342,326,True,0.09144798369283066
e1/W/R2/7,W,2,random,0.0,10,0.10501364632576293,1.1483429386316342,326,True,0.09144798369283066
e1/W/R2/70,W,2,annealing,0.8,10,0.0,6.059073040541766,256,False,0.0
e1/W/R2/70,W,2,quadruplet,0.1,10,0.0,6.059073040541766,256,False,0.0
e1/W/R2/70,W,2,quintuplet,0.1,10,0.0,6.059073040541766,256,False,0.0
e1/W/R2/71,W,2,annealing,0.3,10,0.4605284814775241,3.0262156617698395,159,True,0.1521796636291911
e1/W/R2/71,W,2,quadruplet,0.6,10,0.4605284814775241,3.0262156617698395,159,True,0.1521796636291911
e1/W/R2/71,W,2,quintuplet,0.8,10,0.4605284814775241,3.0262156617698395,159,True,0.1521796636291911
e1/W/R2/72,W,2,annealing,0.2,10,0.06234354509159523,2.3155344670114335,321,True,0.026924041071200083
e1/W/R2/72,W,2,quadruplet,0.0,10,0.06234354509159523,2.3155344670114335,321,True,0.026924041071200083
e1/W/R2/72,W,2,quintuplet,0.7,10,0.06234354509159523,2.3155344670114335,321,True,0.026924041071200083
e1/W/R2/73,W,2,annealing,0.3,10,0.0,2.0012957320632756,243,False,0.0
e1/W/R2/73,W,2,quadruplet,0.0,10,0.0,2.0012957320632756,243,False,0.0
e1/W/R2/73,W,2,quintuplet,0.0,10,0.0,2.0012957320632756,243,False,0.0
e1/W/R2/74,W,2,annealing,1.0,10,0.24161203377110763,4.107404574108824,234,True,0.05882352941176478
e1/W/R2/74,W,2,quadruplet,0.0,10,0.24161203377110763,4.107404574108824,234,True,0.05882352941176478
e1/W/R2/74,W,2,quintuplet,0.0,10,0.24161203377110763,4.107404574108824,234,True,0.05882352941176478
e1/W/R2/75,W,2,annealing,1.0,10,0.5250515243718006,8.925875914320603,120,True,0.058823529411764754
e1/W/R2/75,W,2,quadruplet,1.0,10,0.5250515243718006,8.925875914320603,120,True,0.058823529411764754
e1/W/R2/75,W,2,quintuplet,1.0,10,0.5250515243718006,8.925875914320603,120,True,0.058823529411764754
e1/W/R2/76,W,2,annealing,0.9,10,0.0,2.7586221910625435,317,False,0.0
e1/W/R2/76,W,2,quadruplet,0.0,10,0.0,2.7586221910625435,317,False,0.0
e1/W/R2/76,W,2,quintuplet,0.7,10,0.0,2.7586221910625435,317,False,0.0
e1/W/R2/77,W,2,annealing,1.0,10,0.7577867657988211,12.124588252781153,272,True,0.06249999999999992
e1/W/R2/77,W,2,quadruplet,1.0,10,0.7577867657988211,12.124588252781153,272,True,0.06249999999999992
e1/W/R2/77,W,2,quintuplet,1.0,10,0.7577867657988211,12.124588252781153,272,True,0.06249999999999992
e1/W/R2/78,W,2,annealing,0.4,10,0.0031366444194382836,8.36997263128537,254,True,0.00037474966258719915
e1/W/R2/78,W,2,quadruplet,0.5,10,0.0031366444194382836,8.36997263128537,254,True,0.00037474966258719915
e1/W/R2/78,W,2,quintuplet,1.0,10,0.0031366444194382836,8.36997263128537,254,True,0.00037474966258719915
e1/W/R2/79,W,2,annealing,1.0,10,0.0,5.811734828020643,438,False,0.0
e1/W/R2/79,W,2,quadruplet,0.4,10,0.0,5.811734828020643,438,False,0.0
e1/W/R2/79,W,2,quintuplet,0.5,10,0.0,5.811734828020643,438,False,0.0
e1/W/R2/8,W,2,annealing,0.8,10,0.0,5.434297317465029,351,False,0.0
e1/W/R2/8,W,2,quadruplet,0.0,10,0.0,5.434297317465029,351,False,0.0
e1/W/R2/8,W,2,quintuplet,0.0,10,0.0,5.434297317465029,351,False,0.0
e1/W/R2/8,W,2,random,0.0,10,0.0,5.434297317465029,351,False,0.0
e1/W/R2/80,W,2,annealing,1.0,10,0.9681171576003571,15.489874521605703,272,True,0.06250000000000004
e1/W/R2/80,W,2,quadruplet,1.0,10,0.9681171576003571,15.489874521605703,272,True,0.06250000000000004
e1/W/R2/80,W,2,quintuplet,1.0,10,0.9681171576003571,15.489874521605703,272,True,0.06250000000000004
e1/W/R2/81,W,2,annealing,1.0,10,0.0,3.5243001471800444,230,False,0.0
e1/W/R2/81,W,2,quadruplet,1.0,10,0.0,3.5243001471800444,230,False,0.0
e1/W/R2/81,W,2,quintuplet,1.0,10,0.0,3.5243001471800444,230,False,0.0
e1/W/R2/82,W,2,annealing,0.9,10,0.23723835931010973,3.4165368200851756,220,True,0.06943825628204273
e1/W/R2/82,W,2,quadruplet,0.0,10,0.23723835931010973,3.4165368200851756,220,True,0.06943825628204273
e1/W/R2/82,W,2,quintuplet,0.3,10,0.23723835931010973,3.4165368200851756,220,True,0.06943825628204273
e1/W/R2/83,W,2,annealing,1.0,10,0.9621627116905369,15.463180513248524,170,True,0.06222282090454654
e1/W/R2/83,W,2,quadruplet,1.0,10,0.9621627116905369,15.463180513248524,170,True,0.06222282090454654
e1/W/R2/83,W,2,quintuplet,1.0,10,0.9621627116905369,15.463180513248524,170,True,0.06222282090454654
e1/W/R2/84,W,2,annealing,0.7,10,0.0,2.857780721710593,167,False,0.0
e1/W/R2/84,W,2,quadruplet,0.0,10,0.0,2.857780721710593,167,False,0.0
e1/W/R2/84,W,2,quintuplet,0.4,10,0.0,2.857780721710593,167,False,0.0
e1/W/R2/85,W,2,annealing,0.7,10,0.0,4.184063179444062,154,False,0.0
e1/W/R2/85,W,2,quadruplet,0.1,10,0.0,4.184063179444062,154,False,0.0
e1/W/R2/85,W,2,quintuplet,0.6,10,0.0,4.184063179444062,154,False,0.0
e1/W/R2/86,W,2,annealing,0.5,10,0.2006242955353934,3.118099807664881,335,True,0.06434184532586827
e1/W/R2/86,W,2,quadruplet,0.2,10,0.2006242955353934,3.118099807664881,335,True,0.06434184532586827
e1/W/R2/86,W,2,quintuplet,0.2,10,0.2006242955353934,3.118099807664881,335,True,0.06434184532586827
e1/W/R2/87,W,2,annealing,1.0,10,0.963491839227304,15.415869427636858,272,True,0.06250000000000003
e1/W/R2/87,W,2,quadruplet,1.0,10,0.963491839227304,15.415869427636858,272,True,0.06250000000000003
e1/W/R2/87,W,2,quintuplet,1.0,10,0.963491839227304,15.415869427636858,272,True,0.06250000000000003
e1/W/R2/88,W,2,annealing,1.0,10,0.0,5.301838997872769,453,False,0.0
e1/W/R2/88,W,2,quadruplet,1.0,10,0.0,5.301838997872769,453,False,0.0
e1/W/R2/88,W,2,quintuplet,1.0,10,0.0,5.301838997872769,453,False,0.0
e1/W/R2/89,W,2,annealing,0.7,10,0.0,4.736151221639486,442,False,0.0
e1/W/R2/89,W,2,quadruplet,1.0,10,0.0,4.736151221639486,442,False,0.0
e1/W/R2/89,W,2,quintuplet,1.0,10,0.0,4.736151221639486,442,False,0.0
e1/W/R2/9,W,2,annealing,0.8,10,0.0,5.71520438075723,315,False,0.0
e1/W/R2/9,W,2,quadruplet,1.0,10,0.0,5.71520438075723,315,False,0.0
e1/W/R2/9,W,2,quintuplet,1.0,10,0.0,5.71520438075723,315,False,0.0
e1/W/R2/9,W,2,random,0.0,10,0.0,5.71520438075723,315,False,0.0
e1/W/R2/90,W,2,annealing,0.1,10,0.0,1.804198589710888,353,False,0.0
e1/W/R2/90,W,2,quadruplet,0.0,10,0.0,1.804198589710888,353,False,0.0
e1/W/R2/90,W,2,quintuplet,0.1,10,0.0,1.804198589710888,353,False,0.0
e1/W/R2/91,W,2,annealing,0.9,10,0.0,6.889088383470579,119,False,0.0
e1/W/R2/91,W,2,quadruplet,0.4,10,0.0,6.889088383470579,119,False,0.0
e1/W/R2/91,W,2,quintuplet,0.8,10,0.0,6.889088383470579,119,False,0.0
e1/W/R2/92,W,2,annealing,0.5,10,0.9038266117670402,8.607541937088447,207,True,0.10500403232107458
e1/W/R2/92,W,2,quadruplet,0.2,10,0.9038266117670402,8.607541937088447,207,True,0.10500403232107458
e1/W/R2/92,W,2,quintuplet,0.6,10,0.9038266117670402,8.607541937088447,207,True,0.10500403232107458
e1/W/R2/93,W,2,annealing,0.7,10,0.0,2.879088135690094,219,False,0.0
e1/W/R2/93,W,2,quadruplet,1.0,10,0.0,2.879088135690094,219,False,0.0
e1/W/R2/93,W,2,quintuplet,1.0,10,0.0,2.879088135690094,219,False,0.0
e1/W/R2/94,W,2,annealing,0.8,10,0.0,4.930353150353289,158,False,0.0
e1/W/R2/94,W,2,quadruplet,0.2,10,0.0,4.930353150353289,158,False,0.0
e1/W/R2/94,W,2,quintuplet,0.4,10,0.0,4.930353150353289,158,False,0.0
e1/W/R2/95,W,2,annealing,1.0,10,1.1731551149058355,18.141481871402874,234,True,0.06466699485862429
e1/W/R2/95,W,2,quadruplet,1.0,10,1.1731551149058355,18.141481871402874,234,True,0.06466699485862429
e1/W/R2/95,W,2,quintuplet,1.0,10,1.1731551149058355,18.141481871402874,234,True,0.06466699485862429
e1/W/R2/96,W,2,annealing,0.2,10,0.2156024821617737,3.6760836675286153,340,True,0.05865004762166377
e1/W/R2/96,W,2,quadruplet,0.4,10,0.2156024821617737,3.6760836675286153,340,True,0.05865004762166377
e1/W/R2/96,W,2,quintuplet,0.8,10,0.2156024821617737,3.6760836675286153,340,True,0.05865004762166377
e1/W/R2/97,W,2,annealing,0.5,10,0.5827899226924353,4.45611336094585,389,True,0.13078435746274034
e1/W/R2/97,W,2,quadruplet,0.9,10,0.5827899226924353,4.45611336094585,389,True,0.13078435746274034
e1/W/R2/97,W,2,quintuplet,1.0,10,0.5827899226924353,4.45611336094585,389,True,0.13078435746274034
e1/W/R2/98,W,2,annealing,1.0,10,0.38506233725181893,11.427199042774973,302,True,0.03369700097201691
e1/W/R2/98,W,2,quadruplet,1.0,10,0.38506233725181893,11.427199042774973,302,True,0.03369700097201691
e1/W/R2/98,W,2,quintuplet,1.0,10,0.38506233725181893,11.427199042774973,302,True,0.03369700097201691
e1/W/R2/99,W,2,annealing,0.5,10,0.14537580831701824,4.682417394563955,191,True,0.031047169884041534
e1/W/R2/99,W,2,quadruplet,0.4,10,0.14537580831701824,4.682417394563955,191,True,0.031047169884041534
e1/W/R2/99,W,2,quintuplet,0.5,10,0.14537580831701824,4.682417394563955,191,True,0.031047169884041534
e1/W/R3/0,W,3,annealing,1.0,10,0.8708667448293035,13.063001172439549,465,True,0.06666666666666668
e1/W/R3/0,W,3,quadruplet,1.0,10,0.8708667448293035,13.063001172439549,465,True,0.06666666666666668
e1/W/R3/0,W,3,quintuplet,1.0,10,0.8708667448293035,13.063001172439549,465,True,0.06666666666666668
e1/W/R3/0,W,3,random,0.0,10,0.8708667448293035,13.063001172439549,465,True,0.06666666666666668
e1/W/R3/1,W,3,annealing,0.9,10,0.150388475259553,2.627909911260386,482,True,0.057227408982001356
e1/W/R3/1,W,3,quadruplet,1.0,10,0.150388475259553,2.627909911260386,482,True,0.057227408982001356
e1/W/R3/1,W,3,quintuplet,1.0,10,0.150388475259553,2.627909911260386,482,True,0.057227408982001356
e1/W/R3/1,W,3,random,0.0,10,0.150388475259553,2.627909911260386,482,True,0.057227408982001356
e1/W/R3/10,W,3,annealing,0.6,10,0.11828280413898451,4.099307964817534,483,True,0.028854334720433587
e1/W/R3/10,W,3,quadruplet,0.0,10,0.11828280413898451,4.099307964817534,483,True,0.028854334720433587
e1/W/R3/10,W,3,quintuplet,0.0,10,0.11828280413898451,4.099307964817534,483,True,0.028854334720433587
e1/W/R3/11,W,3,annealing,0.3,10,0.23828313001391965,4.896719703513818,509,True,0.04866178675551533
e1/W/R3/11,W,3,quadruplet,0.0,10,0.23828313001391965,4.896719703513818,509,True,0.04866178675551533
e1/W/R3/11,W,3,quintuplet,0.3,10,0.23828313001391965,4.896719703513818,509,True,0.04866178675551533
e1/W/R3/12,W,3,annealing,0.5,10,0.0,5.426930168842592,302,False,0.0
e1/W/R3/12,W,3,quadruplet,0.2,10,0.0,5.426930168842592,302,False,0.0
e1/W/R3/12,W,3,quintuplet,0.3,10,0.0,5.426930168842592,302,False,0.0
e1/W/R3/13,W,3,annealing,1.0,10,0.7745881253454687,13.167998130872974,307,True,0.058823529411764684
e1/W/R3/13,W,3,quadruplet,1.0,10,0.7745881253454687,13.167998130872974,307,True,0.058823529411764684
e1/W/R3/13,W,3,quintuplet,1.0,10,0.7745881253454687,13.167998130872974,307,True,0.058823529411764684
e1/W/R3/14,W,3,annealing,0.8,10,0.0,7.6060731658567144,264,False,0.0
e1/W/R3/14,W,3,quadruplet,1.0,10,0.0,7.6060731658567144,264,False,0.0
e1/W/R3/14,W,3,quintuplet,1.0,10,0.0,7.6060731658567144,264,False,0.0
e1/W/R3/15,W,3,annealing,1.0,10,0.7886599204027522,13.407218646846777,389,True,0.058823529411764754
e1/W/R3/15,W,3,quadruplet,1.0,10,0.7886599204027522,13.407218646846777,389,True,0.058823529411764754
e1/W/R3/15,W,3,quintuplet,1.0,10,0.7886599204027522,13.407218646846777,389,True,0.058823529411764754
e1/W/R3/16,W,3,annealing,1.0,10,0.47559618541991,12.21385777449107,272,True,0.03893906366039433
e1/W/R3/16,W,3,quadruplet,1.0,10,0.47559618541991,12.21385777449107,272,True,0.03893906366039433
e1/W/R3/16,W,3,quintuplet,1.0,10,0.47559618541991,12.21385777449107,272,True,0.03893906366039433
e1/W/R3/17,W,3,annealing,0.6,10,0.0,3.644588251556298,322,False,0.0
e1/W/R3/17,W,3,quadruplet,0.0,10,0.0,3.644588251556298,322,False,0.0
e1/W/R3/17,W,3,quintuplet,0.0,10,0.0,3.644588251556298,322,False,0.0
e1/W/R3/18,W,3,annealing,0.7,10,0.08328934818010048,8.037030234381643,180,True,0.010363199558936166
e1/W/R3/18,W,3,quadruplet,0.0,10,0.08328934818010048,8.037030234381643,180,True,0.010363199558936166
e1/W/R3/18,W,3,quintuplet,0.0,10,0.08328934818010048,8.037030234381643,180,True,0.010363199558936166
e1/W/R3/19,W,3,annealing,0.8,10,0.0,4.958085480946579,426,False,0.0
e1/W/R3/19,W,3,quadruplet,0.1,10,0.0,4.958085480946579,426,False,0.0
e1/W/R3/19,W,3,quintuplet,0.6,10,0.0,4.958085480946579,426,False,0.0
e1/W/R3/2,W,3,annealing,1.0,10,0.9369065888816497,14.05359883322476,376,True,0.0666666666666666
e1/W/R3/2,W,3,quadruplet,1.0,10,0.9369065888816497,14.05359883322476,376,True,0.0666666666666666
e1/W/R3/2,W,3,quintuplet,1.0,10,0.9369065888816497,14.05359883322476,376,True,0.0666666666666666
e1/W/R3/2,W,3,random,0.0,10,0.9369065888816497,14.05359883322476,376,True,0.0666666666666666
e1/W/R3/20,W,3,annealing,1.0,10,0.949609556898519,16.14336246727481,327,True,0.05882352941176476
e1/W/R3/20,W,3,quadruplet,1.0,10,0.949609556898519,16.14336246727481,327,True,0.05882352941176476
e1/W/R3/20,W,3,quintuplet,1.0,10,0.949609556898519,16.14336246727481,327,True,0.05882352941176476
e1/W/R3/21,W,3,annealing,1.0,10,0.5966223599508496,10.142580119164428,389,True,0.05882352941176479
e1/W/R3/21,W,3,quadruplet,1.0,10,0.5966223599508496,10.142580119164428,389,True,0.05882352941176479
e1/W/R3/21,W,3,quintuplet,1.0,10,0.5966223599508496,10.142580119164428,389,True,0.05882352941176479
e1/W/R3/22,W,3,annealing,0.6,10,0.2386311123813254,10.144661840937793,341,True,0.02352282571099145
e1/W/R3/22,W,3,quadruplet,0.0,10,0.2386311123813254,10.144661840937793,341,True,0.02352282571099145
e1/W/R3/22,W,3,quintuplet,0.1,10,0.2386311123813254,10.144661840937793,341,True,0.02352282571099145
e1/W/R3/23,W,3,annealing,1.0,10,0.35237023174568716,5.990293939676683,500,True,0.05882352941176469
e1/W/R3/23,W,3,quadruplet,1.0,10,0.35237023174568716,5.990293939676683,500,True,0.05882352941176469
e1/W/R3/23,W,3,quintuplet,1.0,10,0.35237023174568716,5.990293939676683,500,True,0.05882352941176469
e1/W/R3/24,W,3,annealing,0.4,10,0.0373606430535709,7.627763553625082,207,True,0.004897981274709979
e1/W/R3/24,W,3,quadruplet,0.0,10,0.0373606430535709,7.627763553625082,207,True,0.004897981274709979
e1/W/R3/24,W,3,quintuplet,0.3,10,0.0373606430535709,7.627763553625082,207,True,0.004897981274709979
e1/W/R3/25,W,3,annealing,1.0,10,0.5761086937764031,9.793847794198857,257,True,0.05882352941176468
e1/W/R3/25,W,3,quadruplet,1.0,10,0.5761086937764031,9.793847794198857,257,True,0.05882352941176468
e1/W/R3/25,W,3,quintuplet,1.0,10,0.5761086937764031,9.793847794198857,257,True,0.05882352941176468
e1/W/R3/26,W,3,annealing,0.7,10,0.0,2.3947648542472324,482,False,0.0
e1/W/R3/26,W,3,quadruplet,0.5,10,0.0,2.3947648542472324,482,False,0.0
e1/W/R3/26,W,3,quintuplet,0.9,10,0.0,2.3947648542472324,482,False,0.0
e1/W/R3/27,W,3,annealing,0.3,10,0.9089474788046621,8.508171760086617,207,True,0.10683229070065325
e1/W/R3/27,W,3,quadruplet,0.5,10,0.9089474788046621,8.508171760086617,207,True,0.10683229070065325
e1/W/R3/27,W,3,quintuplet,0.5,10,0.9089474788046621,8.508171760086617,207,True,0.10683229070065325
e1/W/R3/28,W,3,annealing,1.0,10,0.691789888761452,11.760428108944698,354,True,0.058823529411764636
e1/W/R3/28,W,3,quadruplet,0.9,10,0.691789888761452,11.760428108944698,354,True,0.058823529411764636
e1/W/R3/28,W,3,quintuplet,1.0,10,0.691789888761452,11.760428108944698,354,True,0.058823529411764636
e1/W/R3/29,W,3,annealing,0.9,10,0.0,8.227498170078238,109,False,0.0
e1/W/R3/29,W,3,quadruplet,0.2,10,0.0,8.227498170078238,109,False,0.0
e1/W/R3/29,W,3,quintuplet,0.6,10,0.0,8.227498170078238,109,False,0.0
e1/W/R3/3,W,3,annealing,0.5,10,0.0,4.132837781774754,414,False,0.0
e1/W/R3/3,W,3,quadruplet,0.0,10,0.0,4.132837781774754,414,False,0.0
e1/W/R3/3,W,3,quintuplet,0.3,10,0.0,4.132837781774754,414,False,0.0
e1/W/R3/3,W,3,random,0.0,10,0.0,4.132837781774754,414,False,0.0
e1/W/R3/30,W,3,annealing,0.5,10,0.06241530955350871,3.737322303586571,131,True,0.01670054238929595
e1/W/R3/30,W,3,quadruplet,0.0,10,0.06241530955350871,3.737322303586571,131,True,0.01670054238929595
e1/W/R3/30,W,3,quintuplet,0.0,10,0.06241530955350871,3.737322303586571,131,True,0.01670054238929595
e1/W/R3/31,W,3,annealing,0.3,10,0.0,5.6836989381403065,388,False,0.0
e1/W/R3/31,W,3,quadruplet,0.2,10,0.0,5.6836989381403065,388,False,0.0
e1/W/R3/31,W,3,quintuplet,0.2,10,0.0,5.6836989381403065,388,False,0.0
e1/W/R3/32,W,3,annealing,1.0,10,0.16367705381665942,10.968845449745036,512,True,0.014921994713715653
e1/W/R3/32,W,3,quadruplet,0.8,10,0.16367705381665942,10.968845449745036,512,True,0.014921994713715653
e1/W/R3/32,W,3,quintuplet,0.9,10,0.16367705381665942,10.968845449745036,512,True,0.014921994713715653
e1/W/R3/33,W,3,annealing,0.2,10,0.0,2.022760641849569,442,False,0.0
e1/W/R3/33,W,3,quadruplet,0.0,10,0.0,2.022760641849569,442,False,0.0
e1/W/R3/33,W,3,quintuplet,0.4,10,0.0,2.022760641849569,442,False,0.0
e1/W/R3/34,W,3,annealing,0.5,10,0.0,7.409269402238231,272,False,0.0
e1/W/R3/34,W,3,quadruplet,0.6,10,0.0,7.409269402238231,272,False,0.0
e1/W/R3/34,W,3,quintuplet,0.9,10,0.0,7.409269402238231,272,False,0.0
e1/W/R3/35,W,3,annealing,1.0,10,0.3355667792437371,8.082546262757566,322,True,0.04151745852540905
e1/W/R3/35,W,3,quadruplet,1.0,10,0.3355667792437371,8.082546262757566,322,True,0.04151745852540905
e1/W/R3/35,W,3,quintuplet,1.0,10,0.3355667792437371,8.082546262757566,322,True,0.04151745852540905
e1/W/R3/36,W,3,annealing,1.0,10,0.0,6.364130079334929,278,False,0.0
e1/W/R3/36,W,3,quadruplet,0.0,10,0.0,6.364130079334929,278,False,0.0
e1/W/R3/36,W,3,quintuplet,0.0,10,0.0,6.364130079334929,278,False,0.0
e1/W/R3/37,W,3,annealing,0.3,10,0.4426699895330497,5.045852168757181,316,True,0.08772948051747652
e1/W/R3/37,W,3,quadruplet,1.0,10,0.4426699895330497,5.045852168757181,316,True,0.08772948051747652
e1/W/R3/37,W,3,quintuplet,1.0,10,0.4426699895330497,5.045852168757181,316,True,0.08772948051747652
e1/W/R3/38,W,3,annealing,0.3,10,0.0,1.413456479022516,329,False,0.0
e1/W/R3/38,W,3,quadruplet,0.0,10,0.0,1.413456479022516,329,False,0.0
e1/W/R3/38,W,3,quintuplet,0.0,10,0.0,1.413456479022516,329,False,0.0
e1/W/R3/39,W,3,annealing,0.9,10,0.0,6.316269831001057,201,False,0.0
e1/W/R3/39,W,3,quadruplet,0.4,10,0.0,6.316269831001057,201,False,0.0
e1/W/R3/39,W,3,quintuplet,0.6,10,0.0,6.316269831001057,201,False,0.0
e1/W/R3/4,W,3,annealing,0.8,10,0.0,3.5707381189619856,232,False,0.0
e1/W/R3/4,W,3,quadruplet,0.2,10,0.0,3.5707381189619856,232,False,0.0
e1/W/R3/4,W,3,quintuplet,0.3,10,0.0,3.5707381189619856,232,False,0.0
e1/W/R3/4,W,3,random,0.2,10,0.0,3.5707381189619856,232,False,0.0
e1/W/R3/40,W,3,annealing,0.3,10,0.0,4.061583339251561,510,False,0.0
e1/W/R3/40,W,3,quadruplet,0.4,10,0.0,4.061583339251561,510,False,0.0
e1/W/R3/40,W,3,quintuplet,0.3,10,0.0,4.061583339251561,510,False,0.0
e1/W/R3/41,W,3,annealing,0.8,10,0.0,5.509059577106199,328,False,0.0
e1/W/R3/41,W,3,quadruplet,0.3,10,0.0,5.509059577106199,328,False,0.0
e1/W/R3/41,W,3,quintuplet,0.0,10,0.0,5.509059577106199,328,False,0.0
e1/W/R3/42,W,3,annealing,0.1,10,0.5396267751244128,5.704407816397204,270,True,0.09459821115405996
e1/W/R3/42,W,3,quadruplet,0.5,10,0.5396267751244128,5.704407816397204,270,True,0.09459821115405996
e1/W/R3/42,W,3,quintuplet,0.5,10,0.5396267751244128,5.704407816397204,270,True,0.09459821115405996
e1/W/R3/43,W,3,annealing,0.9,10,0.0,2.348647877667779,271,False,0.0
e1/W/R3/43,W,3,quadruplet,1.0,10,0.0,2.348647877667779,271,False,0.0
e1/W/R3/43,W,3,quintuplet,1.0,10,0.0,2.348647877667779,271,False,0.0
e1/W/R3/44,W,3,annealing,0.6,10,0.6721222061998553,4.48515475068362,512,True,0.14985485307890695
e1/W/R3/44,W,3,quadruplet,0.8,10,0.6721222061998553,4.48515475068362,512,True,0.14985485307890695
e1/W/R3/44,W,3,quintuplet,0.6,10,0.6721222061998553,4.48515475068362,512,True,0.14985485307890695
e1/W/R3/45,W,3,annealing,0.6,10,0.0,4.573598378241954,270,False,0.0
e1/W/R3/45,W,3,quadruplet,0.5,10,0.0,4.573598378241954,270,False,0.0
e1/W/R3/45,W,3,quintuplet,0.8,10,0.0,4.573598378241954,270,False,0.0
e1/W/R3/46,W,3,annealing,0.2,10,0.0,4.778775349887939,510,False,0.0
e1/W/R3/46,W,3,quadruplet,0.2,10,0.0,4.778775349887939,510,False,0.0
e1/W/R3/46,W,3,quintuplet,0.2,10,0.0,4.778775349887939,510,False,0.0
e1/W/R3/47,W,3,annealing,0.9,10,0.0,3.0257219992682556,510,False,0.0
e1/W/R3/47,W,3,quadruplet,1.0,10,0.0,3.0257219992682556,510,False,0.0
e1/W/R3/47,W,3,quintuplet,1.0,10,0.0,3.0257219992682556,510,False,0.0
e1/W/R3/48,W,3,annealing,0.7,10,0.9578631436091358,7.662905148873089,497,True,0.12499999999999996
e1/W/R3/48,W,3,quadruplet,0.0,10,0.9578631436091358,7.662905148873089,497,True,0.12499999999999996
e1/W/R3/48,W,3,quintuplet,0.8,10,0.9578631436091358,7.662905148873089,497,True,0.12499999999999996
e1/W/R3/49,W,3,annealing,0.5,10,0.0,8.516784670136195,320,False,0.0
e1/W/R3/49,W,3,quadruplet,0.5,10,0.0,8.516784670136195,320,False,0.0
e1/W/R3/49,W,3,quintuplet,0.4,10,0.0,8.516784670136195,320,False,0.0
e1/W/R3/5,W,3,annealing,0.8,10,0.0,2.682691323694111,307,False,0.0
e1/W/R3/5,W,3,quadruplet,0.2,10,0.0,2.682691323694111,307,False,0.0
e1/W/R3/5,W,3,quintuplet,0.1,10,0.0,2.682691323694111,307,False,0.0
e1/W/R3/5,W,3,random,0.1,10,0.0,2.682691323694111,307,False,0.0
e1/W/R3/50,W,3,annealing,0.5,10,0.0,4.535940379805878,334,False,0.0
e1/W/R3/50,W,3,quadruplet,0.0,10,0.0,4.535940379805878,334,False,0.0
e1/W/R3/50,W,3,quintuplet,0.0,10,0.0,4.535940379805878,334,False,0.0
e1/W/R3/51,W,3,annealing,1.0,10,0.0,5.836254345715244,512,False,0.0
e1/W/R3/51,W,3,quadruplet,1.0,10,0.0,5.836254345715244,512,False,0.0
e1/W/R3/51,W,3,quintuplet,1.0,10,0.0,5.836254345715244,512,False,0.0
e1/W/R3/52,W,3,annealing,0.5,10,0.0,4.1468835850067665,270,False,0.0
e1/W/R3/52,W,3,quadruplet,0.0,10,0.0,4.1468835850067665,270,False,0.0
e1/W/R3/52,W,3,quintuplet,0.0,10,0.0,4.1468835850067665,270,False,0.0
e1/W/R3/53,W,3,annealing,0.1,10,0.16246072070001438,1.192339959984191,328,True,0.13625369118901995
e1/W/R3/53,W,3,quadruplet,0.4,10,0.16246072070001438,1.192339959984191,328,True,0.13625369118901995
e1/W/R3/53,W,3,quintuplet,0.1,10,0.16246072070001438,1.192339959984191,328,True,0.13625369118901995
e1/W/R3/54,W,3,annealing,1.0,10,0.3523292347454783,7.19406631156442,441,True,0.048974977361427856
e1/W/R3/54,W,3,quadruplet,0.9,10,0.3523292347454783,7.19406631156442,441,True,0.048974977361427856
e1/W/R3/54,W,3,quintuplet,0.9,10,0.3523292347454783,7.19406631156442,441,True,0.048974977361427856
e1/W/R3/55,W,3,annealing,0.2,10,0.20042669886325726,6.789156793590756,247,True,0.02952158934559713
e1/W/R3/55,W,3,quadruplet,0.0,10,0.20042669886325726,6.789156793590756,247,True,0.02952158934559713
e1/W/R3/55,W,3,quintuplet,0.0,10,0.20042669886325726,6.789156793590756,247,True,0.02952158934559713
e1/W/R3/56,W,3,annealing,1.0,10,0.9663940265937487,15.126542419177282,203,True,0.06388730483236961
e1/W/R3/56,W,3,quadruplet,1.0,10,0.9663940265937487,15.126542419177282,203,True,0.06388730483236961
e1/W/R3/56,W,3,quintuplet,1.0,10,0.9663940265937487,15.126542419177282,203,True,0.06388730483236961
e1/W/R3/57,W,3,annealing,1.0,10,0.9249983150856345,14.799973041370155,221,True,0.062499999999999986
e1/W/R3/57,W,3,quadruplet,1.0,10,0.9249983150856345,14.799973041370155,221,True,0.062499999999999986
e1/W/R3/57,W,3,quintuplet,1.0,10,0.9249983150856345,14.799973041370155,221,True,0.062499999999999986
e1/W/R3/58,W,3,annealing,0.7,10,0.2599414753583229,7.918061686882256,391,True,0.03282892779036622
e1/W/R3/58,W,3,quadruplet,0.8,10,0.2599414753583229,7.918061686882256,391,True,0.03282892779036622
e1/W/R3/58,W,3,quintuplet,0.7,10,0.2599414753583229,7.918061686882256,391,True,0.03282892779036622
e1/W/R3/59,W,3,annealing,0.4,10,0.11112560173748998,3.927679392143717,233,True,0.02829294110913618
e1/W/R3/59,W,3,quadruplet,0.0,10,0.11112560173748998,3.927679392143717,233,True,0.02829294110913618
e1/W/R3/59,W,3,quintuplet,0.0,10,0.11112560173748998,3.927679392143717,233,True,0.02829294110913618
e1/W/R3/6,W,3,annealing,0.4,10,0.0,6.308529478055486,206,False,0.0
e1/W/R3/6,W,3,quadruplet,0.1,10,0.0,6.308529478055486,206,False,0.0
e1/W/R3/6,W,3,quintuplet,0.2,10,0.0,6.308529478055486,206,False,0.0
e1/W/R3/6,W,3,random,0.0,10,0.0,6.308529478055486,206,False,0.0
e1/W/R3/60,W,3,annealing,1.0,10,0.0,5.218122095726255,272,False,0.0
e1/W/R3/60,W,3,quadruplet,0.0,10,0.0,5.218122095726255,272,False,0.0
e1/W/R3/60,W,3,quintuplet,0.0,10,0.0,5.218122095726255,272,False,0.0
e1/W/R3/61,W,3,annealing,1.0,10,0.9534314430873856,14.301471646310784,212,True,0.06666666666666667
e1/W/R3/61,W,3,quadruplet,1.0,10,0.9534314430873856,14.301471646310784,212,True,0.06666666666666667
e1/W/R3/61,W,3,quintuplet,1.0,10,0.9534314430873856,14.301471646310784,212,True,0.06666666666666667
e1/W/R3/62,W,3,annealing,0.7,10,0.0,2.9257974828929534,388,False,0.0
e1/W/R3/62,W,3,quadruplet,0.0,10,0.0,2.9257974828929534,388,False,0.0
e1/W/R3/62,W,3,quintuplet,0.8,10,0.0,2.9257974828929534,388,False,0.0
e1/W/R3/63,W,3,annealing,0.4,10,0.0,2.3293306931087443,482,False,0.0
e1/W/R3/63,W,3,quadruplet,0.2,10,0.0,2.3293306931087443,482,False,0.0
e1/W/R3/63,W,3,quintuplet,0.5,10,0.0,2.3293306931087443,482,False,0.0
e1/W/R3/64,W,3,annealing,0.6,10,0.5059559470685215,10.837700619647887,128,True,0.0466848056451443
e1/W/R3/64,W,3,quadruplet,0.3,10,0.5059559470685215,10.837700619647887,128,True,0.0466848056451443
e1/W/R3/64,W,3,quintuplet,0.7,10,0.5059559470685215,10.837700619647887,128,True,0.0466848056451443
e1/W/R3/65,W,3,annealing,1.0,10,0.7776011977748905,13.7175571491154,318,True,0.05668656520414317
e1/W/R3/65,W,3,quadruplet,0.9,10,0.7776011977748905,13.7175571491154,318,True,0.05668656520414317
e1/W/R3/65,W,3,quintuplet,1.0,10,0.7776011977748905,13.7175571491154,318,True,0.05668656520414317
e1/W/R3/66,W,3,annealing,1.0,10,0.0,3.4601210425751994,508,False,0.0
e1/W/R3/66,W,3,quadruplet,0.0,10,0.0,3.4601210425751994,508,False,0.0
e1/W/R3/66,W,3,quintuplet,0.5,10,0.0,3.4601210425751994,508,False,0.0
e1/W/R3/67,W,3,annealing,0.3,10,0.3193242288075844,11.738198494599452,245,True,0.027203853210907968
e1/W/R3/67,W,3,quadruplet,0.6,10,0.3193242288075844,11.738198494599452,245,True,0.027203853210907968
e1/W/R3/67,W,3,quintuplet,0.6,10,0.3193242288075844,11.738198494599452,245,True,0.027203853210907968
e1/W/R3/68,W,3,annealing,0.8,10,0.0,3.682017159114963,256,False,0.0
e1/W/R3/68,W,3,quadruplet,0.3,10,0.0,3.682017159114963,256,False,0.0
e1/W/R3/68,W,3,quintuplet,0.5,10,0.0,3.682017159114963,256,False,0.0
e1/W/R3/69,W,3,annealing,0.5,10,0.20533807499904633,7.024904352454736,306,True,0.029230017192660333
e1/W/R3/69,W,3,quadruplet,0.0,10,0.20533807499904633,7.024904352454736,306,True,0.029230017192660333
e1/W/R3/69,W,3,quintuplet,0.0,10,0.20533807499904633,7.024904352454736,306,True,0.029230017192660333
e1/W/R3/7,W,3,annealing,1.0,10,0.3478686848974437,5.913767643256543,324,True,0.058823529411764705
e1/W/R3/7,W,3,quadruplet,1.0,10,0.3478686848974437,5.913767643256543,324,True,0.058823529411764705
e1/W/R3/7,W,3,quintuplet,1.0,10,0.3478686848974437,5.913767643256543,324,True,0.058823529411764705
e1/W/R3/7,W,3,random,0.0,10,0.3478686848974437,5.913767643256543,324,True,0.058823529411764705
e1/W/R3/70,W,3,annealing,0.7,10,0.0,5.7029941578763985,260,False,0.0
e1/W/R3/70,W,3,quadruplet,0.6,10,0.0,5.7029941578763985,260,False,0.0
e1/W/R3/70,W,3,quintuplet,1.0,10,0.0,5.7029941578763985,260,False,0.0
e1/W/R3/71,W,3,annealing,0.7,10,0.0,2.0148386993371097,317,False,0.0
e1/W/R3/71,W,3,quadruplet,0.3,10,0.0,2.0148386993371097,317,False,0.0
e1/W/R3/71,W,3,quintuplet,0.4,10,0.0,2.0148386993371097,317,False,0.0
e1/W/R3/72,W,3,annealing,1.0,10,0.43071788965688373,7.322204124167018,355,True,0.05882352941176475
e1/W/R3/72,W,3,quadruplet,1.0,10,0.43071788965688373,7.322204124167018,355,True,0.05882352941176475
e1/W/R3/72,W,3,quintuplet,1.0,10,0.43071788965688373,7.322204124167018,355,True,0.05882352941176475
e1/W/R3/73,W,3,annealing,0.1,10,0.12364305650061702,5.101179252241812,377,True,0.02423813208412147
e1/W/R3/73,W,3,quadruplet,0.0,10,0.12364305650061702,5.101179252241812,377,True,0.02423813208412147
e1/W/R3/73,W,3,quintuplet,0.1,10,0.12364305650061702,5.101179252241812,377,True,0.02423813208412147
e1/W/R3/74,W,3,annealing,1.0,10,1.066278137168453,15.994172057526816,512,True,0.06666666666666658
e1/W/R3/74,W,3,quadruplet,1.0,10,1.066278137168453,15.994172057526816,512,True,0.06666666666666658
e1/W/R3/74,W,3,quintuplet,1.0,10,1.066278137168453,15.994172057526816,512,True,0.06666666666666658
e1/W/R3/75,W,3,annealing,0.9,10,0.0,7.194659195359213,123,False,0.0
e1/W/R3/75,W,3,quadruplet,0.6,10,0.0,7.194659195359213,123,False,0.0
e1/W/R3/75,W,3,quintuplet,0.7,10,0.0,7.194659195359213,123,False,0.0
e1/W/R3/76,W,3,annealing,0.0,10,0.031734926392012586,2.67507803483019,207,True,0.011863177813437906
e1/W/R3/76,W,3,quadruplet,0.3,10,0.031734926392012586,2.67507803483019,207,True,0.011863177813437906
e1/W/R3/76,W,3,quintuplet,0.6,10,0.031734926392012586,2.67507803483019,207,True,0.011863177813437906
e1/W/R3/77,W,3,annealing,0.5,10,0.5522265237869046,8.21007158303322,173,True,0.0672620839175295
e1/W/R3/77,W,3,quadruplet,1.0,10,0.5522265237869046,8.21007158303322,173,True,0.0672620839175295
e1/W/R3/77,W,3,quintuplet,1.0,10,0.5522265237869046,8.21007158303322,173,True,0.0672620839175295
e1/W/R3/78,W,3,annealing,0.6,10,0.21285674187895331,7.977383994515471,339,True,0.026682524249214325
e1/W/R3/78,W,3,quadruplet,1.0,10,0.21285674187895331,7.977383994515471,339,True,0.026682524249214325
e1/W/R3/78,W,3,quintuplet,1.0,10,0.21285674187895331,7.977383994515471,339,True,0.026682524249214325
e1/W/R3/79,W,3,annealing,0.7,10,0.12438094946372757,11.33276588923222,128,True,0.010975339178400182
e1/W/R3/79,W,3,quadruplet,0.0,10,0.12438094946372757,11.33276588923222,128,True,0.010975339178400182
e1/W/R3/79,W,3,quintuplet,0.0,10,0.12438094946372757,11.33276588923222,128,True,0.010975339178400182
e1/W/R3/8,W,3,annealing,0.9,10,0.0,5.632294940273246,451,False,0.0
e1/W/R3/8,W,3,quadruplet,0.0,10,0.0,5.632294940273246,451,False,0.0
e1/W/R3/8,W,3,quintuplet,0.4,10,0.0,5.632294940273246,451,False,0.0
e1/W/R3/8,W,3,random,0.0,10,0.0,5.632294940273246,451,False,0.0
e1/W/R3/80,W,3,annealing,0.7,10,0.0,4.740872577167222,266,False,0.0
e1/W/R3/80,W,3,quadruplet,0.1,10,0.0,4.740872577167222,266,False,0.0
e1/W/R3/80,W,3,quintuplet,0.2,10,0.0,4.740872577167222,266,False,0.0
e1/W/R3/81,W,3,annealing,1.0,10,0.9059806738964618,14.495690782343395,175,True,0.06249999999999997
e1/W/R3/81,W,3,quadruplet,1.0,10,0.9059806738964618,14.495690782343395,175,True,0.06249999999999997
e1/W/R3/81,W,3,quintuplet,1.0,10,0.9059806738964618,14.495690782343395,175,True,0.06249999999999997
e1/W/R3/82,W,3,annealing,0.7,10,0.0,5.341786743001018,207,False,0.0
e1/W/R3/82,W,3,quadruplet,0.5,10,0.0,5.341786743001018,207,False,0.0
e1/W/R3/82,W,3,quintuplet,0.4,10,0.0,5.341786743001018,207,False,0.0
e1/W/R3/83,W,3,annealing,1.0,10,0.8126639338174115,22.772603566274725,342,True,0.03568603525953145
e1/W/R3/83,W,3,quadruplet,0.9,10,0.8126639338174115,22.772603566274725,342,True,0.03568603525953145
e1/W/R3/83,W,3,quintuplet,0.9,10,0.8126639338174115,22.772603566274725,342,True,0.03568603525953145
e1/W/R3/84,W,3,annealing,0.8,10,0.6248615857295539,7.795518244601668,192,True,0.08015651636275309
e1/W/R3/84,W,3,quadruplet,0.1,10,0.6248615857295539,7.795518244601668,192,True,0.08015651636275309
e1/W/R3/84,W,3,quintuplet,0.6,10,0.6248615857295539,7.795518244601668,192,True,0.08015651636275309
e1/W/R3/85,W,3,annealing,0.5,10,0.0,2.718750397479592,327,False,0.0
e1/W/R3/85,W,3,quadruplet,1.0,10,0.0,2.718750397479592,327,False,0.0
e1/W/R3/85,W,3,quintuplet,1.0,10,0.0,2.718750397479592,327,False,0.0
e1/W/R3/86,W,3,annealing,0.5,10,0.0,6.226800675881028,192,False,0.0
e1/W/R3/86,W,3,quadruplet,0.0,10,0.0,6.226800675881028,192,False,0.0
e1/W/R3/86,W,3,quintuplet,0.0,10,0.0,6.226800675881028,192,False,0.0
e1/W/R3/87,W,3,annealing,0.7,10,0.8692908235294556,6.10939329821483,191,True,0.14228758586936335
e1/W/R3/87,W,3,quadruplet,0.0,10,0.8692908235294556,6.10939329821483,191,True,0.14228758586936335
e1/W/R3/87,W,3,quintuplet,0.2,10,0.8692908235294556,6.10939329821483,191,True,0.14228758586936335
e1/W/R3/88,W,3,annealing,1.0,10,0.5655301541654154,7.942632770848748,223,True,0.07120185088262403
e1/W/R3/88,W,3,quadruplet,0.1,10,0.5655301541654154,7.942632770848748,223,True,0.07120185088262403
e1/W/R3/88,W,3,quintuplet,0.5,10,0.5655301541654154,7.942632770848748,223,True,0.07120185088262403
e1/W/R3/89,W,3,annealing,1.0,10,0.0,12.643275404651813,144,False,0.0
e1/W/R3/89,W,3,quadruplet,0.0,10,0.0,12.643275404651813,144,False,0.0
e1/W/R3/89,W,3,quintuplet,0.4,10,0.0,12.643275404651813,144,False,0.0
e1/W/R3/9,W,3,annealing,0.8,10,0.11312755235884797,5.660665108282036,208,True,0.019984851637545688
e1/W/R3/9,W,3,quadruplet,0.1,10,0.11312755235884797,5.660665108282036,208,True,0.019984851637545688
e1/W/R3/9,W,3,quintuplet,0.2,10,0.11312755235884797,5.660665108282036,208,True,0.019984851637545688
e1/W/R3/9,W,3,random,0.0,10,0.11312755235884797,5.660665108282036,208,True,0.019984851637545688
e1/W/R3/90,W,3,annealing,1.0,10,0.0,7.99078057209854,241,False,0.0
e1/W/R3/90,W,3,quadruplet,1.0,10,0.0,7.99078057209854,241,False,0.0
e1/W/R3/90,W,3,quintuplet,1.0,10,0.0,7.99078057209854,241,False,0.0
e1/W/R3/91,W,3,annealing,0.3,10,0.0,7.1824683944696925,481,False,0.0
e1/W/R3/91,W,3,quadruplet,0.0,10,0.0,7.1824683944696925,481,False,0.0
e1/W/R3/91,W,3,quintuplet,0.0,10,0.0,7.1824683944696925,481,False,0.0
e1/W/R3/92,W,3,annealing,1.0,10,0.21052249811544854,15.43863926967811,89,True,0.013636078571310377
e1/W/R3/92,W,3,quadruplet,0.6,10,0.21052249811544854,15.43863926967811,89,True,0.013636078571310377
e1/W/R3/92,W,3,quintuplet,0.7,10,0.21052249811544854,15.43863926967811,89,True,0.013636078571310377
e1/W/R3/93,W,3,annealing,1.0,10,0.0,4.910949280730581,455,False,0.0
e1/W/R3/93,W,3,quadruplet,1.0,10,0.0,4.910949280730581,455,False,0.0
e1/W/R3/93,W,3,quintuplet,1.0,10,0.0,4.910949280730581,455,False,0.0
e1/W/R3/94,W,3,annealing,0.6,10,0.15616607980117614,4.384184230488339,482,True,0.035620327885669475
e1/W/R3/94,W,3,quadruplet,0.0,10,0.15616607980117614,4.384184230488339,482,True,0.035620327885669475
e1/W/R3/94,W,3,quintuplet,0.1,10,0.15616607980117614,4.384184230488339,482,True,0.035620327885669475
e1/W/R3/95,W,3,annealing,1.0,10,0.6901741348003085,11.732960291605245,324,True,0.058823529411764705
e1/W/R3/95,W,3,quadruplet,1.0,10,0.6901741348003085,11.732960291605245,324,True,0.058823529411764705
e1/W/R3/95,W,3,quintuplet,1.0,10,0.6901741348003085,11.732960291605245,324,True,0.058823529411764705
e1/W/R3/96,W,3,annealing,1.0,10,0.9024606849297871,15.341831643806369,270,True,0.058823529411764754
e1/W/R3/96,W,3,quadruplet,1.0,10,0.9024606849297871,15.341831643806369,270,True,0.058823529411764754
e1/W/R3/96,W,3,quintuplet,1.0,10,0.9024606849297871,15.341831643806369,270,True,0.058823529411764754
e1/W/R3/97,W,3,annealing,1.0,10,0.486491328647471,7.783861258359542,222,True,0.06249999999999996
e1/W/R3/97,W,3,quadruplet,1.0,10,0.486491328647471,7.783861258359542,222,True,0.06249999999999996
e1/W/R3/97,W,3,quintuplet,1.0,10,0.486491328647471,7.783861258359542,222,True,0.06249999999999996
e1/W/R3/98,W,3,annealing,1.0,10,0.8823741688071287,15.000360869721197,246,True,0.05882352941176467
e1/W/R3/98,W,3,quadruplet,1.0,10,0.8823741688071287,15.000360869721197,246,True,0.05882352941176467
e1/W/R3/98,W,3,quintuplet,1.0,10,0.8823741688071287,15.000360869721197,246,True,0.05882352941176467
e1/W/R3/99,W,3,annealing,1.0,10,0.7574272578561914,12.876263383555248,337,True,0.05882352941176473
e1/W/R3/99,W,3,quadruplet,1.0,10,0.7574272578561914,12.876263383555248,337,True,0.05882352941176473
e1/W/R3/99,W,3,quintuplet,1.0,10,0.7574272578561914,12.876263383555248,337,True,0.05882352941176473
e1/W/R4/0,W,4,annealing,0.5,10,0.0,3.053881976009185,391,False,0.0
e1/W/R4/0,W,4,quadruplet,0.8,10,0.0,3.053881976009185,391,False,0.0
e1/W/R4/0,W,4,quintuplet,1.0,10,0.0,3.053881976009185,391,False,0.0
e1/W/R4/0,W,4,random,0.1,10,0.0,3.053881976009185,391,False,0.0
e1/W/R4/1,W,4,annealing,0.9,10,0.13744180464839761,4.475092020169403,272,True,0.030712620886663867
e1/W/R4/1,W,4,quadruplet,0.9,10,0.13744180464839761,4.475092020169403,272,True,0.030712620886663867
e1/W/R4/1,W,4,quintuplet,0.9,10,0.13744180464839761,4.475092020169403,272,True,0.030712620886663867
e1/W/R4/1,W,4,random,0.0,10,0.13744180464839761,4.475092020169403,272,True,0.030712620886663867
e1/W/R4/10,W,4,annealing,0.9,10,0.0,3.1646742189159256,247,False,0.0
e1/W/R4/10,W,4,quadruplet,0.4,10,0.0,3.1646742189159256,247,False,0.0
e1/W/R4/10,W,4,quintuplet,0.6,10,0.0,3.1646742189159256,247,False,0.0
e1/W/R4/11,W,4,annealing,0.2,10,0.48605148226035055,16.827049168639707,208,True,0.028885128782186995
e1/W/R4/11,W,4,quadruplet,0.0,10,0.48605148226035055,16.827049168639707,208,True,0.028885128782186995
e1/W/R4/11,W,4,quintuplet,0.3,10,0.48605148226035055,16.827049168639707,208,True,0.028885128782186995
e1/W/R4/12,W,4,annealing,0.8,10,0.969693884777822,16.48479604122298,324,True,0.05882352941176468
e1/W/R4/12,W,4,quadruplet,1.0,10,0.969693884777822,16.48479604122298,324,True,0.05882352941176468
e1/W/R4/12,W,4,quintuplet,1.0,10,0.969693884777822,16.48479604122298,324,True,0.05882352941176468
e1/W/R4/13,W,4,annealing,1.0,10,0.6186543828483728,10.517124508422343,300,True,0.05882352941176468
e1/W/R4/13,W,4,quadruplet,1.0,10,0.6186543828483728,10.517124508422343,300,True,0.05882352941176468
e1/W/R4/13,W,4,quintuplet,0.9,10,0.6186543828483728,10.517124508422343,300,True,0.05882352941176468
e1/W/R4/14,W,4,annealing,1.0,10,0.005974304863062496,2.8687594120209625,510,True,0.0020825395249348434
e1/W/R4/14,W,4,quadruplet,0.6,10,0.005974304863062496,2.8687594120209625,510,True,0.0020825395249348434
e1/W/R4/14,W,4,quintuplet,0.4,10,0.005974304863062496,2.8687594120209625,510,True,0.0020825395249348434
e1/W/R4/15,W,4,annealing,0.5,10,0.0,4.354070005056482,272,False,0.0
e1/W/R4/15,W,4,quadruplet,0.0,10,0.0,4.354070005056482,272,False,0.0
e1/W/R4/15,W,4,quintuplet,0.1,10,0.0,4.354070005056482,272,False,0.0
e1/W/R4/16,W,4,annealing,0.6,10,0.18565619256831223,7.904945536509491,336,True,0.023486081176757937
e1/W/R4/16,W,4,quadruplet,0.0,10,0.18565619256831223,7.904945536509491,336,True,0.023486081176757937
e1/W/R4/16,W,4,quintuplet,0.0,10,0.18565619256831223,7.904945536509491,336,True,0.023486081176757937
e1/W/R4/17,W,4,annealing,0.6,10,0.0,7.856256804495012,392,False,0.0
e1/W/R4/17,W,4,quadruplet,0.0,10,0.0,7.856256804495012,392,False,0.0
e1/W/R4/17,W,4,quintuplet,0.0,10,0.0,7.856256804495012,392,False,0.0
e1/W/R4/18,W,4,annealing,0.3,10,0.0,10.427907047957943,418,False,0.0
e1/W/R4/18,W,4,quadruplet,1.0,10,0.0,10.427907047957943,418,False,0.0
e1/W/R4/18,W,4,quintuplet,1.0,10,0.0,10.427907047957943,418,False,0.0
e1/W/R4/19,W,4,annealing,0.8,10,0.26588062208685237,5.375451206852653,497,True,0.04946201013747578
e1/W/R4/19,W,4,quadruplet,0.3,10,0.26588062208685237,5.375451206852653,497,True,0.04946201013747578
e1/W/R4/19,W,4,quintuplet,0.5,10,0.26588062208685237,5.375451206852653,497,True,0.04946201013747578
e1/W/R4/2,W,4,annealing,1.0,10,0.0905243636977846,3.842313412404927,484,True,0.023559859381987496
e1/W/R4/2,W,4,quadruplet,0.1,10,0.0905243636977846,3.842313412404927,484,True,0.023559859381987496
e1/W/R4/2,W,4,quintuplet,0.2,10,0.0905243636977846,3.842313412404927,484,True,0.023559859381987496
e1/W/R4/2,W,4,random,0.0,10,0.0905243636977846,3.842313412404927,484,True,0.023559859381987496
e1/W/R4/20,W,4,annealing,0.7,10,0.19337774971958765,4.260628332094998,295,True,0.0453871435494355
e1/W/R4/20,W,4,quadruplet,0.0,10,0.19337774971958765,4.260628332094998,295,True,0.0453871435494355
e1/W/R4/20,W,4,quintuplet,0.1,10,0.19337774971958765,4.260628332094998,295,True,0.0453871435494355
e1/W/R4/21,W,4,annealing,1.0,10,0.3780795574373723,9.753394302596249,272,True,0.038763895491924445
e1/W/R4/21,W,4,quadruplet,1.0,10,0.3780795574373723,9.753394302596249,272,True,0.038763895491924445
e1/W/R4/21,W,4,quintuplet,1.0,10,0.3780795574373723,9.753394302596249,272,True,0.038763895491924445
e1/W/R4/22,W,4,annealing,0.8,10,0.0,5.691716938391824,192,False,0.0
e1/W/R4/22,W,4,quadruplet,0.7,10,0.0,5.691716938391824,192,False,0.0
e1/W/R4/22,W,4,quintuplet,1.0,10,0.0,5.691716938391824,192,False,0.0
e1/W/R4/23,W,4,annealing,0.6,10,0.0,10.210254074005732,482,False,0.0
e1/W/R4/23,W,4,quadruplet,0.1,10,0.0,10.210254074005732,482,False,0.0
e1/W/R4/23,W,4,quintuplet,0.4,10,0.0,10.210254074005732,482,False,0.0
e1/W/R4/24,W,4,annealing,1.0,10,0.0,4.756949916190609,391,False,0.0
e1/W/R4/24,W,4,quadruplet,0.4,10,0.0,4.756949916190609,391,False,0.0
e1/W/R4/24,W,4,quintuplet,0.5,10,0.0,4.756949916190609,391,False,0.0
e1/W/R4/25,W,4,annealing,0.7,10,0.0,8.80839489375737,302,False,0.0
e1/W/R4/25,W,4,quadruplet,1.0,10,0.0,8.80839489375737,302,False,0.0
e1/W/R4/25,W,4,quintuplet,1.0,10,0.0,8.80839489375737,302,False,0.0
e1/W/R4/26,W,4,annealing,0.3,10,0.22144586569312885,7.69143140935056,483,True,0.028791242345854454
e1/W/R4/26,W,4,quadruplet,0.6,10,0.22144586569312885,7.69143140935056,483,True,0.028791242345854454
e1/W/R4/26,W,4,quintuplet,0.6,10,0.22144586569312885,7.69143140935056,483,True,0.028791242345854454
e1/W/R4/27,W,4,annealing,1.0,10,0.0,6.92263750614412,272,False,0.0
e1/W/R4/27,W,4,quadruplet,0.0,10,0.0,6.92263750614412,272,False,0.0
e1/W/R4/27,W,4,quintuplet,0.2,10,0.0,6.92263750614412,272,False,0.0
e1/W/R4/28,W,4,annealing,1.0,10,0.0,9.212720206074046,215,False,0.0
e1/W/R4/28,W,4,quadruplet,0.0,10,0.0,9.212720206074046,215,False,0.0
e1/W/R4/28,W,4,quintuplet,0.2,10,0.0,9.212720206074046,215,False,0.0
e1/W/R4/29,W,4,annealing,0.2,10,0.19961865425918734,6.454609356232352,351,True,0.03092652757775997
e1/W/R4/29,W,4,quadruplet,0.0,10,0.19961865425918734,6.454609356232352,351,True,0.03092652757775997
e1/W/R4/29,W,4,quintuplet,0.1,10,0.19961865425918734,6.454609356232352,351,True,0.03092652757775997
e1/W/R4/3,W,4,annealing,0.7,10,0.23870823035032895,6.413613480396109,456,True,0.03721899223892522
e1/W/R4/3,W,4,quadruplet,0.0,10,0.23870823035032895,6.413613480396109,456,True,0.03721899223892522
e1/W/R4/3,W,4,quintuplet,0.1,10,0.23870823035032895,6.413613480396109,456,True,0.03721899223892522
e1/W/R4/3,W,4,random,0.0,10,0.23870823035032895,6.413613480396109,456,True,0.03721899223892522
e1/W/R4/30,W,4,annealing,0.3,10,0.1294759695894121,4.034608870257811,482,True,0.03209133121772436
e1/W/R4/30,W,4,quadruplet,0.0,10,0.1294759695894121,4.034608870257811,482,True,0.03209133121772436
e1/W/R4/30,W,4,quintuplet,0.0,10,0.1294759695894121,4.034608870257811,482,True,0.03209133121772436
e1/W/R4/31,W,4,annealing,1.0,10,0.7747653148740472,13.171010352858822,418,True,0.05882352941176462
e1/W/R4/31,W,4,quadruplet,1.0,10,0.7747653148740472,13.171010352858822,418,True,0.05882352941176462
e1/W/R4/31,W,4,quintuplet,1.0,10,0.7747653148740472,13.171010352858822,418,True,0.05882352941176462
e1/W/R4/32,W,4,annealing,1.0,10,0.0,7.049113884206214,484,False,0.0
e1/W/R4/32,W,4,quadruplet,0.0,10,0.0,7.049113884206214,484,False,0.0
e1/W/R4/32,W,4,quintuplet,0.1,10,0.0,7.049113884206214,484,False,0.0
e1/W/R4/33,W,4,annealing,0.6,10,0.01693896059385347,3.916060458090168,356,True,0.004325510490743156
e1/W/R4/33,W,4,quadruplet,0.1,10,0.01693896059385347,3.916060458090168,356,True,0.004325510490743156
e1/W/R4/33,W,4,quintuplet,0.1,10,0.01693896059385347,3.916060458090168,356,True,0.004325510490743156
e1/W/R4/34,W,4,annealing,0.6,10,0.8966453081045369,5.508767173181701,483,True,0.16276696398963275
e1/W/R4/34,W,4,quadruplet,0.9,10,0.8966453081045369,5.508767173181701,483,True,0.16276696398963275
e1/W/R4/34,W,4,quintuplet,1.0,10,0.8966453081045369,5.508767173181701,483,True,0.16276696398963275
e1/W/R4/35,W,4,annealing,0.4,10,0.6189001043336511,7.662591589970501,497,True,0.0807690318695471
e1/W/R4/35,W,4,quadruplet,0.0,10,0.6189001043336511,7.662591589970501,497,True,0.0807690318695471
e1/W/R4/35,W,4,quintuplet,0.1,10,0.6189001043336511,7.662591589970501,497,True,0.0807690318695471
e1/W/R4/36,W,4,annealing,0.1,10,0.08756892195393462,5.571078088922491,510,True,0.015718487616976022
e1/W/R4/36,W,4,quadruplet,0.0,10,0.08756892195393462,5.571078088922491,510,True,0.015718487616976022
e1/W/R4/36,W,4,quintuplet,0.1,10,0.08756892195393462,5.571078088922491,510,True,0.015718487616976022
e1/W/R4/37,W,4,annealing,0.8,10,0.0,3.997300117715403,374,False,0.0
e1/W/R4/37,W,4,quadruplet,0.1,10,0.0,3.997300117715403,374,False,0.0
e1/W/R4/37,W,4,quintuplet,0.5,10,0.0,3.997300117715403,374,False,0.0
e1/W/R4/38,W,4,annealing,0.1,10,0.07944296053670907,5.101955758605898,511,True,0.015571079855544796
e1/W/R4/38,W,4,quadruplet,0.0,10,0.07944296053670907,5.101955758605898,511,True,0.015571079855544796
e1/W/R4/38,W,4,quintuplet,0.2,10,0.07944296053670907,5.101955758605898,511,True,0.015571079855544796
e1/W/R4/39,W,4,annealing,1.0,10,0.3378047474984065,5.7426807074729105,432,True,0.058823529411764705
e1/W/R4/39,W,4,quadruplet,1.0,10,0.3378047474984065,5.7426807074729105,432,True,0.058823529411764705
e1/W/R4/39,W,4,quintuplet,1.0,10,0.3378047474984065,5.7426807074729105,432,True,0.058823529411764705
e1/W/R4/4,W,4,annealing,0.8,10,0.0,3.4437391526457595,422,False,0.0
e1/W/R4/4,W,4,quadruplet,0.0,10,0.0,3.4437391526457595,422,False,0.0
e1/W/R4/4,W,4,quintuplet,0.9,10,0.0,3.4437391526457595,422,False,0.0
e1/W/R4/4,W,4,random,0.0,10,0.0,3.4437391526457595,422,False,0.0
e1/W/R4/40,W,4,annealing,0.4,10,0.0,11.197218350605821,301,False,0.0
e1/W/R4/40,W,4,quadruplet,0.0,10,0.0,11.197218350605821,301,False,0.0
e1/W/R4/40,W,4,quintuplet,0.0,10,0.0,11.197218350605821,301,False,0.0
e1/W/R4/41,W,4,annealing,1.0,10,0.7855490227037549,12.568784363260079,496,True,0.0625
e1/W/R4/41,W,4,quadruplet,0.8,10,0.7855490227037549,12.568784363260079,496,True,0.0625
e1/W/R4/41,W,4,quintuplet,0.7,10,0.7855490227037549,12.568784363260079,496,True,0.0625
e1/W/R4/42,W,4,annealing,0.8,10,0.0,10.563927416357354,482,False,0.0
e1/W/R4/42,W,4,quadruplet,0.0,10,0.0,10.563927416357354,482,False,0.0
e1/W/R4/42,W,4,quintuplet,0.7,10,0.0,10.563927416357354,482,False,0.0
e1/W/R4/43,W,4,annealing,0.5,10,0.02914029144920871,6.645725091149793,144,True,0.004384817465292877
e1/W/R4/43,W,4,quadruplet,0.3,10,0.02914029144920871,6.645725091149793,144,True,0.004384817465292877
e1/W/R4/43,W,4,quintuplet,0.4,10,0.02914029144920871,6.645725091149793,144,True,0.004384817465292877
e1/W/R4/44,W,4,annealing,0.9,10,0.9188677377446588,15.620751541659185,219,True,0.05882352941176476
e1/W/R4/44,W,4,quadruplet,1.0,10,0.9188677377446588,15.620751541659185,219,True,0.05882352941176476
e1/W/R4/44,W,4,quintuplet,1.0,10,0.9188677377446588,15.620751541659185,219,True,0.05882352941176476
e1/W/R4/45,W,4,annealing,0.5,10,0.0,10.559321148286156,325,False,0.0
e1/W/R4/45,W,4,quadruplet,0.0,10,0.0,10.559321148286156,325,False,0.0
e1/W/R4/45,W,4,quintuplet,0.0,10,0.0,10.559321148286156,325,False,0.0
e1/W/R4/46,W,4,annealing,0.5,10,0.07060125660662742,5.657091091403361,221,True,0.012480134306819742
e1/W/R4/46,W,4,quadruplet,0.4,10,0.07060125660662742,5.657091091403361,221,True,0.012480134306819742
e1/W/R4/46,W,4,quintuplet,0.2,10,0.07060125660662742,5.657091091403361,221,True,0.012480134306819742
e1/W/R4/47,W,4,annealing,0.1,10,0.0,7.3514751651490835,510,False,0.0
e1/W/R4/47,W,4,quadruplet,0.1,10,0.0,7.3514751651490835,510,False,0.0
e1/W/R4/47,W,4,quintuplet,0.5,10,0.0,7.3514751651490835,510,False,0.0
e1/W/R4/48,W,4,annealing,1.0,10,0.8918669051541048,15.161737387619793,316,True,0.05882352941176466
e1/W/R4/48,W,4,quadruplet,1.0,10,0.8918669051541048,15.161737387619793,316,True,0.05882352941176466
e1/W/R4/48,W,4,quintuplet,1.0,10,0.8918669051541048,15.161737387619793,316,True,0.05882352941176466
e1/W/R4/49,W,4,annealing,0.9,10,0.0,6.7294150400420625,208,False,0.0
e1/W/R4/49,W,4,quadruplet,0.0,10,0.0,6.7294150400420625,208,False,0.0
e1/W/R4/49,W,4,quintuplet,0.1,10,0.0,6.7294150400420625,208,False,0.0
e1/W/R4/5,W,4,annealing,1.0,10,0.6079782917447076,13.57094804691623,247,True,0.04479998668058128
e1/W/R4/5,W,4,quadruplet,1.0,10,0.6079782917447076,13.57094804691623,247,True,0.04479998668058128
e1/W/R4/5,W,4,quintuplet,1.0,10,0.6079782917447076,13.57094804691623,247,True,0.04479998668058128
e1/W/R4/5,W,4,random,0.0,10,0.6079782917447076,13.57094804691623,247,True,0.04479998668058128
e1/W/R4/50,W,4,annealing,0.3,10,0.1304986032327804,4.567319887399582,370,True,0.028572249470154847
e1/W/R4/50,W,4,quadruplet,0.0,10,0.1304986032327804,4.567319887399582,370,True,0.028572249470154847
e1/W/R4/50,W,4,quintuplet,0.0,10,0.1304986032327804,4.567319887399582,370,True,0.028572249470154847
e1/W/R4/51,W,4,annealing,1.0,10,0.0,5.887232395352431,375,False,0.0
e1/W/R4/51,W,4,quadruplet,0.9,10,0.0,5.887232395352431,375,False,0.0
e1/W/R4/51,W,4,quintuplet,1.0,10,0.0,5.887232395352431,375,False,0.0
e1/W/R4/52,W,4,annealing,0.5,10,0.0,2.828955827967415,375,False,0.0
e1/W/R4/52,W,4,quadruplet,0.0,10,0.0,2.828955827967415,375,False,0.0
e1/W/R4/52,W,4,quintuplet,0.0,10,0.0,2.828955827967415,375,False,0.0
e1/W/R4/53,W,4,annealing,0.4,10,0.0,6.528000632079817,232,False,0.0
e1/W/R4/53,W,4,quadruplet,0.0,10,0.0,6.528000632079817,232,False,0.0
e1/W/R4/53,W,4,quintuplet,0.2,10,0.0,6.528000632079817,232,False,0.0
e1/W/R4/54,W,4,annealing,0.4,10,0.0,5.01380124810677,392,False,0.0
e1/W/R4/54,W,4,quadruplet,0.2,10,0.0,5.01380124810677,392,False,0.0
e1/W/R4/54,W,4,quintuplet,0.3,10,0.0,5.01380124810677,392,False,0.0
e1/W/R4/55,W,4,annealing,0.7,10,0.0,7.127480043041674,320,False,0.0
e1/W/R4/55,W,4,quadruplet,0.0,10,0.0,7.127480043041674,320,False,0.0
e1/W/R4/55,W,4,quintuplet,0.4,10,0.0,7.127480043041674,320,False,0.0
e1/W/R4/56,W,4,annealing,0.5,10,0.046862942715598876,8.670527296889638,208,True,0.0054048549887398345
e1/W/R4/56,W,4,quadruplet,0.0,10,0.046862942715598876,8.670527296889638,208,True,0.0054048549887398345
e1/W/R4/56,W,4,quintuplet,0.0,10,0.046862942715598876,8.670527296889638,208,True,0.0054048549887398345
e1/W/R4/57,W,4,annealing,1.0,10,0.0,6.505887325391799,481,False,0.0
e1/W/R4/57,W,4,quadruplet,0.1,10,0.0,6.505887325391799,481,False,0.0
e1/W/R4/57,W,4,quintuplet,0.4,10,0.0,6.505887325391799,481,False,0.0
e1/W/R4/58,W,4,annealing,0.8,10,0.0,4.519520376335521,272,False,0.0
e1/W/R4/58,W,4,quadruplet,0.3,10,0.0,4.519520376335521,272,False,0.0
e1/W/R4/58,W,4,quintuplet,0.8,10,0.0,4.519520376335521,272,False,0.0
e1/W/R4/59,W,4,annealing,0.8,10,0.11682335561418533,9.000745108609003,197,True,0.012979298291921022
e1/W/R4/59,W,4,quadruplet,0.1,10,0.11682335561418533,9.000745108609003,197,True,0.012979298291921022
e1/W/R4/59,W,4,quintuplet,0.1,10,0.11682335561418533,9.000745108609003,197,True,0.012979298291921022
e1/W/R4/6,W,4,annealing,0.2,10,0.19869022940480185,5.290109966405204,272,True,0.03755880892204177
e1/W/R4/6,W,4,quadruplet,0.3,10,0.19869022940480185,5.290109966405204,272,True,0.03755880892204177
e1/W/R4/6,W,4,quintuplet,0.7,10,0.19869022940480185,5.290109966405204,272,True,0.03755880892204177
e1/W/R4/6,W,4,random,0.0,10,0.19869022940480185,5.290109966405204,272,True,0.03755880892204177
e1/W/R4/60,W,4,annealing,0.7,10,0.8638639046739147,15.14732438069727,220,True,0.057030791905055174
e1/W/R4/60,W,4,quadruplet,1.0,10,0.8638639046739147,15.14732438069727,220,True,0.057030791905055174
e1/W/R4/60,W,4,quintuplet,0.9,10,0.8638639046739147,15.14732438069727,220,True,0.057030791905055174
e1/W/R4/61,W,4,annealing,1.0,10,0.11406360780037694,8.359964434646217,377,True,0.01364403026975365
e1/W/R4/61,W,4,quadruplet,0.1,10,0.11406360780037694,8.359964434646217,377,True,0.01364403026975365
e1/W/R4/61,W,4,quintuplet,0.1,10,0.11406360780037694,8.359964434646217,377,True,0.01364403026975365
e1/W/R4/62,W,4,annealing,1.0,10,0.06594085029694696,7.0915607281426,204,True,0.009298496173806015
e1/W/R4/62,W,4,quadruplet,0.7,10,0.06594085029694696,7.0915607281426,204,True,0.009298496173806015
e1/W/R4/62,W,4,quintuplet,0.2,10,0.06594085029694696,7.0915607281426,204,True,0.009298496173806015
e1/W/R4/63,W,4,annealing,0.2,10,0.09440759357276107,4.303227500349506,469,True,0.021938787471750754
e1/W/R4/63,W,4,quadruplet,0.1,10,0.09440759357276107,4.303227500349506,469,True,0.021938787471750754
e1/W/R4/63,W,4,quintuplet,0.1,10,0.09440759357276107,4.303227500349506,469,True,0.021938787471750754
e1/W/R4/64,W,4,annealing,0.6,10,0.0,10.671476661686704,331,False,0.0
e1/W/R4/64,W,4,quadruplet,0.1,10,0.0,10.671476661686704,331,False,0.0
e1/W/R4/64,W,4,quintuplet,0.1,10,0.0,10.671476661686704,331,False,0.0
e1/W/R4/65,W,4,annealing,0.8,10,0.0,7.544749752201407,249,False,0.0
e1/W/R4/65,W,4,quadruplet,0.0,10,0.0,7.544749752201407,249,False,0.0
e1/W/R4/65,W,4,quintuplet,0.1,10,0.0,7.544749752201407,249,False,0.0
e1/W/R4/66,W,4,annealing,0.8,10,0.0,6.307766167107591,389,False,0.0
e1/W/R4/66,W,4,quadruplet,0.3,10,0.0,6.307766167107591,389,False,0.0
e1/W/R4/66,W,4,quintuplet,0.5,10,0.0,6.307766167107591,389,False,0.0
e1/W/R4/67,W,4,annealing,1.0,10,0.0,4.906312355112028,271,False,0.0
e1/W/R4/67,W,4,quadruplet,0.5,10,0.0,4.906312355112028,271,False,0.0
e1/W/R4/67,W,4,quintuplet,1.0,10,0.0,4.906312355112028,271,False,0.0
e1/W/R4/68,W,4,annealing,1.0,10,0.0,6.430068318780648,392,False,0.0
e1/W/R4/68,W,4,quadruplet,0.1,10,0.0,6.430068318780648,392,False,0.0
e1/W/R4/68,W,4,quintuplet,0.2,10,0.0,6.430068318780648,392,False,0.0
e1/W/R4/69,W,4,annealing,0.4,10,0.04757836691088535,14.126829654059273,496,True,0.003367943698338144
e1/W/R4/69,W,4,quadruplet,0.1,10,0.04757836691088535,14.126829654059273,496,True,0.003367943698338144
e1/W/R4/69,W,4,quintuplet,0.7,10,0.04757836691088535,14.126829654059273,496,True,0.003367943698338144
e1/W/R4/7,W,4,annealing,0.2,10,0.38099315982737636,11.841698784899545,219,True,0.03217386008105664
e1/W/R4/7,W,4,quadruplet,0.1,10,0.38099315982737636,11.841698784899545,219,True,0.03217386008105664
e1/W/R4/7,W,4,quintuplet,0.4,10,0.38099315982737636,11.841698784899545,219,True,0.03217386008105664
e1/W/R4/7,W,4,random,0.0,10,0.38099315982737636,11.841698784899545,219,True,0.03217386008105664
e1/W/R4/70,W,4,annealing,1.0,10,0.7934854860257889,13.489253262438424,337,True,0.05882352941176465
e1/W/R4/70,W,4,quadruplet,1.0,10,0.7934854860257889,13.489253262438424,337,True,0.05882352941176465
e1/W/R4/70,W,4,quintuplet,1.0,10,0.7934854860257889,13.489253262438424,337,True,0.05882352941176465
e1/W/R4/71,W,4,annealing,0.4,10,0.48568883953156927,6.282530556006156,271,True,0.07730783562480986
e1/W/R4/71,W,4,quadruplet,0.1,10,0.48568883953156927,6.282530556006156,271,True,0.07730783562480986
e1/W/R4/71,W,4,quintuplet,0.1,10,0.48568883953156927,6.282530556006156,271,True,0.07730783562480986
e1/W/R4/72,W,4,annealing,1.0,10,0.0,5.469637044593813,483,False,0.0
e1/W/R4/72,W,4,quadruplet,1.0,10,0.0,5.469637044593813,483,False,0.0
e1/W/R4/72,W,4,quintuplet,1.0,10,0.0,5.469637044593813,483,False,0.0
e1/W/R4/73,W,4,annealing,0.7,10,0.0,4.31232425989204,392,False,0.0
e1/W/R4/73,W,4,quadruplet,0.4,10,0.0,4.31232425989204,392,False,0.0
e1/W/R4/73,W,4,quintuplet,0.4,10,0.0,4.31232425989204,392,False,0.0
e1/W/R4/74,W,4,annealing,0.5,10,0.0,15.373699980864004,331,False,0.0
e1/W/R4/74,W,4,quadruplet,0.9,10,0.0,15.373699980864004,331,False,0.0
e1/W/R4/74,W,4,quintuplet,1.0,10,0.0,15.373699980864004,331,False,0.0
e1/W/R4/75,W,4,annealing,0.6,10,0.0,7.621115622938478,171,False,0.0
e1/W/R4/75,W,4,quadruplet,0.0,10,0.0,7.621115622938478,171,False,0.0
e1/W/R4/75,W,4,quintuplet,0.0,10,0.0,7.621115622938478,171,False,0.0
e1/W/R4/76,W,4,annealing,0.6,10,0.2571621610781101,9.664038913298544,330,True,0.02661021580989631
e1/W/R4/76,W,4,quadruplet,0.7,10,0.2571621610781101,9.664038913298544,330,True,0.02661021580989631
e1/W/R4/76,W,4,quintuplet,0.8,10,0.2571621610781101,9.664038913298544,330,True,0.02661021580989631
e1/W/R4/77,W,4,annealing,1.0,10,1.3984623336467976,22.77483145298389,308,True,0.06140384997069102
e1/W/R4/77,W,4,quadruplet,1.0,10,1.3984623336467976,22.77483145298389,308,True,0.06140384997069102
e1/W/R4/77,W,4,quintuplet,1.0,10,1.3984623336467976,22.77483145298389,308,True,0.06140384997069102
e1/W/R4/78,W,4,annealing,0.5,10,0.0,4.790031443955363,418,False,0.0
e1/W/R4/78,W,4,quadruplet,0.1,10,0.0,4.790031443955363,418,False,0.0
e1/W/R4/78,W,4,quintuplet,0.1,10,0.0,4.790031443955363,418,False,0.0
e1/W/R4/79,W,4,annealing,0.8,10,0.3938111415566352,4.42653566666152,484,True,0.08896599309537392
e1/W/R4/79,W,4,quadruplet,1.0,10,0.3938111415566352,4.42653566666152,484,True,0.08896599309537392
e1/W/R4/79,W,4,quintuplet,1.0,10,0.3938111415566352,4.42653566666152,484,True,0.08896599309537392
e1/W/R4/8,W,4,annealing,0.6,10,0.14593566979502892,7.942999489136577,391,True,0.018372866571956997
e1/W/R4/8,W,4,quadruplet,0.1,10,0.14593566979502892,7.942999489136577,391,True,0.018372866571956997
e1/W/R4/8,W,4,quintuplet,0.3,10,0.14593566979502892,7.942999489136577,391,True,0.018372866571956997
e1/W/R4/8,W,4,random,0.0,10,0.14593566979502892,7.942999489136577,391,True,0.018372866571956997
e1/W/R4/80,W,4,annealing,0.6,10,0.0,4.581289889110159,416,False,0.0
e1/W/R4/80,W,4,quadruplet,1.0,10,0.0,4.581289889110159,416,False,0.0
e1/W/R4/80,W,4,quintuplet,1.0,10,0.0,4.581289889110159,416,False,0.0
e1/W/R4/81,W,4,annealing,1.0,10,0.0,7.752163930788125,370,False,0.0
e1/W/R4/81,W,4,quadruplet,0.0,10,0.0,7.752163930788125,370,False,0.0
e1/W/R4/81,W,4,quintuplet,0.1,10,0.0,7.752163930788125,370,False,0.0
e1/W/R4/82,W,4,annealing,1.0,10,0.14413276526663843,12.079502282292077,257,True,0.011932011923862921
e1/W/R4/82,W,4,quadruplet,0.1,10,0.14413276526663843,12.079502282292077,257,True,0.011932011923862921
e1/W/R4/82,W,4,quintuplet,0.0,10,0.14413276526663843,12.079502282292077,257,True,0.011932011923862921
e1/W/R4/83,W,4,annealing,1.0,10,0.3786339791100275,10.248365042519838,173,True,0.03694579355234697
e1/W/R4/83,W,4,quadruplet,0.0,10,0.3786339791100275,10.248365042519838,173,True,0.03694579355234697
e1/W/R4/83,W,4,quintuplet,0.0,10,0.3786339791100275,10.248365042519838,173,True,0.03694579355234697
e1/W/R4/84,W,4,annealing,1.0,10,0.0,14.300575557829976,340,False,0.0
e1/W/R4/84,W,4,quadruplet,0.9,10,0.0,14.300575557829976,340,False,0.0
e1/W/R4/84,W,4,quintuplet,0.8,10,0.0,14.300575557829976,340,False,0.0
e1/W/R4/85,W,4,annealing,1.0,10,0.3159632721662984,9.581199889711248,281,True,0.03297742201429227
e1/W/R4/85,W,4,quadruplet,1.0,10,0.3159632721662984,9.581199889711248,281,True,0.03297742201429227
e1/W/R4/85,W,4,quintuplet,0.9,10,0.3159632721662984,9.581199889711248,281,True,0.03297742201429227
e1/W/R4/86,W,4,annealing,0.8,10,0.08441438808621005,6.1435838755385355,384,True,0.013740251585449451
e1/W/R4/86,W,4,quadruplet,0.3,10,0.08441438808621005,6.1435838755385355,384,True,0.013740251585449451
e1/W/R4/86,W,4,quintuplet,0.8,10,0.08441438808621005,6.1435838755385355,384,True,0.013740251585449451
e1/W/R4/87,W,4,annealing,0.7,10,0.0,8.053984764503646,242,False,0.0
e1/W/R4/87,W,4,quadruplet,0.0,10,0.0,8.053984764503646,242,False,0.0
e1/W/R4/87,W,4,quintuplet,0.4,10,0.0,8.053984764503646,242,False,0.0
e1/W/R4/88,W,4,annealing,0.5,10,0.1732332936602532,11.838250582236302,221,True,0.014633352492149105
e1/W/R4/88,W,4,quadruplet,0.5,10,0.1732332936602532,11.838250582236302,221,True,0.014633352492149105
e1/W/R4/88,W,4,quintuplet,0.6,10,0.1732332936602532,11.838250582236302,221,True,0.014633352492149105
e1/W/R4/89,W,4,annealing,0.9,10,0.0,7.4428504652558285,330,False,0.0
e1/W/R4/89,W,4,quadruplet,0.5,10,0.0,7.4428504652558285,330,False,0.0
e1/W/R4/89,W,4,quintuplet,0.8,10,0.0,7.4428504652558285,330,False,0.0
e1/W/R4/9,W,4,annealing,0.8,10,0.0,6.353504124420762,510,False,0.0
e1/W/R4/9,W,4,quadruplet,0.2,10,0.0,6.353504124420762,510,False,0.0
e1/W/R4/9,W,4,quintuplet,0.0,10,0.0,6.353504124420762,510,False,0.0
e1/W/R4/9,W,4,random,0.0,10,0.0,6.353504124420762,510,False,0.0
e1/W/R4/90,W,4,annealing,0.8,10,0.06956050351278709,6.223193062523234,220,True,0.01117762261493834
e1/W/R4/90,W,4,quadruplet,0.0,10,0.06956050351278709,6.223193062523234,220,True,0.01117762261493834
e1/W/R4/90,W,4,quintuplet,0.0,10,0.06956050351278709,6.223193062523234,220,True,0.01117762261493834
e1/W/R4/91,W,4,annealing,0.7,10,0.35996550229894275,11.977892966654766,370,True,0.03005248947382065
e1/W/R4/91,W,4,quadruplet,0.0,10,0.35996550229894275,11.977892966654766,370,True,0.03005248947382065
e1/W/R4/91,W,4,quintuplet,0.0,10,0.35996550229894275,11.977892966654766,370,True,0.03005248947382065
e1/W/R4/92,W,4,annealing,1.0,10,0.9291272545205285,15.795163326848972,470,True,0.058823529411764754
e1/W/R4/92,W,4,quadruplet,1.0,10,0.9291272545205285,15.795163326848972,470,True,0.058823529411764754
e1/W/R4/92,W,4,quintuplet,1.0,10,0.9291272545205285,15.795163326848972,470,True,0.058823529411764754
e1/W/R4/93,W,4,annealing,0.8,10,0.0,8.41727372198267,341,False,0.0
e1/W/R4/93,W,4,quadruplet,0.5,10,0.0,8.41727372198267,341,False,0.0
e1/W/R4/93,W,4,quintuplet,0.7,10,0.0,8.41727372198267,341,False,0.0
e1/W/R4/94,W,4,annealing,1.0,10,0.0,4.4582255359023195,512,False,0.0
e1/W/R4/94,W,4,quadruplet,0.1,10,0.0,4.4582255359023195,512,False,0.0
e1/W/R4/94,W,4,quintuplet,0.3,10,0.0,4.4582255359023195,512,False,0.0
e1/W/R4/95,W,4,annealing,1.0,10,0.6003329909146142,12.291951204875241,428,True,0.04883951952856026
e1/W/R4/95,W,4,quadruplet,0.0,10,0.6003329909146142,12.291951204875241,428,True,0.04883951952856026
e1/W/R4/95,W,4,quintuplet,0.0,10,0.6003329909146142,12.291951204875241,428,True,0.04883951952856026
e1/W/R4/96,W,4,annealing,0.6,10,0.1798920899240386,6.708372427915506,271,True,0.026816055884949803
e1/W/R4/96,W,4,quadruplet,0.0,10,0.1798920899240386,6.708372427915506,271,True,0.026816055884949803
e1/W/R4/96,W,4,quintuplet,0.7,10,0.1798920899240386,6.708372427915506,271,True,0.026816055884949803
e1/W/R4/97,W,4,annealing,0.9,10,0.0,5.099378047049342,494,False,0.0
e1/W/R4/97,W,4,quadruplet,0.0,10,0.0,5.099378047049342,494,False,0.0
e1/W/R4/97,W,4,quintuplet,0.1,10,0.0,5.099378047049342,494,False,0.0
e1/W/R4/98,W,4,annealing,1.0,10,1.4907063222338657,24.31532527937037,484,True,0.06130727453186127
e1/W/R4/98,W,4,quadruplet,1.0,10,1.4907063222338657,24.31532527937037,484,True,0.06130727453186127
e1/W/R4/98,W,4,quintuplet,1.0,10,1.4907063222338657,24.31532527937037,484,True,0.06130727453186127
e1/W/R4/99,W,4,annealing,0.8,10,0.0,4.099221517025011,510,False,0.0
e1/W/R4/99,W,4,quadruplet,0.0,10,0.0,4.099221517025011,510,False,0.0
e1/W/R4/99,W,4,quintuplet,0.0,10,0.0,4.099221517025011,510,False,0.0
e1/W/R5/0,W,5,annealing,0.5,10,0.007087502964520098,10.204883571591893,301,True,0.0006945207081294016
e1/W/R5/0,W,5,quadruplet,0.8,10,0.007087502964520098,10.204883571591893,301,True,0.0006945207081294016
e1/W/R5/0,W,5,quintuplet,0.9,10,0.007087502964520098,10.204883571591893,301,True,0.0006945207081294016
e1/W/R5/0,W,5,random,0.0,10,0.007087502964520098,10.204883571591893,301,True,0.0006945207081294016
e1/W/R5/1,W,5,annealing,1.0,10,0.0,6.091632256347233,484,False,0.0
e1/W/R5/1,W,5,quadruplet,0.0,10,0.0,6.091632256347233,484,False,0.0
e1/W/R5/1,W,5,quintuplet,0.0,10,0.0,6.091632256347233,484,False,0.0
e1/W/R5/1,W,5,random,0.0,10,0.0,6.091632256347233,484,False,0.0
e1/W/R5/10,W,5,annealing,0.4,10,0.0,4.189123185798433,510,False,0.0
e1/W/R5/10,W,5,quadruplet,0.0,10,0.0,4.189123185798433,510,False,0.0
e1/W/R5/10,W,5,quintuplet,0.1,10,0.0,4.189123185798433,510,False,0.0
e1/W/R5/11,W,5,annealing,1.0,10,0.049445998928446144,13.335554983412523,508,True,0.0037078321067214467
e1/W/R5/11,W,5,quadruplet,0.6,10,0.049445998928446144,13.335554983412523,508,True,0.0037078321067214467
e1/W/R5/11,W,5,quintuplet,0.4,10,0.049445998928446144,13.335554983412523,508,True,0.0037078321067214467
e1/W/R5/12,W,5,annealing,0.9,10,0.6308006388862557,8.60223664817051,370,True,0.0733298402131743
e1/W/R5/12,W,5,quadruplet,0.0,10,0.6308006388862557,8.60223664817051,370,True,0.0733298402131743
e1/W/R5/12,W,5,quintuplet,0.0,10,0.6308006388862557,8.60223664817051,370,True,0.0733298402131743
e1/W/R5/13,W,5,annealing,1.0,10,0.28063629177260907,10.719397927074167,272,True,0.026180228934668166
e1/W/R5/13,W,5,quadruplet,0.5,10,0.28063629177260907,10.719397927074167,272,True,0.026180228934668166
e1/W/R5/13,W,5,quintuplet,0.9,10,0.28063629177260907,10.719397927074167,272,True,0.026180228934668166
e1/W/R5/14,W,5,annealing,1.0,10,0.19541999650714104,13.747310946479352,483,True,0.01421514340280399
e1/W/R5/14,W,5,quadruplet,0.7,10,0.19541999650714104,13.747310946479352,483,True,0.01421514340280399
e1/W/R5/14,W,5,quintuplet,0.4,10,0.19541999650714104,13.747310946479352,483,True,0.01421514340280399
e1/W/R5/15,W,5,annealing,1.0,10,0.340727847987246,18.919881294629384,432,True,0.018008984447696576
e1/W/R5/15,W,5,quadruplet,1.0,10,0.340727847987246,18.919881294629384,432,True,0.018008984447696576
e1/W/R5/15,W,5,quintuplet,0.8,10,0.340727847987246,18.919881294629384,432,True,0.018008984447696576
e1/W/R5/16,W,5,annealing,0.9,10,0.0,9.994083143396121,249,False,0.0
e1/W/R5/16,W,5,quadruplet,0.1,10,0.0,9.994083143396121,249,False,0.0
e1/W/R5/16,W,5,quintuplet,0.1,10,0.0,9.994083143396121,249,False,0.0
e1/W/R5/17,W,5,annealing,0.5,10,0.0,8.145429690946075,483,False,0.0
e1/W/R5/17,W,5,quadruplet,0.4,10,0.0,8.145429690946075,483,False,0.0
e1/W/R5/17,W,5,quintuplet,0.5,10,0.0,8.145429690946075,483,False,0.0
e1/W/R5/18,W,5,annealing,1.0,10,0.6378695806177728,10.20591328988437,512,True,0.062499999999999965
e1/W/R5/18,W,5,quadruplet,1.0,10,0.6378695806177728,10.20591328988437,512,True,0.062499999999999965
e1/W/R5/18,W,5,quintuplet,1.0,10,0.6378695806177728,10.20591328988437,512,True,0.062499999999999965
e1/W/R5/19,W,5,annealing,0.8,10,0.25007820889876164,12.789882350835427,214,True,0.01955281542385937
e1/W/R5/19,W,5,quadruplet,0.0,10,0.25007820889876164,12.789882350835427,214,True,0.01955281542385937
e1/W/R5/19,W,5,quintuplet,0.1,10,0.25007820889876164,12.789882350835427,214,True,0.01955281542385937
e1/W/R5/2,W,5,annealing,1.0,10,0.22982072191163372,7.381212725500636,433,True,0.03113590279245691
e1/W/R5/2,W,5,quadruplet,0.1,10,0.22982072191163372,7.381212725500636,433,True,0.03113590279245691
e1/W/R5/2,W,5,quintuplet,0.8,10,0.22982072191163372,7.381212725500636,433,True,0.03113590279245691
e1/W/R5/2,W,5,random,0.1,10,0.22982072191163372,7.381212725500636,433,True,0.03113590279245691
e1/W/R5/20,W,5,annealing,0.3,10,0.145157582668749,6.373022194332431,208,True,0.02277688328119092
e1/W/R5/20,W,5,quadruplet,0.7,10,0.145157582668749,6.373022194332431,208,True,0.02277688328119092
e1/W/R5/20,W,5,quintuplet,0.5,10,0.145157582668749,6.373022194332431,208,True,0.02277688328119092
e1/W/R5/21,W,5,annealing,0.3,10,0.0,3.8259512381068306,405,False,0.0
e1/W/R5/21,W,5,quadruplet,0.0,10,0.0,3.8259512381068306,405,False,0.0
e1/W/R5/21,W,5,quintuplet,0.2,10,0.0,3.8259512381068306,405,False,0.0
e1/W/R5/22,W,5,annealing,0.6,10,0.14293644348006396,12.913895469064052,392,True,0.011068421904333676
e1/W/R5/22,W,5,quadruplet,0.0,10,0.14293644348006396,12.913895469064052,392,True,0.011068421904333676
e1/W/R5/22,W,5,quintuplet,0.0,10,0.14293644348006396,12.913895469064052,392,True,0.011068421904333676
e1/W/R5/23,W,5,annealing,1.0,10,0.15516915387683738,13.556397467439362,272,True,0.011446193891078567
e1/W/R5/23,W,5,quadruplet,0.1,10,0.15516915387683738,13.556397467439362,272,True,0.011446193891078567
e1/W/R5/23,W,5,quintuplet,0.9,10,0.15516915387683738,13.556397467439362,272,True,0.011446193891078567
e1/W/R5/24,W,5,annealing,0.4,10,0.021246370645092938,7.936306383591008,405,True,0.0026771106882946994
e1/W/R5/24,W,5,quadruplet,0.0,10,0.021246370645092938,7.936306383591008,405,True,0.0026771106882946994
e1/W/R5/24,W,5,quintuplet,0.0,10,0.021246370645092938,7.936306383591008,405,True,0.0026771106882946994
e1/W/R5/25,W,5,annealing,1.0,10,0.7795217741794431,13.251870161050533,512,True,0.058823529411764705
e1/W/R5/25,W,5,quadruplet,1.0,10,0.7795217741794431,13.251870161050533,512,True,0.058823529411764705
e1/W/R5/25,W,5,quintuplet,1.0,10,0.7795217741794431,13.251870161050533,512,True,0.058823529411764705
e1/W/R5/26,W,5,annealing,0.4,10,0.03339187849904679,4.66483936582659,223,True,0.007158205434396536
e1/W/R5/26,W,5,quadruplet,0.3,10,0.03339187849904679,4.66483936582659,223,True,0.007158205434396536
e1/W/R5/26,W,5,quintuplet,0.3,10,0.03339187849904679,4.66483936582659,223,True,0.007158205434396536
e1/W/R5/27,W,5,annealing,0.7,10,0.0,7.235326171914682,482,False,0.0
e1/W/R5/27,W,5,quadruplet,0.4,10,0.0,7.235326171914682,482,False,0.0
e1/W/R5/27,W,5,quintuplet,0.2,10,0.0,7.235326171914682,482,False,0.0
e1/W/R5/28,W,5,annealing,1.0,10,0.6441662010707248,21.682190523983067,375,True,0.02970946133686081
e1/W/R5/28,W,5,quadruplet,0.6,10,0.6441662010707248,21.682190523983067,375,True,0.02970946133686081
e1/W/R5/28,W,5,quintuplet,0.4,10,0.6441662010707248,21.682190523983067,375,True,0.02970946133686081
e1/W/R5/29,W,5,annealing,0.5,10,0.0,5.644974246039105,482,False,0.0
e1/W/R5/29,W,5,quadruplet,0.0,10,0.0,5.644974246039105,482,False,0.0
e1/W/R5/29,W,5,quintuplet,0.3,10,0.0,5.644974246039105,482,False,0.0
e1/W/R5/3,W,5,annealing,0.7,10,0.0,12.466785377472087,511,False,0.0
e1/W/R5/3,W,5,quadruplet,0.0,10,0.0,12.466785377472087,511,False,0.0
e1/W/R5/3,W,5,quintuplet,0.0,10,0.0,12.466785377472087,511,False,0.0
e1/W/R5/3,W,5,random,0.0,10,0.0,12.466785377472087,511,False,0.0
e1/W/R5/30,W,5,annealing,0.3,10,0.22449920084272001,8.830639744497569,332,True,0.025422756146586886
e1/W/R5/30,W,5,quadruplet,0.7,10,0.22449920084272001,8.830639744497569,332,True,0.025422756146586886
e1/W/R5/30,W,5,quintuplet,0.4,10,0.22449920084272001,8.830639744497569,332,True,0.025422756146586886
e1/W/R5/31,W,5,annealing,0.7,10,0.0,8.878926554673235,497,False,0.0
e1/W/R5/31,W,5,quadruplet,0.0,10,0.0,8.878926554673235,497,False,0.0
e1/W/R5/31,W,5,quintuplet,0.0,10,0.0,8.878926554673235,497,False,0.0
e1/W/R5/32,W,5,annealing,1.0,10,0.9092590765991417,16.424214377514527,391,True,0.05536088702324523
e1/W/R5/32,W,5,quadruplet,1.0,10,0.9092590765991417,16.424214377514527,391,True,0.05536088702324523
e1/W/R5/32,W,5,quintuplet,1.0,10,0.9092590765991417,16.424214377514527,391,True,0.05536088702324523
e1/W/R5/33,W,5,annealing,1.0,10,0.21472317563166055,8.104779112952667,257,True,0.026493402551650093
e1/W/R5/33,W,5,quadruplet,1.0,10,0.21472317563166055,8.104779112952667,257,True,0.026493402551650093
e1/W/R5/33,W,5,quintuplet,0.9,10,0.21472317563166055,8.104779112952667,257,True,0.026493402551650093
e1/W/R5/34,W,5,annealing,0.3,10,0.17802841149357462,11.060947425570028,387,True,0.016095222646300564
e1/W/R5/34,W,5,quadruplet,0.2,10,0.17802841149357462,11.060947425570028,387,True,0.016095222646300564
e1/W/R5/34,W,5,quintuplet,0.5,10,0.17802841149357462,11.060947425570028,387,True,0.016095222646300564
e1/W/R5/35,W,5,annealing,0.7,10,0.0,7.873041279857023,271,False,0.0
e1/W/R5/35,W,5,quadruplet,0.0,10,0.0,7.873041279857023,271,False,0.0
e1/W/R5/35,W,5,quintuplet,0.0,10,0.0,7.873041279857023,271,False,0.0
e1/W/R5/36,W,5,annealing,1.0,10,0.5245144019191361,12.129385369101108,433,True,0.04324327951977728
e1/W/R5/36,W,5,quadruplet,1.0,10,0.5245144019191361,12.129385369101108,433,True,0.04324327951977728
e1/W/R5/36,W,5,quintuplet,1.0,10,0.5245144019191361,12.129385369101108,433,True,0.04324327951977728
e1/W/R5/37,W,5,annealing,0.5,10,0.11435397330118757,6.010565714380016,483,True,0.01902549256347047
e1/W/R5/37,W,5,quadruplet,0.8,10,0.11435397330118757,6.010565714380016,483,True,0.01902549256347047
e1/W/R5/37,W,5,quintuplet,0.9,10,0.11435397330118757,6.010565714380016,483,True,0.01902549256347047
e1/W/R5/38,W,5,annealing,1.0,10,0.16871201109909073,13.118332975280094,271,True,0.012860781275868515
e1/W/R5/38,W,5,quadruplet,1.0,10,0.16871201109909073,13.118332975280094,271,True,0.012860781275868515
e1/W/R5/38,W,5,quintuplet,1.0,10,0.16871201109909073,13.118332975280094,271,True,0.012860781275868515
e1/W/R5/39,W,5,annealing,0.6,10,0.0,3.691656375042168,422,False,0.0
e1/W/R5/39,W,5,quadruplet,0.0,10,0.0,3.691656375042168,422,False,0.0
e1/W/R5/39,W,5,quintuplet,0.0,10,0.0,3.691656375042168,422,False,0.0
e1/W/R5/4,W,5,annealing,1.0,10,0.0,10.949535755110235,331,False,0.0
e1/W/R5/4,W,5,quadruplet,0.7,10,0.0,10.949535755110235,331,False,0.0
e1/W/R5/4,W,5,quintuplet,0.9,10,0.0,10.949535755110235,331,False,0.0
e1/W/R5/4,W,5,random,0.0,10,0.0,10.949535755110235,331,False,0.0
e1/W/R5/40,W,5,annealing,0.5,10,0.239869664726454,3.841598674892434,482,True,0.06244006337626364
e1/W/R5/40,W,5,quadruplet,0.0,10,0.239869664726454,3.841598674892434,482,True,0.06244006337626364
e1/W/R5/40,W,5,quintuplet,0.1,10,0.239869664726454,3.841598674892434,482,True,0.06244006337626364
e1/W/R5/41,W,5,annealing,1.0,10,0.7171536663836307,12.764576061557804,512,True,0.05618311669146875
e1/W/R5/41,W,5,quadruplet,1.0,10,0.7171536663836307,12.764576061557804,512,True,0.05618311669146875
e1/W/R5/41,W,5,quintuplet,1.0,10,0.7171536663836307,12.764576061557804,512,True,0.05618311669146875
e1/W/R5/42,W,5,annealing,1.0,10,0.44604004775575135,13.003935276794692,332,True,0.034300389709852094
e1/W/R5/42,W,5,quadruplet,0.0,10,0.44604004775575135,13.003935276794692,332,True,0.034300389709852094
e1/W/R5/42,W,5,quintuplet,0.2,10,0.44604004775575135,13.003935276794692,332,True,0.034300389709852094
e1/W/R5/43,W,5,annealing,1.0,10,0.09215465278925628,16.021012436757953,455,True,0.005752111681645064
e1/W/R5/43,W,5,quadruplet,0.7,10,0.09215465278925628,16.021012436757953,455,True,0.005752111681645064
e1/W/R5/43,W,5,quintuplet,0.5,10,0.09215465278925628,16.021012436757953,455,True,0.005752111681645064
e1/W/R5/44,W,5,annealing,0.9,10,0.0,7.122952788591264,467,False,0.0
e1/W/R5/44,W,5,quadruplet,0.0,10,0.0,7.122952788591264,467,False,0.0
e1/W/R5/44,W,5,quintuplet,0.1,10,0.0,7.122952788591264,467,False,0.0
e1/W/R5/45,W,5,annealing,0.1,10,0.0,11.678936033820918,300,False,0.0
e1/W/R5/45,W,5,quadruplet,0.0,10,0.0,11.678936033820918,300,False,0.0
e1/W/R5/45,W,5,quintuplet,0.3,10,0.0,11.678936033820918,300,False,0.0
e1/W/R5/46,W,5,annealing,0.6,10,0.1658609336517074,11.602031958608755,208,True,0.014295852161365398
e1/W/R5/46,W,5,quadruplet,0.0,10,0.1658609336517074,11.602031958608755,208,True,0.014295852161365398
e1/W/R5/46,W,5,quintuplet,0.0,10,0.1658609336517074,11.602031958608755,208,True,0.014295852161365398
e1/W/R5/47,W,5,annealing,0.0,10,0.2809784983009358,10.263528170072995,358,True,0.027376404453220052
e1/W/R5/47,W,5,quadruplet,0.0,10,0.2809784983009358,10.263528170072995,358,True,0.027376404453220052
e1/W/R5/47,W,5,quintuplet,0.2,10,0.2809784983009358,10.263528170072995,358,True,0.027376404453220052
e1/W/R5/48,W,5,annealing,1.0,10,0.0693143579770279,9.60945106697115,456,True,0.007213144381916857
e1/W/R5/48,W,5,quadruplet,0.5,10,0.0693143579770279,9.60945106697115,456,True,0.007213144381916857
e1/W/R5/48,W,5,quintuplet,0.2,10,0.0693143579770279,9.60945106697115,456,True,0.007213144381916857
e1/W/R5/49,W,5,annealing,0.9,10,0.0,9.46037397274283,312,False,0.0
e1/W/R5/49,W,5,quadruplet,0.0,10,0.0,9.46037397274283,312,False,0.0
e1/W/R5/49,W,5,quintuplet,0.1,10,0.0,9.46037397274283,312,False,0.0
e1/W/R5/5,W,5,annealing,1.0,10,1.2687614270117002,20.59055162374938,512,True,0.0616186224728577
e1/W/R5/5,W,5,quadruplet,1.0,10,1.2687614270117002,20.59055162374938,512,True,0.0616186224728577
e1/W/R5/5,W,5,quintuplet,1.0,10,1.2687614270117002,20.59055162374938,512,True,0.0616186224728577
e1/W/R5/5,W,5,random,0.0,10,1.2687614270117002,20.59055162374938,512,True,0.0616186224728577
e1/W/R5/50,W,5,annealing,0.5,10,0.10933044463829589,7.895955203672993,358,True,0.013846386132920082
e1/W/R5/50,W,5,quadruplet,0.7,10,0.10933044463829589,7.895955203672993,358,True,0.013846386132920082
e1/W/R5/50,W,5,quintuplet,0.7,10,0.10933044463829589,7.895955203672993,358,True,0.013846386132920082
e1/W/R5/51,W,5,annealing,0.6,10,0.043413572908001186,10.874652735600534,235,True,0.003992180160923892
e1/W/R5/51,W,5,quadruplet,0.0,10,0.043413572908001186,10.874652735600534,235,True,0.003992180160923892
e1/W/R5/51,W,5,quintuplet,0.2,10,0.043413572908001186,10.874652735600534,235,True,0.003992180160923892
e1/W/R5/52,W,5,annealing,0.3,10,0.10279208845545895,6.701067538342912,510,True,0.015339658624135897
e1/W/R5/52,W,5,quadruplet,0.1,10,0.10279208845545895,6.701067538342912,510,True,0.015339658624135897
e1/W/R5/52,W,5,quintuplet,0.1,10,0.10279208845545895,6.701067538342912,510,True,0.015339658624135897
e1/W/R5/53,W,5,annealing,0.6,10,0.5990581435345845,7.702316592499722,299,True,0.07777635940308256
e1/W/R5/53,W,5,quadruplet,1.0,10,0.5990581435345845,7.702316592499722,299,True,0.07777635940308256
e1/W/R5/53,W,5,quintuplet,1.0,10,0.5990581435345845,7.702316592499722,299,True,0.07777635940308256
e1/W/R5/54,W,5,annealing,0.6,10,0.6179302882661712,9.886884612258735,468,True,0.06250000000000003
e1/W/R5/54,W,5,quadruplet,0.0,10,0.6179302882661712,9.886884612258735,468,True,0.06250000000000003
e1/W/R5/54,W,5,quintuplet,0.4,10,0.6179302882661712,9.886884612258735,468,True,0.06250000000000003
e1/W/R5/55,W,5,annealing,0.5,10,0.3609951395640367,6.292005614243423,510,True,0.05737362006588805
e1/W/R5/55,W,5,quadruplet,0.0,10,0.3609951395640367,6.292005614243423,510,True,0.05737362006588805
e1/W/R5/55,W,5,quintuplet,0.0,10,0.3609951395640367,6.292005614243423,510,True,0.05737362006588805
e1/W/R5/56,W,5,annealing,1.0,10,0.4874837201483295,8.739138558272476,456,True,0.05578166736890526
e1/W/R5/56,W,5,quadruplet,0.0,10,0.4874837201483295,8.739138558272476,456,True,0.05578166736890526
e1/W/R5/56,W,5,quintuplet,0.1,10,0.4874837201483295,8.739138558272476,456,True,0.05578166736890526
e1/W/R5/57,W,5,annealing,0.8,10,0.0,4.441407400197644,511,False,0.0
e1/W/R5/57,W,5,quadruplet,0.0,10,0.0,4.441407400197644,511,False,0.0
e1/W/R5/57,W,5,quintuplet,0.1,10,0.0,4.441407400197644,511,False,0.0
e1/W/R5/58,W,5,annealing,1.0,10,0.0,7.909656460475772,375,False,0.0
e1/W/R5/58,W,5,quadruplet,1.0,10,0.0,7.909656460475772,375,False,0.0
e1/W/R5/58,W,5,quintuplet,1.0,10,0.0,7.909656460475772,375,False,0.0
e1/W/R5/59,W,5,annealing,0.4,10,0.0,4.679033669482832,512,False,0.0
e1/W/R5/59,W,5,quadruplet,0.0,10,0.0,4.679033669482832,512,False,0.0
e1/W/R5/59,W,5,quintuplet,0.3,10,0.0,4.679033669482832,512,False,0.0
e1/W/R5/6,W,5,annealing,1.0,10,0.2441580742402092,11.28190800763946,484,True,0.02164155868625053
e1/W/R5/6,W,5,quadruplet,0.9,10,0.2441580742402092,11.28190800763946,484,True,0.02164155868625053
e1/W/R5/6,W,5,quintuplet,0.9,10,0.2441580742402092,11.28190800763946,484,True,0.02164155868625053
e1/W/R5/6,W,5,random,0.0,10,0.2441580742402092,11.28190800763946,484,True,0.02164155868625053
e1/W/R5/60,W,5,annealing,0.2,10,0.17852723437514495,6.321658826524096,271,True,0.02824056774878287
e1/W/R5/60,W,5,quadruplet,0.6,10,0.17852723437514495,6.321658826524096,271,True,0.02824056774878287
e1/W/R5/60,W,5,quintuplet,0.9,10,0.17852723437514495,6.321658826524096,271,True,0.02824056774878287
e1/W/R5/61,W,5,annealing,0.1,10,0.03026579324369827,8.089424587261773,343,True,0.0037414024838499766
e1/W/R5/61,W,5,quadruplet,0.0,10,0.03026579324369827,8.089424587261773,343,True,0.0037414024838499766
e1/W/R5/61,W,5,quintuplet,0.2,10,0.03026579324369827,8.089424587261773,343,True,0.0037414024838499766
e1/W/R5/62,W,5,annealing,0.9,10,0.6842091464000379,10.812879184453246,422,True,0.06327723955186641
e1/W/R5/62,W,5,quadruplet,0.0,10,0.6842091464000379,10.812879184453246,422,True,0.06327723955186641
e1/W/R5/62,W,5,quintuplet,0.0,10,0.6842091464000379,10.812879184453246,422,True,0.06327723955186641
e1/W/R5/63,W,5,annealing,1.0,10,1.712535980056714,26.682939608220742,484,True,0.06418093378021585
e1/W/R5/63,W,5,quadruplet,1.0,10,1.712535980056714,26.682939608220742,484,True,0.06418093378021585
e1/W/R5/63,W,5,quintuplet,1.0,10,1.712535980056714,26.682939608220742,484,True,0.06418093378021585
e1/W/R5/64,W,5,annealing,0.3,10,0.047398616326733034,7.702796049465158,280,True,0.006153430004163766
e1/W/R5/64,W,5,quadruplet,0.2,10,0.047398616326733034,7.702796049465158,280,True,0.006153430004163766
e1/W/R5/64,W,5,quintuplet,0.0,10,0.047398616326733034,7.702796049465158,280,True,0.006153430004163766
e1/W/R5/65,W,5,annealing,1.0,10,0.11522364136066976,14.046876391773873,498,True,0.008202794567776435
e1/W/R5/65,W,5,quadruplet,0.0,10,0.11522364136066976,14.046876391773873,498,True,0.008202794567776435
e1/W/R5/65,W,5,quintuplet,0.0,10,0.11522364136066976,14.046876391773873,498,True,0.008202794567776435
e1/W/R5/66,W,5,annealing,0.8,10,0.0,7.336772467248453,358,False,0.0
e1/W/R5/66,W,5,quadruplet,0.0,10,0.0,7.336772467248453,358,False,0.0
e1/W/R5/66,W,5,quintuplet,0.0,10,0.0,7.336772467248453,358,False,0.0
e1/W/R5/67,W,5,annealing,0.5,10,0.012246321483580402,4.658520406050194,422,True,0.002628800652601124
e1/W/R5/67,W,5,quadruplet,0.0,10,0.012246321483580402,4.658520406050194,422,True,0.002628800652601124
e1/W/R5/67,W,5,quintuplet,0.0,10,0.012246321483580402,4.658520406050194,422,True,0.002628800652601124
e1/W/R5/68,W,5,annealing,0.4,10,0.049547496672909475,9.955504112117126,358,True,0.004976894802605105
e1/W/R5/68,W,5,quadruplet,0.1,10,0.049547496672909475,9.955504112117126,358,True,0.004976894802605105
e1/W/R5/68,W,5,quintuplet,0.0,10,0.049547496672909475,9.955504112117126,358,True,0.004976894802605105
e1/W/R5/69,W,5,annealing,0.5,10,0.05414004092790847,13.302576861985774,173,True,0.004069891231572
e1/W/R5/69,W,5,quadruplet,0.2,10,0.05414004092790847,13.302576861985774,173,True,0.004069891231572
e1/W/R5/69,W,5,quintuplet,0.3,10,0.05414004092790847,13.302576861985774,173,True,0.004069891231572
e1/W/R5/7,W,5,annealing,0.6,10,0.09266114620802401,7.646219422355393,483,True,0.012118557039719383
e1/W/R5/7,W,5,quadruplet,0.0,10,0.09266114620802401,7.646219422355393,483,True,0.012118557039719383
e1/W/R5/7,W,5,quintuplet,0.2,10,0.09266114620802401,7.646219422355393,483,True,0.012118557039719383
e1/W/R5/7,W,5,random,0.0,10,0.09266114620802401,7.646219422355393,483,True,0.012118557039719383
e1/W/R5/70,W,5,annealing,0.6,10,0.0,3.106883143975618,497,False,0.0
e1/W/R5/70,W,5,quadruplet,0.2,10,0.0,3.106883143975618,497,False,0.0
e1/W/R5/70,W,5,quintuplet,0.3,10,0.0,3.106883143975618,497,False,0.0
e1/W/R5/71,W,5,annealing,1.0,10,0.6994256569216137,15.134107510438367,391,True,0.046215190188070396
e1/W/R5/71,W,5,quadruplet,1.0,10,0.6994256569216137,15.134107510438367,391,True,0.046215190188070396
e1/W/R5/71,W,5,quintuplet,1.0,10,0.6994256569216137,15.134107510438367,391,True,0.046215190188070396
e1/W/R5/72,W,5,annealing,1.0,10,0.043597285955042864,12.441891237215629,237,True,0.00350407226070556
e1/W/R5/72,W,5,quadruplet,0.9,10,0.043597285955042864,12.441891237215629,237,True,0.00350407226070556
e1/W/R5/72,W,5,quintuplet,0.8,10,0.043597285955042864,12.441891237215629,237,True,0.00350407226070556
e1/W/R5/73,W,5,annealing,1.0,10,0.5722857275357534,16.03720837156898,512,True,0.035684871972500566
e1/W/R5/73,W,5,quadruplet,0.8,10,0.5722857275357534,16.03720837156898,512,True,0.035684871972500566
e1/W/R5/73,W,5,quintuplet,0.8,10,0.5722857275357534,16.03720837156898,512,True,0.035684871972500566
e1/W/R5/74,W,5,annealing,0.9,10,0.0,3.7414109548315975,451,False,0.0
e1/W/R5/74,W,5,quadruplet,0.0,10,0.0,3.7414109548315975,451,False,0.0
e1/W/R5/74,W,5,quintuplet,0.1,10,0.0,3.7414109548315975,451,False,0.0
e1/W/R5/75,W,5,annealing,0.9,10,0.7846594635994819,11.769891953992229,483,True,0.06666666666666667
e1/W/R5/75,W,5,quadruplet,0.9,10,0.7846594635994819,11.769891953992229,483,True,0.06666666666666667
e1/W/R5/75,W,5,quintuplet,1.0,10,0.7846594635994819,11.769891953992229,483,True,0.06666666666666667
e1/W/R5/76,W,5,annealing,1.0,10,0.0,10.276610709446441,173,False,0.0
e1/W/R5/76,W,5,quadruplet,0.0,10,0.0,10.276610709446441,173,False,0.0
e1/W/R5/76,W,5,quintuplet,0.0,10,0.0,10.276610709446441,173,False,0.0
e1/W/R5/77,W,5,annealing,1.0,10,0.7832033101677318,14.728736279610352,497,True,0.05317518728690629
e1/W/R5/77,W,5,quadruplet,0.1,10,0.7832033101677318,14.728736279610352,497,True,0.05317518728690629
e1/W/R5/77,W,5,quintuplet,0.4,10,0.7832033101677318,14.728736279610352,497,True,0.05317518728690629
e1/W/R5/78,W,5,annealing,0.3,10,0.017661703433997644,12.628235265620525,326,True,0.0013985884062581871
e1/W/R5/78,W,5,quadruplet,0.2,10,0.017661703433997644,12.628235265620525,326,True,0.0013985884062581871
e1/W/R5/78,W,5,quintuplet,0.7,10,0.017661703433997644,12.628235265620525,326,True,0.0013985884062581871
e1/W/R5/79,W,5,annealing,0.6,10,0.0,7.371585754048205,483,False,0.0
e1/W/R5/79,W,5,quadruplet,0.1,10,0.0,7.371585754048205,483,False,0.0
e1/W/R5/79,W,5,quintuplet,0.1,10,0.0,7.371585754048205,483,False,0.0
e1/W/R5/8,W,5,annealing,0.4,10,0.030404407364786223,11.734192453956615,251,True,0.0025910949972986217
e1/W/R5/8,W,5,quadruplet,0.0,10,0.030404407364786223,11.734192453956615,251,True,0.0025910949972986217
e1/W/R5/8,W,5,quintuplet,0.0,10,0.030404407364786223,11.734192453956615,251,True,0.0025910949972986217
e1/W/R5/8,W,5,random,0.0,10,0.030404407364786223,11.734192453956615,251,True,0.0025910949972986217
e1/W/R5/80,W,5,annealing,0.7,10,0.23106060691899444,11.109607624484756,365,True,0.02079826891543441
e1/W/R5/80,W,5,quadruplet,0.0,10,0.23106060691899444,11.109607624484756,365,True,0.02079826891543441
e1/W/R5/80,W,5,quintuplet,0.0,10,0.23106060691899444,11.109607624484756,365,True,0.02079826891543441
e1/W/R5/81,W,5,annealing,1.0,10,0.7737294912811805,22.610364314695026,237,True,0.03422012491759431
e1/W/R5/81,W,5,quadruplet,1.0,10,0.7737294912811805,22.610364314695026,237,True,0.03422012491759431
e1/W/R5/81,W,5,quintuplet,1.0,10,0.7737294912811805,22.610364314695026,237,True,0.03422012491759431
e1/W/R5/82,W,5,annealing,0.7,10,0.0,11.362480936022088,456,False,0.0
e1/W/R5/82,W,5,quadruplet,0.0,10,0.0,11.362480936022088,456,False,0.0
e1/W/R5/82,W,5,quintuplet,0.6,10,0.0,11.362480936022088,456,False,0.0
e1/W/R5/83,W,5,annealing,1.0,10,0.342907474618233,9.377282726816482,510,True,0.03656789334479708
e1/W/R5/83,W,5,quadruplet,0.3,10,0.342907474618233,9.377282726816482,510,True,0.03656789334479708
e1/W/R5/83,W,5,quintuplet,0.4,10,0.342907474618233,9.377282726816482,510,True,0.03656789334479708
e1/W/R5/84,W,5,annealing,0.4,10,0.2802523769607941,9.022525755710117,484,True,0.031061410579341357
e1/W/R5/84,W,5,quadruplet,0.0,10,0.2802523769607941,9.022525755710117,484,True,0.031061410579341357
e1/W/R5/84,W,5,quintuplet,0.0,10,0.2802523769607941,9.022525755710117,484,True,0.031061410579341357
e1/W/R5/85,W,5,annealing,0.9,10,0.0,14.218745938808272,268,False,0.0
e1/W/R5/85,W,5,quadruplet,0.0,10,0.0,14.218745938808272,268,False,0.0
e1/W/R5/85,W,5,quintuplet,0.5,10,0.0,14.218745938808272,268,False,0.0
e1/W/R5/86,W,5,annealing,0.2,10,0.08075890709863565,6.553876408667183,497,True,0.012322311569964292
e1/W/R5/86,W,5,quadruplet,0.0,10,0.08075890709863565,6.553876408667183,497,True,0.012322311569964292
e1/W/R5/86,W,5,quintuplet,0.0,10,0.08075890709863565,6.553876408667183,497,True,0.012322311569964292
e1/W/R5/87,W,5,annealing,1.0,10,0.04296223197854587,14.166526739098714,176,True,0.003032658093954169
e1/W/R5/87,W,5,quadruplet,0.7,10,0.04296223197854587,14.166526739098714,176,True,0.003032658093954169
e1/W/R5/87,W,5,quintuplet,0.3,10,0.04296223197854587,14.166526739098714,176,True,0.003032658093954169
e1/W/R5/88,W,5,annealing,0.4,10,0.18022568844365772,7.319137212180923,435,True,0.024623898038653506
e1/W/R5/88,W,5,quadruplet,0.0,10,0.18022568844365772,7.319137212180923,435,True,0.024623898038653506
e1/W/R5/88,W,5,quintuplet,0.0,10,0.18022568844365772,7.319137212180923,435,True,0.024623898038653506
e1/W/R5/89,W,5,annealing,0.8,10,0.0,5.403269374200193,268,False,0.0
e1/W/R5/89,W,5,quadruplet,0.1,10,0.0,5.403269374200193,268,False,0.0
e1/W/R5/89,W,5,quintuplet,0.1,10,0.0,5.403269374200193,268,False,0.0
e1/W/R5/9,W,5,annealing,0.7,10,0.0,13.70509328261328,427,False,0.0
e1/W/R5/9,W,5,quadruplet,0.0,10,0.0,13.70509328261328,427,False,0.0
e1/W/R5/9,W,5,quintuplet,0.0,10,0.0,13.70509328261328,427,False,0.0
e1/W/R5/9,W,5,random,0.0,10,0.0,13.70509328261328,427,False,0.0
e1/W/R5/90,W,5,annealing,0.5,10,0.04575307780704119,5.012588069687015,392,True,0.00912763569855801
e1/W/R5/90,W,5,quadruplet,0.9,10,0.04575307780704119,5.012588069687015,392,True,0.00912763569855801
e1/W/R5/90,W,5,quintuplet,0.9,10,0.04575307780704119,5.012588069687015,392,True,0.00912763569855801
e1/W/R5/91,W,5,annealing,0.9,10,0.0,7.120582120694077,510,False,0.0
e1/W/R5/91,W,5,quadruplet,0.0,10,0.0,7.120582120694077,510,False,0.0
e1/W/R5/91,W,5,quintuplet,0.0,10,0.0,7.120582120694077,510,False,0.0
e1/W/R5/92,W,5,annealing,1.0,10,0.18066199694155927,9.745700980866106,332,True,0.01853760927985128
e1/W/R5/92,W,5,quadruplet,1.0,10,0.18066199694155927,9.745700980866106,332,True,0.01853760927985128
e1/W/R5/92,W,5,quintuplet,0.9,10,0.18066199694155927,9.745700980866106,332,True,0.01853760927985128
e1/W/R5/93,W,5,annealing,0.7,10,0.0,4.203250969856086,332,False,0.0
e1/W/R5/93,W,5,quadruplet,0.0,10,0.0,4.203250969856086,332,False,0.0
e1/W/R5/93,W,5,quintuplet,0.0,10,0.0,4.203250969856086,332,False,0.0
e1/W/R5/94,W,5,annealing,1.0,10,0.18709348017155492,6.816018066528558,484,True,0.02744908806658179
e1/W/R5/94,W,5,quadruplet,1.0,10,0.18709348017155492,6.816018066528558,484,True,0.02744908806658179
e1/W/R5/94,W,5,quintuplet,0.9,10,0.18709348017155492,6.816018066528558,484,True,0.02744908806658179
e1/W/R5/95,W,5,annealing,0.6,10,0.0,5.894187552098587,281,False,0.0
e1/W/R5/95,W,5,quadruplet,0.0,10,0.0,5.894187552098587,281,False,0.0
e1/W/R5/95,W,5,quintuplet,0.0,10,0.0,5.894187552098587,281,False,0.0
e1/W/R5/96,W,5,annealing,0.9,10,0.0,7.716469507412036,302,False,0.0
e1/W/R5/96,W,5,quadruplet,0.0,10,0.0,7.716469507412036,302,False,0.0
e1/W/R5/96,W,5,quintuplet,0.3,10,0.0,7.716469507412036,302,False,0.0
e1/W/R5/97,W,5,annealing,1.0,10,0.0,13.042851475752286,510,False,0.0
e1/W/R5/97,W,5,quadruplet,0.2,10,0.0,13.042851475752286,510,False,0.0
e1/W/R5/97,W,5,quintuplet,0.2,10,0.0,13.042851475752286,510,False,0.0
e1/W/R5/98,W,5,annealing,0.0,10,0.0436883162471986,9.14550932974127,283,True,0.004777023856410473
e1/W/R5/98,W,5,quadruplet,0.0,10,0.0436883162471986,9.14550932974127,283,True,0.004777023856410473
e1/W/R5/98,W,5,quintuplet,0.0,10,0.0436883162471986,9.14550932974127,283,True,0.004777023856410473
e1/W/R5/99,W,5,annealing,1.0,10,1.2685660790568178,21.203843118591514,315,True,0.059827177175468725
e1/W/R5/99,W,5,quadruplet,1.0,10,1.2685660790568178,21.203843118591514,315,True,0.059827177175468725
e1/W/R5/99,W,5,quintuplet,1.0,10,1.2685660790568178,21.203843118591514,315,True,0.059827177175468725
