instance_key,family,n_rules,sketch,n,problem2_success,unique_maximizer,max_preserved,rate_per_query,exponent
e1/L/R1/0,L,1,quadruplet,800,0.0,True,False,,
e1/L/R1/0,L,1,quadruplet,6400,0.1,True,False,,
e1/L/R1/0,L,1,quadruplet,51200,0.0,True,False,,
e1/L/R1/0,L,1,quintuplet,800,0.0,True,True,3.7607180464318674e-05,0.03008574437145494
e1/L/R1/0,L,1,quintuplet,6400,0.5,True,True,3.7607180464318674e-05,0.24068595497163953
e1/L/R1/0,L,1,quintuplet,51200,1.0,True,True,3.7607180464318674e-05,1.9254876397731162
e1/L/R1/0,L,1,random,800,0.0,True,False,,
e1/L/R1/0,L,1,random,6400,0.0,True,False,,
e1/L/R1/0,L,1,random,51200,0.0,True,False,,
e1/L/R1/1,L,1,quadruplet,800,0.0,True,False,,
e1/L/R1/1,L,1,quadruplet,6400,0.0,True,False,,
e1/L/R1/1,L,1,quadruplet,51200,0.0,True,False,,
e1/L/R1/1,L,1,quintuplet,800,0.1,True,True,3.760718046432379e-05,0.03008574437145903
e1/L/R1/1,L,1,quintuplet,6400,0.2,True,True,3.760718046432379e-05,0.24068595497167225
e1/L/R1/1,L,1,quintuplet,51200,0.6,True,True,3.760718046432379e-05,1.925487639773378
e1/L/R1/1,L,1,random,800,0.0,True,False,,
e1/L/R1/1,L,1,random,6400,0.0,True,False,,
e1/L/R1/1,L,1,random,51200,0.0,True,False,,
e1/L/R1/10,L,1,quadruplet,800,0.5,True,True,8.040825953642822e-06,0.006432660762914258
e1/L/R1/10,L,1,quadruplet,6400,0.9,True,True,8.040825953642822e-06,0.05146128610331406
e1/L/R1/10,L,1,quadruplet,51200,1.0,True,True,8.040825953642822e-06,0.4116902888265125
e1/L/R1/10,L,1,quintuplet,800,0.4,True,True,1.0908644646355956e-05,0.008726915717084765
e1/L/R1/10,L,1,quintuplet,6400,0.8,True,True,1.0908644646355956e-05,0.06981532573667812
e1/L/R1/10,L,1,quintuplet,51200,0.9,True,True,1.0908644646355956e-05,0.558522605893425
e1/L/R1/11,L,1,quadruplet,800,0.5,False,,,
e1/L/R1/11,L,1,quadruplet,6400,0.9,False,,,
e1/L/R1/11,L,1,quadruplet,51200,1.0,False,,,
e1/L/R1/11,L,1,quintuplet,800,0.4,False,,,
e1/L/R1/11,L,1,quintuplet,6400,1.0,False,,,
e1/L/R1/11,L,1,quintuplet,51200,1.0,False,,,
e1/L/R1/12,L,1,quadruplet,800,0.6,False,,,
e1/L/R1/12,L,1,quadruplet,6400,1.0,False,,,
e1/L/R1/12,L,1,quadruplet,51200,1.0,False,,,
e1/L/R1/12,L,1,quintuplet,800,0.4,False,,,
e1/L/R1/12,L,1,quintuplet,6400,0.9,False,,,
e1/L/R1/12,L,1,quintuplet,51200,1.0,False,,,
e1/L/R1/13,L,1,quadruplet,800,0.0,False,,,
e1/L/R1/13,L,1,quadruplet,6400,0.0,False,,,
e1/L/R1/13,L,1,quadruplet,51200,0.0,False,,,
e1/L/R1/13,L,1,quintuplet,800,0.3,False,,,
e1/L/R1/13,L,1,quintuplet,6400,0.0,False,,,
e1/L/R1/13,L,1,quintuplet,51200,0.0,False,,,
e1/L/R1/14,L,1,quadruplet,800,0.0,False,,,
e1/L/R1/14,L,1,quadruplet,6400,0.0,False,,,
e1/L/R1/14,L,1,quadruplet,51200,0.0,False,,,
e1/L/R1/14,L,1,quintuplet,800,0.0,False,,,
e1/L/R1/14,L,1,quintuplet,6400,0.0,False,,,
e1/L/R1/14,L,1,quintuplet,51200,0.0,False,,,
e1/L/R1/15,L,1,quadruplet,800,0.5,False,,,
e1/L/R1/15,L,1,quadruplet,6400,0.9,False,,,
e1/L/R1/15,L,1,quadruplet,51200,1.0,False,,,
e1/L/R1/15,L,1,quintuplet,800,0.4,False,,,
e1/L/R1/15,L,1,quintuplet,6400,0.8,False,,,
e1/L/R1/15,L,1,quintuplet,51200,1.0,False,,,
e1/L/R1/16,L,1,quadruplet,800,0.0,True,False,,
e1/L/R1/16,L,1,quadruplet,6400,0.0,True,False,,
e1/L/R1/16,L,1,quadruplet,51200,0.0,True,False,,
e1/L/R1/16,L,1,quintuplet,800,0.0,True,False,,
e1/L/R1/16,L,1,quintuplet,6400,0.0,True,False,,
e1/L/R1/16,L,1,quintuplet,51200,0.0,True,False,,
e1/L/R1/17,L,1,quadruplet,800,0.1,False,,,
e1/L/R1/17,L,1,quadruplet,6400,0.0,False,,,
e1/L/R1/17,L,1,quadruplet,51200,0.0,False,,,
e1/L/R1/17,L,1,quintuplet,800,0.1,False,,,
e1/L/R1/17,L,1,quintuplet,6400,0.8,False,,,
e1/L/R1/17,L,1,quintuplet,51200,1.0,False,,,
e1/L/R1/18,L,1,quadruplet,800,0.0,True,False,,
e1/L/R1/18,L,1,quadruplet,6400,0.0,True,False,,
e1/L/R1/18,L,1,quadruplet,51200,0.0,True,False,,
e1/L/R1/18,L,1,quintuplet,800,0.0,True,False,,
e1/L/R1/18,L,1,quintuplet,6400,0.0,True,False,,
e1/L/R1/18,L,1,quintuplet,51200,0.0,True,False,,
e1/L/R1/19,L,1,quadruplet,800,0.0,True,False,,
e1/L/R1/19,L,1,quadruplet,6400,0.0,True,False,,
e1/L/R1/19,L,1,quadruplet,51200,0.0,True,False,,
e1/L/R1/19,L,1,quintuplet,800,0.0,True,True,3.721143671316199e-06,0.0029769149370529593
e1/L/R1/19,L,1,quintuplet,6400,0.0,True,True,3.721143671316199e-06,0.023815319496423674
e1/L/R1/19,L,1,quintuplet,51200,0.4,True,True,3.721143671316199e-06,0.1905225559713894
e1/L/R1/2,L,1,quadruplet,800,0.0,False,,,
e1/L/R1/2,L,1,quadruplet,6400,0.3,False,,,
e1/L/R1/2,L,1,quadruplet,51200,0.0,False,,,
e1/L/R1/2,L,1,quintuplet,800,0.3,False,,,
e1/L/R1/2,L,1,quintuplet,6400,0.7,False,,,
e1/L/R1/2,L,1,quintuplet,51200,1.0,False,,,
e1/L/R1/2,L,1,random,800,0.0,False,,,
e1/L/R1/2,L,1,random,6400,0.0,False,,,
e1/L/R1/2,L,1,random,51200,0.0,False,,,
e1/L/R1/20,L,1,quadruplet,800,0.0,True,False,,
e1/L/R1/20,L,1,quadruplet,6400,0.0,True,False,,
e1/L/R1/20,L,1,quadruplet,51200,0.0,True,False,,
e1/L/R1/20,L,1,quintuplet,800,0.0,True,False,,
e1/L/R1/20,L,1,quintuplet,6400,0.0,True,False,,
e1/L/R1/20,L,1,quintuplet,51200,0.0,True,False,,
e1/L/R1/21,L,1,quadruplet,800,0.0,True,False,,
e1/L/R1/21,L,1,quadruplet,6400,0.0,True,False,,
e1/L/R1/21,L,1,quadruplet,51200,0.0,True,False,,
e1/L/R1/21,L,1,quintuplet,800,0.0,True,True,3.7211436713162177e-06,0.002976914937052974
e1/L/R1/21,L,1,quintuplet,6400,0.1,True,True,3.7211436713162177e-06,0.023815319496423792
e1/L/R1/21,L,1,quintuplet,51200,0.5,True,True,3.7211436713162177e-06,0.19052255597139034
e1/L/R1/22,L,1,quadruplet,800,0.6,False,,,
e1/L/R1/22,L,1,quadruplet,6400,1.0,False,,,
e1/L/R1/22,L,1,quadruplet,51200,1.0,False,,,
e1/L/R1/22,L,1,quintuplet,800,0.8,False,,,
e1/L/R1/22,L,1,quintuplet,6400,1.0,False,,,
e1/L/R1/22,L,1,quintuplet,51200,1.0,False,,,
e1/L/R1/23,L,1,quadruplet,800,0.8,True,True,9.708046676288117e-06,0.007766437341030494
e1/L/R1/23,L,1,quadruplet,6400,1.0,True,True,9.708046676288117e-06,0.06213149872824395
e1/L/R1/23,L,1,quadruplet,51200,1.0,True,True,9.708046676288117e-06,0.4970519898259516
e1/L/R1/23,L,1,quintuplet,800,0.9,True,True,1.371172358079434e-05,0.010969378864635473
e1/L/R1/23,L,1,quintuplet,6400,1.0,True,True,1.371172358079434e-05,0.08775503091708378
e1/L/R1/23,L,1,quintuplet,51200,1.0,True,True,1.371172358079434e-05,0.7020402473366703
e1/L/R1/24,L,1,quadruplet,800,0.3,False,,,
e1/L/R1/24,L,1,quadruplet,6400,0.8,False,,,
e1/L/R1/24,L,1,quadruplet,51200,1.0,False,,,
e1/L/R1/24,L,1,quintuplet,800,0.4,False,,,
e1/L/R1/24,L,1,quintuplet,6400,1.0,False,,,
e1/L/R1/24,L,1,quintuplet,51200,1.0,False,,,
e1/L/R1/25,L,1,quadruplet,800,0.0,True,False,,
e1/L/R1/25,L,1,quadruplet,6400,0.0,True,False,,
e1/L/R1/25,L,1,quadruplet,51200,0.0,True,False,,
e1/L/R1/25,L,1,quintuplet,800,0.0,True,True,3.7211436713167873e-06,0.00297691493705343
e1/L/R1/25,L,1,quintuplet,6400,0.2,True,True,3.7211436713167873e-06,0.02381531949642744
e1/L/R1/25,L,1,quintuplet,51200,0.7,True,True,3.7211436713167873e-06,0.1905225559714195
e1/L/R1/26,L,1,quadruplet,800,0.0,True,False,,
e1/L/R1/26,L,1,quadruplet,6400,0.0,True,False,,
e1/L/R1/26,L,1,quadruplet,51200,0.0,True,False,,
e1/L/R1/26,L,1,quintuplet,800,0.0,True,True,3.7211436713160127e-06,0.00297691493705281
e1/L/R1/26,L,1,quintuplet,6400,0.2,True,True,3.7211436713160127e-06,0.02381531949642248
e1/L/R1/26,L,1,quintuplet,51200,0.5,True,True,3.7211436713160127e-06,0.19052255597137985
e1/L/R1/27,L,1,quadruplet,800,0.6,False,,,
e1/L/R1/27,L,1,quadruplet,6400,1.0,False,,,
e1/L/R1/27,L,1,quadruplet,51200,1.0,False,,,
e1/L/R1/27,L,1,quintuplet,800,0.2,False,,,
e1/L/R1/27,L,1,quintuplet,6400,1.0,False,,,
e1/L/R1/27,L,1,quintuplet,51200,1.0,False,,,
e1/L/R1/28,L,1,quadruplet,800,0.5,True,True,8.040825953642196e-06,0.006432660762913756
e1/L/R1/28,L,1,quadruplet,6400,1.0,True,True,8.040825953642196e-06,0.05146128610331005
e1/L/R1/28,L,1,quadruplet,51200,1.0,True,True,8.040825953642196e-06,0.4116902888264804
e1/L/R1/28,L,1,quintuplet,800,0.4,True,True,1.0908644646355934e-05,0.008726915717084748
e1/L/R1/28,L,1,quintuplet,6400,1.0,True,True,1.0908644646355934e-05,0.06981532573667798
e1/L/R1/28,L,1,quintuplet,51200,1.0,True,True,1.0908644646355934e-05,0.5585226058934238
e1/L/R1/29,L,1,quadruplet,800,0.0,True,False,,
e1/L/R1/29,L,1,quadruplet,6400,0.0,True,False,,
e1/L/R1/29,L,1,quadruplet,51200,0.0,True,False,,
e1/L/R1/29,L,1,quintuplet,800,0.0,True,True,3.760718046432066e-05,0.030085744371456526
e1/L/R1/29,L,1,quintuplet,6400,0.0,True,True,3.760718046432066e-05,0.2406859549716522
e1/L/R1/29,L,1,quintuplet,51200,0.9,True,True,3.760718046432066e-05,1.9254876397732177
e1/L/R1/3,L,1,quadruplet,800,0.0,False,,,
e1/L/R1/3,L,1,quadruplet,6400,0.0,False,,,
e1/L/R1/3,L,1,quadruplet,51200,0.0,False,,,
e1/L/R1/3,L,1,quintuplet,800,0.3,False,,,
e1/L/R1/3,L,1,quintuplet,6400,0.4,False,,,
e1/L/R1/3,L,1,quintuplet,51200,0.2,False,,,
e1/L/R1/3,L,1,random,800,0.0,False,,,
e1/L/R1/3,L,1,random,6400,0.0,False,,,
e1/L/R1/3,L,1,random,51200,0.0,False,,,
e1/L/R1/30,L,1,quadruplet,800,0.1,True,True,0.00012059912100440484,0.09647929680352386
e1/L/R1/30,L,1,quadruplet,6400,0.4,True,True,0.00012059912100440484,0.7718343744281909
e1/L/R1/30,L,1,quadruplet,51200,1.0,True,True,0.00012059912100440484,6.174674995425527
e1/L/R1/30,L,1,quintuplet,800,0.1,True,True,4.4692057088157056e-05,0.03575364567052564
e1/L/R1/30,L,1,quintuplet,6400,0.1,True,True,4.4692057088157056e-05,0.28602916536420514
e1/L/R1/30,L,1,quintuplet,51200,1.0,True,True,4.4692057088157056e-05,2.288233322913641
e1/L/R1/31,L,1,quadruplet,800,0.4,False,,,
e1/L/R1/31,L,1,quadruplet,6400,0.9,False,,,
e1/L/R1/31,L,1,quadruplet,51200,1.0,False,,,
e1/L/R1/31,L,1,quintuplet,800,0.5,False,,,
e1/L/R1/31,L,1,quintuplet,6400,1.0,False,,,
e1/L/R1/31,L,1,quintuplet,51200,1.0,False,,,
e1/L/R1/32,L,1,quadruplet,800,0.8,False,,,
e1/L/R1/32,L,1,quadruplet,6400,1.0,False,,,
e1/L/R1/32,L,1,quadruplet,51200,0.9,False,,,
e1/L/R1/32,L,1,quintuplet,800,0.6,False,,,
e1/L/R1/32,L,1,quintuplet,6400,0.9,False,,,
e1/L/R1/32,L,1,quintuplet,51200,1.0,False,,,
e1/L/R1/33,L,1,quadruplet,800,0.3,True,True,3.303028050966284e-05,0.026424224407730273
e1/L/R1/33,L,1,quadruplet,6400,0.5,True,True,3.303028050966284e-05,0.21139379526184218
e1/L/R1/33,L,1,quadruplet,51200,1.0,True,True,3.303028050966284e-05,1.6911503620947375
e1/L/R1/33,L,1,quintuplet,800,0.3,True,True,4.765592422708592e-05,0.038124739381668736
e1/L/R1/33,L,1,quintuplet,6400,0.4,True,True,4.765592422708592e-05,0.3049979150533499
e1/L/R1/33,L,1,quintuplet,51200,1.0,True,True,4.765592422708592e-05,2.439983320426799
e1/L/R1/34,L,1,quadruplet,800,0.0,False,,,
e1/L/R1/34,L,1,quadruplet,6400,0.0,False,,,
e1/L/R1/34,L,1,quadruplet,51200,0.0,False,,,
e1/L/R1/34,L,1,quintuplet,800,0.3,False,,,
e1/L/R1/34,L,1,quintuplet,6400,0.4,False,,,
e1/L/R1/34,L,1,quintuplet,51200,0.2,False,,,
e1/L/R1/35,L,1,quadruplet,800,0.1,False,,,
e1/L/R1/35,L,1,quadruplet,6400,0.0,False,,,
e1/L/R1/35,L,1,quadruplet,51200,0.0,False,,,
e1/L/R1/35,L,1,quintuplet,800,0.1,False,,,
e1/L/R1/35,L,1,quintuplet,6400,0.2,False,,,
e1/L/R1/35,L,1,quintuplet,51200,0.0,False,,,
e1/L/R1/36,L,1,quadruplet,800,0.7,True,True,4.187055053526744e-05,0.03349644042821395
e1/L/R1/36,L,1,quadruplet,6400,1.0,True,True,4.187055053526744e-05,0.2679715234257116
e1/L/R1/36,L,1,quadruplet,51200,1.0,True,True,4.187055053526744e-05,2.143772187405693
e1/L/R1/36,L,1,quintuplet,800,0.2,True,True,2.1887554532402665e-05,0.017510043625922133
e1/L/R1/36,L,1,quintuplet,6400,0.8,True,True,2.1887554532402665e-05,0.14008034900737706
e1/L/R1/36,L,1,quintuplet,51200,1.0,True,True,2.1887554532402665e-05,1.1206427920590165
e1/L/R1/37,L,1,quadruplet,800,0.2,False,,,
e1/L/R1/37,L,1,quadruplet,6400,1.0,False,,,
e1/L/R1/37,L,1,quadruplet,51200,0.9,False,,,
e1/L/R1/37,L,1,quintuplet,800,0.2,False,,,
e1/L/R1/37,L,1,quintuplet,6400,1.0,False,,,
e1/L/R1/37,L,1,quintuplet,51200,1.0,False,,,
e1/L/R1/38,L,1,quadruplet,800,0.2,False,,,
e1/L/R1/38,L,1,quadruplet,6400,0.4,False,,,
e1/L/R1/38,L,1,quadruplet,51200,1.0,False,,,
e1/L/R1/38,L,1,quintuplet,800,0.5,False,,,
e1/L/R1/38,L,1,quintuplet,6400,0.8,False,,,
e1/L/R1/38,L,1,quintuplet,51200,1.0,False,,,
e1/L/R1/39,L,1,quadruplet,800,0.2,False,,,
e1/L/R1/39,L,1,quadruplet,6400,0.1,False,,,
e1/L/R1/39,L,1,quadruplet,51200,0.1,False,,,
e1/L/R1/39,L,1,quintuplet,800,0.1,False,,,
e1/L/R1/39,L,1,quintuplet,6400,1.0,False,,,
e1/L/R1/39,L,1,quintuplet,51200,1.0,False,,,
e1/L/R1/4,L,1,quadruplet,800,0.0,True,True,0.0001205991210044013,0.09647929680352103
e1/L/R1/4,L,1,quadruplet,6400,0.7,True,True,0.0001205991210044013,0.7718343744281683
e1/L/R1/4,L,1,quadruplet,51200,1.0,True,True,0.0001205991210044013,6.174674995425346
e1/L/R1/4,L,1,quintuplet,800,0.0,True,True,4.4692057088159664e-05,0.03575364567052773
e1/L/R1/4,L,1,quintuplet,6400,0.5,True,True,4.4692057088159664e-05,0.28602916536422185
e1/L/R1/4,L,1,quintuplet,51200,1.0,True,True,4.4692057088159664e-05,2.288233322913775
e1/L/R1/4,L,1,random,800,0.0,True,False,,
e1/L/R1/4,L,1,random,6400,0.0,True,False,,
e1/L/R1/4,L,1,random,51200,0.0,True,False,,
e1/L/R1/40,L,1,quadruplet,800,0.0,False,,,
e1/L/R1/40,L,1,quadruplet,6400,0.0,False,,,
e1/L/R1/40,L,1,quadruplet,51200,0.0,False,,,
e1/L/R1/40,L,1,quintuplet,800,0.3,False,,,
e1/L/R1/40,L,1,quintuplet,6400,0.0,False,,,
e1/L/R1/40,L,1,quintuplet,51200,0.0,False,,,
e1/L/R1/41,L,1,quadruplet,800,0.4,False,,,
e1/L/R1/41,L,1,quadruplet,6400,1.0,False,,,
e1/L/R1/41,L,1,quadruplet,51200,1.0,False,,,
e1/L/R1/41,L,1,quintuplet,800,0.8,False,,,
e1/L/R1/41,L,1,quintuplet,6400,1.0,False,,,
e1/L/R1/41,L,1,quintuplet,51200,1.0,False,,,
e1/L/R1/42,L,1,quadruplet,800,0.9,False,,,
e1/L/R1/42,L,1,quadruplet,6400,1.0,False,,,
e1/L/R1/42,L,1,quadruplet,51200,1.0,False,,,
e1/L/R1/42,L,1,quintuplet,800,0.8,False,,,
e1/L/R1/42,L,1,quintuplet,6400,1.0,False,,,
e1/L/R1/42,L,1,quintuplet,51200,1.0,False,,,
e1/L/R1/43,L,1,quadruplet,800,0.1,True,False,,
e1/L/R1/43,L,1,quadruplet,6400,0.0,True,False,,
e1/L/R1/43,L,1,quadruplet,51200,0.0,True,False,,
e1/L/R1/43,L,1,quintuplet,800,0.1,True,True,3.7211436713158496e-06,0.0029769149370526796
e1/L/R1/43,L,1,quintuplet,6400,0.2,True,True,3.7211436713158496e-06,0.023815319496421437
e1/L/R1/43,L,1,quintuplet,51200,0.7,True,True,3.7211436713158496e-06,0.1905225559713715
e1/L/R1/44,L,1,quadruplet,800,0.3,True,True,3.303028050966461e-05,0.02642422440773169
e1/L/R1/44,L,1,quadruplet,6400,0.9,True,True,3.303028050966461e-05,0.2113937952618535
e1/L/R1/44,L,1,quadruplet,51200,1.0,True,True,3.303028050966461e-05,1.691150362094828
e1/L/R1/44,L,1,quintuplet,800,0.3,True,True,4.765592422708191e-05,0.03812473938166552
e1/L/R1/44,L,1,quintuplet,6400,0.9,True,True,4.765592422708191e-05,0.3049979150533242
e1/L/R1/44,L,1,quintuplet,51200,1.0,True,True,4.765592422708191e-05,2.4399833204265935
e1/L/R1/45,L,1,quadruplet,800,0.4,False,,,
e1/L/R1/45,L,1,quadruplet,6400,0.9,False,,,
e1/L/R1/45,L,1,quadruplet,51200,1.0,False,,,
e1/L/R1/45,L,1,quintuplet,800,0.4,False,,,
e1/L/R1/45,L,1,quintuplet,6400,0.9,False,,,
e1/L/R1/45,L,1,quintuplet,51200,1.0,False,,,
e1/L/R1/46,L,1,quadruplet,800,0.5,False,,,
e1/L/R1/46,L,1,quadruplet,6400,0.9,False,,,
e1/L/R1/46,L,1,quadruplet,51200,0.8,False,,,
e1/L/R1/46,L,1,quintuplet,800,0.4,False,,,
e1/L/R1/46,L,1,quintuplet,6400,0.9,False,,,
e1/L/R1/46,L,1,quintuplet,51200,0.9,False,,,
e1/L/R1/47,L,1,quadruplet,800,0.0,True,False,,
e1/L/R1/47,L,1,quadruplet,6400,0.0,True,False,,
e1/L/R1/47,L,1,quadruplet,51200,0.0,True,False,,
e1/L/R1/47,L,1,quintuplet,800,0.0,True,False,,
e1/L/R1/47,L,1,quintuplet,6400,0.0,True,False,,
e1/L/R1/47,L,1,quintuplet,51200,0.0,True,False,,
e1/L/R1/48,L,1,quadruplet,800,0.3,False,,,
e1/L/R1/48,L,1,quadruplet,6400,1.0,False,,,
e1/L/R1/48,L,1,quadruplet,51200,1.0,False,,,
e1/L/R1/48,L,1,quintuplet,800,0.3,False,,,
e1/L/R1/48,L,1,quintuplet,6400,1.0,False,,,
e1/L/R1/48,L,1,quintuplet,51200,1.0,False,,,
e1/L/R1/49,L,1,quadruplet,800,0.0,True,False,,
e1/L/R1/49,L,1,quadruplet,6400,0.0,True,False,,
e1/L/R1/49,L,1,quadruplet,51200,0.0,True,False,,
e1/L/R1/49,L,1,quintuplet,800,0.0,True,True,3.7211436713162134e-06,0.0029769149370529706
e1/L/R1/49,L,1,quintuplet,6400,0.2,True,True,3.7211436713162134e-06,0.023815319496423765
e1/L/R1/49,L,1,quintuplet,51200,0.5,True,True,3.7211436713162134e-06,0.19052255597139012
e1/L/R1/5,L,1,quadruplet,800,0.3,False,,,
e1/L/R1/5,L,1,quadruplet,6400,0.9,False,,,
e1/L/R1/5,L,1,quadruplet,51200,1.0,False,,,
e1/L/R1/5,L,1,quintuplet,800,0.4,False,,,
e1/L/R1/5,L,1,quintuplet,6400,1.0,False,,,
e1/L/R1/5,L,1,quintuplet,51200,1.0,False,,,
e1/L/R1/5,L,1,random,800,0.0,False,,,
e1/L/R1/5,L,1,random,6400,0.0,False,,,
e1/L/R1/5,L,1,random,51200,0.0,False,,,
e1/L/R1/50,L,1,quadruplet,800,0.6,False,,,
e1/L/R1/50,L,1,quadruplet,6400,0.9,False,,,
e1/L/R1/50,L,1,quadruplet,51200,1.0,False,,,
e1/L/R1/50,L,1,quintuplet,800,0.7,False,,,
e1/L/R1/50,L,1,quintuplet,6400,0.9,False,,,
e1/L/R1/50,L,1,quintuplet,51200,1.0,False,,,
e1/L/R1/51,L,1,quadruplet,800,0.0,True,False,,
e1/L/R1/51,L,1,quadruplet,6400,0.1,True,False,,
e1/L/R1/51,L,1,quadruplet,51200,0.1,True,False,,
e1/L/R1/51,L,1,quintuplet,800,0.0,True,True,3.760718046432225e-05,0.030085744371457803
e1/L/R1/51,L,1,quintuplet,6400,0.3,True,True,3.760718046432225e-05,0.24068595497166242
e1/L/R1/51,L,1,quintuplet,51200,1.0,True,True,3.760718046432225e-05,1.9254876397732994
e1/L/R1/52,L,1,quadruplet,800,0.7,False,,,
e1/L/R1/52,L,1,quadruplet,6400,1.0,False,,,
e1/L/R1/52,L,1,quadruplet,51200,1.0,False,,,
e1/L/R1/52,L,1,quintuplet,800,0.5,False,,,
e1/L/R1/52,L,1,quintuplet,6400,1.0,False,,,
e1/L/R1/52,L,1,quintuplet,51200,1.0,False,,,
e1/L/R1/53,L,1,quadruplet,800,0.4,False,,,
e1/L/R1/53,L,1,quadruplet,6400,1.0,False,,,
e1/L/R1/53,L,1,quadruplet,51200,1.0,False,,,
e1/L/R1/53,L,1,quintuplet,800,0.7,False,,,
e1/L/R1/53,L,1,quintuplet,6400,1.0,False,,,
e1/L/R1/53,L,1,quintuplet,51200,1.0,False,,,
e1/L/R1/54,L,1,quadruplet,800,0.6,False,,,
e1/L/R1/54,L,1,quadruplet,6400,1.0,False,,,
e1/L/R1/54,L,1,quadruplet,51200,1.0,False,,,
e1/L/R1/54,L,1,quintuplet,800,0.3,False,,,
e1/L/R1/54,L,1,quintuplet,6400,0.9,False,,,
e1/L/R1/54,L,1,quintuplet,51200,1.0,False,,,
e1/L/R1/55,L,1,quadruplet,800,0.3,True,True,8.040825953641323e-06,0.006432660762913059
e1/L/R1/55,L,1,quadruplet,6400,0.9,True,True,8.040825953641323e-06,0.05146128610330447
e1/L/R1/55,L,1,quadruplet,51200,1.0,True,True,8.040825953641323e-06,0.41169028882643577
e1/L/R1/55,L,1,quintuplet,800,0.4,True,True,1.0908644646355088e-05,0.008726915717084071
e1/L/R1/55,L,1,quintuplet,6400,0.8,True,True,1.0908644646355088e-05,0.06981532573667257
e1/L/R1/55,L,1,quintuplet,51200,1.0,True,True,1.0908644646355088e-05,0.5585226058933805
e1/L/R1/56,L,1,quadruplet,800,0.4,False,,,
e1/L/R1/56,L,1,quadruplet,6400,0.9,False,,,
e1/L/R1/56,L,1,quadruplet,51200,1.0,False,,,
e1/L/R1/56,L,1,quintuplet,800,0.6,False,,,
e1/L/R1/56,L,1,quintuplet,6400,1.0,False,,,
e1/L/R1/56,L,1,quintuplet,51200,1.0,False,,,
e1/L/R1/57,L,1,quadruplet,800,0.5,True,True,3.3030280509659047e-05,0.026424224407727237
e1/L/R1/57,L,1,quadruplet,6400,1.0,True,True,3.3030280509659047e-05,0.2113937952618179
e1/L/R1/57,L,1,quadruplet,51200,1.0,True,True,3.3030280509659047e-05,1.6911503620945432
e1/L/R1/57,L,1,quintuplet,800,0.6,True,True,4.7655924227085106e-05,0.038124739381668084
e1/L/R1/57,L,1,quintuplet,6400,1.0,True,True,4.7655924227085106e-05,0.30499791505334467
e1/L/R1/57,L,1,quintuplet,51200,1.0,True,True,4.7655924227085106e-05,2.4399833204267574
e1/L/R1/58,L,1,quadruplet,800,0.3,False,,,
e1/L/R1/58,L,1,quadruplet,6400,1.0,False,,,
e1/L/R1/58,L,1,quadruplet,51200,1.0,False,,,
e1/L/R1/58,L,1,quintuplet,800,0.3,False,,,
e1/L/R1/58,L,1,quintuplet,6400,1.0,False,,,
e1/L/R1/58,L,1,quintuplet,51200,1.0,False,,,
e1/L/R1/59,L,1,quadruplet,800,0.7,True,True,4.1870550535263764e-05,0.03349644042821101
e1/L/R1/59,L,1,quadruplet,6400,0.9,True,True,4.1870550535263764e-05,0.2679715234256881
e1/L/R1/59,L,1,quadruplet,51200,1.0,True,True,4.1870550535263764e-05,2.1437721874055047
e1/L/R1/59,L,1,quintuplet,800,0.3,True,True,2.1887554532401083e-05,0.017510043625920867
e1/L/R1/59,L,1,quintuplet,6400,0.8,True,True,2.1887554532401083e-05,0.14008034900736693
e1/L/R1/59,L,1,quintuplet,51200,1.0,True,True,2.1887554532401083e-05,1.1206427920589355
e1/L/R1/6,L,1,quadruplet,800,0.0,True,False,,
e1/L/R1/6,L,1,quadruplet,6400,0.0,True,False,,
e1/L/R1/6,L,1,quadruplet,51200,0.1,True,False,,
e1/L/R1/6,L,1,quintuplet,800,0.0,True,True,3.7607180464322306e-05,0.030085744371457845
e1/L/R1/6,L,1,quintuplet,6400,0.1,True,True,3.7607180464322306e-05,0.24068595497166276
e1/L/R1/6,L,1,quintuplet,51200,0.9,True,True,3.7607180464322306e-05,1.925487639773302
e1/L/R1/6,L,1,random,800,0.0,True,False,,
e1/L/R1/6,L,1,random,6400,0.0,True,False,,
e1/L/R1/6,L,1,random,51200,0.0,True,False,,
e1/L/R1/60,L,1,quadruplet,800,0.0,True,False,,
e1/L/R1/60,L,1,quadruplet,6400,0.0,True,False,,
e1/L/R1/60,L,1,quadruplet,51200,0.0,True,False,,
e1/L/R1/60,L,1,quintuplet,800,0.0,True,True,3.721143671316112e-06,0.0029769149370528895
e1/L/R1/60,L,1,quintuplet,6400,0.3,True,True,3.721143671316112e-06,0.023815319496423116
e1/L/R1/60,L,1,quintuplet,51200,0.5,True,True,3.721143671316112e-06,0.19052255597138493
e1/L/R1/61,L,1,quadruplet,800,0.0,False,,,
e1/L/R1/61,L,1,quadruplet,6400,0.0,False,,,
e1/L/R1/61,L,1,quadruplet,51200,0.0,False,,,
e1/L/R1/61,L,1,quintuplet,800,0.3,False,,,
e1/L/R1/61,L,1,quintuplet,6400,0.4,False,,,
e1/L/R1/61,L,1,quintuplet,51200,0.7,False,,,
e1/L/R1/62,L,1,quadruplet,800,0.3,False,,,
e1/L/R1/62,L,1,quadruplet,6400,1.0,False,,,
e1/L/R1/62,L,1,quadruplet,51200,0.9,False,,,
e1/L/R1/62,L,1,quintuplet,800,0.3,False,,,
e1/L/R1/62,L,1,quintuplet,6400,1.0,False,,,
e1/L/R1/62,L,1,quintuplet,51200,1.0,False,,,
e1/L/R1/63,L,1,quadruplet,800,0.2,False,,,
e1/L/R1/63,L,1,quadruplet,6400,0.4,False,,,
e1/L/R1/63,L,1,quadruplet,51200,0.4,False,,,
e1/L/R1/63,L,1,quintuplet,800,0.7,False,,,
e1/L/R1/63,L,1,quintuplet,6400,0.8,False,,,
e1/L/R1/63,L,1,quintuplet,51200,1.0,False,,,
e1/L/R1/64,L,1,quadruplet,800,0.0,True,False,,
e1/L/R1/64,L,1,quadruplet,6400,0.0,True,False,,
e1/L/R1/64,L,1,quadruplet,51200,0.0,True,False,,
e1/L/R1/64,L,1,quintuplet,800,0.0,True,True,2.5128416679402856e-05,0.020102733343522285
e1/L/R1/64,L,1,quintuplet,6400,0.4,True,True,2.5128416679402856e-05,0.16082186674817828
e1/L/R1/64,L,1,quintuplet,51200,0.9,True,True,2.5128416679402856e-05,1.2865749339854262
e1/L/R1/65,L,1,quadruplet,800,0.2,False,,,
e1/L/R1/65,L,1,quadruplet,6400,0.1,False,,,
e1/L/R1/65,L,1,quadruplet,51200,0.0,False,,,
e1/L/R1/65,L,1,quintuplet,800,0.7,False,,,
e1/L/R1/65,L,1,quintuplet,6400,0.8,False,,,
e1/L/R1/65,L,1,quintuplet,51200,1.0,False,,,
e1/L/R1/66,L,1,quadruplet,800,0.5,False,,,
e1/L/R1/66,L,1,quadruplet,6400,1.0,False,,,
e1/L/R1/66,L,1,quadruplet,51200,1.0,False,,,
e1/L/R1/66,L,1,quintuplet,800,0.7,False,,,
e1/L/R1/66,L,1,quintuplet,6400,1.0,False,,,
e1/L/R1/66,L,1,quintuplet,51200,1.0,False,,,
e1/L/R1/67,L,1,quadruplet,800,0.0,True,False,,
e1/L/R1/67,L,1,quadruplet,6400,0.0,True,False,,
e1/L/R1/67,L,1,quadruplet,51200,0.0,True,False,,
e1/L/R1/67,L,1,quintuplet,800,0.2,True,True,3.7607180464324095e-05,0.030085744371459278
e1/L/R1/67,L,1,quintuplet,6400,0.2,True,True,3.7607180464324095e-05,0.24068595497167422
e1/L/R1/67,L,1,quintuplet,51200,1.0,True,True,3.7607180464324095e-05,1.9254876397733938
e1/L/R1/68,L,1,quadruplet,800,0.0,False,,,
e1/L/R1/68,L,1,quadruplet,6400,0.0,False,,,
e1/L/R1/68,L,1,quadruplet,51200,0.0,False,,,
e1/L/R1/68,L,1,quintuplet,800,0.0,False,,,
e1/L/R1/68,L,1,quintuplet,6400,0.0,False,,,
e1/L/R1/68,L,1,quintuplet,51200,0.0,False,,,
e1/L/R1/69,L,1,quadruplet,800,0.9,False,,,
e1/L/R1/69,L,1,quadruplet,6400,1.0,False,,,
e1/L/R1/69,L,1,quadruplet,51200,1.0,False,,,
e1/L/R1/69,L,1,quintuplet,800,1.0,False,,,
e1/L/R1/69,L,1,quintuplet,6400,1.0,False,,,
e1/L/R1/69,L,1,quintuplet,51200,1.0,False,,,
e1/L/R1/7,L,1,quadruplet,800,0.0,True,True,3.224506247481015e-05,0.02579604997984812
e1/L/R1/7,L,1,quadruplet,6400,0.2,True,True,3.224506247481015e-05,0.20636839983878497
e1/L/R1/7,L,1,quadruplet,51200,1.0,True,True,3.224506247481015e-05,1.6509471987102797
e1/L/R1/7,L,1,quintuplet,800,0.0,True,True,4.668724796181102e-05,0.037349798369448815
e1/L/R1/7,L,1,quintuplet,6400,0.3,True,True,4.668724796181102e-05,0.2987983869555905
e1/L/R1/7,L,1,quintuplet,51200,1.0,True,True,4.668724796181102e-05,2.390387095644724
e1/L/R1/7,L,1,random,800,0.0,True,False,,
e1/L/R1/7,L,1,random,6400,0.0,True,False,,
e1/L/R1/7,L,1,random,51200,0.0,True,False,,
e1/L/R1/70,L,1,quadruplet,800,0.0,True,False,,
e1/L/R1/70,L,1,quadruplet,6400,0.0,True,False,,
e1/L/R1/70,L,1,quadruplet,51200,0.0,True,False,,
e1/L/R1/70,L,1,quintuplet,800,0.0,True,False,,
e1/L/R1/70,L,1,quintuplet,6400,0.0,True,False,,
e1/L/R1/70,L,1,quintuplet,51200,0.0,True,False,,
e1/L/R1/71,L,1,quadruplet,800,0.9,True,True,4.1870550535269015e-05,0.033496440428215216
e1/L/R1/71,L,1,quadruplet,6400,1.0,True,True,4.1870550535269015e-05,0.2679715234257217
e1/L/R1/71,L,1,quadruplet,51200,1.0,True,True,4.1870550535269015e-05,2.143772187405774
e1/L/R1/71,L,1,quintuplet,800,0.6,True,True,2.1887554532404715e-05,0.01751004362592377
e1/L/R1/71,L,1,quintuplet,6400,0.7,True,True,2.1887554532404715e-05,0.14008034900739016
e1/L/R1/71,L,1,quintuplet,51200,1.0,True,True,2.1887554532404715e-05,1.1206427920591213
e1/L/R1/72,L,1,quadruplet,800,0.5,False,,,
e1/L/R1/72,L,1,quadruplet,6400,0.2,False,,,
e1/L/R1/72,L,1,quadruplet,51200,0.3,False,,,
e1/L/R1/72,L,1,quintuplet,800,0.8,False,,,
e1/L/R1/72,L,1,quintuplet,6400,0.9,False,,,
e1/L/R1/72,L,1,quintuplet,51200,1.0,False,,,
e1/L/R1/73,L,1,quadruplet,800,0.0,True,False,,
e1/L/R1/73,L,1,quadruplet,6400,0.1,True,False,,
e1/L/R1/73,L,1,quadruplet,51200,0.0,True,False,,
e1/L/R1/73,L,1,quintuplet,800,0.0,True,True,3.721143671316097e-06,0.0029769149370528778
e1/L/R1/73,L,1,quintuplet,6400,0.3,True,True,3.721143671316097e-06,0.023815319496423022
e1/L/R1/73,L,1,quintuplet,51200,0.6,True,True,3.721143671316097e-06,0.19052255597138418
e1/L/R1/74,L,1,quadruplet,800,0.8,True,True,1.4257309778633974e-05,0.01140584782290718
e1/L/R1/74,L,1,quadruplet,6400,1.0,True,True,1.4257309778633974e-05,0.09124678258325744
e1/L/R1/74,L,1,quadruplet,51200,1.0,True,True,1.4257309778633974e-05,0.7299742606660595
e1/L/R1/74,L,1,quintuplet,800,0.6,True,True,1.2711552987262437e-05,0.01016924238980995
e1/L/R1/74,L,1,quintuplet,6400,1.0,True,True,1.2711552987262437e-05,0.0813539391184796
e1/L/R1/74,L,1,quintuplet,51200,1.0,True,True,1.2711552987262437e-05,0.6508315129478368
e1/L/R1/75,L,1,quadruplet,800,0.0,True,False,,
e1/L/R1/75,L,1,quadruplet,6400,0.0,True,False,,
e1/L/R1/75,L,1,quadruplet,51200,0.0,True,False,,
e1/L/R1/75,L,1,quintuplet,800,0.1,True,True,2.5128416679408747e-05,0.020102733343527
e1/L/R1/75,L,1,quintuplet,6400,0.1,True,True,2.5128416679408747e-05,0.160821866748216
e1/L/R1/75,L,1,quintuplet,51200,0.7,True,True,2.5128416679408747e-05,1.286574933985728
e1/L/R1/76,L,1,quadruplet,800,0.0,True,False,,
e1/L/R1/76,L,1,quadruplet,6400,0.1,True,False,,
e1/L/R1/76,L,1,quadruplet,51200,0.0,True,False,,
e1/L/R1/76,L,1,quintuplet,800,0.1,True,True,3.760718046432275e-05,0.0300857443714582
e1/L/R1/76,L,1,quintuplet,6400,0.2,True,True,3.760718046432275e-05,0.2406859549716656
e1/L/R1/76,L,1,quintuplet,51200,1.0,True,True,3.760718046432275e-05,1.9254876397733247
e1/L/R1/77,L,1,quadruplet,800,0.5,False,,,
e1/L/R1/77,L,1,quadruplet,6400,0.5,False,,,
e1/L/R1/77,L,1,quadruplet,51200,1.0,False,,,
e1/L/R1/77,L,1,quintuplet,800,0.8,False,,,
e1/L/R1/77,L,1,quintuplet,6400,1.0,False,,,
e1/L/R1/77,L,1,quintuplet,51200,1.0,False,,,
e1/L/R1/78,L,1,quadruplet,800,0.2,False,,,
e1/L/R1/78,L,1,quadruplet,6400,0.0,False,,,
e1/L/R1/78,L,1,quadruplet,51200,0.0,False,,,
e1/L/R1/78,L,1,quintuplet,800,0.4,False,,,
e1/L/R1/78,L,1,quintuplet,6400,0.4,False,,,
e1/L/R1/78,L,1,quintuplet,51200,0.5,False,,,
e1/L/R1/79,L,1,quadruplet,800,0.2,False,,,
e1/L/R1/79,L,1,quadruplet,6400,1.0,False,,,
e1/L/R1/79,L,1,quadruplet,51200,1.0,False,,,
e1/L/R1/79,L,1,quintuplet,800,0.2,False,,,
e1/L/R1/79,L,1,quintuplet,6400,1.0,False,,,
e1/L/R1/79,L,1,quintuplet,51200,1.0,False,,,
e1/L/R1/8,L,1,quadruplet,800,0.6,False,,,
e1/L/R1/8,L,1,quadruplet,6400,1.0,False,,,
e1/L/R1/8,L,1,quadruplet,51200,1.0,False,,,
e1/L/R1/8,L,1,quintuplet,800,0.2,False,,,
e1/L/R1/8,L,1,quintuplet,6400,0.9,False,,,
e1/L/R1/8,L,1,quintuplet,51200,1.0,False,,,
e1/L/R1/8,L,1,random,800,0.0,False,,,
e1/L/R1/8,L,1,random,6400,0.0,False,,,
e1/L/R1/8,L,1,random,51200,0.0,False,,,
e1/L/R1/80,L,1,quadruplet,800,0.0,False,,,
e1/L/R1/80,L,1,quadruplet,6400,0.0,False,,,
e1/L/R1/80,L,1,quadruplet,51200,0.0,False,,,
e1/L/R1/80,L,1,quintuplet,800,0.0,False,,,
e1/L/R1/80,L,1,quintuplet,6400,0.0,False,,,
e1/L/R1/80,L,1,quintuplet,51200,0.0,False,,,
e1/L/R1/81,L,1,quadruplet,800,0.9,False,,,
e1/L/R1/81,L,1,quadruplet,6400,0.9,False,,,
e1/L/R1/81,L,1,quadruplet,51200,1.0,False,,,
e1/L/R1/81,L,1,quintuplet,800,1.0,False,,,
e1/L/R1/81,L,1,quintuplet,6400,1.0,False,,,
e1/L/R1/81,L,1,quintuplet,51200,0.9,False,,,
e1/L/R1/82,L,1,quadruplet,800,0.5,True,True,3.3030280509656505e-05,0.026424224407725204
e1/L/R1/82,L,1,quadruplet,6400,0.9,True,True,3.3030280509656505e-05,0.21139379526180163
e1/L/R1/82,L,1,quadruplet,51200,1.0,True,True,3.3030280509656505e-05,1.691150362094413
e1/L/R1/82,L,1,quintuplet,800,0.3,True,True,4.765592422707781e-05,0.03812473938166225
e1/L/R1/82,L,1,quintuplet,6400,0.7,True,True,4.765592422707781e-05,0.304997915053298
e1/L/R1/82,L,1,quintuplet,51200,1.0,True,True,4.765592422707781e-05,2.439983320426384
e1/L/R1/83,L,1,quadruplet,800,0.0,False,,,
e1/L/R1/83,L,1,quadruplet,6400,0.0,False,,,
e1/L/R1/83,L,1,quadruplet,51200,0.0,False,,,
e1/L/R1/83,L,1,quintuplet,800,0.0,False,,,
e1/L/R1/83,L,1,quintuplet,6400,0.0,False,,,
e1/L/R1/83,L,1,quintuplet,51200,0.0,False,,,
e1/L/R1/84,L,1,quadruplet,800,0.4,False,,,
e1/L/R1/84,L,1,quadruplet,6400,0.9,False,,,
e1/L/R1/84,L,1,quadruplet,51200,1.0,False,,,
e1/L/R1/84,L,1,quintuplet,800,0.4,False,,,
e1/L/R1/84,L,1,quintuplet,6400,0.8,False,,,
e1/L/R1/84,L,1,quintuplet,51200,1.0,False,,,
e1/L/R1/85,L,1,quadruplet,800,0.6,False,,,
e1/L/R1/85,L,1,quadruplet,6400,1.0,False,,,
e1/L/R1/85,L,1,quadruplet,51200,1.0,False,,,
e1/L/R1/85,L,1,quintuplet,800,0.6,False,,,
e1/L/R1/85,L,1,quintuplet,6400,1.0,False,,,
e1/L/R1/85,L,1,quintuplet,51200,1.0,False,,,
e1/L/R1/86,L,1,quadruplet,800,0.0,False,,,
e1/L/R1/86,L,1,quadruplet,6400,0.1,False,,,
e1/L/R1/86,L,1,quadruplet,51200,0.0,False,,,
e1/L/R1/86,L,1,quintuplet,800,0.3,False,,,
e1/L/R1/86,L,1,quintuplet,6400,0.9,False,,,
e1/L/R1/86,L,1,quintuplet,51200,1.0,False,,,
e1/L/R1/87,L,1,quadruplet,800,0.0,True,False,,
e1/L/R1/87,L,1,quadruplet,6400,0.0,True,False,,
e1/L/R1/87,L,1,quadruplet,51200,0.0,True,False,,
e1/L/R1/87,L,1,quintuplet,800,0.0,True,False,,
e1/L/R1/87,L,1,quintuplet,6400,0.0,True,False,,
e1/L/R1/87,L,1,quintuplet,51200,0.0,True,False,,
e1/L/R1/88,L,1,quadruplet,800,0.3,False,,,
e1/L/R1/88,L,1,quadruplet,6400,0.8,False,,,
e1/L/R1/88,L,1,quadruplet,51200,1.0,False,,,
e1/L/R1/88,L,1,quintuplet,800,0.7,False,,,
e1/L/R1/88,L,1,quintuplet,6400,1.0,False,,,
e1/L/R1/88,L,1,quintuplet,51200,0.9,False,,,
e1/L/R1/89,L,1,quadruplet,800,0.8,True,True,1.4257309778634475e-05,0.01140584782290758
e1/L/R1/89,L,1,quadruplet,6400,1.0,True,True,1.4257309778634475e-05,0.09124678258326065
e1/L/R1/89,L,1,quadruplet,51200,1.0,True,True,1.4257309778634475e-05,0.7299742606660852
e1/L/R1/89,L,1,quintuplet,800,0.8,True,True,1.2711552987262671e-05,0.010169242389810138
e1/L/R1/89,L,1,quintuplet,6400,1.0,True,True,1.2711552987262671e-05,0.0813539391184811
e1/L/R1/89,L,1,quintuplet,51200,1.0,True,True,1.2711552987262671e-05,0.6508315129478488
e1/L/R1/9,L,1,quadruplet,800,0.1,False,,,
e1/L/R1/9,L,1,quadruplet,6400,0.0,False,,,
e1/L/R1/9,L,1,quadruplet,51200,0.0,False,,,
e1/L/R1/9,L,1,quintuplet,800,0.1,False,,,
e1/L/R1/9,L,1,quintuplet,6400,0.0,False,,,
e1/L/R1/9,L,1,quintuplet,51200,0.0,False,,,
e1/L/R1/9,L,1,random,800,0.0,False,,,
e1/L/R1/9,L,1,random,6400,0.0,False,,,
e1/L/R1/9,L,1,random,51200,0.0,False,,,
e1/L/R1/90,L,1,quadruplet,800,0.5,False,,,
e1/L/R1/90,L,1,quadruplet,6400,1.0,False,,,
e1/L/R1/90,L,1,quadruplet,51200,1.0,False,,,
e1/L/R1/90,L,1,quintuplet,800,0.5,False,,,
e1/L/R1/90,L,1,quintuplet,6400,1.0,False,,,
e1/L/R1/90,L,1,quintuplet,51200,1.0,False,,,
e1/L/R1/91,L,1,quadruplet,800,0.0,False,,,
e1/L/R1/91,L,1,quadruplet,6400,0.0,False,,,
e1/L/R1/91,L,1,quadruplet,51200,0.0,False,,,
e1/L/R1/91,L,1,quintuplet,800,0.0,False,,,
e1/L/R1/91,L,1,quintuplet,6400,0.0,False,,,
e1/L/R1/91,L,1,quintuplet,51200,0.0,False,,,
e1/L/R1/92,L,1,quadruplet,800,0.0,True,False,,
e1/L/R1/92,L,1,quadruplet,6400,0.0,True,False,,
e1/L/R1/92,L,1,quadruplet,51200,0.0,True,False,,
e1/L/R1/92,L,1,quintuplet,800,0.0,True,True,2.5128416679408954e-05,0.020102733343527163
e1/L/R1/92,L,1,quintuplet,6400,0.3,True,True,2.5128416679408954e-05,0.1608218667482173
e1/L/R1/92,L,1,quintuplet,51200,0.9,True,True,2.5128416679408954e-05,1.2865749339857384
e1/L/R1/93,L,1,quadruplet,800,0.3,False,,,
e1/L/R1/93,L,1,quadruplet,6400,0.9,False,,,
e1/L/R1/93,L,1,quadruplet,51200,1.0,False,,,
e1/L/R1/93,L,1,quintuplet,800,0.3,False,,,
e1/L/R1/93,L,1,quintuplet,6400,1.0,False,,,
e1/L/R1/93,L,1,quintuplet,51200,1.0,False,,,
e1/L/R1/94,L,1,quadruplet,800,0.3,False,,,
e1/L/R1/94,L,1,quadruplet,6400,0.9,False,,,
e1/L/R1/94,L,1,quadruplet,51200,1.0,False,,,
e1/L/R1/94,L,1,quintuplet,800,0.4,False,,,
e1/L/R1/94,L,1,quintuplet,6400,0.9,False,,,
e1/L/R1/94,L,1,quintuplet,51200,1.0,False,,,
e1/L/R1/95,L,1,quadruplet,800,0.0,True,True,3.224506247481816e-05,0.02579604997985453
e1/L/R1/95,L,1,quadruplet,6400,0.7,True,True,3.224506247481816e-05,0.20636839983883623
e1/L/R1/95,L,1,quadruplet,51200,1.0,True,True,3.224506247481816e-05,1.6509471987106898
e1/L/R1/95,L,1,quintuplet,800,0.0,True,True,4.6687247961816656e-05,0.037349798369453326
e1/L/R1/95,L,1,quintuplet,6400,0.7,True,True,4.6687247961816656e-05,0.2987983869556266
e1/L/R1/95,L,1,quintuplet,51200,1.0,True,True,4.6687247961816656e-05,2.390387095645013
e1/L/R1/96,L,1,quadruplet,800,0.4,False,,,
e1/L/R1/96,L,1,quadruplet,6400,1.0,False,,,
e1/L/R1/96,L,1,quadruplet,51200,1.0,False,,,
e1/L/R1/96,L,1,quintuplet,800,0.2,False,,,
e1/L/R1/96,L,1,quintuplet,6400,0.9,False,,,
e1/L/R1/96,L,1,quintuplet,51200,1.0,False,,,
e1/L/R1/97,L,1,quadruplet,800,0.4,False,,,
e1/L/R1/97,L,1,quadruplet,6400,0.8,False,,,
e1/L/R1/97,L,1,quadruplet,51200,1.0,False,,,
e1/L/R1/97,L,1,quintuplet,800,0.9,False,,,
e1/L/R1/97,L,1,quintuplet,6400,1.0,False,,,
e1/L/R1/97,L,1,quintuplet,51200,0.9,False,,,
e1/L/R1/98,L,1,quadruplet,800,0.6,False,,,
e1/L/R1/98,L,1,quadruplet,6400,1.0,False,,,
e1/L/R1/98,L,1,quadruplet,51200,1.0,False,,,
e1/L/R1/98,L,1,quintuplet,800,0.8,False,,,
e1/L/R1/98,L,1,quintuplet,6400,0.8,False,,,
e1/L/R1/98,L,1,quintuplet,51200,1.0,False,,,
e1/L/R1/99,L,1,quadruplet,800,0.9,True,True,1.4257309778634814e-05,0.011405847822907851
e1/L/R1/99,L,1,quadruplet,6400,1.0,True,True,1.4257309778634814e-05,0.09124678258326281
e1/L/R1/99,L,1,quadruplet,51200,1.0,True,True,1.4257309778634814e-05,0.7299742606661025
e1/L/R1/99,L,1,quintuplet,800,0.9,True,True,1.2711552987262315e-05,0.010169242389809853
e1/L/R1/99,L,1,quintuplet,6400,1.0,True,True,1.2711552987262315e-05,0.08135393911847882
e1/L/R1/99,L,1,quintuplet,51200,1.0,True,True,1.2711552987262315e-05,0.6508315129478306
e1/L/R2/0,L,2,quadruplet,800,0.0,True,False,,
e1/L/R2/0,L,2,quadruplet,6400,0.0,True,False,,
e1/L/R2/0,L,2,quadruplet,51200,0.0,True,False,,
e1/L/R2/0,L,2,quintuplet,800,0.0,True,False,,
e1/L/R2/0,L,2,quintuplet,6400,0.0,True,False,,
e1/L/R2/0,L,2,quintuplet,51200,0.0,True,False,,
e1/L/R2/0,L,2,random,800,0.0,True,False,,
e1/L/R2/0,L,2,random,6400,0.0,True,False,,
e1/L/R2/0,L,2,random,51200,0.0,True,False,,
e1/L/R2/1,L,2,quadruplet,800,0.0,True,False,,
e1/L/R2/1,L,2,quadruplet,6400,0.0,True,False,,
e1/L/R2/1,L,2,quadruplet,51200,0.0,True,False,,
e1/L/R2/1,L,2,quintuplet,800,0.0,True,False,,
e1/L/R2/1,L,2,quintuplet,6400,0.0,True,False,,
e1/L/R2/1,L,2,quintuplet,51200,0.0,True,False,,
e1/L/R2/1,L,2,random,800,0.0,True,False,,
e1/L/R2/1,L,2,random,6400,0.0,True,False,,
e1/L/R2/1,L,2,random,51200,0.0,True,False,,
e1/L/R2/10,L,2,quadruplet,800,0.4,True,True,2.0504024522038323e-05,0.01640321961763066
e1/L/R2/10,L,2,quadruplet,6400,1.0,True,True,2.0504024522038323e-05,0.13122575694104527
e1/L/R2/10,L,2,quadruplet,51200,1.0,True,True,2.0504024522038323e-05,1.0498060555283621
e1/L/R2/10,L,2,quintuplet,800,0.0,True,True,5.32563849600428e-06,0.004260510796803424
e1/L/R2/10,L,2,quintuplet,6400,0.7,True,True,5.32563849600428e-06,0.03408408637442739
e1/L/R2/10,L,2,quintuplet,51200,1.0,True,True,5.32563849600428e-06,0.27267269099541913
e1/L/R2/11,L,2,quadruplet,800,0.1,True,True,8.858148466657949e-06,0.0070865187733263595
e1/L/R2/11,L,2,quadruplet,6400,0.6,True,True,8.858148466657949e-06,0.056692150186610876
e1/L/R2/11,L,2,quadruplet,51200,0.9,True,True,8.858148466657949e-06,0.453537201492887
e1/L/R2/11,L,2,quintuplet,800,0.1,True,True,1.6340576365400874e-05,0.013072461092320698
e1/L/R2/11,L,2,quintuplet,6400,0.5,True,True,1.6340576365400874e-05,0.10457968873856559
e1/L/R2/11,L,2,quintuplet,51200,1.0,True,True,1.6340576365400874e-05,0.8366375099085247
e1/L/R2/12,L,2,quadruplet,800,0.0,False,,,
e1/L/R2/12,L,2,quadruplet,6400,0.5,False,,,
e1/L/R2/12,L,2,quadruplet,51200,1.0,False,,,
e1/L/R2/12,L,2,quintuplet,800,0.2,False,,,
e1/L/R2/12,L,2,quintuplet,6400,0.7,False,,,
e1/L/R2/12,L,2,quintuplet,51200,1.0,False,,,
e1/L/R2/13,L,2,quadruplet,800,0.0,True,False,,
e1/L/R2/13,L,2,quadruplet,6400,0.2,True,False,,
e1/L/R2/13,L,2,quadruplet,51200,0.1,True,False,,
e1/L/R2/13,L,2,quintuplet,800,0.0,True,True,1.3017034066137919e-05,0.010413627252910335
e1/L/R2/13,L,2,quintuplet,6400,0.2,True,True,1.3017034066137919e-05,0.08330901802328268
e1/L/R2/13,L,2,quintuplet,51200,0.9,True,True,1.3017034066137919e-05,0.6664721441862614
e1/L/R2/14,L,2,quadruplet,800,0.2,True,True,1.3139082830669528e-06,0.0010511266264535623
e1/L/R2/14,L,2,quadruplet,6400,0.4,True,True,1.3139082830669528e-06,0.008409013011628498
e1/L/R2/14,L,2,quadruplet,51200,0.8,True,True,1.3139082830669528e-06,0.06727210409302799
e1/L/R2/14,L,2,quintuplet,800,0.2,True,True,5.55831828653477e-07,0.0004446654629227816
e1/L/R2/14,L,2,quintuplet,6400,0.4,True,True,5.55831828653477e-07,0.003557323703382253
e1/L/R2/14,L,2,quintuplet,51200,0.7,True,True,5.55831828653477e-07,0.028458589627058023
e1/L/R2/15,L,2,quadruplet,800,0.1,True,True,7.230227029609396e-06,0.005784181623687517
e1/L/R2/15,L,2,quadruplet,6400,0.8,True,True,7.230227029609396e-06,0.046273452989500134
e1/L/R2/15,L,2,quadruplet,51200,1.0,True,True,7.230227029609396e-06,0.3701876239160011
e1/L/R2/15,L,2,quintuplet,800,0.1,True,True,1.0339584918393335e-05,0.008271667934714668
e1/L/R2/15,L,2,quintuplet,6400,0.7,True,True,1.0339584918393335e-05,0.06617334347771735
e1/L/R2/15,L,2,quintuplet,51200,0.8,True,True,1.0339584918393335e-05,0.5293867478217388
e1/L/R2/16,L,2,quadruplet,800,0.4,False,,,
e1/L/R2/16,L,2,quadruplet,6400,1.0,False,,,
e1/L/R2/16,L,2,quadruplet,51200,1.0,False,,,
e1/L/R2/16,L,2,quintuplet,800,0.4,False,,,
e1/L/R2/16,L,2,quintuplet,6400,1.0,False,,,
e1/L/R2/16,L,2,quintuplet,51200,1.0,False,,,
e1/L/R2/17,L,2,quadruplet,800,0.0,False,,,
e1/L/R2/17,L,2,quadruplet,6400,0.5,False,,,
e1/L/R2/17,L,2,quadruplet,51200,1.0,False,,,
e1/L/R2/17,L,2,quintuplet,800,0.0,False,,,
e1/L/R2/17,L,2,quintuplet,6400,0.7,False,,,
e1/L/R2/17,L,2,quintuplet,51200,1.0,False,,,
e1/L/R2/18,L,2,quadruplet,800,0.0,True,False,,
e1/L/R2/18,L,2,quadruplet,6400,0.0,True,False,,
e1/L/R2/18,L,2,quadruplet,51200,0.0,True,False,,
e1/L/R2/18,L,2,quintuplet,800,0.0,True,False,,
e1/L/R2/18,L,2,quintuplet,6400,0.2,True,False,,
e1/L/R2/18,L,2,quintuplet,51200,0.2,True,False,,
e1/L/R2/19,L,2,quadruplet,800,0.0,True,False,,
e1/L/R2/19,L,2,quadruplet,6400,0.0,True,False,,
e1/L/R2/19,L,2,quadruplet,51200,0.0,True,False,,
e1/L/R2/19,L,2,quintuplet,800,0.0,True,False,,
e1/L/R2/19,L,2,quintuplet,6400,0.0,True,False,,
e1/L/R2/19,L,2,quintuplet,51200,0.0,True,False,,
e1/L/R2/2,L,2,quadruplet,800,0.0,False,,,
e1/L/R2/2,L,2,quadruplet,6400,0.0,False,,,
e1/L/R2/2,L,2,quadruplet,51200,0.0,False,,,
e1/L/R2/2,L,2,quintuplet,800,0.0,False,,,
e1/L/R2/2,L,2,quintuplet,6400,0.0,False,,,
e1/L/R2/2,L,2,quintuplet,51200,0.0,False,,,
e1/L/R2/2,L,2,random,800,0.0,False,,,
e1/L/R2/2,L,2,random,6400,0.0,False,,,
e1/L/R2/2,L,2,random,51200,0.0,False,,,
e1/L/R2/20,L,2,quadruplet,800,0.0,False,,,
e1/L/R2/20,L,2,quadruplet,6400,0.0,False,,,
e1/L/R2/20,L,2,quadruplet,51200,0.0,False,,,
e1/L/R2/20,L,2,quintuplet,800,0.0,False,,,
e1/L/R2/20,L,2,quintuplet,6400,0.0,False,,,
e1/L/R2/20,L,2,quintuplet,51200,0.0,False,,,
e1/L/R2/21,L,2,quadruplet,800,0.0,True,False,,
e1/L/R2/21,L,2,quadruplet,6400,0.0,True,False,,
e1/L/R2/21,L,2,quadruplet,51200,0.0,True,False,,
e1/L/R2/21,L,2,quintuplet,800,0.0,True,False,,
e1/L/R2/21,L,2,quintuplet,6400,0.0,True,False,,
e1/L/R2/21,L,2,quintuplet,51200,0.0,True,False,,
e1/L/R2/22,L,2,quadruplet,800,0.2,False,,,
e1/L/R2/22,L,2,quadruplet,6400,0.5,False,,,
e1/L/R2/22,L,2,quadruplet,51200,1.0,False,,,
e1/L/R2/22,L,2,quintuplet,800,0.1,False,,,
e1/L/R2/22,L,2,quintuplet,6400,0.2,False,,,
e1/L/R2/22,L,2,quintuplet,51200,1.0,False,,,
e1/L/R2/23,L,2,quadruplet,800,0.6,False,,,
e1/L/R2/23,L,2,quadruplet,6400,1.0,False,,,
e1/L/R2/23,L,2,quadruplet,51200,1.0,False,,,
e1/L/R2/23,L,2,quintuplet,800,0.7,False,,,
e1/L/R2/23,L,2,quintuplet,6400,1.0,False,,,
e1/L/R2/23,L,2,quintuplet,51200,1.0,False,,,
e1/L/R2/24,L,2,quadruplet,800,0.0,True,False,,
e1/L/R2/24,L,2,quadruplet,6400,0.0,True,False,,
e1/L/R2/24,L,2,quadruplet,51200,0.0,True,False,,
e1/L/R2/24,L,2,quintuplet,800,0.1,True,True,1.0304923219531165e-06,0.0008243938575624932
e1/L/R2/24,L,2,quintuplet,6400,0.0,True,True,1.0304923219531165e-06,0.006595150860499946
e1/L/R2/24,L,2,quintuplet,51200,0.3,True,True,1.0304923219531165e-06,0.052761206883999566
e1/L/R2/25,L,2,quadruplet,800,0.4,False,,,
e1/L/R2/25,L,2,quadruplet,6400,1.0,False,,,
e1/L/R2/25,L,2,quadruplet,51200,1.0,False,,,
e1/L/R2/25,L,2,quintuplet,800,0.4,False,,,
e1/L/R2/25,L,2,quintuplet,6400,0.8,False,,,
e1/L/R2/25,L,2,quintuplet,51200,1.0,False,,,
e1/L/R2/26,L,2,quadruplet,800,0.3,False,,,
e1/L/R2/26,L,2,quadruplet,6400,0.7,False,,,
e1/L/R2/26,L,2,quadruplet,51200,0.6,False,,,
e1/L/R2/26,L,2,quintuplet,800,0.4,False,,,
e1/L/R2/26,L,2,quintuplet,6400,1.0,False,,,
e1/L/R2/26,L,2,quintuplet,51200,1.0,False,,,
e1/L/R2/27,L,2,quadruplet,800,0.3,False,,,
e1/L/R2/27,L,2,quadruplet,6400,0.5,False,,,
e1/L/R2/27,L,2,quadruplet,51200,0.5,False,,,
e1/L/R2/27,L,2,quintuplet,800,0.5,False,,,
e1/L/R2/27,L,2,quintuplet,6400,1.0,False,,,
e1/L/R2/27,L,2,quintuplet,51200,1.0,False,,,
e1/L/R2/28,L,2,quadruplet,800,0.3,False,,,
e1/L/R2/28,L,2,quadruplet,6400,0.9,False,,,
e1/L/R2/28,L,2,quadruplet,51200,1.0,False,,,
e1/L/R2/28,L,2,quintuplet,800,0.3,False,,,
e1/L/R2/28,L,2,quintuplet,6400,0.8,False,,,
e1/L/R2/28,L,2,quintuplet,51200,1.0,False,,,
e1/L/R2/29,L,2,quadruplet,800,0.0,True,False,,
e1/L/R2/29,L,2,quadruplet,6400,0.0,True,False,,
e1/L/R2/29,L,2,quadruplet,51200,0.0,True,False,,
e1/L/R2/29,L,2,quintuplet,800,0.0,True,False,,
e1/L/R2/29,L,2,quintuplet,6400,0.0,True,False,,
e1/L/R2/29,L,2,quintuplet,51200,0.0,True,False,,
e1/L/R2/3,L,2,quadruplet,800,0.1,False,,,
e1/L/R2/3,L,2,quadruplet,6400,0.3,False,,,
e1/L/R2/3,L,2,quadruplet,51200,0.1,False,,,
e1/L/R2/3,L,2,quintuplet,800,0.4,False,,,
e1/L/R2/3,L,2,quintuplet,6400,0.6,False,,,
e1/L/R2/3,L,2,quintuplet,51200,0.7,False,,,
e1/L/R2/3,L,2,random,800,0.0,False,,,
e1/L/R2/3,L,2,random,6400,0.0,False,,,
e1/L/R2/3,L,2,random,51200,0.0,False,,,
e1/L/R2/30,L,2,quadruplet,800,0.0,True,True,1.2486751177520205e-06,0.0009989400942016164
e1/L/R2/30,L,2,quadruplet,6400,0.2,True,True,1.2486751177520205e-06,0.007991520753612931
e1/L/R2/30,L,2,quadruplet,51200,0.5,True,True,1.2486751177520205e-06,0.06393216602890345
e1/L/R2/30,L,2,quintuplet,800,0.0,True,True,5.674009944445444e-06,0.004539207955556355
e1/L/R2/30,L,2,quintuplet,6400,0.1,True,True,5.674009944445444e-06,0.03631366364445084
e1/L/R2/30,L,2,quintuplet,51200,0.4,True,True,5.674009944445444e-06,0.29050930915560674
e1/L/R2/31,L,2,quadruplet,800,0.6,True,True,4.06333938545933e-06,0.0032506715083674637
e1/L/R2/31,L,2,quadruplet,6400,1.0,True,True,4.06333938545933e-06,0.02600537206693971
e1/L/R2/31,L,2,quadruplet,51200,1.0,True,True,4.06333938545933e-06,0.20804297653551768
e1/L/R2/31,L,2,quintuplet,800,0.6,True,True,5.9841058778411216e-06,0.004787284702272897
e1/L/R2/31,L,2,quintuplet,6400,1.0,True,True,5.9841058778411216e-06,0.03829827761818318
e1/L/R2/31,L,2,quintuplet,51200,1.0,True,True,5.9841058778411216e-06,0.3063862209454654
e1/L/R2/32,L,2,quadruplet,800,0.4,True,True,2.8412774966410023e-05,0.02273021997312802
e1/L/R2/32,L,2,quadruplet,6400,0.9,True,True,2.8412774966410023e-05,0.18184175978502415
e1/L/R2/32,L,2,quadruplet,51200,1.0,True,True,2.8412774966410023e-05,1.4547340782801932
e1/L/R2/32,L,2,quintuplet,800,0.3,True,True,1.8253189032514366e-05,0.014602551226011493
e1/L/R2/32,L,2,quintuplet,6400,0.9,True,True,1.8253189032514366e-05,0.11682040980809194
e1/L/R2/32,L,2,quintuplet,51200,1.0,True,True,1.8253189032514366e-05,0.9345632784647355
e1/L/R2/33,L,2,quadruplet,800,1.0,True,True,1.4755032782085335e-05,0.011804026225668268
e1/L/R2/33,L,2,quadruplet,6400,1.0,True,True,1.4755032782085335e-05,0.09443220980534614
e1/L/R2/33,L,2,quadruplet,51200,1.0,True,True,1.4755032782085335e-05,0.7554576784427691
e1/L/R2/33,L,2,quintuplet,800,1.0,True,True,1.3169561568171065e-05,0.010535649254536851
e1/L/R2/33,L,2,quintuplet,6400,1.0,True,True,1.3169561568171065e-05,0.08428519403629481
e1/L/R2/33,L,2,quintuplet,51200,1.0,True,True,1.3169561568171065e-05,0.6742815522903585
e1/L/R2/34,L,2,quadruplet,800,0.0,True,True,4.1517815420759255e-06,0.0033214252336607403
e1/L/R2/34,L,2,quadruplet,6400,0.2,True,True,4.1517815420759255e-06,0.026571401869285922
e1/L/R2/34,L,2,quadruplet,51200,0.8,True,True,4.1517815420759255e-06,0.21257121495428738
e1/L/R2/34,L,2,quintuplet,800,0.0,True,True,3.0262710093764868e-05,0.024210168075011893
e1/L/R2/34,L,2,quintuplet,6400,0.6,True,True,3.0262710093764868e-05,0.19368134460009515
e1/L/R2/34,L,2,quintuplet,51200,1.0,True,True,3.0262710093764868e-05,1.5494507568007612
e1/L/R2/35,L,2,quadruplet,800,0.5,True,True,1.093549728919495e-05,0.00874839783135596
e1/L/R2/35,L,2,quadruplet,6400,0.9,True,True,1.093549728919495e-05,0.06998718265084768
e1/L/R2/35,L,2,quadruplet,51200,1.0,True,True,1.093549728919495e-05,0.5598974612067814
e1/L/R2/35,L,2,quintuplet,800,0.5,True,True,1.6149122268315705e-05,0.012919297814652564
e1/L/R2/35,L,2,quintuplet,6400,0.9,True,True,1.6149122268315705e-05,0.10335438251722051
e1/L/R2/35,L,2,quintuplet,51200,1.0,True,True,1.6149122268315705e-05,0.8268350601377641
e1/L/R2/36,L,2,quadruplet,800,0.3,True,True,1.1883055228160257e-05,0.009506444182528205
e1/L/R2/36,L,2,quadruplet,6400,0.8,True,True,1.1883055228160257e-05,0.07605155346022564
e1/L/R2/36,L,2,quadruplet,51200,1.0,True,True,1.1883055228160257e-05,0.6084124276818051
e1/L/R2/36,L,2,quintuplet,800,0.3,True,True,2.5252656846327016e-05,0.020202125477061614
e1/L/R2/36,L,2,quintuplet,6400,0.8,True,True,2.5252656846327016e-05,0.1616170038164929
e1/L/R2/36,L,2,quintuplet,51200,1.0,True,True,2.5252656846327016e-05,1.2929360305319433
e1/L/R2/37,L,2,quadruplet,800,0.2,False,,,
e1/L/R2/37,L,2,quadruplet,6400,0.9,False,,,
e1/L/R2/37,L,2,quadruplet,51200,1.0,False,,,
e1/L/R2/37,L,2,quintuplet,800,0.2,False,,,
e1/L/R2/37,L,2,quintuplet,6400,0.9,False,,,
e1/L/R2/37,L,2,quintuplet,51200,1.0,False,,,
e1/L/R2/38,L,2,quadruplet,800,0.0,False,,,
e1/L/R2/38,L,2,quadruplet,6400,0.0,False,,,
e1/L/R2/38,L,2,quadruplet,51200,0.0,False,,,
e1/L/R2/38,L,2,quintuplet,800,0.0,False,,,
e1/L/R2/38,L,2,quintuplet,6400,0.0,False,,,
e1/L/R2/38,L,2,quintuplet,51200,0.0,False,,,
e1/L/R2/39,L,2,quadruplet,800,0.3,True,True,1.1300558407248338e-05,0.00904044672579867
e1/L/R2/39,L,2,quadruplet,6400,0.7,True,True,1.1300558407248338e-05,0.07232357380638936
e1/L/R2/39,L,2,quadruplet,51200,1.0,True,True,1.1300558407248338e-05,0.5785885904511149
e1/L/R2/39,L,2,quintuplet,800,0.4,True,True,3.9149155685237096e-05,0.03131932454818968
e1/L/R2/39,L,2,quintuplet,6400,0.7,True,True,3.9149155685237096e-05,0.2505545963855174
e1/L/R2/39,L,2,quintuplet,51200,1.0,True,True,3.9149155685237096e-05,2.0044367710841393
e1/L/R2/4,L,2,quadruplet,800,0.7,True,True,1.0349185112517576e-05,0.008279348090014061
e1/L/R2/4,L,2,quadruplet,6400,1.0,True,True,1.0349185112517576e-05,0.06623478472011249
e1/L/R2/4,L,2,quadruplet,51200,1.0,True,True,1.0349185112517576e-05,0.5298782777608999
e1/L/R2/4,L,2,quintuplet,800,0.6,True,True,8.591845158084433e-06,0.006873476126467546
e1/L/R2/4,L,2,quintuplet,6400,1.0,True,True,8.591845158084433e-06,0.05498780901174037
e1/L/R2/4,L,2,quintuplet,51200,1.0,True,True,8.591845158084433e-06,0.43990247209392297
e1/L/R2/4,L,2,random,800,0.0,True,False,,
e1/L/R2/4,L,2,random,6400,0.0,True,False,,
e1/L/R2/4,L,2,random,51200,0.0,True,False,,
e1/L/R2/40,L,2,quadruplet,800,0.5,False,,,
e1/L/R2/40,L,2,quadruplet,6400,1.0,False,,,
e1/L/R2/40,L,2,quadruplet,51200,1.0,False,,,
e1/L/R2/40,L,2,quintuplet,800,0.5,False,,,
e1/L/R2/40,L,2,quintuplet,6400,1.0,False,,,
e1/L/R2/40,L,2,quintuplet,51200,1.0,False,,,
e1/L/R2/41,L,2,quadruplet,800,0.0,True,False,,
e1/L/R2/41,L,2,quadruplet,6400,0.0,True,False,,
e1/L/R2/41,L,2,quadruplet,51200,0.0,True,False,,
e1/L/R2/41,L,2,quintuplet,800,0.0,True,False,,
e1/L/R2/41,L,2,quintuplet,6400,0.0,True,False,,
e1/L/R2/41,L,2,quintuplet,51200,0.0,True,False,,
e1/L/R2/42,L,2,quadruplet,800,0.6,True,True,2.681732330153704e-06,0.0021453858641229634
e1/L/R2/42,L,2,quadruplet,6400,1.0,True,True,2.681732330153704e-06,0.017163086912983707
e1/L/R2/42,L,2,quadruplet,51200,1.0,True,True,2.681732330153704e-06,0.13730469530386966
e1/L/R2/42,L,2,quintuplet,800,0.6,True,True,3.6389923391037125e-06,0.00291119387128297
e1/L/R2/42,L,2,quintuplet,6400,1.0,True,True,3.6389923391037125e-06,0.02328955097026376
e1/L/R2/42,L,2,quintuplet,51200,1.0,True,True,3.6389923391037125e-06,0.1863164077621101
e1/L/R2/43,L,2,quadruplet,800,0.0,False,,,
e1/L/R2/43,L,2,quadruplet,6400,0.5,False,,,
e1/L/R2/43,L,2,quadruplet,51200,1.0,False,,,
e1/L/R2/43,L,2,quintuplet,800,0.1,False,,,
e1/L/R2/43,L,2,quintuplet,6400,0.7,False,,,
e1/L/R2/43,L,2,quintuplet,51200,1.0,False,,,
e1/L/R2/44,L,2,quadruplet,800,0.6,False,,,
e1/L/R2/44,L,2,quadruplet,6400,0.3,False,,,
e1/L/R2/44,L,2,quadruplet,51200,0.4,False,,,
e1/L/R2/44,L,2,quintuplet,800,0.7,False,,,
e1/L/R2/44,L,2,quintuplet,6400,1.0,False,,,
e1/L/R2/44,L,2,quintuplet,51200,1.0,False,,,
e1/L/R2/45,L,2,quadruplet,800,0.0,True,True,6.169398795116452e-06,0.004935519036093162
e1/L/R2/45,L,2,quadruplet,6400,0.0,True,True,6.169398795116452e-06,0.03948415228874529
e1/L/R2/45,L,2,quadruplet,51200,0.8,True,True,6.169398795116452e-06,0.31587321830996234
e1/L/R2/45,L,2,quintuplet,800,0.0,True,True,1.9923678712256195e-05,0.015938942969804956
e1/L/R2/45,L,2,quintuplet,6400,0.3,True,True,1.9923678712256195e-05,0.12751154375843965
e1/L/R2/45,L,2,quintuplet,51200,1.0,True,True,1.9923678712256195e-05,1.0200923500675172
e1/L/R2/46,L,2,quadruplet,800,0.0,True,False,,
e1/L/R2/46,L,2,quadruplet,6400,0.0,True,False,,
e1/L/R2/46,L,2,quadruplet,51200,0.0,True,False,,
e1/L/R2/46,L,2,quintuplet,800,0.0,True,False,,
e1/L/R2/46,L,2,quintuplet,6400,0.0,True,False,,
e1/L/R2/46,L,2,quintuplet,51200,0.0,True,False,,
e1/L/R2/47,L,2,quadruplet,800,0.0,False,,,
e1/L/R2/47,L,2,quadruplet,6400,0.0,False,,,
e1/L/R2/47,L,2,quadruplet,51200,0.0,False,,,
e1/L/R2/47,L,2,quintuplet,800,0.1,False,,,
e1/L/R2/47,L,2,quintuplet,6400,0.1,False,,,
e1/L/R2/47,L,2,quintuplet,51200,0.0,False,,,
e1/L/R2/48,L,2,quadruplet,800,0.1,True,False,,
e1/L/R2/48,L,2,quadruplet,6400,0.1,True,False,,
e1/L/R2/48,L,2,quadruplet,51200,0.0,True,False,,
e1/L/R2/48,L,2,quintuplet,800,0.2,True,True,3.163329962546959e-06,0.0025306639700375675
e1/L/R2/48,L,2,quintuplet,6400,0.9,True,True,3.163329962546959e-06,0.02024531176030054
e1/L/R2/48,L,2,quintuplet,51200,1.0,True,True,3.163329962546959e-06,0.16196249408240432
e1/L/R2/49,L,2,quadruplet,800,0.0,True,False,,
e1/L/R2/49,L,2,quadruplet,6400,0.0,True,False,,
e1/L/R2/49,L,2,quadruplet,51200,0.0,True,False,,
e1/L/R2/49,L,2,quintuplet,800,0.1,True,True,3.694240216061781e-05,0.029553921728494248
e1/L/R2/49,L,2,quintuplet,6400,0.4,True,True,3.694240216061781e-05,0.23643137382795398
e1/L/R2/49,L,2,quintuplet,51200,0.9,True,True,3.694240216061781e-05,1.8914509906236319
e1/L/R2/5,L,2,quadruplet,800,0.4,True,True,5.999619448889496e-06,0.004799695559111597
e1/L/R2/5,L,2,quadruplet,6400,0.9,True,True,5.999619448889496e-06,0.038397564472892776
e1/L/R2/5,L,2,quadruplet,51200,1.0,True,True,5.999619448889496e-06,0.3071805157831422
e1/L/R2/5,L,2,quintuplet,800,0.6,True,True,8.56013074753961e-06,0.006848104598031688
e1/L/R2/5,L,2,quintuplet,6400,1.0,True,True,8.56013074753961e-06,0.054784836784253506
e1/L/R2/5,L,2,quintuplet,51200,1.0,True,True,8.56013074753961e-06,0.43827869427402805
e1/L/R2/5,L,2,random,800,0.0,True,False,,
e1/L/R2/5,L,2,random,6400,0.0,True,False,,
e1/L/R2/5,L,2,random,51200,0.0,True,False,,
e1/L/R2/50,L,2,quadruplet,800,0.7,True,True,8.765637636272264e-06,0.007012510109017811
e1/L/R2/50,L,2,quadruplet,6400,1.0,True,True,8.765637636272264e-06,0.05610008087214249
e1/L/R2/50,L,2,quadruplet,51200,1.0,True,True,8.765637636272264e-06,0.4488006469771399
e1/L/R2/50,L,2,quintuplet,800,0.8,True,True,1.2506734079922225e-05,0.01000538726393778
e1/L/R2/50,L,2,quintuplet,6400,1.0,True,True,1.2506734079922225e-05,0.08004309811150224
e1/L/R2/50,L,2,quintuplet,51200,1.0,True,True,1.2506734079922225e-05,0.640344784892018
e1/L/R2/51,L,2,quadruplet,800,0.7,False,,,
e1/L/R2/51,L,2,quadruplet,6400,1.0,False,,,
e1/L/R2/51,L,2,quadruplet,51200,1.0,False,,,
e1/L/R2/51,L,2,quintuplet,800,0.5,False,,,
e1/L/R2/51,L,2,quintuplet,6400,1.0,False,,,
e1/L/R2/51,L,2,quintuplet,51200,1.0,False,,,
e1/L/R2/52,L,2,quadruplet,800,0.4,True,True,4.182901399777207e-06,0.0033463211198217655
e1/L/R2/52,L,2,quadruplet,6400,1.0,True,True,4.182901399777207e-06,0.026770568958574124
e1/L/R2/52,L,2,quadruplet,51200,1.0,True,True,4.182901399777207e-06,0.214164551668593
e1/L/R2/52,L,2,quintuplet,800,0.7,True,True,5.796365776054157e-06,0.004637092620843326
e1/L/R2/52,L,2,quintuplet,6400,1.0,True,True,5.796365776054157e-06,0.03709674096674661
e1/L/R2/52,L,2,quintuplet,51200,1.0,True,True,5.796365776054157e-06,0.2967739277339729
e1/L/R2/53,L,2,quadruplet,800,0.4,False,,,
e1/L/R2/53,L,2,quadruplet,6400,0.9,False,,,
e1/L/R2/53,L,2,quadruplet,51200,1.0,False,,,
e1/L/R2/53,L,2,quintuplet,800,0.3,False,,,
e1/L/R2/53,L,2,quintuplet,6400,0.9,False,,,
e1/L/R2/53,L,2,quintuplet,51200,1.0,False,,,
e1/L/R2/54,L,2,quadruplet,800,0.1,True,True,2.5316710813543226e-06,0.002025336865083458
e1/L/R2/54,L,2,quadruplet,6400,0.8,True,True,2.5316710813543226e-06,0.016202694920667664
e1/L/R2/54,L,2,quadruplet,51200,1.0,True,True,2.5316710813543226e-06,0.1296215593653413
e1/L/R2/54,L,2,quintuplet,800,0.5,True,True,3.5705694604660735e-06,0.0028564555683728587
e1/L/R2/54,L,2,quintuplet,6400,1.0,True,True,3.5705694604660735e-06,0.02285164454698287
e1/L/R2/54,L,2,quintuplet,51200,1.0,True,True,3.5705694604660735e-06,0.18281315637586296
e1/L/R2/55,L,2,quadruplet,800,0.0,True,False,,
e1/L/R2/55,L,2,quadruplet,6400,0.0,True,False,,
e1/L/R2/55,L,2,quadruplet,51200,0.0,True,False,,
e1/L/R2/55,L,2,quintuplet,800,0.0,True,False,,
e1/L/R2/55,L,2,quintuplet,6400,0.0,True,False,,
e1/L/R2/55,L,2,quintuplet,51200,0.0,True,False,,
e1/L/R2/56,L,2,quadruplet,800,0.1,False,,,
e1/L/R2/56,L,2,quadruplet,6400,0.0,False,,,
e1/L/R2/56,L,2,quadruplet,51200,0.0,False,,,
e1/L/R2/56,L,2,quintuplet,800,0.4,False,,,
e1/L/R2/56,L,2,quintuplet,6400,0.8,False,,,
e1/L/R2/56,L,2,quintuplet,51200,1.0,False,,,
e1/L/R2/57,L,2,quadruplet,800,0.0,False,,,
e1/L/R2/57,L,2,quadruplet,6400,0.4,False,,,
e1/L/R2/57,L,2,quadruplet,51200,1.0,False,,,
e1/L/R2/57,L,2,quintuplet,800,0.2,False,,,
e1/L/R2/57,L,2,quintuplet,6400,0.8,False,,,
e1/L/R2/57,L,2,quintuplet,51200,1.0,False,,,
e1/L/R2/58,L,2,quadruplet,800,0.1,False,,,
e1/L/R2/58,L,2,quadruplet,6400,0.6,False,,,
e1/L/R2/58,L,2,quadruplet,51200,1.0,False,,,
e1/L/R2/58,L,2,quintuplet,800,0.2,False,,,
e1/L/R2/58,L,2,quintuplet,6400,0.8,False,,,
e1/L/R2/58,L,2,quintuplet,51200,1.0,False,,,
e1/L/R2/59,L,2,quadruplet,800,0.2,True,True,1.777369759538464e-05,0.014218958076307712
e1/L/R2/59,L,2,quadruplet,6400,0.7,True,True,1.777369759538464e-05,0.1137516646104617
e1/L/R2/59,L,2,quadruplet,51200,1.0,True,True,1.777369759538464e-05,0.9100133168836936
e1/L/R2/59,L,2,quintuplet,800,0.1,True,True,2.4828941009868602e-05,0.01986315280789488
e1/L/R2/59,L,2,quintuplet,6400,0.6,True,True,2.4828941009868602e-05,0.15890522246315905
e1/L/R2/59,L,2,quintuplet,51200,1.0,True,True,2.4828941009868602e-05,1.2712417797052724
e1/L/R2/6,L,2,quadruplet,800,0.0,False,,,
e1/L/R2/6,L,2,quadruplet,6400,0.0,False,,,
e1/L/R2/6,L,2,quadruplet,51200,0.0,False,,,
e1/L/R2/6,L,2,quintuplet,800,0.0,False,,,
e1/L/R2/6,L,2,quintuplet,6400,0.0,False,,,
e1/L/R2/6,L,2,quintuplet,51200,0.0,False,,,
e1/L/R2/6,L,2,random,800,0.0,False,,,
e1/L/R2/6,L,2,random,6400,0.0,False,,,
e1/L/R2/6,L,2,random,51200,0.0,False,,,
e1/L/R2/60,L,2,quadruplet,800,0.0,True,False,,
e1/L/R2/60,L,2,quadruplet,6400,0.0,True,False,,
e1/L/R2/60,L,2,quadruplet,51200,0.0,True,False,,
e1/L/R2/60,L,2,quintuplet,800,0.0,True,False,,
e1/L/R2/60,L,2,quintuplet,6400,0.0,True,False,,
e1/L/R2/60,L,2,quintuplet,51200,0.0,True,False,,
e1/L/R2/61,L,2,quadruplet,800,0.7,False,,,
e1/L/R2/61,L,2,quadruplet,6400,1.0,False,,,
e1/L/R2/61,L,2,quadruplet,51200,1.0,False,,,
e1/L/R2/61,L,2,quintuplet,800,0.9,False,,,
e1/L/R2/61,L,2,quintuplet,6400,1.0,False,,,
e1/L/R2/61,L,2,quintuplet,51200,1.0,False,,,
e1/L/R2/62,L,2,quadruplet,800,0.0,True,False,,
e1/L/R2/62,L,2,quadruplet,6400,0.0,True,False,,
e1/L/R2/62,L,2,quadruplet,51200,0.0,True,False,,
e1/L/R2/62,L,2,quintuplet,800,0.0,True,True,1.453801200089184e-05,0.011630409600713472
e1/L/R2/62,L,2,quintuplet,6400,0.3,True,True,1.453801200089184e-05,0.09304327680570777
e1/L/R2/62,L,2,quintuplet,51200,0.6,True,True,1.453801200089184e-05,0.7443462144456622
e1/L/R2/63,L,2,quadruplet,800,0.7,False,,,
e1/L/R2/63,L,2,quadruplet,6400,1.0,False,,,
e1/L/R2/63,L,2,quadruplet,51200,1.0,False,,,
e1/L/R2/63,L,2,quintuplet,800,0.8,False,,,
e1/L/R2/63,L,2,quintuplet,6400,1.0,False,,,
e1/L/R2/63,L,2,quintuplet,51200,1.0,False,,,
e1/L/R2/64,L,2,quadruplet,800,0.0,True,False,,
e1/L/R2/64,L,2,quadruplet,6400,0.0,True,False,,
e1/L/R2/64,L,2,quadruplet,51200,0.0,True,False,,
e1/L/R2/64,L,2,quintuplet,800,0.0,True,False,,
e1/L/R2/64,L,2,quintuplet,6400,0.1,True,False,,
e1/L/R2/64,L,2,quintuplet,51200,0.0,True,False,,
e1/L/R2/65,L,2,quadruplet,800,0.1,False,,,
e1/L/R2/65,L,2,quadruplet,6400,0.0,False,,,
e1/L/R2/65,L,2,quadruplet,51200,0.0,False,,,
e1/L/R2/65,L,2,quintuplet,800,0.3,False,,,
e1/L/R2/65,L,2,quintuplet,6400,0.9,False,,,
e1/L/R2/65,L,2,quintuplet,51200,1.0,False,,,
e1/L/R2/66,L,2,quadruplet,800,0.0,True,False,,
e1/L/R2/66,L,2,quadruplet,6400,0.0,True,False,,
e1/L/R2/66,L,2,quadruplet,51200,0.0,True,False,,
e1/L/R2/66,L,2,quintuplet,800,0.0,True,True,5.869043869969051e-07,0.00046952350959752413
e1/L/R2/66,L,2,quintuplet,6400,0.1,True,True,5.869043869969051e-07,0.003756188076780193
e1/L/R2/66,L,2,quintuplet,51200,0.6,True,True,5.869043869969051e-07,0.030049504614241544
e1/L/R2/67,L,2,quadruplet,800,0.5,False,,,
e1/L/R2/67,L,2,quadruplet,6400,1.0,False,,,
e1/L/R2/67,L,2,quadruplet,51200,1.0,False,,,
e1/L/R2/67,L,2,quintuplet,800,0.6,False,,,
e1/L/R2/67,L,2,quintuplet,6400,1.0,False,,,
e1/L/R2/67,L,2,quintuplet,51200,1.0,False,,,
e1/L/R2/68,L,2,quadruplet,800,0.1,False,,,
e1/L/R2/68,L,2,quadruplet,6400,1.0,False,,,
e1/L/R2/68,L,2,quadruplet,51200,1.0,False,,,
e1/L/R2/68,L,2,quintuplet,800,0.1,False,,,
e1/L/R2/68,L,2,quintuplet,6400,0.9,False,,,
e1/L/R2/68,L,2,quintuplet,51200,1.0,False,,,
e1/L/R2/69,L,2,quadruplet,800,0.4,True,True,3.331776969505329e-05,0.026654215756042633
e1/L/R2/69,L,2,quadruplet,6400,0.9,True,True,3.331776969505329e-05,0.21323372604834107
e1/L/R2/69,L,2,quadruplet,51200,1.0,True,True,3.331776969505329e-05,1.7058698083867285
e1/L/R2/69,L,2,quintuplet,800,0.4,True,True,1.8226256865360533e-05,0.014581005492288426
e1/L/R2/69,L,2,quintuplet,6400,0.6,True,True,1.8226256865360533e-05,0.11664804393830741
e1/L/R2/69,L,2,quintuplet,51200,1.0,True,True,1.8226256865360533e-05,0.9331843515064593
e1/L/R2/7,L,2,quadruplet,800,0.1,True,False,,
e1/L/R2/7,L,2,quadruplet,6400,0.0,True,False,,
e1/L/R2/7,L,2,quadruplet,51200,0.0,True,False,,
e1/L/R2/7,L,2,quintuplet,800,0.3,True,True,7.355937285263255e-07,0.0005884749828210604
e1/L/R2/7,L,2,quintuplet,6400,0.6,True,True,7.355937285263255e-07,0.004707799862568483
e1/L/R2/7,L,2,quintuplet,51200,1.0,True,True,7.355937285263255e-07,0.037662398900547865
e1/L/R2/7,L,2,random,800,0.0,True,False,,
e1/L/R2/7,L,2,random,6400,0.0,True,False,,
e1/L/R2/7,L,2,random,51200,0.0,True,False,,
e1/L/R2/70,L,2,quadruplet,800,0.2,True,True,1.7665607685615283e-05,0.014132486148492227
e1/L/R2/70,L,2,quadruplet,6400,0.6,True,True,1.7665607685615283e-05,0.11305988918793781
e1/L/R2/70,L,2,quadruplet,51200,1.0,True,True,1.7665607685615283e-05,0.9044791135035025
e1/L/R2/70,L,2,quintuplet,800,0.2,True,True,2.5144693009393247e-05,0.020115754407514598
e1/L/R2/70,L,2,quintuplet,6400,0.5,True,True,2.5144693009393247e-05,0.16092603526011678
e1/L/R2/70,L,2,quintuplet,51200,1.0,True,True,2.5144693009393247e-05,1.2874082820809343
e1/L/R2/71,L,2,quadruplet,800,0.8,True,True,3.238668228158688e-06,0.0025909345825269508
e1/L/R2/71,L,2,quadruplet,6400,1.0,True,True,3.238668228158688e-06,0.020727476660215606
e1/L/R2/71,L,2,quadruplet,51200,1.0,True,True,3.238668228158688e-06,0.16581981328172485
e1/L/R2/71,L,2,quintuplet,800,0.8,True,True,8.123106242225031e-06,0.006498484993780025
e1/L/R2/71,L,2,quintuplet,6400,1.0,True,True,8.123106242225031e-06,0.0519878799502402
e1/L/R2/71,L,2,quintuplet,51200,1.0,True,True,8.123106242225031e-06,0.4159030396019216
e1/L/R2/72,L,2,quadruplet,800,0.9,True,True,1.427248476145837e-05,0.011417987809166696
e1/L/R2/72,L,2,quadruplet,6400,1.0,True,True,1.427248476145837e-05,0.09134390247333357
e1/L/R2/72,L,2,quadruplet,51200,1.0,True,True,1.427248476145837e-05,0.7307512197866686
e1/L/R2/72,L,2,quintuplet,800,0.8,True,True,1.2725847485000982e-05,0.010180677988000786
e1/L/R2/72,L,2,quintuplet,6400,1.0,True,True,1.2725847485000982e-05,0.08144542390400629
e1/L/R2/72,L,2,quintuplet,51200,1.0,True,True,1.2725847485000982e-05,0.6515633912320503
e1/L/R2/73,L,2,quadruplet,800,0.0,True,False,,
e1/L/R2/73,L,2,quadruplet,6400,0.0,True,False,,
e1/L/R2/73,L,2,quadruplet,51200,0.0,True,False,,
e1/L/R2/73,L,2,quintuplet,800,0.0,True,False,,
e1/L/R2/73,L,2,quintuplet,6400,0.0,True,False,,
e1/L/R2/73,L,2,quintuplet,51200,0.0,True,False,,
e1/L/R2/74,L,2,quadruplet,800,0.8,True,True,1.4411040654680455e-05,0.011528832523744363
e1/L/R2/74,L,2,quadruplet,6400,1.0,True,True,1.4411040654680455e-05,0.0922306601899549
e1/L/R2/74,L,2,quadruplet,51200,1.0,True,True,1.4411040654680455e-05,0.7378452815196392
e1/L/R2/74,L,2,quintuplet,800,0.8,True,True,1.2860468793092613e-05,0.010288375034474091
e1/L/R2/74,L,2,quintuplet,6400,1.0,True,True,1.2860468793092613e-05,0.08230700027579273
e1/L/R2/74,L,2,quintuplet,51200,1.0,True,True,1.2860468793092613e-05,0.6584560022063418
e1/L/R2/75,L,2,quadruplet,800,0.7,True,True,1.2578004854343177e-05,0.010062403883474541
e1/L/R2/75,L,2,quadruplet,6400,1.0,True,True,1.2578004854343177e-05,0.08049923106779633
e1/L/R2/75,L,2,quadruplet,51200,1.0,True,True,1.2578004854343177e-05,0.6439938485423706
e1/L/R2/75,L,2,quintuplet,800,0.4,True,True,8.735060650292541e-06,0.006988048520234033
e1/L/R2/75,L,2,quintuplet,6400,1.0,True,True,8.735060650292541e-06,0.055904388161872265
e1/L/R2/75,L,2,quintuplet,51200,1.0,True,True,8.735060650292541e-06,0.4472351052949781
e1/L/R2/76,L,2,quadruplet,800,0.7,False,,,
e1/L/R2/76,L,2,quadruplet,6400,1.0,False,,,
e1/L/R2/76,L,2,quadruplet,51200,1.0,False,,,
e1/L/R2/76,L,2,quintuplet,800,0.5,False,,,
e1/L/R2/76,L,2,quintuplet,6400,1.0,False,,,
e1/L/R2/76,L,2,quintuplet,51200,1.0,False,,,
e1/L/R2/77,L,2,quadruplet,800,1.0,True,True,1.6022551706823005e-05,0.012818041365458404
e1/L/R2/77,L,2,quadruplet,6400,1.0,True,True,1.6022551706823005e-05,0.10254433092366723
e1/L/R2/77,L,2,quadruplet,51200,1.0,True,True,1.6022551706823005e-05,0.8203546473893378
e1/L/R2/77,L,2,quintuplet,800,0.7,True,True,1.1782216330398272e-05,0.009425773064318617
e1/L/R2/77,L,2,quintuplet,6400,1.0,True,True,1.1782216330398272e-05,0.07540618451454893
e1/L/R2/77,L,2,quintuplet,51200,1.0,True,True,1.1782216330398272e-05,0.6032494761163915
e1/L/R2/78,L,2,quadruplet,800,0.0,False,,,
e1/L/R2/78,L,2,quadruplet,6400,0.0,False,,,
e1/L/R2/78,L,2,quadruplet,51200,0.0,False,,,
e1/L/R2/78,L,2,quintuplet,800,0.0,False,,,
e1/L/R2/78,L,2,quintuplet,6400,0.0,False,,,
e1/L/R2/78,L,2,quintuplet,51200,0.0,False,,,
e1/L/R2/79,L,2,quadruplet,800,0.4,False,,,
e1/L/R2/79,L,2,quadruplet,6400,0.8,False,,,
e1/L/R2/79,L,2,quadruplet,51200,1.0,False,,,
e1/L/R2/79,L,2,quintuplet,800,0.5,False,,,
e1/L/R2/79,L,2,quintuplet,6400,1.0,False,,,
e1/L/R2/79,L,2,quintuplet,51200,1.0,False,,,
e1/L/R2/8,L,2,quadruplet,800,0.0,True,True,2.1693990088866938e-05,0.01735519207109355
e1/L/R2/8,L,2,quadruplet,6400,0.7,True,True,2.1693990088866938e-05,0.1388415365687484
e1/L/R2/8,L,2,quadruplet,51200,1.0,True,True,2.1693990088866938e-05,1.1107322925499872
e1/L/R2/8,L,2,quintuplet,800,0.2,True,True,4.1927263075091144e-05,0.033541810460072916
e1/L/R2/8,L,2,quintuplet,6400,0.8,True,True,4.1927263075091144e-05,0.2683344836805833
e1/L/R2/8,L,2,quintuplet,51200,1.0,True,True,4.1927263075091144e-05,2.1466758694446666
e1/L/R2/8,L,2,random,800,0.0,True,False,,
e1/L/R2/8,L,2,random,6400,0.0,True,False,,
e1/L/R2/8,L,2,random,51200,0.0,True,False,,
e1/L/R2/80,L,2,quadruplet,800,0.0,True,False,,
e1/L/R2/80,L,2,quadruplet,6400,0.0,True,False,,
e1/L/R2/80,L,2,quadruplet,51200,0.0,True,False,,
e1/L/R2/80,L,2,quintuplet,800,0.0,True,False,,
e1/L/R2/80,L,2,quintuplet,6400,0.0,True,False,,
e1/L/R2/80,L,2,quintuplet,51200,0.0,True,False,,
e1/L/R2/81,L,2,quadruplet,800,0.3,False,,,
e1/L/R2/81,L,2,quadruplet,6400,0.7,False,,,
e1/L/R2/81,L,2,quadruplet,51200,1.0,False,,,
e1/L/R2/81,L,2,quintuplet,800,0.3,False,,,
e1/L/R2/81,L,2,quintuplet,6400,1.0,False,,,
e1/L/R2/81,L,2,quintuplet,51200,1.0,False,,,
e1/L/R2/82,L,2,quadruplet,800,0.1,False,,,
e1/L/R2/82,L,2,quadruplet,6400,0.0,False,,,
e1/L/R2/82,L,2,quadruplet,51200,0.0,False,,,
e1/L/R2/82,L,2,quintuplet,800,0.1,False,,,
e1/L/R2/82,L,2,quintuplet,6400,0.5,False,,,
e1/L/R2/82,L,2,quintuplet,51200,0.3,False,,,
e1/L/R2/83,L,2,quadruplet,800,0.4,True,True,3.3565657612498946e-06,0.0026852526089999156
e1/L/R2/83,L,2,quadruplet,6400,1.0,True,True,3.3565657612498946e-06,0.021482020871999324
e1/L/R2/83,L,2,quadruplet,51200,1.0,True,True,3.3565657612498946e-06,0.1718561669759946
e1/L/R2/83,L,2,quintuplet,800,0.6,True,True,4.662372051235696e-06,0.0037298976409885568
e1/L/R2/83,L,2,quintuplet,6400,1.0,True,True,4.662372051235696e-06,0.029839181127908454
e1/L/R2/83,L,2,quintuplet,51200,1.0,True,True,4.662372051235696e-06,0.23871344902326763
e1/L/R2/84,L,2,quadruplet,800,0.1,True,True,1.622864062923561e-08,1.2982912503388489e-05
e1/L/R2/84,L,2,quadruplet,6400,0.1,True,True,1.622864062923561e-08,0.00010386330002710791
e1/L/R2/84,L,2,quadruplet,51200,0.3,True,True,1.622864062923561e-08,0.0008309064002168633
e1/L/R2/84,L,2,quintuplet,800,0.0,True,True,2.9158864758237447e-06,0.0023327091806589957
e1/L/R2/84,L,2,quintuplet,6400,0.2,True,True,2.9158864758237447e-06,0.018661673445271965
e1/L/R2/84,L,2,quintuplet,51200,0.5,True,True,2.9158864758237447e-06,0.14929338756217572
e1/L/R2/85,L,2,quadruplet,800,0.0,False,,,
e1/L/R2/85,L,2,quadruplet,6400,0.0,False,,,
e1/L/R2/85,L,2,quadruplet,51200,0.0,False,,,
e1/L/R2/85,L,2,quintuplet,800,0.0,False,,,
e1/L/R2/85,L,2,quintuplet,6400,0.0,False,,,
e1/L/R2/85,L,2,quintuplet,51200,0.0,False,,,
e1/L/R2/86,L,2,quadruplet,800,0.1,True,True,1.337570591488886e-05,0.010700564731911088
e1/L/R2/86,L,2,quadruplet,6400,0.4,True,True,1.337570591488886e-05,0.0856045178552887
e1/L/R2/86,L,2,quadruplet,51200,0.7,True,True,1.337570591488886e-05,0.6848361428423096
e1/L/R2/86,L,2,quintuplet,800,0.2,True,True,1.4949163677204706e-05,0.011959330941763765
e1/L/R2/86,L,2,quintuplet,6400,0.4,True,True,1.4949163677204706e-05,0.09567464753411012
e1/L/R2/86,L,2,quintuplet,51200,0.7,True,True,1.4949163677204706e-05,0.765397180272881
e1/L/R2/87,L,2,quadruplet,800,0.1,True,True,2.3814014381564285e-06,0.0019051211505251428
e1/L/R2/87,L,2,quadruplet,6400,0.3,True,True,2.3814014381564285e-06,0.015240969204201142
e1/L/R2/87,L,2,quadruplet,51200,0.5,True,True,2.3814014381564285e-06,0.12192775363360914
e1/L/R2/87,L,2,quintuplet,800,0.1,True,False,,
e1/L/R2/87,L,2,quintuplet,6400,0.2,True,False,,
e1/L/R2/87,L,2,quintuplet,51200,0.1,True,False,,
e1/L/R2/88,L,2,quadruplet,800,0.0,False,,,
e1/L/R2/88,L,2,quadruplet,6400,0.0,False,,,
e1/L/R2/88,L,2,quadruplet,51200,0.0,False,,,
e1/L/R2/88,L,2,quintuplet,800,0.1,False,,,
e1/L/R2/88,L,2,quintuplet,6400,0.3,False,,,
e1/L/R2/88,L,2,quintuplet,51200,0.6,False,,,
e1/L/R2/89,L,2,quadruplet,800,0.8,True,True,1.4497749565343161e-05,0.01159819965227453
e1/L/R2/89,L,2,quadruplet,6400,1.0,True,True,1.4497749565343161e-05,0.09278559721819624
e1/L/R2/89,L,2,quadruplet,51200,1.0,True,True,1.4497749565343161e-05,0.7422847777455699
e1/L/R2/89,L,2,quintuplet,800,0.6,True,True,1.2949743986819511e-05,0.010359795189455609
e1/L/R2/89,L,2,quintuplet,6400,1.0,True,True,1.2949743986819511e-05,0.08287836151564487
e1/L/R2/89,L,2,quintuplet,51200,1.0,True,True,1.2949743986819511e-05,0.663026892125159
e1/L/R2/9,L,2,quadruplet,800,0.6,False,,,
e1/L/R2/9,L,2,quadruplet,6400,0.9,False,,,
e1/L/R2/9,L,2,quadruplet,51200,1.0,False,,,
e1/L/R2/9,L,2,quintuplet,800,0.1,False,,,
e1/L/R2/9,L,2,quintuplet,6400,0.8,False,,,
e1/L/R2/9,L,2,quintuplet,51200,1.0,False,,,
e1/L/R2/9,L,2,random,800,0.0,False,,,
e1/L/R2/9,L,2,random,6400,0.0,False,,,
e1/L/R2/9,L,2,random,51200,0.0,False,,,
e1/L/R2/90,L,2,quadruplet,800,0.0,False,,,
e1/L/R2/90,L,2,quadruplet,6400,0.1,False,,,
e1/L/R2/90,L,2,quadruplet,51200,0.1,False,,,
e1/L/R2/90,L,2,quintuplet,800,0.0,False,,,
e1/L/R2/90,L,2,quintuplet,6400,0.3,False,,,
e1/L/R2/90,L,2,quintuplet,51200,0.4,False,,,
e1/L/R2/91,L,2,quadruplet,800,0.0,False,,,
e1/L/R2/91,L,2,quadruplet,6400,0.2,False,,,
e1/L/R2/91,L,2,quadruplet,51200,0.0,False,,,
e1/L/R2/91,L,2,quintuplet,800,0.0,False,,,
e1/L/R2/91,L,2,quintuplet,6400,0.5,False,,,
e1/L/R2/91,L,2,quintuplet,51200,0.4,False,,,
e1/L/R2/92,L,2,quadruplet,800,0.1,True,True,0.00011928361852726144,0.09542689482180915
e1/L/R2/92,L,2,quadruplet,6400,0.6,True,True,0.00011928361852726144,0.7634151585744732
e1/L/R2/92,L,2,quadruplet,51200,1.0,True,True,0.00011928361852726144,6.107321268595785
e1/L/R2/92,L,2,quintuplet,800,0.1,True,True,4.4694096260501756e-05,0.03575527700840141
e1/L/R2/92,L,2,quintuplet,6400,0.3,True,True,4.4694096260501756e-05,0.28604221606721125
e1/L/R2/92,L,2,quintuplet,51200,1.0,True,True,4.4694096260501756e-05,2.28833772853769
e1/L/R2/93,L,2,quadruplet,800,0.0,False,,,
e1/L/R2/93,L,2,quadruplet,6400,0.0,False,,,
e1/L/R2/93,L,2,quadruplet,51200,0.0,False,,,
e1/L/R2/93,L,2,quintuplet,800,0.0,False,,,
e1/L/R2/93,L,2,quintuplet,6400,0.0,False,,,
e1/L/R2/93,L,2,quintuplet,51200,0.0,False,,,
e1/L/R2/94,L,2,quadruplet,800,0.3,True,True,9.11019840206956e-06,0.007288158721655648
e1/L/R2/94,L,2,quadruplet,6400,0.8,True,True,9.11019840206956e-06,0.05830526977324518
e1/L/R2/94,L,2,quadruplet,51200,1.0,True,True,9.11019840206956e-06,0.46644215818596146
e1/L/R2/94,L,2,quintuplet,800,0.3,True,True,3.547832990947789e-05,0.028382663927582312
e1/L/R2/94,L,2,quintuplet,6400,0.8,True,True,3.547832990947789e-05,0.2270613114206585
e1/L/R2/94,L,2,quintuplet,51200,1.0,True,True,3.547832990947789e-05,1.816490491365268
e1/L/R2/95,L,2,quadruplet,800,0.0,False,,,
e1/L/R2/95,L,2,quadruplet,6400,0.0,False,,,
e1/L/R2/95,L,2,quadruplet,51200,0.0,False,,,
e1/L/R2/95,L,2,quintuplet,800,0.1,False,,,
e1/L/R2/95,L,2,quintuplet,6400,0.0,False,,,
e1/L/R2/95,L,2,quintuplet,51200,0.0,False,,,
e1/L/R2/96,L,2,quadruplet,800,0.0,True,False,,
e1/L/R2/96,L,2,quadruplet,6400,0.0,True,False,,
e1/L/R2/96,L,2,quadruplet,51200,0.0,True,False,,
e1/L/R2/96,L,2,quintuplet,800,0.0,True,False,,
e1/L/R2/96,L,2,quintuplet,6400,0.0,True,False,,
e1/L/R2/96,L,2,quintuplet,51200,0.0,True,False,,
e1/L/R2/97,L,2,quadruplet,800,0.0,False,,,
e1/L/R2/97,L,2,quadruplet,6400,0.2,False,,,
e1/L/R2/97,L,2,quadruplet,51200,0.2,False,,,
e1/L/R2/97,L,2,quintuplet,800,0.0,False,,,
e1/L/R2/97,L,2,quintuplet,6400,0.0,False,,,
e1/L/R2/97,L,2,quintuplet,51200,0.0,False,,,
e1/L/R2/98,L,2,quadruplet,800,0.3,False,,,
e1/L/R2/98,L,2,quadruplet,6400,1.0,False,,,
e1/L/R2/98,L,2,quadruplet,51200,1.0,False,,,
e1/L/R2/98,L,2,quintuplet,800,0.1,False,,,
e1/L/R2/98,L,2,quintuplet,6400,1.0,False,,,
e1/L/R2/98,L,2,quintuplet,51200,1.0,False,,,
e1/L/R2/99,L,2,quadruplet,800,0.0,False,,,
e1/L/R2/99,L,2,quadruplet,6400,0.9,False,,,
e1/L/R2/99,L,2,quadruplet,51200,1.0,False,,,
e1/L/R2/99,L,2,quintuplet,800,0.1,False,,,
e1/L/R2/99,L,2,quintuplet,6400,0.8,False,,,
e1/L/R2/99,L,2,quintuplet,51200,1.0,False,,,
e1/L/R3/0,L,3,quadruplet,800,0.0,True,False,,
e1/L/R3/0,L,3,quadruplet,6400,0.0,True,False,,
e1/L/R3/0,L,3,quadruplet,51200,0.0,True,False,,
e1/L/R3/0,L,3,quintuplet,800,0.0,True,True,6.566496467026919e-08,5.2531971736215354e-05
e1/L/R3/0,L,3,quintuplet,6400,0.3,True,True,6.566496467026919e-08,0.00042025577388972283
e1/L/R3/0,L,3,quintuplet,51200,0.4,True,True,6.566496467026919e-08,0.0033620461911177827
e1/L/R3/0,L,3,random,800,0.0,True,False,,
e1/L/R3/0,L,3,random,6400,0.0,True,False,,
e1/L/R3/0,L,3,random,51200,0.0,True,False,,
e1/L/R3/1,L,3,quadruplet,800,0.1,False,,,
e1/L/R3/1,L,3,quadruplet,6400,0.2,False,,,
e1/L/R3/1,L,3,quadruplet,51200,0.2,False,,,
e1/L/R3/1,L,3,quintuplet,800,0.3,False,,,
e1/L/R3/1,L,3,quintuplet,6400,0.8,False,,,
e1/L/R3/1,L,3,quintuplet,51200,1.0,False,,,
e1/L/R3/1,L,3,random,800,0.0,False,,,
e1/L/R3/1,L,3,random,6400,0.0,False,,,
e1/L/R3/1,L,3,random,51200,0.0,False,,,
e1/L/R3/10,L,3,quadruplet,800,0.0,False,,,
e1/L/R3/10,L,3,quadruplet,6400,0.0,False,,,
e1/L/R3/10,L,3,quadruplet,51200,0.0,False,,,
e1/L/R3/10,L,3,quintuplet,800,0.1,False,,,
e1/L/R3/10,L,3,quintuplet,6400,0.1,False,,,
e1/L/R3/10,L,3,quintuplet,51200,0.1,False,,,
e1/L/R3/11,L,3,quadruplet,800,0.0,True,True,5.1979526867401684e-06,0.004158362149392135
e1/L/R3/11,L,3,quadruplet,6400,0.3,True,True,5.1979526867401684e-06,0.03326689719513708
e1/L/R3/11,L,3,quadruplet,51200,0.9,True,True,5.1979526867401684e-06,0.2661351775610966
e1/L/R3/11,L,3,quintuplet,800,0.0,True,True,5.645346090555039e-06,0.004516276872444031
e1/L/R3/11,L,3,quintuplet,6400,0.3,True,True,5.645346090555039e-06,0.036130214979552246
e1/L/R3/11,L,3,quintuplet,51200,1.0,True,True,5.645346090555039e-06,0.28904171983641797
e1/L/R3/12,L,3,quadruplet,800,0.4,True,True,1.624405301734092e-07,0.00012995242413872736
e1/L/R3/12,L,3,quadruplet,6400,0.6,True,True,1.624405301734092e-07,0.0010396193931098189
e1/L/R3/12,L,3,quadruplet,51200,1.0,True,True,1.624405301734092e-07,0.008316955144878551
e1/L/R3/12,L,3,quintuplet,800,0.5,True,True,1.9478144042960464e-06,0.0015582515234368371
e1/L/R3/12,L,3,quintuplet,6400,0.7,True,True,1.9478144042960464e-06,0.012466012187494697
e1/L/R3/12,L,3,quintuplet,51200,1.0,True,True,1.9478144042960464e-06,0.09972809749995758
e1/L/R3/13,L,3,quadruplet,800,0.0,True,False,,
e1/L/R3/13,L,3,quadruplet,6400,0.1,True,False,,
e1/L/R3/13,L,3,quadruplet,51200,0.0,True,False,,
e1/L/R3/13,L,3,quintuplet,800,0.2,True,True,3.46933458390196e-05,0.02775467667121568
e1/L/R3/13,L,3,quintuplet,6400,0.5,True,True,3.46933458390196e-05,0.22203741336972543
e1/L/R3/13,L,3,quintuplet,51200,1.0,True,True,3.46933458390196e-05,1.7762993069578035
e1/L/R3/14,L,3,quadruplet,800,0.1,True,True,2.466584340123409e-05,0.019732674720987272
e1/L/R3/14,L,3,quadruplet,6400,0.6,True,True,2.466584340123409e-05,0.15786139776789818
e1/L/R3/14,L,3,quadruplet,51200,1.0,True,True,2.466584340123409e-05,1.2628911821431854
e1/L/R3/14,L,3,quintuplet,800,0.2,True,True,3.583143023031596e-05,0.02866514418425277
e1/L/R3/14,L,3,quintuplet,6400,0.7,True,True,3.583143023031596e-05,0.22932115347402215
e1/L/R3/14,L,3,quintuplet,51200,1.0,True,True,3.583143023031596e-05,1.8345692277921772
e1/L/R3/15,L,3,quadruplet,800,0.1,True,True,3.7977806021259005e-06,0.0030382244817007205
e1/L/R3/15,L,3,quadruplet,6400,0.2,True,True,3.7977806021259005e-06,0.024305795853605764
e1/L/R3/15,L,3,quadruplet,51200,0.8,True,True,3.7977806021259005e-06,0.1944463668288461
e1/L/R3/15,L,3,quintuplet,800,0.1,True,True,1.9301077360131193e-05,0.015440861888104954
e1/L/R3/15,L,3,quintuplet,6400,0.5,True,True,1.9301077360131193e-05,0.12352689510483963
e1/L/R3/15,L,3,quintuplet,51200,1.0,True,True,1.9301077360131193e-05,0.9882151608387171
e1/L/R3/16,L,3,quadruplet,800,0.1,False,,,
e1/L/R3/16,L,3,quadruplet,6400,0.7,False,,,
e1/L/R3/16,L,3,quadruplet,51200,1.0,False,,,
e1/L/R3/16,L,3,quintuplet,800,0.1,False,,,
e1/L/R3/16,L,3,quintuplet,6400,0.5,False,,,
e1/L/R3/16,L,3,quintuplet,51200,0.9,False,,,
e1/L/R3/17,L,3,quadruplet,800,0.5,True,True,2.79356575382024e-06,0.002234852603056192
e1/L/R3/17,L,3,quadruplet,6400,0.7,True,True,2.79356575382024e-06,0.017878820824449537
e1/L/R3/17,L,3,quadruplet,51200,0.9,True,True,2.79356575382024e-06,0.1430305665955963
e1/L/R3/17,L,3,quintuplet,800,0.4,True,True,2.433273670857241e-08,1.9466189366857928e-05
e1/L/R3/17,L,3,quintuplet,6400,0.7,True,True,2.433273670857241e-08,0.00015572951493486343
e1/L/R3/17,L,3,quintuplet,51200,0.7,True,True,2.433273670857241e-08,0.0012458361194789074
e1/L/R3/18,L,3,quadruplet,800,0.3,False,,,
e1/L/R3/18,L,3,quadruplet,6400,0.6,False,,,
e1/L/R3/18,L,3,quadruplet,51200,1.0,False,,,
e1/L/R3/18,L,3,quintuplet,800,0.2,False,,,
e1/L/R3/18,L,3,quintuplet,6400,1.0,False,,,
e1/L/R3/18,L,3,quintuplet,51200,1.0,False,,,
e1/L/R3/19,L,3,quadruplet,800,0.1,True,True,5.048040821228788e-05,0.0403843265698303
e1/L/R3/19,L,3,quadruplet,6400,0.7,True,True,5.048040821228788e-05,0.3230746125586424
e1/L/R3/19,L,3,quadruplet,51200,1.0,True,True,5.048040821228788e-05,2.584596900469139
e1/L/R3/19,L,3,quintuplet,800,0.1,True,True,2.0681751834296548e-05,0.01654540146743724
e1/L/R3/19,L,3,quintuplet,6400,0.5,True,True,2.0681751834296548e-05,0.13236321173949792
e1/L/R3/19,L,3,quintuplet,51200,0.9,True,True,2.0681751834296548e-05,1.0589056939159833
e1/L/R3/2,L,3,quadruplet,800,0.1,True,True,2.4220518786307958e-05,0.019376415029046367
e1/L/R3/2,L,3,quadruplet,6400,0.9,True,True,2.4220518786307958e-05,0.15501132023237094
e1/L/R3/2,L,3,quadruplet,51200,1.0,True,True,2.4220518786307958e-05,1.2400905618589675
e1/L/R3/2,L,3,quintuplet,800,0.1,True,True,3.485626069043957e-05,0.027885008552351657
e1/L/R3/2,L,3,quintuplet,6400,0.7,True,True,3.485626069043957e-05,0.22308006841881325
e1/L/R3/2,L,3,quintuplet,51200,1.0,True,True,3.485626069043957e-05,1.784640547350506
e1/L/R3/2,L,3,random,800,0.0,True,False,,
e1/L/R3/2,L,3,random,6400,0.0,True,False,,
e1/L/R3/2,L,3,random,51200,0.0,True,False,,
e1/L/R3/20,L,3,quadruplet,800,0.2,False,,,
e1/L/R3/20,L,3,quadruplet,6400,1.0,False,,,
e1/L/R3/20,L,3,quadruplet,51200,1.0,False,,,
e1/L/R3/20,L,3,quintuplet,800,0.1,False,,,
e1/L/R3/20,L,3,quintuplet,6400,1.0,False,,,
e1/L/R3/20,L,3,quintuplet,51200,1.0,False,,,
e1/L/R3/21,L,3,quadruplet,800,0.7,False,,,
e1/L/R3/21,L,3,quadruplet,6400,1.0,False,,,
e1/L/R3/21,L,3,quadruplet,51200,1.0,False,,,
e1/L/R3/21,L,3,quintuplet,800,0.8,False,,,
e1/L/R3/21,L,3,quintuplet,6400,1.0,False,,,
e1/L/R3/21,L,3,quintuplet,51200,1.0,False,,,
e1/L/R3/22,L,3,quadruplet,800,0.0,False,,,
e1/L/R3/22,L,3,quadruplet,6400,0.0,False,,,
e1/L/R3/22,L,3,quadruplet,51200,0.0,False,,,
e1/L/R3/22,L,3,quintuplet,800,0.0,False,,,
e1/L/R3/22,L,3,quintuplet,6400,0.1,False,,,
e1/L/R3/22,L,3,quintuplet,51200,0.1,False,,,
e1/L/R3/23,L,3,quadruplet,800,0.0,True,False,,
e1/L/R3/23,L,3,quadruplet,6400,0.0,True,False,,
e1/L/R3/23,L,3,quadruplet,51200,0.0,True,False,,
e1/L/R3/23,L,3,quintuplet,800,0.0,True,False,,
e1/L/R3/23,L,3,quintuplet,6400,0.0,True,False,,
e1/L/R3/23,L,3,quintuplet,51200,0.0,True,False,,
e1/L/R3/24,L,3,quadruplet,800,0.0,False,,,
e1/L/R3/24,L,3,quadruplet,6400,0.0,False,,,
e1/L/R3/24,L,3,quadruplet,51200,0.0,False,,,
e1/L/R3/24,L,3,quintuplet,800,0.0,False,,,
e1/L/R3/24,L,3,quintuplet,6400,0.0,False,,,
e1/L/R3/24,L,3,quintuplet,51200,0.0,False,,,
e1/L/R3/25,L,3,quadruplet,800,0.9,True,True,1.8291296984701146e-05,0.014633037587760916
e1/L/R3/25,L,3,quadruplet,6400,1.0,True,True,1.8291296984701146e-05,0.11706430070208733
e1/L/R3/25,L,3,quadruplet,51200,1.0,True,True,1.8291296984701146e-05,0.9365144056166986
e1/L/R3/25,L,3,quintuplet,800,0.8,True,True,1.4585022254238383e-05,0.011668017803390706
e1/L/R3/25,L,3,quintuplet,6400,1.0,True,True,1.4585022254238383e-05,0.09334414242712565
e1/L/R3/25,L,3,quintuplet,51200,1.0,True,True,1.4585022254238383e-05,0.7467531394170052
e1/L/R3/26,L,3,quadruplet,800,0.2,False,,,
e1/L/R3/26,L,3,quadruplet,6400,0.4,False,,,
e1/L/R3/26,L,3,quadruplet,51200,1.0,False,,,
e1/L/R3/26,L,3,quintuplet,800,0.3,False,,,
e1/L/R3/26,L,3,quintuplet,6400,0.6,False,,,
e1/L/R3/26,L,3,quintuplet,51200,0.9,False,,,
e1/L/R3/27,L,3,quadruplet,800,0.5,True,True,5.912244012579758e-06,0.004729795210063807
e1/L/R3/27,L,3,quadruplet,6400,0.6,True,True,5.912244012579758e-06,0.037838361680510454
e1/L/R3/27,L,3,quadruplet,51200,1.0,True,True,5.912244012579758e-06,0.30270689344408364
e1/L/R3/27,L,3,quintuplet,800,0.3,True,True,8.822896514402029e-06,0.007058317211521623
e1/L/R3/27,L,3,quintuplet,6400,0.6,True,True,8.822896514402029e-06,0.05646653769217298
e1/L/R3/27,L,3,quintuplet,51200,1.0,True,True,8.822896514402029e-06,0.45173230153738386
e1/L/R3/28,L,3,quadruplet,800,0.1,True,True,9.677997888746985e-06,0.007742398310997588
e1/L/R3/28,L,3,quadruplet,6400,0.1,True,True,9.677997888746985e-06,0.061939186487980705
e1/L/R3/28,L,3,quadruplet,51200,0.6,True,True,9.677997888746985e-06,0.49551349190384564
e1/L/R3/28,L,3,quintuplet,800,0.1,True,True,1.816386765177637e-05,0.014531094121421095
e1/L/R3/28,L,3,quintuplet,6400,0.2,True,True,1.816386765177637e-05,0.11624875297136876
e1/L/R3/28,L,3,quintuplet,51200,0.8,True,True,1.816386765177637e-05,0.9299900237709501
e1/L/R3/29,L,3,quadruplet,800,0.1,True,True,9.875610738219427e-06,0.007900488590575542
e1/L/R3/29,L,3,quadruplet,6400,0.2,True,True,9.875610738219427e-06,0.06320390872460434
e1/L/R3/29,L,3,quadruplet,51200,0.9,True,True,9.875610738219427e-06,0.5056312697968347
e1/L/R3/29,L,3,quintuplet,800,0.2,True,True,1.604404058909029e-05,0.012835232471272232
e1/L/R3/29,L,3,quintuplet,6400,0.4,True,True,1.604404058909029e-05,0.10268185977017785
e1/L/R3/29,L,3,quintuplet,51200,1.0,True,True,1.604404058909029e-05,0.8214548781614228
e1/L/R3/3,L,3,quadruplet,800,0.0,True,False,,
e1/L/R3/3,L,3,quadruplet,6400,0.1,True,False,,
e1/L/R3/3,L,3,quadruplet,51200,0.0,True,False,,
e1/L/R3/3,L,3,quintuplet,800,0.0,True,False,,
e1/L/R3/3,L,3,quintuplet,6400,0.0,True,False,,
e1/L/R3/3,L,3,quintuplet,51200,0.0,True,False,,
e1/L/R3/3,L,3,random,800,0.0,True,False,,
e1/L/R3/3,L,3,random,6400,0.0,True,False,,
e1/L/R3/3,L,3,random,51200,0.0,True,False,,
e1/L/R3/30,L,3,quadruplet,800,0.2,True,True,0.00011081665753595708,0.08865332602876566
e1/L/R3/30,L,3,quadruplet,6400,0.6,True,True,0.00011081665753595708,0.7092266082301253
e1/L/R3/30,L,3,quadruplet,51200,1.0,True,True,0.00011081665753595708,5.673812865841002
e1/L/R3/30,L,3,quintuplet,800,0.2,True,True,4.401432798814594e-05,0.03521146239051676
e1/L/R3/30,L,3,quintuplet,6400,0.4,True,True,4.401432798814594e-05,0.28169169912413405
e1/L/R3/30,L,3,quintuplet,51200,0.9,True,True,4.401432798814594e-05,2.2535335929930724
e1/L/R3/31,L,3,quadruplet,800,0.7,True,True,2.2671698236225874e-06,0.00181373585889807
e1/L/R3/31,L,3,quadruplet,6400,1.0,True,True,2.2671698236225874e-06,0.01450988687118456
e1/L/R3/31,L,3,quadruplet,51200,1.0,True,True,2.2671698236225874e-06,0.11607909496947648
e1/L/R3/31,L,3,quintuplet,800,0.5,True,True,1.992565433899984e-06,0.0015940523471199872
e1/L/R3/31,L,3,quintuplet,6400,0.9,True,True,1.992565433899984e-06,0.012752418776959897
e1/L/R3/31,L,3,quintuplet,51200,1.0,True,True,1.992565433899984e-06,0.10201935021567918
e1/L/R3/32,L,3,quadruplet,800,0.0,False,,,
e1/L/R3/32,L,3,quadruplet,6400,0.3,False,,,
e1/L/R3/32,L,3,quadruplet,51200,0.8,False,,,
e1/L/R3/32,L,3,quintuplet,800,0.0,False,,,
e1/L/R3/32,L,3,quintuplet,6400,0.3,False,,,
e1/L/R3/32,L,3,quintuplet,51200,0.9,False,,,
e1/L/R3/33,L,3,quadruplet,800,0.2,False,,,
e1/L/R3/33,L,3,quadruplet,6400,0.6,False,,,
e1/L/R3/33,L,3,quadruplet,51200,1.0,False,,,
e1/L/R3/33,L,3,quintuplet,800,0.3,False,,,
e1/L/R3/33,L,3,quintuplet,6400,1.0,False,,,
e1/L/R3/33,L,3,quintuplet,51200,1.0,False,,,
e1/L/R3/34,L,3,quadruplet,800,0.0,True,False,,
e1/L/R3/34,L,3,quadruplet,6400,0.0,True,False,,
e1/L/R3/34,L,3,quadruplet,51200,0.0,True,False,,
e1/L/R3/34,L,3,quintuplet,800,0.0,True,False,,
e1/L/R3/34,L,3,quintuplet,6400,0.0,True,False,,
e1/L/R3/34,L,3,quintuplet,51200,0.0,True,False,,
e1/L/R3/35,L,3,quadruplet,800,0.0,True,True,0.00011672576188708103,0.09338060950966483
e1/L/R3/35,L,3,quadruplet,6400,0.9,True,True,0.00011672576188708103,0.7470448760773186
e1/L/R3/35,L,3,quadruplet,51200,1.0,True,True,0.00011672576188708103,5.976359008618549
e1/L/R3/35,L,3,quintuplet,800,0.0,True,True,4.6169755899755744e-05,0.036935804719804594
e1/L/R3/35,L,3,quintuplet,6400,0.7,True,True,4.6169755899755744e-05,0.29548643775843675
e1/L/R3/35,L,3,quintuplet,51200,0.9,True,True,4.6169755899755744e-05,2.363891502067494
e1/L/R3/36,L,3,quadruplet,800,0.0,False,,,
e1/L/R3/36,L,3,quadruplet,6400,0.0,False,,,
e1/L/R3/36,L,3,quadruplet,51200,0.0,False,,,
e1/L/R3/36,L,3,quintuplet,800,0.1,False,,,
e1/L/R3/36,L,3,quintuplet,6400,0.2,False,,,
e1/L/R3/36,L,3,quintuplet,51200,0.2,False,,,
e1/L/R3/37,L,3,quadruplet,800,0.0,False,,,
e1/L/R3/37,L,3,quadruplet,6400,0.0,False,,,
e1/L/R3/37,L,3,quadruplet,51200,0.0,False,,,
e1/L/R3/37,L,3,quintuplet,800,0.1,False,,,
e1/L/R3/37,L,3,quintuplet,6400,0.1,False,,,
e1/L/R3/37,L,3,quintuplet,51200,0.5,False,,,
e1/L/R3/38,L,3,quadruplet,800,0.0,False,,,
e1/L/R3/38,L,3,quadruplet,6400,0.0,False,,,
e1/L/R3/38,L,3,quadruplet,51200,0.0,False,,,
e1/L/R3/38,L,3,quintuplet,800,0.0,False,,,
e1/L/R3/38,L,3,quintuplet,6400,0.0,False,,,
e1/L/R3/38,L,3,quintuplet,51200,0.6,False,,,
e1/L/R3/39,L,3,quadruplet,800,0.0,True,False,,
e1/L/R3/39,L,3,quadruplet,6400,0.0,True,False,,
e1/L/R3/39,L,3,quadruplet,51200,0.0,True,False,,
e1/L/R3/39,L,3,quintuplet,800,0.0,True,False,,
e1/L/R3/39,L,3,quintuplet,6400,0.0,True,False,,
e1/L/R3/39,L,3,quintuplet,51200,0.0,True,False,,
e1/L/R3/4,L,3,quadruplet,800,0.1,True,True,7.984605096299465e-07,0.0006387684077039572
e1/L/R3/4,L,3,quadruplet,6400,0.1,True,True,7.984605096299465e-07,0.005110147261631658
e1/L/R3/4,L,3,quadruplet,51200,0.6,True,True,7.984605096299465e-07,0.040881178093053264
e1/L/R3/4,L,3,quintuplet,800,0.2,True,True,8.309546144147043e-07,0.0006647636915317635
e1/L/R3/4,L,3,quintuplet,6400,0.3,True,True,8.309546144147043e-07,0.005318109532254108
e1/L/R3/4,L,3,quintuplet,51200,1.0,True,True,8.309546144147043e-07,0.04254487625803286
e1/L/R3/4,L,3,random,800,0.0,True,False,,
e1/L/R3/4,L,3,random,6400,0.0,True,False,,
e1/L/R3/4,L,3,random,51200,0.0,True,False,,
e1/L/R3/40,L,3,quadruplet,800,0.0,False,,,
e1/L/R3/40,L,3,quadruplet,6400,0.0,False,,,
e1/L/R3/40,L,3,quadruplet,51200,0.0,False,,,
e1/L/R3/40,L,3,quintuplet,800,0.0,False,,,
e1/L/R3/40,L,3,quintuplet,6400,0.0,False,,,
e1/L/R3/40,L,3,quintuplet,51200,0.0,False,,,
e1/L/R3/41,L,3,quadruplet,800,0.1,False,,,
e1/L/R3/41,L,3,quadruplet,6400,0.0,False,,,
e1/L/R3/41,L,3,quadruplet,51200,0.0,False,,,
e1/L/R3/41,L,3,quintuplet,800,0.1,False,,,
e1/L/R3/41,L,3,quintuplet,6400,0.6,False,,,
e1/L/R3/41,L,3,quintuplet,51200,0.9,False,,,
e1/L/R3/42,L,3,quadruplet,800,0.3,False,,,
e1/L/R3/42,L,3,quadruplet,6400,0.6,False,,,
e1/L/R3/42,L,3,quadruplet,51200,0.5,False,,,
e1/L/R3/42,L,3,quintuplet,800,0.5,False,,,
e1/L/R3/42,L,3,quintuplet,6400,1.0,False,,,
e1/L/R3/42,L,3,quintuplet,51200,1.0,False,,,
e1/L/R3/43,L,3,quadruplet,800,0.0,True,False,,
e1/L/R3/43,L,3,quadruplet,6400,0.0,True,False,,
e1/L/R3/43,L,3,quadruplet,51200,0.0,True,False,,
e1/L/R3/43,L,3,quintuplet,800,0.1,True,True,2.0478747972703462e-07,0.0001638299837816277
e1/L/R3/43,L,3,quintuplet,6400,0.4,True,True,2.0478747972703462e-07,0.0013106398702530215
e1/L/R3/43,L,3,quintuplet,51200,0.8,True,True,2.0478747972703462e-07,0.010485118962024172
e1/L/R3/44,L,3,quadruplet,800,0.0,False,,,
e1/L/R3/44,L,3,quadruplet,6400,0.0,False,,,
e1/L/R3/44,L,3,quadruplet,51200,0.0,False,,,
e1/L/R3/44,L,3,quintuplet,800,0.0,False,,,
e1/L/R3/44,L,3,quintuplet,6400,0.0,False,,,
e1/L/R3/44,L,3,quintuplet,51200,0.0,False,,,
e1/L/R3/45,L,3,quadruplet,800,0.9,True,True,8.042613236491692e-06,0.006434090589193354
e1/L/R3/45,L,3,quadruplet,6400,1.0,True,True,8.042613236491692e-06,0.05147272471354683
e1/L/R3/45,L,3,quadruplet,51200,1.0,True,True,8.042613236491692e-06,0.41178179770837464
e1/L/R3/45,L,3,quintuplet,800,0.5,True,True,1.0182972047113406e-05,0.008146377637690725
e1/L/R3/45,L,3,quintuplet,6400,1.0,True,True,1.0182972047113406e-05,0.0651710211015258
e1/L/R3/45,L,3,quintuplet,51200,1.0,True,True,1.0182972047113406e-05,0.5213681688122064
e1/L/R3/46,L,3,quadruplet,800,0.0,False,,,
e1/L/R3/46,L,3,quadruplet,6400,0.7,False,,,
e1/L/R3/46,L,3,quadruplet,51200,1.0,False,,,
e1/L/R3/46,L,3,quintuplet,800,0.0,False,,,
e1/L/R3/46,L,3,quintuplet,6400,0.8,False,,,
e1/L/R3/46,L,3,quintuplet,51200,1.0,False,,,
e1/L/R3/47,L,3,quadruplet,800,0.0,True,False,,
e1/L/R3/47,L,3,quadruplet,6400,0.0,True,False,,
e1/L/R3/47,L,3,quadruplet,51200,0.0,True,False,,
e1/L/R3/47,L,3,quintuplet,800,0.0,True,True,6.68121074072685e-06,0.00534496859258148
e1/L/R3/47,L,3,quintuplet,6400,0.2,True,True,6.68121074072685e-06,0.04275974874065184
e1/L/R3/47,L,3,quintuplet,51200,0.8,True,True,6.68121074072685e-06,0.3420779899252147
e1/L/R3/48,L,3,quadruplet,800,0.0,True,False,,
e1/L/R3/48,L,3,quadruplet,6400,0.0,True,False,,
e1/L/R3/48,L,3,quadruplet,51200,0.0,True,False,,
e1/L/R3/48,L,3,quintuplet,800,0.0,True,False,,
e1/L/R3/48,L,3,quintuplet,6400,0.0,True,False,,
e1/L/R3/48,L,3,quintuplet,51200,0.0,True,False,,
e1/L/R3/49,L,3,quadruplet,800,0.2,False,,,
e1/L/R3/49,L,3,quadruplet,6400,0.9,False,,,
e1/L/R3/49,L,3,quadruplet,51200,1.0,False,,,
e1/L/R3/49,L,3,quintuplet,800,0.2,False,,,
e1/L/R3/49,L,3,quintuplet,6400,0.9,False,,,
e1/L/R3/49,L,3,quintuplet,51200,1.0,False,,,
e1/L/R3/5,L,3,quadruplet,800,0.9,True,True,1.6286017714289538e-05,0.01302881417143163
e1/L/R3/5,L,3,quadruplet,6400,1.0,True,True,1.6286017714289538e-05,0.10423051337145305
e1/L/R3/5,L,3,quadruplet,51200,1.0,True,True,1.6286017714289538e-05,0.8338441069716244
e1/L/R3/5,L,3,quintuplet,800,0.6,True,True,9.03157968582659e-06,0.007225263748661272
e1/L/R3/5,L,3,quintuplet,6400,1.0,True,True,9.03157968582659e-06,0.057802109989290175
e1/L/R3/5,L,3,quintuplet,51200,1.0,True,True,9.03157968582659e-06,0.4624168799143214
e1/L/R3/5,L,3,random,800,0.0,True,False,,
e1/L/R3/5,L,3,random,6400,0.0,True,False,,
e1/L/R3/5,L,3,random,51200,0.0,True,False,,
e1/L/R3/50,L,3,quadruplet,800,0.0,True,True,7.276823617142252e-08,5.821458893713801e-05
e1/L/R3/50,L,3,quadruplet,6400,0.2,True,True,7.276823617142252e-08,0.0004657167114971041
e1/L/R3/50,L,3,quadruplet,51200,0.9,True,True,7.276823617142252e-08,0.0037257336919768328
e1/L/R3/50,L,3,quintuplet,800,0.0,True,True,1.1194531925971524e-07,8.955625540777218e-05
e1/L/R3/50,L,3,quintuplet,6400,0.5,True,True,1.1194531925971524e-07,0.0007164500432621775
e1/L/R3/50,L,3,quintuplet,51200,0.7,True,True,1.1194531925971524e-07,0.00573160034609742
e1/L/R3/51,L,3,quadruplet,800,0.1,False,,,
e1/L/R3/51,L,3,quadruplet,6400,0.0,False,,,
e1/L/R3/51,L,3,quadruplet,51200,0.1,False,,,
e1/L/R3/51,L,3,quintuplet,800,0.1,False,,,
e1/L/R3/51,L,3,quintuplet,6400,0.0,False,,,
e1/L/R3/51,L,3,quintuplet,51200,0.0,False,,,
e1/L/R3/52,L,3,quadruplet,800,0.0,False,,,
e1/L/R3/52,L,3,quadruplet,6400,0.0,False,,,
e1/L/R3/52,L,3,quadruplet,51200,0.0,False,,,
e1/L/R3/52,L,3,quintuplet,800,0.0,False,,,
e1/L/R3/52,L,3,quintuplet,6400,0.6,False,,,
e1/L/R3/52,L,3,quintuplet,51200,0.5,False,,,
e1/L/R3/53,L,3,quadruplet,800,0.1,True,False,,
e1/L/R3/53,L,3,quadruplet,6400,0.0,True,False,,
e1/L/R3/53,L,3,quadruplet,51200,0.0,True,False,,
e1/L/R3/53,L,3,quintuplet,800,0.5,True,True,7.97368736610157e-06,0.006378949892881257
e1/L/R3/53,L,3,quintuplet,6400,0.7,True,True,7.97368736610157e-06,0.051031599143050055
e1/L/R3/53,L,3,quintuplet,51200,1.0,True,True,7.97368736610157e-06,0.40825279314440044
e1/L/R3/54,L,3,quadruplet,800,0.0,True,False,,
e1/L/R3/54,L,3,quadruplet,6400,0.0,True,False,,
e1/L/R3/54,L,3,quadruplet,51200,0.1,True,False,,
e1/L/R3/54,L,3,quintuplet,800,0.0,True,True,1.7324563866440851e-07,0.00013859651093152682
e1/L/R3/54,L,3,quintuplet,6400,0.2,True,True,1.7324563866440851e-07,0.0011087720874522146
e1/L/R3/54,L,3,quintuplet,51200,0.3,True,True,1.7324563866440851e-07,0.008870176699617717
e1/L/R3/55,L,3,quadruplet,800,0.2,False,,,
e1/L/R3/55,L,3,quadruplet,6400,0.5,False,,,
e1/L/R3/55,L,3,quadruplet,51200,0.7,False,,,
e1/L/R3/55,L,3,quintuplet,800,0.3,False,,,
e1/L/R3/55,L,3,quintuplet,6400,0.9,False,,,
e1/L/R3/55,L,3,quintuplet,51200,1.0,False,,,
e1/L/R3/56,L,3,quadruplet,800,0.0,True,True,1.4856681734580092e-05,0.011885345387664073
e1/L/R3/56,L,3,quadruplet,6400,0.4,True,True,1.4856681734580092e-05,0.09508276310131258
e1/L/R3/56,L,3,quadruplet,51200,1.0,True,True,1.4856681734580092e-05,0.7606621048105007
e1/L/R3/56,L,3,quintuplet,800,0.0,True,True,9.894483141836245e-06,0.007915586513468995
e1/L/R3/56,L,3,quintuplet,6400,0.4,True,True,9.894483141836245e-06,0.06332469210775196
e1/L/R3/56,L,3,quintuplet,51200,0.8,True,True,9.894483141836245e-06,0.5065975368620157
e1/L/R3/57,L,3,quadruplet,800,0.0,True,False,,
e1/L/R3/57,L,3,quadruplet,6400,0.0,True,False,,
e1/L/R3/57,L,3,quadruplet,51200,0.0,True,False,,
e1/L/R3/57,L,3,quintuplet,800,0.0,True,False,,
e1/L/R3/57,L,3,quintuplet,6400,0.0,True,False,,
e1/L/R3/57,L,3,quintuplet,51200,0.0,True,False,,
e1/L/R3/58,L,3,quadruplet,800,0.0,True,False,,
e1/L/R3/58,L,3,quadruplet,6400,0.0,True,False,,
e1/L/R3/58,L,3,quadruplet,51200,0.0,True,False,,
e1/L/R3/58,L,3,quintuplet,800,0.0,True,False,,
e1/L/R3/58,L,3,quintuplet,6400,0.3,True,False,,
e1/L/R3/58,L,3,quintuplet,51200,0.0,True,False,,
e1/L/R3/59,L,3,quadruplet,800,0.0,False,,,
e1/L/R3/59,L,3,quadruplet,6400,0.0,False,,,
e1/L/R3/59,L,3,quadruplet,51200,0.0,False,,,
e1/L/R3/59,L,3,quintuplet,800,0.0,False,,,
e1/L/R3/59,L,3,quintuplet,6400,0.0,False,,,
e1/L/R3/59,L,3,quintuplet,51200,0.0,False,,,
e1/L/R3/6,L,3,quadruplet,800,0.0,True,True,1.5635184576344392e-06,0.0012508147661075514
e1/L/R3/6,L,3,quadruplet,6400,0.0,True,True,1.5635184576344392e-06,0.010006518128860411
e1/L/R3/6,L,3,quadruplet,51200,0.3,True,True,1.5635184576344392e-06,0.08005214503088329
e1/L/R3/6,L,3,quintuplet,800,0.0,True,False,,
e1/L/R3/6,L,3,quintuplet,6400,0.0,True,False,,
e1/L/R3/6,L,3,quintuplet,51200,0.0,True,False,,
e1/L/R3/6,L,3,random,800,0.0,True,False,,
e1/L/R3/6,L,3,random,6400,0.0,True,False,,
e1/L/R3/6,L,3,random,51200,0.0,True,False,,
e1/L/R3/60,L,3,quadruplet,800,0.0,True,False,,
e1/L/R3/60,L,3,quadruplet,6400,0.0,True,False,,
e1/L/R3/60,L,3,quadruplet,51200,0.0,True,False,,
e1/L/R3/60,L,3,quintuplet,800,0.0,True,False,,
e1/L/R3/60,L,3,quintuplet,6400,0.0,True,False,,
e1/L/R3/60,L,3,quintuplet,51200,0.0,True,False,,
e1/L/R3/61,L,3,quadruplet,800,0.1,False,,,
e1/L/R3/61,L,3,quadruplet,6400,0.0,False,,,
e1/L/R3/61,L,3,quadruplet,51200,0.0,False,,,
e1/L/R3/61,L,3,quintuplet,800,0.0,False,,,
e1/L/R3/61,L,3,quintuplet,6400,0.0,False,,,
e1/L/R3/61,L,3,quintuplet,51200,0.0,False,,,
e1/L/R3/62,L,3,quadruplet,800,0.0,False,,,
e1/L/R3/62,L,3,quadruplet,6400,1.0,False,,,
e1/L/R3/62,L,3,quadruplet,51200,1.0,False,,,
e1/L/R3/62,L,3,quintuplet,800,0.1,False,,,
e1/L/R3/62,L,3,quintuplet,6400,1.0,False,,,
e1/L/R3/62,L,3,quintuplet,51200,1.0,False,,,
e1/L/R3/63,L,3,quadruplet,800,0.5,True,True,8.519995830609522e-06,0.006815996664487617
e1/L/R3/63,L,3,quadruplet,6400,1.0,True,True,8.519995830609522e-06,0.05452797331590094
e1/L/R3/63,L,3,quadruplet,51200,1.0,True,True,8.519995830609522e-06,0.4362237865272075
e1/L/R3/63,L,3,quintuplet,800,0.7,True,True,1.2066044684709301e-05,0.00965283574776744
e1/L/R3/63,L,3,quintuplet,6400,1.0,True,True,1.2066044684709301e-05,0.07722268598213952
e1/L/R3/63,L,3,quintuplet,51200,1.0,True,True,1.2066044684709301e-05,0.6177814878571162
e1/L/R3/64,L,3,quadruplet,800,0.1,True,True,1.7847782427490183e-05,0.014278225941992146
e1/L/R3/64,L,3,quadruplet,6400,0.6,True,True,1.7847782427490183e-05,0.11422580753593717
e1/L/R3/64,L,3,quadruplet,51200,1.0,True,True,1.7847782427490183e-05,0.9138064602874973
e1/L/R3/64,L,3,quintuplet,800,0.2,True,True,2.5497874692013003e-05,0.0203982997536104
e1/L/R3/64,L,3,quintuplet,6400,0.6,True,True,2.5497874692013003e-05,0.1631863980288832
e1/L/R3/64,L,3,quintuplet,51200,1.0,True,True,2.5497874692013003e-05,1.3054911842310657
e1/L/R3/65,L,3,quadruplet,800,0.0,True,True,3.5373549694436206e-06,0.0028298839755548965
e1/L/R3/65,L,3,quadruplet,6400,0.2,True,True,3.5373549694436206e-06,0.02263907180443917
e1/L/R3/65,L,3,quadruplet,51200,0.3,True,True,3.5373549694436206e-06,0.18111257443551337
e1/L/R3/65,L,3,quintuplet,800,0.0,True,False,,
e1/L/R3/65,L,3,quintuplet,6400,0.0,True,False,,
e1/L/R3/65,L,3,quintuplet,51200,0.0,True,False,,
e1/L/R3/66,L,3,quadruplet,800,0.3,False,,,
e1/L/R3/66,L,3,quadruplet,6400,0.7,False,,,
e1/L/R3/66,L,3,quadruplet,51200,1.0,False,,,
e1/L/R3/66,L,3,quintuplet,800,0.1,False,,,
e1/L/R3/66,L,3,quintuplet,6400,0.9,False,,,
e1/L/R3/66,L,3,quintuplet,51200,1.0,False,,,
e1/L/R3/67,L,3,quadruplet,800,0.0,True,False,,
e1/L/R3/67,L,3,quadruplet,6400,0.0,True,False,,
e1/L/R3/67,L,3,quadruplet,51200,0.0,True,False,,
e1/L/R3/67,L,3,quintuplet,800,0.0,True,True,5.057116808120306e-08,4.045693446496245e-05
e1/L/R3/67,L,3,quintuplet,6400,0.2,True,True,5.057116808120306e-08,0.0003236554757196996
e1/L/R3/67,L,3,quintuplet,51200,0.6,True,True,5.057116808120306e-08,0.0025892438057575967
e1/L/R3/68,L,3,quadruplet,800,0.0,False,,,
e1/L/R3/68,L,3,quadruplet,6400,0.0,False,,,
e1/L/R3/68,L,3,quadruplet,51200,0.0,False,,,
e1/L/R3/68,L,3,quintuplet,800,0.1,False,,,
e1/L/R3/68,L,3,quintuplet,6400,0.1,False,,,
e1/L/R3/68,L,3,quintuplet,51200,0.1,False,,,
e1/L/R3/69,L,3,quadruplet,800,0.5,True,True,3.0669074180778925e-05,0.02453525934462314
e1/L/R3/69,L,3,quadruplet,6400,1.0,True,True,3.0669074180778925e-05,0.19628207475698511
e1/L/R3/69,L,3,quadruplet,51200,1.0,True,True,3.0669074180778925e-05,1.570256598055881
e1/L/R3/69,L,3,quintuplet,800,0.6,True,True,2.222047866148812e-05,0.017776382929190496
e1/L/R3/69,L,3,quintuplet,6400,0.9,True,True,2.222047866148812e-05,0.14221106343352397
e1/L/R3/69,L,3,quintuplet,51200,1.0,True,True,2.222047866148812e-05,1.1376885074681917
e1/L/R3/7,L,3,quadruplet,800,0.3,True,True,3.1128255710466586e-06,0.002490260456837327
e1/L/R3/7,L,3,quadruplet,6400,1.0,True,True,3.1128255710466586e-06,0.019922083654698615
e1/L/R3/7,L,3,quadruplet,51200,1.0,True,True,3.1128255710466586e-06,0.15937666923758892
e1/L/R3/7,L,3,quintuplet,800,0.7,True,True,4.2609073983162415e-06,0.003408725918652993
e1/L/R3/7,L,3,quintuplet,6400,1.0,True,True,4.2609073983162415e-06,0.027269807349223945
e1/L/R3/7,L,3,quintuplet,51200,1.0,True,True,4.2609073983162415e-06,0.21815845879379156
e1/L/R3/7,L,3,random,800,0.0,True,False,,
e1/L/R3/7,L,3,random,6400,0.0,True,False,,
e1/L/R3/7,L,3,random,51200,0.0,True,False,,
e1/L/R3/70,L,3,quadruplet,800,0.0,False,,,
e1/L/R3/70,L,3,quadruplet,6400,0.0,False,,,
e1/L/R3/70,L,3,quadruplet,51200,0.0,False,,,
e1/L/R3/70,L,3,quintuplet,800,0.0,False,,,
e1/L/R3/70,L,3,quintuplet,6400,0.0,False,,,
e1/L/R3/70,L,3,quintuplet,51200,0.0,False,,,
e1/L/R3/71,L,3,quadruplet,800,0.0,False,,,
e1/L/R3/71,L,3,quadruplet,6400,0.0,False,,,
e1/L/R3/71,L,3,quadruplet,51200,0.0,False,,,
e1/L/R3/71,L,3,quintuplet,800,0.0,False,,,
e1/L/R3/71,L,3,quintuplet,6400,0.0,False,,,
e1/L/R3/71,L,3,quintuplet,51200,0.0,False,,,
e1/L/R3/72,L,3,quadruplet,800,0.0,True,False,,
e1/L/R3/72,L,3,quadruplet,6400,0.0,True,False,,
e1/L/R3/72,L,3,quadruplet,51200,0.0,True,False,,
e1/L/R3/72,L,3,quintuplet,800,0.1,True,False,,
e1/L/R3/72,L,3,quintuplet,6400,0.4,True,False,,
e1/L/R3/72,L,3,quintuplet,51200,0.0,True,False,,
e1/L/R3/73,L,3,quadruplet,800,0.0,True,False,,
e1/L/R3/73,L,3,quadruplet,6400,0.0,True,False,,
e1/L/R3/73,L,3,quadruplet,51200,0.0,True,False,,
e1/L/R3/73,L,3,quintuplet,800,0.1,True,True,3.078815158556844e-06,0.002463052126845475
e1/L/R3/73,L,3,quintuplet,6400,0.0,True,True,3.078815158556844e-06,0.0197044170147638
e1/L/R3/73,L,3,quintuplet,51200,0.4,True,True,3.078815158556844e-06,0.1576353361181104
e1/L/R3/74,L,3,quadruplet,800,0.0,True,True,1.529330636886024e-05,0.012234645095088193
e1/L/R3/74,L,3,quadruplet,6400,0.2,True,True,1.529330636886024e-05,0.09787716076070554
e1/L/R3/74,L,3,quadruplet,51200,1.0,True,True,1.529330636886024e-05,0.7830172860856444
e1/L/R3/74,L,3,quintuplet,800,0.0,True,True,1.5011911816707116e-05,0.012009529453365692
e1/L/R3/74,L,3,quintuplet,6400,0.2,True,True,1.5011911816707116e-05,0.09607623562692554
e1/L/R3/74,L,3,quintuplet,51200,0.9,True,True,1.5011911816707116e-05,0.7686098850154043
e1/L/R3/75,L,3,quadruplet,800,0.0,False,,,
e1/L/R3/75,L,3,quadruplet,6400,0.0,False,,,
e1/L/R3/75,L,3,quadruplet,51200,0.0,False,,,
e1/L/R3/75,L,3,quintuplet,800,0.0,False,,,
e1/L/R3/75,L,3,quintuplet,6400,0.0,False,,,
e1/L/R3/75,L,3,quintuplet,51200,0.0,False,,,
e1/L/R3/76,L,3,quadruplet,800,0.1,True,False,,
e1/L/R3/76,L,3,quadruplet,6400,0.0,True,False,,
e1/L/R3/76,L,3,quadruplet,51200,0.0,True,False,,
e1/L/R3/76,L,3,quintuplet,800,0.1,True,False,,
e1/L/R3/76,L,3,quintuplet,6400,0.1,True,False,,
e1/L/R3/76,L,3,quintuplet,51200,0.1,True,False,,
e1/L/R3/77,L,3,quadruplet,800,0.2,False,,,
e1/L/R3/77,L,3,quadruplet,6400,1.0,False,,,
e1/L/R3/77,L,3,quadruplet,51200,1.0,False,,,
e1/L/R3/77,L,3,quintuplet,800,0.2,False,,,
e1/L/R3/77,L,3,quintuplet,6400,1.0,False,,,
e1/L/R3/77,L,3,quintuplet,51200,1.0,False,,,
e1/L/R3/78,L,3,quadruplet,800,0.6,True,True,1.5829019152788642e-05,0.012663215322230914
e1/L/R3/78,L,3,quadruplet,6400,0.7,True,True,1.5829019152788642e-05,0.10130572257784731
e1/L/R3/78,L,3,quadruplet,51200,1.0,True,True,1.5829019152788642e-05,0.8104457806227785
e1/L/R3/78,L,3,quintuplet,800,0.5,True,True,8.44628836387498e-06,0.0067570306910999835
e1/L/R3/78,L,3,quintuplet,6400,0.7,True,True,8.44628836387498e-06,0.05405624552879987
e1/L/R3/78,L,3,quintuplet,51200,1.0,True,True,8.44628836387498e-06,0.43244996423039894
e1/L/R3/79,L,3,quadruplet,800,0.1,True,True,1.7327391610033083e-05,0.013861913288026466
e1/L/R3/79,L,3,quadruplet,6400,0.5,True,True,1.7327391610033083e-05,0.11089530630421172
e1/L/R3/79,L,3,quadruplet,51200,1.0,True,True,1.7327391610033083e-05,0.8871624504336938
e1/L/R3/79,L,3,quintuplet,800,0.0,True,True,4.511170546891852e-05,0.03608936437513482
e1/L/R3/79,L,3,quintuplet,6400,0.9,True,True,4.511170546891852e-05,0.28871491500107854
e1/L/R3/79,L,3,quintuplet,51200,1.0,True,True,4.511170546891852e-05,2.3097193200086283
e1/L/R3/8,L,3,quadruplet,800,0.2,False,,,
e1/L/R3/8,L,3,quadruplet,6400,0.5,False,,,
e1/L/R3/8,L,3,quadruplet,51200,0.8,False,,,
e1/L/R3/8,L,3,quintuplet,800,0.1,False,,,
e1/L/R3/8,L,3,quintuplet,6400,0.3,False,,,
e1/L/R3/8,L,3,quintuplet,51200,0.3,False,,,
e1/L/R3/8,L,3,random,800,0.0,False,,,
e1/L/R3/8,L,3,random,6400,0.0,False,,,
e1/L/R3/8,L,3,random,51200,0.0,False,,,
e1/L/R3/80,L,3,quadruplet,800,0.0,True,True,1.9132486896998057e-05,0.015305989517598446
e1/L/R3/80,L,3,quadruplet,6400,1.0,True,True,1.9132486896998057e-05,0.12244791614078757
e1/L/R3/80,L,3,quadruplet,51200,1.0,True,True,1.9132486896998057e-05,0.9795833291263005
e1/L/R3/80,L,3,quintuplet,800,0.0,True,True,2.8204047782446968e-05,0.022563238225957575
e1/L/R3/80,L,3,quintuplet,6400,1.0,True,True,2.8204047782446968e-05,0.1805059058076606
e1/L/R3/80,L,3,quintuplet,51200,1.0,True,True,2.8204047782446968e-05,1.4440472464612848
e1/L/R3/81,L,3,quadruplet,800,0.0,True,False,,
e1/L/R3/81,L,3,quadruplet,6400,0.0,True,False,,
e1/L/R3/81,L,3,quadruplet,51200,0.1,True,False,,
e1/L/R3/81,L,3,quintuplet,800,0.0,True,True,3.178333604670958e-07,0.00025426668837367664
e1/L/R3/81,L,3,quintuplet,6400,0.1,True,True,3.178333604670958e-07,0.002034133506989413
e1/L/R3/81,L,3,quintuplet,51200,0.4,True,True,3.178333604670958e-07,0.016273068055915305
e1/L/R3/82,L,3,quadruplet,800,0.4,True,False,,
e1/L/R3/82,L,3,quadruplet,6400,0.2,True,False,,
e1/L/R3/82,L,3,quadruplet,51200,0.1,True,False,,
e1/L/R3/82,L,3,quintuplet,800,0.2,True,False,,
e1/L/R3/82,L,3,quintuplet,6400,0.4,True,False,,
e1/L/R3/82,L,3,quintuplet,51200,0.0,True,False,,
e1/L/R3/83,L,3,quadruplet,800,0.0,False,,,
e1/L/R3/83,L,3,quadruplet,6400,0.0,False,,,
e1/L/R3/83,L,3,quadruplet,51200,0.0,False,,,
e1/L/R3/83,L,3,quintuplet,800,0.0,False,,,
e1/L/R3/83,L,3,quintuplet,6400,0.0,False,,,
e1/L/R3/83,L,3,quintuplet,51200,0.2,False,,,
e1/L/R3/84,L,3,quadruplet,800,0.0,True,False,,
e1/L/R3/84,L,3,quadruplet,6400,0.0,True,False,,
e1/L/R3/84,L,3,quadruplet,51200,0.0,True,False,,
e1/L/R3/84,L,3,quintuplet,800,0.0,True,False,,
e1/L/R3/84,L,3,quintuplet,6400,0.1,True,False,,
e1/L/R3/84,L,3,quintuplet,51200,0.2,True,False,,
e1/L/R3/85,L,3,quadruplet,800,0.0,True,False,,
e1/L/R3/85,L,3,quadruplet,6400,0.0,True,False,,
e1/L/R3/85,L,3,quadruplet,51200,0.0,True,False,,
e1/L/R3/85,L,3,quintuplet,800,0.0,True,False,,
e1/L/R3/85,L,3,quintuplet,6400,0.0,True,False,,
e1/L/R3/85,L,3,quintuplet,51200,0.0,True,False,,
e1/L/R3/86,L,3,quadruplet,800,0.9,True,True,1.2431136441059409e-05,0.009944909152847528
e1/L/R3/86,L,3,quadruplet,6400,1.0,True,True,1.2431136441059409e-05,0.07955927322278022
e1/L/R3/86,L,3,quadruplet,51200,1.0,True,True,1.2431136441059409e-05,0.6364741857822418
e1/L/R3/86,L,3,quintuplet,800,0.9,True,True,1.2348371958499809e-05,0.009878697566799847
e1/L/R3/86,L,3,quintuplet,6400,1.0,True,True,1.2348371958499809e-05,0.07902958053439878
e1/L/R3/86,L,3,quintuplet,51200,1.0,True,True,1.2348371958499809e-05,0.6322366442751902
e1/L/R3/87,L,3,quadruplet,800,0.0,True,True,4.6814579021642957e-08,3.7451663217314364e-05
e1/L/R3/87,L,3,quadruplet,6400,0.0,True,True,4.6814579021642957e-08,0.0002996133057385149
e1/L/R3/87,L,3,quadruplet,51200,0.0,True,True,4.6814579021642957e-08,0.0023969064459081193
e1/L/R3/87,L,3,quintuplet,800,0.0,True,True,2.6433379574112815e-05,0.021146703659290254
e1/L/R3/87,L,3,quintuplet,6400,0.1,True,True,2.6433379574112815e-05,0.16917362927432203
e1/L/R3/87,L,3,quintuplet,51200,0.9,True,True,2.6433379574112815e-05,1.3533890341945762
e1/L/R3/88,L,3,quadruplet,800,0.0,False,,,
e1/L/R3/88,L,3,quadruplet,6400,0.2,False,,,
e1/L/R3/88,L,3,quadruplet,51200,0.9,False,,,
e1/L/R3/88,L,3,quintuplet,800,0.1,False,,,
e1/L/R3/88,L,3,quintuplet,6400,0.4,False,,,
e1/L/R3/88,L,3,quintuplet,51200,1.0,False,,,
e1/L/R3/89,L,3,quadruplet,800,0.0,False,,,
e1/L/R3/89,L,3,quadruplet,6400,0.0,False,,,
e1/L/R3/89,L,3,quadruplet,51200,0.0,False,,,
e1/L/R3/89,L,3,quintuplet,800,0.0,False,,,
e1/L/R3/89,L,3,quintuplet,6400,0.0,False,,,
e1/L/R3/89,L,3,quintuplet,51200,0.0,False,,,
e1/L/R3/9,L,3,quadruplet,800,0.0,True,False,,
e1/L/R3/9,L,3,quadruplet,6400,0.0,True,False,,
e1/L/R3/9,L,3,quadruplet,51200,0.0,True,False,,
e1/L/R3/9,L,3,quintuplet,800,0.0,True,False,,
e1/L/R3/9,L,3,quintuplet,6400,0.0,True,False,,
e1/L/R3/9,L,3,quintuplet,51200,0.0,True,False,,
e1/L/R3/9,L,3,random,800,0.0,True,False,,
e1/L/R3/9,L,3,random,6400,0.0,True,False,,
e1/L/R3/9,L,3,random,51200,0.0,True,False,,
e1/L/R3/90,L,3,quadruplet,800,0.0,True,False,,
e1/L/R3/90,L,3,quadruplet,6400,0.0,True,False,,
e1/L/R3/90,L,3,quadruplet,51200,0.1,True,False,,
e1/L/R3/90,L,3,quintuplet,800,0.0,True,True,9.164233277256203e-06,0.007331386621804962
e1/L/R3/90,L,3,quintuplet,6400,0.0,True,True,9.164233277256203e-06,0.0586510929744397
e1/L/R3/90,L,3,quintuplet,51200,0.7,True,True,9.164233277256203e-06,0.4692087437955176
e1/L/R3/91,L,3,quadruplet,800,0.0,True,False,,
e1/L/R3/91,L,3,quadruplet,6400,0.0,True,False,,
e1/L/R3/91,L,3,quadruplet,51200,0.0,True,False,,
e1/L/R3/91,L,3,quintuplet,800,0.0,True,True,1.2710556786307337e-05,0.01016844542904587
e1/L/R3/91,L,3,quintuplet,6400,0.0,True,True,1.2710556786307337e-05,0.08134756343236696
e1/L/R3/91,L,3,quintuplet,51200,0.6,True,True,1.2710556786307337e-05,0.6507805074589357
e1/L/R3/92,L,3,quadruplet,800,0.0,True,False,,
e1/L/R3/92,L,3,quadruplet,6400,0.0,True,False,,
e1/L/R3/92,L,3,quadruplet,51200,0.0,True,False,,
e1/L/R3/92,L,3,quintuplet,800,0.0,True,False,,
e1/L/R3/92,L,3,quintuplet,6400,0.0,True,False,,
e1/L/R3/92,L,3,quintuplet,51200,0.0,True,False,,
e1/L/R3/93,L,3,quadruplet,800,0.0,True,False,,
e1/L/R3/93,L,3,quadruplet,6400,0.0,True,False,,
e1/L/R3/93,L,3,quadruplet,51200,0.0,True,False,,
e1/L/R3/93,L,3,quintuplet,800,0.0,True,False,,
e1/L/R3/93,L,3,quintuplet,6400,0.0,True,False,,
e1/L/R3/93,L,3,quintuplet,51200,0.0,True,False,,
e1/L/R3/94,L,3,quadruplet,800,0.0,False,,,
e1/L/R3/94,L,3,quadruplet,6400,0.1,False,,,
e1/L/R3/94,L,3,quadruplet,51200,0.0,False,,,
e1/L/R3/94,L,3,quintuplet,800,0.0,False,,,
e1/L/R3/94,L,3,quintuplet,6400,0.1,False,,,
e1/L/R3/94,L,3,quintuplet,51200,0.1,False,,,
e1/L/R3/95,L,3,quadruplet,800,0.2,False,,,
e1/L/R3/95,L,3,quadruplet,6400,0.6,False,,,
e1/L/R3/95,L,3,quadruplet,51200,1.0,False,,,
e1/L/R3/95,L,3,quintuplet,800,0.3,False,,,
e1/L/R3/95,L,3,quintuplet,6400,0.9,False,,,
e1/L/R3/95,L,3,quintuplet,51200,1.0,False,,,
e1/L/R3/96,L,3,quadruplet,800,0.0,False,,,
e1/L/R3/96,L,3,quadruplet,6400,0.0,False,,,
e1/L/R3/96,L,3,quadruplet,51200,0.0,False,,,
e1/L/R3/96,L,3,quintuplet,800,0.0,False,,,
e1/L/R3/96,L,3,quintuplet,6400,0.0,False,,,
e1/L/R3/96,L,3,quintuplet,51200,0.0,False,,,
e1/L/R3/97,L,3,quadruplet,800,0.0,False,,,
e1/L/R3/97,L,3,quadruplet,6400,0.4,False,,,
e1/L/R3/97,L,3,quadruplet,51200,0.9,False,,,
e1/L/R3/97,L,3,quintuplet,800,0.0,False,,,
e1/L/R3/97,L,3,quintuplet,6400,0.0,False,,,
e1/L/R3/97,L,3,quintuplet,51200,0.0,False,,,
e1/L/R3/98,L,3,quadruplet,800,0.0,False,,,
e1/L/R3/98,L,3,quadruplet,6400,0.1,False,,,
e1/L/R3/98,L,3,quadruplet,51200,0.7,False,,,
e1/L/R3/98,L,3,quintuplet,800,0.0,False,,,
e1/L/R3/98,L,3,quintuplet,6400,0.3,False,,,
e1/L/R3/98,L,3,quintuplet,51200,0.8,False,,,
e1/L/R3/99,L,3,quadruplet,800,0.4,True,True,1.2265411480694875e-05,0.0098123291845559
e1/L/R3/99,L,3,quadruplet,6400,1.0,True,True,1.2265411480694875e-05,0.0784986334764472
e1/L/R3/99,L,3,quadruplet,51200,1.0,True,True,1.2265411480694875e-05,0.6279890678115776
e1/L/R3/99,L,3,quintuplet,800,0.4,True,True,9.91475630791028e-06,0.007931805046328224
e1/L/R3/99,L,3,quintuplet,6400,1.0,True,True,9.91475630791028e-06,0.0634544403706258
e1/L/R3/99,L,3,quintuplet,51200,1.0,True,True,9.91475630791028e-06,0.5076355229650064
e1/L/R4/0,L,4,quadruplet,800,0.3,True,True,9.696128585555813e-06,0.00775690286844465
e1/L/R4/0,L,4,quadruplet,6400,0.9,True,True,9.696128585555813e-06,0.0620552229475572
e1/L/R4/0,L,4,quadruplet,51200,1.0,True,True,9.696128585555813e-06,0.4964417835804576
e1/L/R4/0,L,4,quintuplet,800,0.3,True,True,1.423831949665618e-05,0.011390655597324944
e1/L/R4/0,L,4,quintuplet,6400,0.9,True,True,1.423831949665618e-05,0.09112524477859955
e1/L/R4/0,L,4,quintuplet,51200,1.0,True,True,1.423831949665618e-05,0.7290019582287964
e1/L/R4/0,L,4,random,800,0.0,True,False,,
e1/L/R4/0,L,4,random,6400,0.0,True,False,,
e1/L/R4/0,L,4,random,51200,0.0,True,False,,
e1/L/R4/1,L,4,quadruplet,800,1.0,True,True,8.833302358498702e-06,0.007066641886798962
e1/L/R4/1,L,4,quadruplet,6400,1.0,True,True,8.833302358498702e-06,0.056533135094391694
e1/L/R4/1,L,4,quadruplet,51200,1.0,True,True,8.833302358498702e-06,0.45226508075513355
e1/L/R4/1,L,4,quintuplet,800,1.0,True,True,1.2410419002749475e-05,0.00992833520219958
e1/L/R4/1,L,4,quintuplet,6400,1.0,True,True,1.2410419002749475e-05,0.07942668161759664
e1/L/R4/1,L,4,quintuplet,51200,1.0,True,True,1.2410419002749475e-05,0.6354134529407731
e1/L/R4/1,L,4,random,800,0.0,True,False,,
e1/L/R4/1,L,4,random,6400,0.0,True,False,,
e1/L/R4/1,L,4,random,51200,0.0,True,False,,
e1/L/R4/10,L,4,quadruplet,800,0.1,False,,,
e1/L/R4/10,L,4,quadruplet,6400,0.1,False,,,
e1/L/R4/10,L,4,quadruplet,51200,0.7,False,,,
e1/L/R4/10,L,4,quintuplet,800,0.1,False,,,
e1/L/R4/10,L,4,quintuplet,6400,0.5,False,,,
e1/L/R4/10,L,4,quintuplet,51200,1.0,False,,,
e1/L/R4/11,L,4,quadruplet,800,0.4,True,True,1.0295726940834007e-06,0.0008236581552667205
e1/L/R4/11,L,4,quadruplet,6400,0.8,True,True,1.0295726940834007e-06,0.006589265242133764
e1/L/R4/11,L,4,quadruplet,51200,1.0,True,True,1.0295726940834007e-06,0.05271412193707011
e1/L/R4/11,L,4,quintuplet,800,0.0,True,True,1.5844368234614147e-09,1.2675494587691317e-06
e1/L/R4/11,L,4,quintuplet,6400,0.2,True,True,1.5844368234614147e-09,1.0140395670153054e-05
e1/L/R4/11,L,4,quintuplet,51200,0.6,True,True,1.5844368234614147e-09,8.112316536122443e-05
e1/L/R4/12,L,4,quadruplet,800,0.0,True,True,1.6598078291916874e-05,0.0132784626335335
e1/L/R4/12,L,4,quadruplet,6400,0.4,True,True,1.6598078291916874e-05,0.106227701068268
e1/L/R4/12,L,4,quadruplet,51200,1.0,True,True,1.6598078291916874e-05,0.849821608546144
e1/L/R4/12,L,4,quintuplet,800,0.0,True,True,1.0107219358152566e-05,0.008085775486522053
e1/L/R4/12,L,4,quintuplet,6400,0.4,True,True,1.0107219358152566e-05,0.06468620389217643
e1/L/R4/12,L,4,quintuplet,51200,1.0,True,True,1.0107219358152566e-05,0.5174896311374114
e1/L/R4/13,L,4,quadruplet,800,0.0,True,False,,
e1/L/R4/13,L,4,quadruplet,6400,0.0,True,False,,
e1/L/R4/13,L,4,quadruplet,51200,0.0,True,False,,
e1/L/R4/13,L,4,quintuplet,800,0.1,True,False,,
e1/L/R4/13,L,4,quintuplet,6400,0.0,True,False,,
e1/L/R4/13,L,4,quintuplet,51200,0.0,True,False,,
e1/L/R4/14,L,4,quadruplet,800,0.3,True,True,1.6799384671616994e-05,0.013439507737293596
e1/L/R4/14,L,4,quadruplet,6400,0.9,True,True,1.6799384671616994e-05,0.10751606189834877
e1/L/R4/14,L,4,quadruplet,51200,1.0,True,True,1.6799384671616994e-05,0.8601284951867901
e1/L/R4/14,L,4,quintuplet,800,0.2,True,True,1.2149393581243578e-05,0.009719514864994862
e1/L/R4/14,L,4,quintuplet,6400,0.9,True,True,1.2149393581243578e-05,0.0777561189199589
e1/L/R4/14,L,4,quintuplet,51200,0.9,True,True,1.2149393581243578e-05,0.6220489513596712
e1/L/R4/15,L,4,quadruplet,800,0.0,True,False,,
e1/L/R4/15,L,4,quadruplet,6400,0.0,True,False,,
e1/L/R4/15,L,4,quadruplet,51200,0.0,True,False,,
e1/L/R4/15,L,4,quintuplet,800,0.0,True,False,,
e1/L/R4/15,L,4,quintuplet,6400,0.1,True,False,,
e1/L/R4/15,L,4,quintuplet,51200,0.1,True,False,,
e1/L/R4/16,L,4,quadruplet,800,0.0,False,,,
e1/L/R4/16,L,4,quadruplet,6400,0.1,False,,,
e1/L/R4/16,L,4,quadruplet,51200,0.0,False,,,
e1/L/R4/16,L,4,quintuplet,800,0.0,False,,,
e1/L/R4/16,L,4,quintuplet,6400,0.3,False,,,
e1/L/R4/16,L,4,quintuplet,51200,0.8,False,,,
e1/L/R4/17,L,4,quadruplet,800,0.0,False,,,
e1/L/R4/17,L,4,quadruplet,6400,0.0,False,,,
e1/L/R4/17,L,4,quadruplet,51200,0.0,False,,,
e1/L/R4/17,L,4,quintuplet,800,0.0,False,,,
e1/L/R4/17,L,4,quintuplet,6400,0.2,False,,,
e1/L/R4/17,L,4,quintuplet,51200,0.1,False,,,
e1/L/R4/18,L,4,quadruplet,800,0.0,True,False,,
e1/L/R4/18,L,4,quadruplet,6400,0.0,True,False,,
e1/L/R4/18,L,4,quadruplet,51200,0.0,True,False,,
e1/L/R4/18,L,4,quintuplet,800,0.0,True,False,,
e1/L/R4/18,L,4,quintuplet,6400,0.0,True,False,,
e1/L/R4/18,L,4,quintuplet,51200,0.0,True,False,,
e1/L/R4/19,L,4,quadruplet,800,0.0,True,False,,
e1/L/R4/19,L,4,quadruplet,6400,0.0,True,False,,
e1/L/R4/19,L,4,quadruplet,51200,0.0,True,False,,
e1/L/R4/19,L,4,quintuplet,800,0.0,True,False,,
e1/L/R4/19,L,4,quintuplet,6400,0.0,True,False,,
e1/L/R4/19,L,4,quintuplet,51200,0.0,True,False,,
e1/L/R4/2,L,4,quadruplet,800,0.2,False,,,
e1/L/R4/2,L,4,quadruplet,6400,0.2,False,,,
e1/L/R4/2,L,4,quadruplet,51200,0.6,False,,,
e1/L/R4/2,L,4,quintuplet,800,0.5,False,,,
e1/L/R4/2,L,4,quintuplet,6400,0.7,False,,,
e1/L/R4/2,L,4,quintuplet,51200,1.0,False,,,
e1/L/R4/2,L,4,random,800,0.0,False,,,
e1/L/R4/2,L,4,random,6400,0.0,False,,,
e1/L/R4/2,L,4,random,51200,0.0,False,,,
e1/L/R4/20,L,4,quadruplet,800,0.4,True,True,5.107781810672732e-06,0.0040862254485381855
e1/L/R4/20,L,4,quadruplet,6400,0.9,True,True,5.107781810672732e-06,0.032689803588305484
e1/L/R4/20,L,4,quadruplet,51200,1.0,True,True,5.107781810672732e-06,0.2615184287064439
e1/L/R4/20,L,4,quintuplet,800,0.2,True,True,7.737436100548548e-08,6.189948880438839e-05
e1/L/R4/20,L,4,quintuplet,6400,0.2,True,True,7.737436100548548e-08,0.0004951959104351071
e1/L/R4/20,L,4,quintuplet,51200,0.4,True,True,7.737436100548548e-08,0.003961567283480857
e1/L/R4/21,L,4,quadruplet,800,0.8,True,True,1.5417368620021048e-05,0.012333894896016839
e1/L/R4/21,L,4,quadruplet,6400,1.0,True,True,1.5417368620021048e-05,0.09867115916813471
e1/L/R4/21,L,4,quadruplet,51200,1.0,True,True,1.5417368620021048e-05,0.7893692733450777
e1/L/R4/21,L,4,quintuplet,800,0.8,True,True,1.2348970408713058e-05,0.009879176326970445
e1/L/R4/21,L,4,quintuplet,6400,1.0,True,True,1.2348970408713058e-05,0.07903341061576356
e1/L/R4/21,L,4,quintuplet,51200,1.0,True,True,1.2348970408713058e-05,0.6322672849261085
e1/L/R4/22,L,4,quadruplet,800,0.2,True,True,8.41347754585878e-06,0.006730782036687024
e1/L/R4/22,L,4,quadruplet,6400,0.4,True,True,8.41347754585878e-06,0.053846256293496195
e1/L/R4/22,L,4,quadruplet,51200,0.9,True,True,8.41347754585878e-06,0.43077005034796956
e1/L/R4/22,L,4,quintuplet,800,0.0,True,True,5.446213745620307e-06,0.004356970996496246
e1/L/R4/22,L,4,quintuplet,6400,0.2,True,True,5.446213745620307e-06,0.034855767971969966
e1/L/R4/22,L,4,quintuplet,51200,0.7,True,True,5.446213745620307e-06,0.2788461437757597
e1/L/R4/23,L,4,quadruplet,800,0.0,False,,,
e1/L/R4/23,L,4,quadruplet,6400,0.1,False,,,
e1/L/R4/23,L,4,quadruplet,51200,0.0,False,,,
e1/L/R4/23,L,4,quintuplet,800,0.0,False,,,
e1/L/R4/23,L,4,quintuplet,6400,0.4,False,,,
e1/L/R4/23,L,4,quintuplet,51200,0.7,False,,,
e1/L/R4/24,L,4,quadruplet,800,0.0,True,False,,
e1/L/R4/24,L,4,quadruplet,6400,0.0,True,False,,
e1/L/R4/24,L,4,quadruplet,51200,0.0,True,False,,
e1/L/R4/24,L,4,quintuplet,800,0.0,True,False,,
e1/L/R4/24,L,4,quintuplet,6400,0.0,True,False,,
e1/L/R4/24,L,4,quintuplet,51200,0.0,True,False,,
e1/L/R4/25,L,4,quadruplet,800,0.0,True,False,,
e1/L/R4/25,L,4,quadruplet,6400,0.2,True,False,,
e1/L/R4/25,L,4,quadruplet,51200,0.1,True,False,,
e1/L/R4/25,L,4,quintuplet,800,0.0,True,True,2.6935443634619717e-08,2.1548354907695773e-05
e1/L/R4/25,L,4,quintuplet,6400,0.4,True,True,2.6935443634619717e-08,0.00017238683926156618
e1/L/R4/25,L,4,quintuplet,51200,0.6,True,True,2.6935443634619717e-08,0.0013790947140925294
e1/L/R4/26,L,4,quadruplet,800,0.0,True,True,4.571574861143723e-06,0.003657259888914978
e1/L/R4/26,L,4,quadruplet,6400,0.0,True,True,4.571574861143723e-06,0.029258079111319824
e1/L/R4/26,L,4,quadruplet,51200,0.5,True,True,4.571574861143723e-06,0.2340646328905586
e1/L/R4/26,L,4,quintuplet,800,0.0,True,True,7.149655856014739e-06,0.005719724684811791
e1/L/R4/26,L,4,quintuplet,6400,0.1,True,True,7.149655856014739e-06,0.04575779747849433
e1/L/R4/26,L,4,quintuplet,51200,0.8,True,True,7.149655856014739e-06,0.36606237982795464
e1/L/R4/27,L,4,quadruplet,800,0.0,True,False,,
e1/L/R4/27,L,4,quadruplet,6400,0.0,True,False,,
e1/L/R4/27,L,4,quadruplet,51200,0.0,True,False,,
e1/L/R4/27,L,4,quintuplet,800,0.1,True,True,2.790071207396609e-06,0.002232056965917287
e1/L/R4/27,L,4,quintuplet,6400,0.2,True,True,2.790071207396609e-06,0.017856455727338297
e1/L/R4/27,L,4,quintuplet,51200,0.8,True,True,2.790071207396609e-06,0.14285164581870638
e1/L/R4/28,L,4,quadruplet,800,0.3,True,False,,
e1/L/R4/28,L,4,quadruplet,6400,0.1,True,False,,
e1/L/R4/28,L,4,quadruplet,51200,0.0,True,False,,
e1/L/R4/28,L,4,quintuplet,800,0.4,True,False,,
e1/L/R4/28,L,4,quintuplet,6400,0.5,True,False,,
e1/L/R4/28,L,4,quintuplet,51200,0.2,True,False,,
e1/L/R4/29,L,4,quadruplet,800,0.0,True,False,,
e1/L/R4/29,L,4,quadruplet,6400,0.0,True,False,,
e1/L/R4/29,L,4,quadruplet,51200,0.0,True,False,,
e1/L/R4/29,L,4,quintuplet,800,0.0,True,False,,
e1/L/R4/29,L,4,quintuplet,6400,0.0,True,False,,
e1/L/R4/29,L,4,quintuplet,51200,0.2,True,False,,
e1/L/R4/3,L,4,quadruplet,800,1.0,True,True,1.5404467821837164e-05,0.012323574257469732
e1/L/R4/3,L,4,quadruplet,6400,1.0,True,True,1.5404467821837164e-05,0.09858859405975785
e1/L/R4/3,L,4,quadruplet,51200,1.0,True,True,1.5404467821837164e-05,0.7887087524780628
e1/L/R4/3,L,4,quintuplet,800,0.9,True,True,1.253601703806594e-05,0.010028813630452752
e1/L/R4/3,L,4,quintuplet,6400,1.0,True,True,1.253601703806594e-05,0.08023050904362201
e1/L/R4/3,L,4,quintuplet,51200,1.0,True,True,1.253601703806594e-05,0.6418440723489761
e1/L/R4/3,L,4,random,800,0.0,True,False,,
e1/L/R4/3,L,4,random,6400,0.0,True,False,,
e1/L/R4/3,L,4,random,51200,0.0,True,False,,
e1/L/R4/30,L,4,quadruplet,800,0.1,True,False,,
e1/L/R4/30,L,4,quadruplet,6400,0.0,True,False,,
e1/L/R4/30,L,4,quadruplet,51200,0.0,True,False,,
e1/L/R4/30,L,4,quintuplet,800,0.1,True,False,,
e1/L/R4/30,L,4,quintuplet,6400,0.0,True,False,,
e1/L/R4/30,L,4,quintuplet,51200,0.0,True,False,,
e1/L/R4/31,L,4,quadruplet,800,0.0,True,False,,
e1/L/R4/31,L,4,quadruplet,6400,0.0,True,False,,
e1/L/R4/31,L,4,quadruplet,51200,0.0,True,False,,
e1/L/R4/31,L,4,quintuplet,800,0.0,True,False,,
e1/L/R4/31,L,4,quintuplet,6400,0.0,True,False,,
e1/L/R4/31,L,4,quintuplet,51200,0.0,True,False,,
e1/L/R4/32,L,4,quadruplet,800,0.0,True,False,,
e1/L/R4/32,L,4,quadruplet,6400,0.0,True,False,,
e1/L/R4/32,L,4,quadruplet,51200,0.0,True,False,,
e1/L/R4/32,L,4,quintuplet,800,0.0,True,True,2.6389140926028967e-07,0.00021111312740823175
e1/L/R4/32,L,4,quintuplet,6400,0.0,True,True,2.6389140926028967e-07,0.001688905019265854
e1/L/R4/32,L,4,quintuplet,51200,0.3,True,True,2.6389140926028967e-07,0.013511240154126832
e1/L/R4/33,L,4,quadruplet,800,0.2,True,True,1.650086406016664e-08,1.3200691248133312e-05
e1/L/R4/33,L,4,quadruplet,6400,0.5,True,True,1.650086406016664e-08,0.0001056055299850665
e1/L/R4/33,L,4,quadruplet,51200,0.8,True,True,1.650086406016664e-08,0.000844844239880532
e1/L/R4/33,L,4,quintuplet,800,0.0,True,True,1.766762444746863e-08,1.4134099557974903e-05
e1/L/R4/33,L,4,quintuplet,6400,0.6,True,True,1.766762444746863e-08,0.00011307279646379923
e1/L/R4/33,L,4,quintuplet,51200,0.8,True,True,1.766762444746863e-08,0.0009045823717103938
e1/L/R4/34,L,4,quadruplet,800,0.0,True,True,2.556743329969575e-07,0.00020453946639756602
e1/L/R4/34,L,4,quadruplet,6400,0.5,True,True,2.556743329969575e-07,0.0016363157311805282
e1/L/R4/34,L,4,quadruplet,51200,0.4,True,True,2.556743329969575e-07,0.013090525849444225
e1/L/R4/34,L,4,quintuplet,800,0.0,True,True,7.614679450118237e-08,6.09174356009459e-05
e1/L/R4/34,L,4,quintuplet,6400,0.3,True,True,7.614679450118237e-08,0.0004873394848075672
e1/L/R4/34,L,4,quintuplet,51200,0.2,True,True,7.614679450118237e-08,0.0038987158784605375
e1/L/R4/35,L,4,quadruplet,800,0.0,True,False,,
e1/L/R4/35,L,4,quadruplet,6400,0.0,True,False,,
e1/L/R4/35,L,4,quadruplet,51200,0.0,True,False,,
e1/L/R4/35,L,4,quintuplet,800,0.0,True,False,,
e1/L/R4/35,L,4,quintuplet,6400,0.0,True,False,,
e1/L/R4/35,L,4,quintuplet,51200,0.0,True,False,,
e1/L/R4/36,L,4,quadruplet,800,0.5,True,True,1.0295171918969827e-05,0.008236137535175861
e1/L/R4/36,L,4,quadruplet,6400,1.0,True,True,1.0295171918969827e-05,0.06588910028140689
e1/L/R4/36,L,4,quadruplet,51200,1.0,True,True,1.0295171918969827e-05,0.5271128022512551
e1/L/R4/36,L,4,quintuplet,800,0.4,True,True,2.5463246503774217e-06,0.0020370597203019374
e1/L/R4/36,L,4,quintuplet,6400,0.9,True,True,2.5463246503774217e-06,0.0162964777624155
e1/L/R4/36,L,4,quintuplet,51200,1.0,True,True,2.5463246503774217e-06,0.130371822099324
e1/L/R4/37,L,4,quadruplet,800,0.0,False,,,
e1/L/R4/37,L,4,quadruplet,6400,0.0,False,,,
e1/L/R4/37,L,4,quadruplet,51200,0.0,False,,,
e1/L/R4/37,L,4,quintuplet,800,0.1,False,,,
e1/L/R4/37,L,4,quintuplet,6400,0.0,False,,,
e1/L/R4/37,L,4,quintuplet,51200,0.0,False,,,
e1/L/R4/38,L,4,quadruplet,800,0.5,True,True,1.2399047733407829e-05,0.009919238186726263
e1/L/R4/38,L,4,quadruplet,6400,1.0,True,True,1.2399047733407829e-05,0.0793539054938101
e1/L/R4/38,L,4,quadruplet,51200,1.0,True,True,1.2399047733407829e-05,0.6348312439504809
e1/L/R4/38,L,4,quintuplet,800,0.3,True,True,9.730692992209393e-06,0.007784554393767514
e1/L/R4/38,L,4,quintuplet,6400,1.0,True,True,9.730692992209393e-06,0.062276435150140114
e1/L/R4/38,L,4,quintuplet,51200,1.0,True,True,9.730692992209393e-06,0.4982114812011209
e1/L/R4/39,L,4,quadruplet,800,0.0,True,False,,
e1/L/R4/39,L,4,quadruplet,6400,0.0,True,False,,
e1/L/R4/39,L,4,quadruplet,51200,0.0,True,False,,
e1/L/R4/39,L,4,quintuplet,800,0.0,True,False,,
e1/L/R4/39,L,4,quintuplet,6400,0.0,True,False,,
e1/L/R4/39,L,4,quintuplet,51200,0.0,True,False,,
e1/L/R4/4,L,4,quadruplet,800,0.1,False,,,
e1/L/R4/4,L,4,quadruplet,6400,0.0,False,,,
e1/L/R4/4,L,4,quadruplet,51200,0.0,False,,,
e1/L/R4/4,L,4,quintuplet,800,0.3,False,,,
e1/L/R4/4,L,4,quintuplet,6400,0.0,False,,,
e1/L/R4/4,L,4,quintuplet,51200,0.0,False,,,
e1/L/R4/4,L,4,random,800,0.0,False,,,
e1/L/R4/4,L,4,random,6400,0.0,False,,,
e1/L/R4/4,L,4,random,51200,0.0,False,,,
e1/L/R4/40,L,4,quadruplet,800,0.0,True,False,,
e1/L/R4/40,L,4,quadruplet,6400,0.0,True,False,,
e1/L/R4/40,L,4,quadruplet,51200,0.0,True,False,,
e1/L/R4/40,L,4,quintuplet,800,0.0,True,False,,
e1/L/R4/40,L,4,quintuplet,6400,0.0,True,False,,
e1/L/R4/40,L,4,quintuplet,51200,0.0,True,False,,
e1/L/R4/41,L,4,quadruplet,800,0.0,False,,,
e1/L/R4/41,L,4,quadruplet,6400,0.0,False,,,
e1/L/R4/41,L,4,quadruplet,51200,0.0,False,,,
e1/L/R4/41,L,4,quintuplet,800,0.0,False,,,
e1/L/R4/41,L,4,quintuplet,6400,0.0,False,,,
e1/L/R4/41,L,4,quintuplet,51200,0.0,False,,,
e1/L/R4/42,L,4,quadruplet,800,0.0,True,True,1.487197845306021e-05,0.011897582762448167
e1/L/R4/42,L,4,quadruplet,6400,0.5,True,True,1.487197845306021e-05,0.09518066209958534
e1/L/R4/42,L,4,quadruplet,51200,1.0,True,True,1.487197845306021e-05,0.7614452967966827
e1/L/R4/42,L,4,quintuplet,800,0.0,True,True,2.1330770534853432e-05,0.017064616427882744
e1/L/R4/42,L,4,quintuplet,6400,0.7,True,True,2.1330770534853432e-05,0.13651693142306195
e1/L/R4/42,L,4,quintuplet,51200,1.0,True,True,2.1330770534853432e-05,1.0921354513844956
e1/L/R4/43,L,4,quadruplet,800,0.0,False,,,
e1/L/R4/43,L,4,quadruplet,6400,0.0,False,,,
e1/L/R4/43,L,4,quadruplet,51200,0.0,False,,,
e1/L/R4/43,L,4,quintuplet,800,0.0,False,,,
e1/L/R4/43,L,4,quintuplet,6400,0.0,False,,,
e1/L/R4/43,L,4,quintuplet,51200,0.0,False,,,
e1/L/R4/44,L,4,quadruplet,800,0.4,True,True,1.3588140841017274e-07,0.0001087051267281382
e1/L/R4/44,L,4,quadruplet,6400,0.7,True,True,1.3588140841017274e-07,0.0008696410138251055
e1/L/R4/44,L,4,quadruplet,51200,0.9,True,True,1.3588140841017274e-07,0.006957128110600844
e1/L/R4/44,L,4,quintuplet,800,0.3,True,True,5.567615649912002e-07,0.00044540925199296015
e1/L/R4/44,L,4,quintuplet,6400,0.6,True,True,5.567615649912002e-07,0.0035632740159436812
e1/L/R4/44,L,4,quintuplet,51200,0.9,True,True,5.567615649912002e-07,0.02850619212754945
e1/L/R4/45,L,4,quadruplet,800,0.1,True,True,2.483142994335073e-06,0.0019865143954680585
e1/L/R4/45,L,4,quadruplet,6400,0.4,True,True,2.483142994335073e-06,0.015892115163744468
e1/L/R4/45,L,4,quadruplet,51200,0.8,True,True,2.483142994335073e-06,0.12713692130995574
e1/L/R4/45,L,4,quintuplet,800,0.3,True,True,3.5643277723079704e-06,0.0028514622178463763
e1/L/R4/45,L,4,quintuplet,6400,1.0,True,True,3.5643277723079704e-06,0.02281169774277101
e1/L/R4/45,L,4,quintuplet,51200,1.0,True,True,3.5643277723079704e-06,0.18249358194216808
e1/L/R4/46,L,4,quadruplet,800,0.3,True,True,6.884882946644763e-06,0.0055079063573158105
e1/L/R4/46,L,4,quadruplet,6400,0.9,True,True,6.884882946644763e-06,0.044063250858526484
e1/L/R4/46,L,4,quadruplet,51200,1.0,True,True,6.884882946644763e-06,0.3525060068682119
e1/L/R4/46,L,4,quintuplet,800,0.3,True,True,3.0396018586790142e-05,0.024316814869432112
e1/L/R4/46,L,4,quintuplet,6400,0.8,True,True,3.0396018586790142e-05,0.1945345189554569
e1/L/R4/46,L,4,quintuplet,51200,1.0,True,True,3.0396018586790142e-05,1.5562761516436552
e1/L/R4/47,L,4,quadruplet,800,0.0,True,False,,
e1/L/R4/47,L,4,quadruplet,6400,0.0,True,False,,
e1/L/R4/47,L,4,quadruplet,51200,0.0,True,False,,
e1/L/R4/47,L,4,quintuplet,800,0.0,True,False,,
e1/L/R4/47,L,4,quintuplet,6400,0.0,True,False,,
e1/L/R4/47,L,4,quintuplet,51200,0.0,True,False,,
e1/L/R4/48,L,4,quadruplet,800,0.0,True,False,,
e1/L/R4/48,L,4,quadruplet,6400,0.0,True,False,,
e1/L/R4/48,L,4,quadruplet,51200,0.0,True,False,,
e1/L/R4/48,L,4,quintuplet,800,0.0,True,False,,
e1/L/R4/48,L,4,quintuplet,6400,0.0,True,False,,
e1/L/R4/48,L,4,quintuplet,51200,0.0,True,False,,
e1/L/R4/49,L,4,quadruplet,800,0.1,True,True,2.8141661264268762e-05,0.02251332901141501
e1/L/R4/49,L,4,quadruplet,6400,1.0,True,True,2.8141661264268762e-05,0.18010663209132008
e1/L/R4/49,L,4,quadruplet,51200,1.0,True,True,2.8141661264268762e-05,1.4408530567305606
e1/L/R4/49,L,4,quintuplet,800,0.1,True,True,1.4659129233881849e-05,0.01172730338710548
e1/L/R4/49,L,4,quintuplet,6400,0.8,True,True,1.4659129233881849e-05,0.09381842709684383
e1/L/R4/49,L,4,quintuplet,51200,1.0,True,True,1.4659129233881849e-05,0.7505474167747507
e1/L/R4/5,L,4,quadruplet,800,0.0,False,,,
e1/L/R4/5,L,4,quadruplet,6400,0.0,False,,,
e1/L/R4/5,L,4,quadruplet,51200,0.0,False,,,
e1/L/R4/5,L,4,quintuplet,800,0.0,False,,,
e1/L/R4/5,L,4,quintuplet,6400,0.0,False,,,
e1/L/R4/5,L,4,quintuplet,51200,0.0,False,,,
e1/L/R4/5,L,4,random,800,0.0,False,,,
e1/L/R4/5,L,4,random,6400,0.0,False,,,
e1/L/R4/5,L,4,random,51200,0.0,False,,,
e1/L/R4/50,L,4,quadruplet,800,0.0,True,False,,
e1/L/R4/50,L,4,quadruplet,6400,0.0,True,False,,
e1/L/R4/50,L,4,quadruplet,51200,0.0,True,False,,
e1/L/R4/50,L,4,quintuplet,800,0.0,True,True,1.2732118112207663e-05,0.01018569448976613
e1/L/R4/50,L,4,quintuplet,6400,0.2,True,True,1.2732118112207663e-05,0.08148555591812905
e1/L/R4/50,L,4,quintuplet,51200,0.9,True,True,1.2732118112207663e-05,0.6518844473450324
e1/L/R4/51,L,4,quadruplet,800,0.0,True,False,,
e1/L/R4/51,L,4,quadruplet,6400,0.1,True,False,,
e1/L/R4/51,L,4,quadruplet,51200,0.0,True,False,,
e1/L/R4/51,L,4,quintuplet,800,0.1,True,False,,
e1/L/R4/51,L,4,quintuplet,6400,0.2,True,False,,
e1/L/R4/51,L,4,quintuplet,51200,0.2,True,False,,
e1/L/R4/52,L,4,quadruplet,800,0.0,True,False,,
e1/L/R4/52,L,4,quadruplet,6400,0.0,True,False,,
e1/L/R4/52,L,4,quadruplet,51200,0.0,True,False,,
e1/L/R4/52,L,4,quintuplet,800,0.0,True,False,,
e1/L/R4/52,L,4,quintuplet,6400,0.0,True,False,,
e1/L/R4/52,L,4,quintuplet,51200,0.0,True,False,,
e1/L/R4/53,L,4,quadruplet,800,0.0,False,,,
e1/L/R4/53,L,4,quadruplet,6400,0.4,False,,,
e1/L/R4/53,L,4,quadruplet,51200,0.9,False,,,
e1/L/R4/53,L,4,quintuplet,800,0.1,False,,,
e1/L/R4/53,L,4,quintuplet,6400,0.6,False,,,
e1/L/R4/53,L,4,quintuplet,51200,1.0,False,,,
e1/L/R4/54,L,4,quadruplet,800,0.8,True,True,1.7730991572036168e-05,0.014184793257628935
e1/L/R4/54,L,4,quadruplet,6400,1.0,True,True,1.7730991572036168e-05,0.11347834606103148
e1/L/R4/54,L,4,quadruplet,51200,1.0,True,True,1.7730991572036168e-05,0.9078267684882518
e1/L/R4/54,L,4,quintuplet,800,0.6,True,True,1.4637520893180635e-05,0.011710016714544509
e1/L/R4/54,L,4,quintuplet,6400,1.0,True,True,1.4637520893180635e-05,0.09368013371635607
e1/L/R4/54,L,4,quintuplet,51200,1.0,True,True,1.4637520893180635e-05,0.7494410697308486
e1/L/R4/55,L,4,quadruplet,800,0.0,False,,,
e1/L/R4/55,L,4,quadruplet,6400,0.0,False,,,
e1/L/R4/55,L,4,quadruplet,51200,0.0,False,,,
e1/L/R4/55,L,4,quintuplet,800,0.0,False,,,
e1/L/R4/55,L,4,quintuplet,6400,0.0,False,,,
e1/L/R4/55,L,4,quintuplet,51200,0.0,False,,,
e1/L/R4/56,L,4,quadruplet,800,0.7,True,True,1.8999910375779958e-06,0.0015199928300623966
e1/L/R4/56,L,4,quadruplet,6400,1.0,True,True,1.8999910375779958e-06,0.012159942640499173
e1/L/R4/56,L,4,quadruplet,51200,1.0,True,True,1.8999910375779958e-06,0.09727954112399338
e1/L/R4/56,L,4,quintuplet,800,0.4,True,True,1.0828083349471195e-07,8.662466679576956e-05
e1/L/R4/56,L,4,quintuplet,6400,0.9,True,True,1.0828083349471195e-07,0.0006929973343661565
e1/L/R4/56,L,4,quintuplet,51200,0.5,True,True,1.0828083349471195e-07,0.005543978674929252
e1/L/R4/57,L,4,quadruplet,800,0.1,True,False,,
e1/L/R4/57,L,4,quadruplet,6400,0.2,True,False,,
e1/L/R4/57,L,4,quadruplet,51200,0.1,True,False,,
e1/L/R4/57,L,4,quintuplet,800,0.1,True,False,,
e1/L/R4/57,L,4,quintuplet,6400,0.1,True,False,,
e1/L/R4/57,L,4,quintuplet,51200,0.2,True,False,,
e1/L/R4/58,L,4,quadruplet,800,0.1,True,False,,
e1/L/R4/58,L,4,quadruplet,6400,0.0,True,False,,
e1/L/R4/58,L,4,quadruplet,51200,0.0,True,False,,
e1/L/R4/58,L,4,quintuplet,800,0.1,True,True,1.0470978730193219e-05,0.008376782984154575
e1/L/R4/58,L,4,quintuplet,6400,0.4,True,True,1.0470978730193219e-05,0.0670142638732366
e1/L/R4/58,L,4,quintuplet,51200,0.9,True,True,1.0470978730193219e-05,0.5361141109858928
e1/L/R4/59,L,4,quadruplet,800,0.0,False,,,
e1/L/R4/59,L,4,quadruplet,6400,0.0,False,,,
e1/L/R4/59,L,4,quadruplet,51200,0.0,False,,,
e1/L/R4/59,L,4,quintuplet,800,0.0,False,,,
e1/L/R4/59,L,4,quintuplet,6400,0.1,False,,,
e1/L/R4/59,L,4,quintuplet,51200,0.5,False,,,
e1/L/R4/6,L,4,quadruplet,800,0.0,True,False,,
e1/L/R4/6,L,4,quadruplet,6400,0.0,True,False,,
e1/L/R4/6,L,4,quadruplet,51200,0.0,True,False,,
e1/L/R4/6,L,4,quintuplet,800,0.0,True,False,,
e1/L/R4/6,L,4,quintuplet,6400,0.0,True,False,,
e1/L/R4/6,L,4,quintuplet,51200,0.0,True,False,,
e1/L/R4/6,L,4,random,800,0.0,True,False,,
e1/L/R4/6,L,4,random,6400,0.0,True,False,,
e1/L/R4/6,L,4,random,51200,0.0,True,False,,
e1/L/R4/60,L,4,quadruplet,800,0.0,True,False,,
e1/L/R4/60,L,4,quadruplet,6400,0.0,True,False,,
e1/L/R4/60,L,4,quadruplet,51200,0.0,True,False,,
e1/L/R4/60,L,4,quintuplet,800,0.0,True,False,,
e1/L/R4/60,L,4,quintuplet,6400,0.0,True,False,,
e1/L/R4/60,L,4,quintuplet,51200,0.1,True,False,,
e1/L/R4/61,L,4,quadruplet,800,0.0,False,,,
e1/L/R4/61,L,4,quadruplet,6400,0.0,False,,,
e1/L/R4/61,L,4,quadruplet,51200,0.4,False,,,
e1/L/R4/61,L,4,quintuplet,800,0.0,False,,,
e1/L/R4/61,L,4,quintuplet,6400,0.8,False,,,
e1/L/R4/61,L,4,quintuplet,51200,1.0,False,,,
e1/L/R4/62,L,4,quadruplet,800,0.0,False,,,
e1/L/R4/62,L,4,quadruplet,6400,0.0,False,,,
e1/L/R4/62,L,4,quadruplet,51200,0.0,False,,,
e1/L/R4/62,L,4,quintuplet,800,0.0,False,,,
e1/L/R4/62,L,4,quintuplet,6400,0.0,False,,,
e1/L/R4/62,L,4,quintuplet,51200,0.0,False,,,
e1/L/R4/63,L,4,quadruplet,800,0.0,False,,,
e1/L/R4/63,L,4,quadruplet,6400,0.1,False,,,
e1/L/R4/63,L,4,quadruplet,51200,0.0,False,,,
e1/L/R4/63,L,4,quintuplet,800,0.0,False,,,
e1/L/R4/63,L,4,quintuplet,6400,0.0,False,,,
e1/L/R4/63,L,4,quintuplet,51200,0.8,False,,,
e1/L/R4/64,L,4,quadruplet,800,0.4,False,,,
e1/L/R4/64,L,4,quadruplet,6400,0.9,False,,,
e1/L/R4/64,L,4,quadruplet,51200,1.0,False,,,
e1/L/R4/64,L,4,quintuplet,800,0.3,False,,,
e1/L/R4/64,L,4,quintuplet,6400,0.9,False,,,
e1/L/R4/64,L,4,quintuplet,51200,1.0,False,,,
e1/L/R4/65,L,4,quadruplet,800,0.0,True,True,3.834978712067602e-05,0.030679829696540817
e1/L/R4/65,L,4,quadruplet,6400,0.4,True,True,3.834978712067602e-05,0.24543863757232653
e1/L/R4/65,L,4,quadruplet,51200,1.0,True,True,3.834978712067602e-05,1.9635091005786123
e1/L/R4/65,L,4,quintuplet,800,0.0,True,True,4.149499275566903e-05,0.03319599420453523
e1/L/R4/65,L,4,quintuplet,6400,0.5,True,True,4.149499275566903e-05,0.26556795363628183
e1/L/R4/65,L,4,quintuplet,51200,1.0,True,True,4.149499275566903e-05,2.1245436290902546
e1/L/R4/66,L,4,quadruplet,800,0.0,False,,,
e1/L/R4/66,L,4,quadruplet,6400,0.0,False,,,
e1/L/R4/66,L,4,quadruplet,51200,0.0,False,,,
e1/L/R4/66,L,4,quintuplet,800,0.0,False,,,
e1/L/R4/66,L,4,quintuplet,6400,0.0,False,,,
e1/L/R4/66,L,4,quintuplet,51200,0.0,False,,,
e1/L/R4/67,L,4,quadruplet,800,0.0,True,False,,
e1/L/R4/67,L,4,quadruplet,6400,0.0,True,False,,
e1/L/R4/67,L,4,quadruplet,51200,0.0,True,False,,
e1/L/R4/67,L,4,quintuplet,800,0.1,True,False,,
e1/L/R4/67,L,4,quintuplet,6400,0.0,True,False,,
e1/L/R4/67,L,4,quintuplet,51200,0.0,True,False,,
e1/L/R4/68,L,4,quadruplet,800,0.0,False,,,
e1/L/R4/68,L,4,quadruplet,6400,0.0,False,,,
e1/L/R4/68,L,4,quadruplet,51200,0.0,False,,,
e1/L/R4/68,L,4,quintuplet,800,0.1,False,,,
e1/L/R4/68,L,4,quintuplet,6400,0.2,False,,,
e1/L/R4/68,L,4,quintuplet,51200,0.5,False,,,
e1/L/R4/69,L,4,quadruplet,800,0.0,True,False,,
e1/L/R4/69,L,4,quadruplet,6400,0.2,True,False,,
e1/L/R4/69,L,4,quadruplet,51200,0.4,True,False,,
e1/L/R4/69,L,4,quintuplet,800,0.0,True,True,6.81547723614427e-09,5.452381788915416e-06
e1/L/R4/69,L,4,quintuplet,6400,0.4,True,True,6.81547723614427e-09,4.3619054311323326e-05
e1/L/R4/69,L,4,quintuplet,51200,0.5,True,True,6.81547723614427e-09,0.0003489524344905866
e1/L/R4/7,L,4,quadruplet,800,0.7,True,True,9.143741535606138e-06,0.00731499322848491
e1/L/R4/7,L,4,quadruplet,6400,1.0,True,True,9.143741535606138e-06,0.05851994582787928
e1/L/R4/7,L,4,quadruplet,51200,1.0,True,True,9.143741535606138e-06,0.46815956662303426
e1/L/R4/7,L,4,quintuplet,800,0.7,True,True,1.2999784482476867e-05,0.010399827585981493
e1/L/R4/7,L,4,quintuplet,6400,1.0,True,True,1.2999784482476867e-05,0.08319862068785194
e1/L/R4/7,L,4,quintuplet,51200,1.0,True,True,1.2999784482476867e-05,0.6655889655028155
e1/L/R4/7,L,4,random,800,0.0,True,False,,
e1/L/R4/7,L,4,random,6400,0.0,True,False,,
e1/L/R4/7,L,4,random,51200,0.0,True,False,,
e1/L/R4/70,L,4,quadruplet,800,0.0,True,False,,
e1/L/R4/70,L,4,quadruplet,6400,0.0,True,False,,
e1/L/R4/70,L,4,quadruplet,51200,0.0,True,False,,
e1/L/R4/70,L,4,quintuplet,800,0.0,True,False,,
e1/L/R4/70,L,4,quintuplet,6400,0.0,True,False,,
e1/L/R4/70,L,4,quintuplet,51200,0.0,True,False,,
e1/L/R4/71,L,4,quadruplet,800,0.0,False,,,
e1/L/R4/71,L,4,quadruplet,6400,0.0,False,,,
e1/L/R4/71,L,4,quadruplet,51200,0.0,False,,,
e1/L/R4/71,L,4,quintuplet,800,0.0,False,,,
e1/L/R4/71,L,4,quintuplet,6400,0.0,False,,,
e1/L/R4/71,L,4,quintuplet,51200,0.0,False,,,
e1/L/R4/72,L,4,quadruplet,800,0.0,True,False,,
e1/L/R4/72,L,4,quadruplet,6400,0.0,True,False,,
e1/L/R4/72,L,4,quadruplet,51200,0.0,True,False,,
e1/L/R4/72,L,4,quintuplet,800,0.0,True,False,,
e1/L/R4/72,L,4,quintuplet,6400,0.0,True,False,,
e1/L/R4/72,L,4,quintuplet,51200,0.0,True,False,,
e1/L/R4/73,L,4,quadruplet,800,0.1,True,True,1.5910623893768704e-05,0.012728499115014964
e1/L/R4/73,L,4,quadruplet,6400,0.6,True,True,1.5910623893768704e-05,0.10182799292011971
e1/L/R4/73,L,4,quadruplet,51200,1.0,True,True,1.5910623893768704e-05,0.8146239433609577
e1/L/R4/73,L,4,quintuplet,800,0.0,True,True,1.1751515037418263e-05,0.009401212029934611
e1/L/R4/73,L,4,quintuplet,6400,0.5,True,True,1.1751515037418263e-05,0.07520969623947689
e1/L/R4/73,L,4,quintuplet,51200,0.9,True,True,1.1751515037418263e-05,0.6016775699158151
e1/L/R4/74,L,4,quadruplet,800,0.0,True,True,1.2275602337317614e-05,0.00982048186985409
e1/L/R4/74,L,4,quadruplet,6400,0.3,True,True,1.2275602337317614e-05,0.07856385495883272
e1/L/R4/74,L,4,quadruplet,51200,1.0,True,True,1.2275602337317614e-05,0.6285108396706618
e1/L/R4/74,L,4,quintuplet,800,0.0,True,True,1.1020777525860324e-05,0.00881662202068826
e1/L/R4/74,L,4,quintuplet,6400,0.2,True,True,1.1020777525860324e-05,0.07053297616550608
e1/L/R4/74,L,4,quintuplet,51200,0.8,True,True,1.1020777525860324e-05,0.5642638093240486
e1/L/R4/75,L,4,quadruplet,800,0.3,True,True,7.153223275026597e-07,0.0005722578620021277
e1/L/R4/75,L,4,quadruplet,6400,0.7,True,True,7.153223275026597e-07,0.004578062896017022
e1/L/R4/75,L,4,quadruplet,51200,0.9,True,True,7.153223275026597e-07,0.036624503168136174
e1/L/R4/75,L,4,quintuplet,800,0.3,True,False,,
e1/L/R4/75,L,4,quintuplet,6400,0.6,True,False,,
e1/L/R4/75,L,4,quintuplet,51200,0.7,True,False,,
e1/L/R4/76,L,4,quadruplet,800,0.2,True,True,2.5045246931923255e-05,0.020036197545538603
e1/L/R4/76,L,4,quadruplet,6400,0.7,True,True,2.5045246931923255e-05,0.16028958036430882
e1/L/R4/76,L,4,quadruplet,51200,1.0,True,True,2.5045246931923255e-05,1.2823166429144706
e1/L/R4/76,L,4,quintuplet,800,0.2,True,True,3.531953946519041e-05,0.02825563157215233
e1/L/R4/76,L,4,quintuplet,6400,0.6,True,True,3.531953946519041e-05,0.22604505257721863
e1/L/R4/76,L,4,quintuplet,51200,1.0,True,True,3.531953946519041e-05,1.808360420617749
e1/L/R4/77,L,4,quadruplet,800,0.1,False,,,
e1/L/R4/77,L,4,quadruplet,6400,0.0,False,,,
e1/L/R4/77,L,4,quadruplet,51200,0.0,False,,,
e1/L/R4/77,L,4,quintuplet,800,0.2,False,,,
e1/L/R4/77,L,4,quintuplet,6400,0.3,False,,,
e1/L/R4/77,L,4,quintuplet,51200,0.0,False,,,
e1/L/R4/78,L,4,quadruplet,800,0.0,False,,,
e1/L/R4/78,L,4,quadruplet,6400,0.0,False,,,
e1/L/R4/78,L,4,quadruplet,51200,0.0,False,,,
e1/L/R4/78,L,4,quintuplet,800,0.0,False,,,
e1/L/R4/78,L,4,quintuplet,6400,0.1,False,,,
e1/L/R4/78,L,4,quintuplet,51200,0.6,False,,,
e1/L/R4/79,L,4,quadruplet,800,0.9,True,True,1.655312345359753e-05,0.013242498762878023
e1/L/R4/79,L,4,quadruplet,6400,1.0,True,True,1.655312345359753e-05,0.10593999010302418
e1/L/R4/79,L,4,quadruplet,51200,1.0,True,True,1.655312345359753e-05,0.8475199208241935
e1/L/R4/79,L,4,quintuplet,800,0.8,True,True,1.3934435517014768e-05,0.011147548413611815
e1/L/R4/79,L,4,quintuplet,6400,1.0,True,True,1.3934435517014768e-05,0.08918038730889452
e1/L/R4/79,L,4,quintuplet,51200,1.0,True,True,1.3934435517014768e-05,0.7134430984711562
e1/L/R4/8,L,4,quadruplet,800,0.4,False,,,
e1/L/R4/8,L,4,quadruplet,6400,1.0,False,,,
e1/L/R4/8,L,4,quadruplet,51200,1.0,False,,,
e1/L/R4/8,L,4,quintuplet,800,0.3,False,,,
e1/L/R4/8,L,4,quintuplet,6400,1.0,False,,,
e1/L/R4/8,L,4,quintuplet,51200,1.0,False,,,
e1/L/R4/8,L,4,random,800,0.0,False,,,
e1/L/R4/8,L,4,random,6400,0.0,False,,,
e1/L/R4/8,L,4,random,51200,0.0,False,,,
e1/L/R4/80,L,4,quadruplet,800,0.1,True,False,,
e1/L/R4/80,L,4,quadruplet,6400,0.0,True,False,,
e1/L/R4/80,L,4,quadruplet,51200,0.0,True,False,,
e1/L/R4/80,L,4,quintuplet,800,0.3,True,True,2.2040177901186038e-07,0.0001763214232094883
e1/L/R4/80,L,4,quintuplet,6400,0.3,True,True,2.2040177901186038e-07,0.0014105713856759064
e1/L/R4/80,L,4,quintuplet,51200,1.0,True,True,2.2040177901186038e-07,0.011284571085407251
e1/L/R4/81,L,4,quadruplet,800,0.4,True,True,3.7769504658720944e-05,0.030215603726976754
e1/L/R4/81,L,4,quadruplet,6400,0.8,True,True,3.7769504658720944e-05,0.24172482981581403
e1/L/R4/81,L,4,quadruplet,51200,1.0,True,True,3.7769504658720944e-05,1.9337986385265122
e1/L/R4/81,L,4,quintuplet,800,0.3,True,True,2.044040843154649e-05,0.016352326745237192
e1/L/R4/81,L,4,quintuplet,6400,0.5,True,True,2.044040843154649e-05,0.13081861396189753
e1/L/R4/81,L,4,quintuplet,51200,1.0,True,True,2.044040843154649e-05,1.0465489116951803
e1/L/R4/82,L,4,quadruplet,800,0.0,True,False,,
e1/L/R4/82,L,4,quadruplet,6400,0.0,True,False,,
e1/L/R4/82,L,4,quadruplet,51200,0.0,True,False,,
e1/L/R4/82,L,4,quintuplet,800,0.0,True,False,,
e1/L/R4/82,L,4,quintuplet,6400,0.0,True,False,,
e1/L/R4/82,L,4,quintuplet,51200,0.0,True,False,,
e1/L/R4/83,L,4,quadruplet,800,0.4,True,True,2.2004662450789422e-05,0.017603729960631538
e1/L/R4/83,L,4,quadruplet,6400,0.9,True,True,2.2004662450789422e-05,0.1408298396850523
e1/L/R4/83,L,4,quadruplet,51200,1.0,True,True,2.2004662450789422e-05,1.1266387174804184
e1/L/R4/83,L,4,quintuplet,800,0.2,True,True,1.2115978133248571e-05,0.009692782506598857
e1/L/R4/83,L,4,quintuplet,6400,0.9,True,True,1.2115978133248571e-05,0.07754226005279086
e1/L/R4/83,L,4,quintuplet,51200,1.0,True,True,1.2115978133248571e-05,0.6203380804223269
e1/L/R4/84,L,4,quadruplet,800,0.0,False,,,
e1/L/R4/84,L,4,quadruplet,6400,0.0,False,,,
e1/L/R4/84,L,4,quadruplet,51200,0.0,False,,,
e1/L/R4/84,L,4,quintuplet,800,0.0,False,,,
e1/L/R4/84,L,4,quintuplet,6400,0.0,False,,,
e1/L/R4/84,L,4,quintuplet,51200,0.0,False,,,
e1/L/R4/85,L,4,quadruplet,800,0.0,True,False,,
e1/L/R4/85,L,4,quadruplet,6400,0.0,True,False,,
e1/L/R4/85,L,4,quadruplet,51200,0.0,True,False,,
e1/L/R4/85,L,4,quintuplet,800,0.1,True,True,1.8144030013525534e-08,1.4515224010820428e-05
e1/L/R4/85,L,4,quintuplet,6400,0.0,True,True,1.8144030013525534e-08,0.00011612179208656342
e1/L/R4/85,L,4,quintuplet,51200,0.5,True,True,1.8144030013525534e-08,0.0009289743366925074
e1/L/R4/86,L,4,quadruplet,800,0.0,True,False,,
e1/L/R4/86,L,4,quadruplet,6400,0.0,True,False,,
e1/L/R4/86,L,4,quadruplet,51200,0.0,True,False,,
e1/L/R4/86,L,4,quintuplet,800,0.0,True,False,,
e1/L/R4/86,L,4,quintuplet,6400,0.0,True,False,,
e1/L/R4/86,L,4,quintuplet,51200,0.0,True,False,,
e1/L/R4/87,L,4,quadruplet,800,0.0,True,False,,
e1/L/R4/87,L,4,quadruplet,6400,0.0,True,False,,
e1/L/R4/87,L,4,quadruplet,51200,0.0,True,False,,
e1/L/R4/87,L,4,quintuplet,800,0.0,True,False,,
e1/L/R4/87,L,4,quintuplet,6400,0.0,True,False,,
e1/L/R4/87,L,4,quintuplet,51200,0.0,True,False,,
e1/L/R4/88,L,4,quadruplet,800,0.0,True,True,3.849212908886213e-06,0.0030793703271089702
e1/L/R4/88,L,4,quadruplet,6400,0.2,True,True,3.849212908886213e-06,0.024634962616871762
e1/L/R4/88,L,4,quadruplet,51200,0.4,True,True,3.849212908886213e-06,0.1970797009349741
e1/L/R4/88,L,4,quintuplet,800,0.0,True,True,1.9462067205745864e-06,0.0015569653764596692
e1/L/R4/88,L,4,quintuplet,6400,0.2,True,True,1.9462067205745864e-06,0.012455723011677354
e1/L/R4/88,L,4,quintuplet,51200,0.2,True,True,1.9462067205745864e-06,0.09964578409341883
e1/L/R4/89,L,4,quadruplet,800,0.0,True,False,,
e1/L/R4/89,L,4,quadruplet,6400,0.0,True,False,,
e1/L/R4/89,L,4,quadruplet,51200,0.0,True,False,,
e1/L/R4/89,L,4,quintuplet,800,0.0,True,False,,
e1/L/R4/89,L,4,quintuplet,6400,0.1,True,False,,
e1/L/R4/89,L,4,quintuplet,51200,0.0,True,False,,
e1/L/R4/9,L,4,quadruplet,800,0.9,True,True,1.2220957618865227e-05,0.009776766095092182
e1/L/R4/9,L,4,quadruplet,6400,1.0,True,True,1.2220957618865227e-05,0.07821412876073745
e1/L/R4/9,L,4,quadruplet,51200,1.0,True,True,1.2220957618865227e-05,0.6257130300858996
e1/L/R4/9,L,4,quintuplet,800,0.5,True,True,9.782087211921962e-06,0.00782566976953757
e1/L/R4/9,L,4,quintuplet,6400,1.0,True,True,9.782087211921962e-06,0.06260535815630056
e1/L/R4/9,L,4,quintuplet,51200,1.0,True,True,9.782087211921962e-06,0.5008428652504044
e1/L/R4/9,L,4,random,800,0.0,True,False,,
e1/L/R4/9,L,4,random,6400,0.0,True,False,,
e1/L/R4/9,L,4,random,51200,0.0,True,False,,
e1/L/R4/90,L,4,quadruplet,800,0.0,False,,,
e1/L/R4/90,L,4,quadruplet,6400,0.3,False,,,
e1/L/R4/90,L,4,quadruplet,51200,0.7,False,,,
e1/L/R4/90,L,4,quintuplet,800,0.1,False,,,
e1/L/R4/90,L,4,quintuplet,6400,0.5,False,,,
e1/L/R4/90,L,4,quintuplet,51200,0.8,False,,,
e1/L/R4/91,L,4,quadruplet,800,0.1,True,True,4.4446400498223585e-06,0.003555712039857887
e1/L/R4/91,L,4,quadruplet,6400,0.7,True,True,4.4446400498223585e-06,0.028445696318863095
e1/L/R4/91,L,4,quadruplet,51200,1.0,True,True,4.4446400498223585e-06,0.22756557055090476
e1/L/R4/91,L,4,quintuplet,800,0.3,True,True,6.283248114143343e-06,0.005026598491314674
e1/L/R4/91,L,4,quintuplet,6400,1.0,True,True,6.283248114143343e-06,0.04021278793051739
e1/L/R4/91,L,4,quintuplet,51200,1.0,True,True,6.283248114143343e-06,0.32170230344413914
e1/L/R4/92,L,4,quadruplet,800,0.8,True,True,1.144706721047915e-05,0.00915765376838332
e1/L/R4/92,L,4,quadruplet,6400,1.0,True,True,1.144706721047915e-05,0.07326123014706656
e1/L/R4/92,L,4,quadruplet,51200,1.0,True,True,1.144706721047915e-05,0.5860898411765325
e1/L/R4/92,L,4,quintuplet,800,0.6,True,True,7.421382686899343e-06,0.005937106149519474
e1/L/R4/92,L,4,quintuplet,6400,1.0,True,True,7.421382686899343e-06,0.047496849196155794
e1/L/R4/92,L,4,quintuplet,51200,1.0,True,True,7.421382686899343e-06,0.37997479356924635
e1/L/R4/93,L,4,quadruplet,800,0.0,False,,,
e1/L/R4/93,L,4,quadruplet,6400,0.0,False,,,
e1/L/R4/93,L,4,quadruplet,51200,0.0,False,,,
e1/L/R4/93,L,4,quintuplet,800,0.0,False,,,
e1/L/R4/93,L,4,quintuplet,6400,0.0,False,,,
e1/L/R4/93,L,4,quintuplet,51200,0.0,False,,,
e1/L/R4/94,L,4,quadruplet,800,0.0,True,True,7.668623216656464e-07,0.0006134898573325171
e1/L/R4/94,L,4,quadruplet,6400,0.1,True,True,7.668623216656464e-07,0.004907918858660137
e1/L/R4/94,L,4,quadruplet,51200,0.6,True,True,7.668623216656464e-07,0.039263350869281094
e1/L/R4/94,L,4,quintuplet,800,0.0,True,False,,
e1/L/R4/94,L,4,quintuplet,6400,0.0,True,False,,
e1/L/R4/94,L,4,quintuplet,51200,0.0,True,False,,
e1/L/R4/95,L,4,quadruplet,800,0.0,True,False,,
e1/L/R4/95,L,4,quadruplet,6400,0.0,True,False,,
e1/L/R4/95,L,4,quadruplet,51200,0.0,True,False,,
e1/L/R4/95,L,4,quintuplet,800,0.1,True,False,,
e1/L/R4/95,L,4,quintuplet,6400,0.1,True,False,,
e1/L/R4/95,L,4,quintuplet,51200,0.0,True,False,,
e1/L/R4/96,L,4,quadruplet,800,0.0,False,,,
e1/L/R4/96,L,4,quadruplet,6400,0.0,False,,,
e1/L/R4/96,L,4,quadruplet,51200,0.0,False,,,
e1/L/R4/96,L,4,quintuplet,800,0.0,False,,,
e1/L/R4/96,L,4,quintuplet,6400,0.0,False,,,
e1/L/R4/96,L,4,quintuplet,51200,0.0,False,,,
e1/L/R4/97,L,4,quadruplet,800,0.2,True,True,4.4054999284373405e-07,0.00035243999427498723
e1/L/R4/97,L,4,quadruplet,6400,0.2,True,True,4.4054999284373405e-07,0.002819519954199898
e1/L/R4/97,L,4,quadruplet,51200,0.5,True,True,4.4054999284373405e-07,0.022556159633599183
e1/L/R4/97,L,4,quintuplet,800,0.1,True,True,5.17775153760439e-06,0.004142201230083512
e1/L/R4/97,L,4,quintuplet,6400,0.3,True,True,5.17775153760439e-06,0.033137609840668096
e1/L/R4/97,L,4,quintuplet,51200,0.8,True,True,5.17775153760439e-06,0.26510087872534477
e1/L/R4/98,L,4,quadruplet,800,0.0,False,,,
e1/L/R4/98,L,4,quadruplet,6400,0.0,False,,,
e1/L/R4/98,L,4,quadruplet,51200,0.0,False,,,
e1/L/R4/98,L,4,quintuplet,800,0.0,False,,,
e1/L/R4/98,L,4,quintuplet,6400,0.0,False,,,
e1/L/R4/98,L,4,quintuplet,51200,0.0,False,,,
e1/L/R4/99,L,4,quadruplet,800,0.2,True,True,2.2928186024367707e-06,0.0018342548819494165
e1/L/R4/99,L,4,quadruplet,6400,0.7,True,True,2.2928186024367707e-06,0.014674039055595332
e1/L/R4/99,L,4,quadruplet,51200,0.9,True,True,2.2928186024367707e-06,0.11739231244476266
e1/L/R4/99,L,4,quintuplet,800,0.2,True,True,3.953115192147065e-06,0.0031624921537176517
e1/L/R4/99,L,4,quintuplet,6400,0.6,True,True,3.953115192147065e-06,0.025299937229741214
e1/L/R4/99,L,4,quintuplet,51200,0.4,True,True,3.953115192147065e-06,0.2023994978379297
e1/L/R5/0,L,5,quadruplet,800,0.2,False,,,
e1/L/R5/0,L,5,quadruplet,6400,0.6,False,,,
e1/L/R5/0,L,5,quadruplet,51200,1.0,False,,,
e1/L/R5/0,L,5,quintuplet,800,0.1,False,,,
e1/L/R5/0,L,5,quintuplet,6400,0.7,False,,,
e1/L/R5/0,L,5,quintuplet,51200,1.0,False,,,
e1/L/R5/0,L,5,random,800,0.0,False,,,
e1/L/R5/0,L,5,random,6400,0.0,False,,,
e1/L/R5/0,L,5,random,51200,0.0,False,,,
e1/L/R5/1,L,5,quadruplet,800,0.0,False,,,
e1/L/R5/1,L,5,quadruplet,6400,0.0,False,,,
e1/L/R5/1,L,5,quadruplet,51200,0.0,False,,,
e1/L/R5/1,L,5,quintuplet,800,0.0,False,,,
e1/L/R5/1,L,5,quintuplet,6400,0.0,False,,,
e1/L/R5/1,L,5,quintuplet,51200,0.0,False,,,
e1/L/R5/1,L,5,random,800,0.0,False,,,
e1/L/R5/1,L,5,random,6400,0.0,False,,,
e1/L/R5/1,L,5,random,51200,0.0,False,,,
e1/L/R5/10,L,5,quadruplet,800,0.0,False,,,
e1/L/R5/10,L,5,quadruplet,6400,0.0,False,,,
e1/L/R5/10,L,5,quadruplet,51200,0.2,False,,,
e1/L/R5/10,L,5,quintuplet,800,0.0,False,,,
e1/L/R5/10,L,5,quintuplet,6400,0.5,False,,,
e1/L/R5/10,L,5,quintuplet,51200,0.8,False,,,
e1/L/R5/11,L,5,quadruplet,800,0.1,False,,,
e1/L/R5/11,L,5,quadruplet,6400,0.3,False,,,
e1/L/R5/11,L,5,quadruplet,51200,0.4,False,,,
e1/L/R5/11,L,5,quintuplet,800,0.0,False,,,
e1/L/R5/11,L,5,quintuplet,6400,0.1,False,,,
e1/L/R5/11,L,5,quintuplet,51200,0.4,False,,,
e1/L/R5/12,L,5,quadruplet,800,0.1,True,False,,
e1/L/R5/12,L,5,quadruplet,6400,0.4,True,False,,
e1/L/R5/12,L,5,quadruplet,51200,0.2,True,False,,
e1/L/R5/12,L,5,quintuplet,800,0.1,True,False,,
e1/L/R5/12,L,5,quintuplet,6400,0.2,True,False,,
e1/L/R5/12,L,5,quintuplet,51200,0.1,True,False,,
e1/L/R5/13,L,5,quadruplet,800,0.8,True,True,1.500176566583934e-05,0.012001412532671472
e1/L/R5/13,L,5,quadruplet,6400,1.0,True,True,1.500176566583934e-05,0.09601130026137178
e1/L/R5/13,L,5,quadruplet,51200,1.0,True,True,1.500176566583934e-05,0.7680904020909742
e1/L/R5/13,L,5,quintuplet,800,0.7,True,True,1.3447741081283959e-05,0.010758192865027168
e1/L/R5/13,L,5,quintuplet,6400,1.0,True,True,1.3447741081283959e-05,0.08606554292021734
e1/L/R5/13,L,5,quintuplet,51200,1.0,True,True,1.3447741081283959e-05,0.6885243433617387
e1/L/R5/14,L,5,quadruplet,800,0.6,True,True,5.261330293655073e-07,0.00042090642349240583
e1/L/R5/14,L,5,quadruplet,6400,0.5,True,True,5.261330293655073e-07,0.0033672513879392466
e1/L/R5/14,L,5,quadruplet,51200,0.9,True,True,5.261330293655073e-07,0.026938011103513973
e1/L/R5/14,L,5,quintuplet,800,0.3,True,True,1.942930089409319e-09,1.554344071527455e-06
e1/L/R5/14,L,5,quintuplet,6400,0.3,True,True,1.942930089409319e-09,1.243475257221964e-05
e1/L/R5/14,L,5,quintuplet,51200,0.6,True,True,1.942930089409319e-09,9.947802057775712e-05
e1/L/R5/15,L,5,quadruplet,800,0.0,True,False,,
e1/L/R5/15,L,5,quadruplet,6400,0.0,True,False,,
e1/L/R5/15,L,5,quadruplet,51200,0.0,True,False,,
e1/L/R5/15,L,5,quintuplet,800,0.0,True,False,,
e1/L/R5/15,L,5,quintuplet,6400,0.0,True,False,,
e1/L/R5/15,L,5,quintuplet,51200,0.0,True,False,,
e1/L/R5/16,L,5,quadruplet,800,0.0,False,,,
e1/L/R5/16,L,5,quadruplet,6400,0.0,False,,,
e1/L/R5/16,L,5,quadruplet,51200,0.0,False,,,
e1/L/R5/16,L,5,quintuplet,800,0.0,False,,,
e1/L/R5/16,L,5,quintuplet,6400,0.1,False,,,
e1/L/R5/16,L,5,quintuplet,51200,0.0,False,,,
e1/L/R5/17,L,5,quadruplet,800,0.1,True,True,3.3793569442151462e-06,0.002703485555372117
e1/L/R5/17,L,5,quadruplet,6400,0.6,True,True,3.3793569442151462e-06,0.021627884442976936
e1/L/R5/17,L,5,quadruplet,51200,1.0,True,True,3.3793569442151462e-06,0.1730230755438155
e1/L/R5/17,L,5,quintuplet,800,0.1,True,True,4.871353148175733e-06,0.003897082518540586
e1/L/R5/17,L,5,quintuplet,6400,0.6,True,True,4.871353148175733e-06,0.031176660148324688
e1/L/R5/17,L,5,quintuplet,51200,0.9,True,True,4.871353148175733e-06,0.2494132811865975
e1/L/R5/18,L,5,quadruplet,800,0.9,True,True,1.5089898173027964e-05,0.012071918538422372
e1/L/R5/18,L,5,quadruplet,6400,1.0,True,True,1.5089898173027964e-05,0.09657534830737897
e1/L/R5/18,L,5,quadruplet,51200,1.0,True,True,1.5089898173027964e-05,0.7726027864590318
e1/L/R5/18,L,5,quintuplet,800,0.7,True,True,1.157932812808588e-05,0.009263462502468704
e1/L/R5/18,L,5,quintuplet,6400,1.0,True,True,1.157932812808588e-05,0.07410770001974963
e1/L/R5/18,L,5,quintuplet,51200,1.0,True,True,1.157932812808588e-05,0.592861600157997
e1/L/R5/19,L,5,quadruplet,800,0.0,False,,,
e1/L/R5/19,L,5,quadruplet,6400,0.0,False,,,
e1/L/R5/19,L,5,quadruplet,51200,0.0,False,,,
e1/L/R5/19,L,5,quintuplet,800,0.0,False,,,
e1/L/R5/19,L,5,quintuplet,6400,0.0,False,,,
e1/L/R5/19,L,5,quintuplet,51200,0.0,False,,,
e1/L/R5/2,L,5,quadruplet,800,0.3,False,,,
e1/L/R5/2,L,5,quadruplet,6400,0.7,False,,,
e1/L/R5/2,L,5,quadruplet,51200,0.7,False,,,
e1/L/R5/2,L,5,quintuplet,800,0.4,False,,,
e1/L/R5/2,L,5,quintuplet,6400,0.9,False,,,
e1/L/R5/2,L,5,quintuplet,51200,0.9,False,,,
e1/L/R5/2,L,5,random,800,0.0,False,,,
e1/L/R5/2,L,5,random,6400,0.0,False,,,
e1/L/R5/2,L,5,random,51200,0.0,False,,,
e1/L/R5/20,L,5,quadruplet,800,0.0,False,,,
e1/L/R5/20,L,5,quadruplet,6400,0.0,False,,,
e1/L/R5/20,L,5,quadruplet,51200,0.0,False,,,
e1/L/R5/20,L,5,quintuplet,800,0.0,False,,,
e1/L/R5/20,L,5,quintuplet,6400,0.0,False,,,
e1/L/R5/20,L,5,quintuplet,51200,0.1,False,,,
e1/L/R5/21,L,5,quadruplet,800,0.0,False,,,
e1/L/R5/21,L,5,quadruplet,6400,0.0,False,,,
e1/L/R5/21,L,5,quadruplet,51200,0.0,False,,,
e1/L/R5/21,L,5,quintuplet,800,0.1,False,,,
e1/L/R5/21,L,5,quintuplet,6400,0.1,False,,,
e1/L/R5/21,L,5,quintuplet,51200,0.0,False,,,
e1/L/R5/22,L,5,quadruplet,800,0.0,True,False,,
e1/L/R5/22,L,5,quadruplet,6400,0.0,True,False,,
e1/L/R5/22,L,5,quadruplet,51200,0.0,True,False,,
e1/L/R5/22,L,5,quintuplet,800,0.0,True,False,,
e1/L/R5/22,L,5,quintuplet,6400,0.0,True,False,,
e1/L/R5/22,L,5,quintuplet,51200,0.0,True,False,,
e1/L/R5/23,L,5,quadruplet,800,0.2,True,False,,
e1/L/R5/23,L,5,quadruplet,6400,0.2,True,False,,
e1/L/R5/23,L,5,quadruplet,51200,0.0,True,False,,
e1/L/R5/23,L,5,quintuplet,800,0.2,True,False,,
e1/L/R5/23,L,5,quintuplet,6400,0.3,True,False,,
e1/L/R5/23,L,5,quintuplet,51200,0.1,True,False,,
e1/L/R5/24,L,5,quadruplet,800,0.7,True,True,8.517956182645215e-06,0.006814364946116171
e1/L/R5/24,L,5,quadruplet,6400,1.0,True,True,8.517956182645215e-06,0.05451491956892937
e1/L/R5/24,L,5,quadruplet,51200,1.0,True,True,8.517956182645215e-06,0.43611935655143497
e1/L/R5/24,L,5,quintuplet,800,0.8,True,True,1.2110584589107508e-05,0.009688467671286007
e1/L/R5/24,L,5,quintuplet,6400,1.0,True,True,1.2110584589107508e-05,0.07750774137028806
e1/L/R5/24,L,5,quintuplet,51200,1.0,True,True,1.2110584589107508e-05,0.6200619309623044
e1/L/R5/25,L,5,quadruplet,800,0.7,True,True,7.849544275546378e-06,0.006279635420437102
e1/L/R5/25,L,5,quadruplet,6400,0.9,True,True,7.849544275546378e-06,0.05023708336349682
e1/L/R5/25,L,5,quadruplet,51200,1.0,True,True,7.849544275546378e-06,0.40189666690797454
e1/L/R5/25,L,5,quintuplet,800,0.8,True,True,1.1104961761344014e-05,0.008883969409075211
e1/L/R5/25,L,5,quintuplet,6400,1.0,True,True,1.1104961761344014e-05,0.07107175527260169
e1/L/R5/25,L,5,quintuplet,51200,1.0,True,True,1.1104961761344014e-05,0.5685740421808135
e1/L/R5/26,L,5,quadruplet,800,0.0,False,,,
e1/L/R5/26,L,5,quadruplet,6400,0.0,False,,,
e1/L/R5/26,L,5,quadruplet,51200,0.0,False,,,
e1/L/R5/26,L,5,quintuplet,800,0.0,False,,,
e1/L/R5/26,L,5,quintuplet,6400,0.0,False,,,
e1/L/R5/26,L,5,quintuplet,51200,0.0,False,,,
e1/L/R5/27,L,5,quadruplet,800,0.0,True,False,,
e1/L/R5/27,L,5,quadruplet,6400,0.0,True,False,,
e1/L/R5/27,L,5,quadruplet,51200,0.1,True,False,,
e1/L/R5/27,L,5,quintuplet,800,0.0,True,True,5.699684824143235e-08,4.559747859314588e-05
e1/L/R5/27,L,5,quintuplet,6400,0.0,True,True,5.699684824143235e-08,0.000364779828745167
e1/L/R5/27,L,5,quintuplet,51200,0.3,True,True,5.699684824143235e-08,0.002918238629961336
e1/L/R5/28,L,5,quadruplet,800,0.0,True,False,,
e1/L/R5/28,L,5,quadruplet,6400,0.0,True,False,,
e1/L/R5/28,L,5,quadruplet,51200,0.1,True,False,,
e1/L/R5/28,L,5,quintuplet,800,0.0,True,False,,
e1/L/R5/28,L,5,quintuplet,6400,0.1,True,False,,
e1/L/R5/28,L,5,quintuplet,51200,0.1,True,False,,
e1/L/R5/29,L,5,quadruplet,800,0.0,False,,,
e1/L/R5/29,L,5,quadruplet,6400,0.0,False,,,
e1/L/R5/29,L,5,quadruplet,51200,0.0,False,,,
e1/L/R5/29,L,5,quintuplet,800,0.0,False,,,
e1/L/R5/29,L,5,quintuplet,6400,0.0,False,,,
e1/L/R5/29,L,5,quintuplet,51200,0.0,False,,,
e1/L/R5/3,L,5,quadruplet,800,0.1,False,,,
e1/L/R5/3,L,5,quadruplet,6400,0.4,False,,,
e1/L/R5/3,L,5,quadruplet,51200,0.4,False,,,
e1/L/R5/3,L,5,quintuplet,800,0.3,False,,,
e1/L/R5/3,L,5,quintuplet,6400,0.8,False,,,
e1/L/R5/3,L,5,quintuplet,51200,1.0,False,,,
e1/L/R5/3,L,5,random,800,0.0,False,,,
e1/L/R5/3,L,5,random,6400,0.0,False,,,
e1/L/R5/3,L,5,random,51200,0.0,False,,,
e1/L/R5/30,L,5,quadruplet,800,0.0,False,,,
e1/L/R5/30,L,5,quadruplet,6400,0.0,False,,,
e1/L/R5/30,L,5,quadruplet,51200,0.0,False,,,
e1/L/R5/30,L,5,quintuplet,800,0.0,False,,,
e1/L/R5/30,L,5,quintuplet,6400,0.1,False,,,
e1/L/R5/30,L,5,quintuplet,51200,0.5,False,,,
e1/L/R5/31,L,5,quadruplet,800,0.1,False,,,
e1/L/R5/31,L,5,quadruplet,6400,1.0,False,,,
e1/L/R5/31,L,5,quadruplet,51200,1.0,False,,,
e1/L/R5/31,L,5,quintuplet,800,0.1,False,,,
e1/L/R5/31,L,5,quintuplet,6400,0.6,False,,,
e1/L/R5/31,L,5,quintuplet,51200,0.4,False,,,
e1/L/R5/32,L,5,quadruplet,800,0.6,True,True,1.2883095998092268e-05,0.010306476798473815
e1/L/R5/32,L,5,quadruplet,6400,0.9,True,True,1.2883095998092268e-05,0.08245181438779052
e1/L/R5/32,L,5,quadruplet,51200,1.0,True,True,1.2883095998092268e-05,0.6596145151023242
e1/L/R5/32,L,5,quintuplet,800,0.5,True,True,4.066428818077183e-06,0.0032531430544617468
e1/L/R5/32,L,5,quintuplet,6400,0.9,True,True,4.066428818077183e-06,0.026025144435693974
e1/L/R5/32,L,5,quintuplet,51200,1.0,True,True,4.066428818077183e-06,0.2082011554855518
e1/L/R5/33,L,5,quadruplet,800,0.0,False,,,
e1/L/R5/33,L,5,quadruplet,6400,0.0,False,,,
e1/L/R5/33,L,5,quadruplet,51200,0.0,False,,,
e1/L/R5/33,L,5,quintuplet,800,0.0,False,,,
e1/L/R5/33,L,5,quintuplet,6400,0.4,False,,,
e1/L/R5/33,L,5,quintuplet,51200,1.0,False,,,
e1/L/R5/34,L,5,quadruplet,800,0.0,False,,,
e1/L/R5/34,L,5,quadruplet,6400,0.0,False,,,
e1/L/R5/34,L,5,quadruplet,51200,0.0,False,,,
e1/L/R5/34,L,5,quintuplet,800,0.0,False,,,
e1/L/R5/34,L,5,quintuplet,6400,0.0,False,,,
e1/L/R5/34,L,5,quintuplet,51200,0.0,False,,,
e1/L/R5/35,L,5,quadruplet,800,0.0,True,False,,
e1/L/R5/35,L,5,quadruplet,6400,0.0,True,False,,
e1/L/R5/35,L,5,quadruplet,51200,0.0,True,False,,
e1/L/R5/35,L,5,quintuplet,800,0.0,True,True,1.3771555199920255e-06,0.0011017244159936205
e1/L/R5/35,L,5,quintuplet,6400,0.0,True,True,1.3771555199920255e-06,0.008813795327948964
e1/L/R5/35,L,5,quintuplet,51200,0.3,True,True,1.3771555199920255e-06,0.07051036262359171
e1/L/R5/36,L,5,quadruplet,800,0.9,True,True,1.5061157341872658e-05,0.012048925873498127
e1/L/R5/36,L,5,quadruplet,6400,1.0,True,True,1.5061157341872658e-05,0.09639140698798501
e1/L/R5/36,L,5,quadruplet,51200,1.0,True,True,1.5061157341872658e-05,0.7711312559038801
e1/L/R5/36,L,5,quintuplet,800,0.6,True,True,9.716498893694875e-06,0.0077731991149559
e1/L/R5/36,L,5,quintuplet,6400,1.0,True,True,9.716498893694875e-06,0.0621855929196472
e1/L/R5/36,L,5,quintuplet,51200,1.0,True,True,9.716498893694875e-06,0.4974847433571776
e1/L/R5/37,L,5,quadruplet,800,0.8,True,True,1.6157059527999637e-05,0.01292564762239971
e1/L/R5/37,L,5,quadruplet,6400,1.0,True,True,1.6157059527999637e-05,0.10340518097919768
e1/L/R5/37,L,5,quadruplet,51200,1.0,True,True,1.6157059527999637e-05,0.8272414478335814
e1/L/R5/37,L,5,quintuplet,800,0.7,True,True,1.408946451772182e-05,0.011271571614177456
e1/L/R5/37,L,5,quintuplet,6400,1.0,True,True,1.408946451772182e-05,0.09017257291341965
e1/L/R5/37,L,5,quintuplet,51200,1.0,True,True,1.408946451772182e-05,0.7213805833073572
e1/L/R5/38,L,5,quadruplet,800,0.0,False,,,
e1/L/R5/38,L,5,quadruplet,6400,0.0,False,,,
e1/L/R5/38,L,5,quadruplet,51200,0.0,False,,,
e1/L/R5/38,L,5,quintuplet,800,0.0,False,,,
e1/L/R5/38,L,5,quintuplet,6400,0.0,False,,,
e1/L/R5/38,L,5,quintuplet,51200,0.0,False,,,
e1/L/R5/39,L,5,quadruplet,800,0.1,False,,,
e1/L/R5/39,L,5,quadruplet,6400,0.0,False,,,
e1/L/R5/39,L,5,quadruplet,51200,0.0,False,,,
e1/L/R5/39,L,5,quintuplet,800,0.2,False,,,
e1/L/R5/39,L,5,quintuplet,6400,0.3,False,,,
e1/L/R5/39,L,5,quintuplet,51200,0.0,False,,,
e1/L/R5/4,L,5,quadruplet,800,0.0,True,False,,
e1/L/R5/4,L,5,quadruplet,6400,0.0,True,False,,
e1/L/R5/4,L,5,quadruplet,51200,0.0,True,False,,
e1/L/R5/4,L,5,quintuplet,800,0.0,True,False,,
e1/L/R5/4,L,5,quintuplet,6400,0.1,True,False,,
e1/L/R5/4,L,5,quintuplet,51200,0.0,True,False,,
e1/L/R5/4,L,5,random,800,0.0,True,False,,
e1/L/R5/4,L,5,random,6400,0.0,True,False,,
e1/L/R5/4,L,5,random,51200,0.0,True,False,,
e1/L/R5/40,L,5,quadruplet,800,0.0,False,,,
e1/L/R5/40,L,5,quadruplet,6400,0.0,False,,,
e1/L/R5/40,L,5,quadruplet,51200,0.0,False,,,
e1/L/R5/40,L,5,quintuplet,800,0.0,False,,,
e1/L/R5/40,L,5,quintuplet,6400,0.0,False,,,
e1/L/R5/40,L,5,quintuplet,51200,0.4,False,,,
e1/L/R5/41,L,5,quadruplet,800,0.9,True,True,1.2444363707267188e-05,0.00995549096581375
e1/L/R5/41,L,5,quadruplet,6400,1.0,True,True,1.2444363707267188e-05,0.07964392772651
e1/L/R5/41,L,5,quadruplet,51200,1.0,True,True,1.2444363707267188e-05,0.63715142181208
e1/L/R5/41,L,5,quintuplet,800,0.7,True,True,9.213171303519938e-06,0.00737053704281595
e1/L/R5/41,L,5,quintuplet,6400,1.0,True,True,9.213171303519938e-06,0.0589642963425276
e1/L/R5/41,L,5,quintuplet,51200,1.0,True,True,9.213171303519938e-06,0.4717143707402208
e1/L/R5/42,L,5,quadruplet,800,0.0,True,False,,
e1/L/R5/42,L,5,quadruplet,6400,0.0,True,False,,
e1/L/R5/42,L,5,quadruplet,51200,0.0,True,False,,
e1/L/R5/42,L,5,quintuplet,800,0.0,True,False,,
e1/L/R5/42,L,5,quintuplet,6400,0.0,True,False,,
e1/L/R5/42,L,5,quintuplet,51200,0.0,True,False,,
e1/L/R5/43,L,5,quadruplet,800,0.7,True,True,9.084860307166904e-06,0.007267888245733523
e1/L/R5/43,L,5,quadruplet,6400,1.0,True,True,9.084860307166904e-06,0.058143105965868185
e1/L/R5/43,L,5,quadruplet,51200,1.0,True,True,9.084860307166904e-06,0.4651448477269455
e1/L/R5/43,L,5,quintuplet,800,0.9,True,True,1.2874489834037166e-05,0.010299591867229733
e1/L/R5/43,L,5,quintuplet,6400,1.0,True,True,1.2874489834037166e-05,0.08239673493783786
e1/L/R5/43,L,5,quintuplet,51200,1.0,True,True,1.2874489834037166e-05,0.6591738795027029
e1/L/R5/44,L,5,quadruplet,800,0.0,True,False,,
e1/L/R5/44,L,5,quadruplet,6400,0.0,True,False,,
e1/L/R5/44,L,5,quadruplet,51200,0.0,True,False,,
e1/L/R5/44,L,5,quintuplet,800,0.0,True,False,,
e1/L/R5/44,L,5,quintuplet,6400,0.0,True,False,,
e1/L/R5/44,L,5,quintuplet,51200,0.0,True,False,,
e1/L/R5/45,L,5,quadruplet,800,0.0,True,False,,
e1/L/R5/45,L,5,quadruplet,6400,0.0,True,False,,
e1/L/R5/45,L,5,quadruplet,51200,0.0,True,False,,
e1/L/R5/45,L,5,quintuplet,800,0.0,True,False,,
e1/L/R5/45,L,5,quintuplet,6400,0.0,True,False,,
e1/L/R5/45,L,5,quintuplet,51200,0.0,True,False,,
e1/L/R5/46,L,5,quadruplet,800,0.0,True,False,,
e1/L/R5/46,L,5,quadruplet,6400,0.0,True,False,,
e1/L/R5/46,L,5,quadruplet,51200,0.0,True,False,,
e1/L/R5/46,L,5,quintuplet,800,0.0,True,False,,
e1/L/R5/46,L,5,quintuplet,6400,0.0,True,False,,
e1/L/R5/46,L,5,quintuplet,51200,0.0,True,False,,
e1/L/R5/47,L,5,quadruplet,800,0.0,True,False,,
e1/L/R5/47,L,5,quadruplet,6400,0.0,True,False,,
e1/L/R5/47,L,5,quadruplet,51200,0.0,True,False,,
e1/L/R5/47,L,5,quintuplet,800,0.0,True,False,,
e1/L/R5/47,L,5,quintuplet,6400,0.0,True,False,,
e1/L/R5/47,L,5,quintuplet,51200,0.0,True,False,,
e1/L/R5/48,L,5,quadruplet,800,0.0,True,True,9.335982335843176e-06,0.007468785868674541
e1/L/R5/48,L,5,quadruplet,6400,0.3,True,True,9.335982335843176e-06,0.059750286949396325
e1/L/R5/48,L,5,quadruplet,51200,0.8,True,True,9.335982335843176e-06,0.4780022955951706
e1/L/R5/48,L,5,quintuplet,800,0.0,True,True,2.4493474634153938e-05,0.01959477970732315
e1/L/R5/48,L,5,quintuplet,6400,0.2,True,True,2.4493474634153938e-05,0.1567582376585852
e1/L/R5/48,L,5,quintuplet,51200,0.8,True,True,2.4493474634153938e-05,1.2540659012686817
e1/L/R5/49,L,5,quadruplet,800,0.4,True,True,8.452010737809909e-07,0.0006761608590247927
e1/L/R5/49,L,5,quadruplet,6400,0.7,True,True,8.452010737809909e-07,0.0054092868721983415
e1/L/R5/49,L,5,quadruplet,51200,1.0,True,True,8.452010737809909e-07,0.04327429497758673
e1/L/R5/49,L,5,quintuplet,800,0.4,True,True,5.37399677017328e-07,0.0004299197416138624
e1/L/R5/49,L,5,quintuplet,6400,0.8,True,True,5.37399677017328e-07,0.0034393579329108992
e1/L/R5/49,L,5,quintuplet,51200,1.0,True,True,5.37399677017328e-07,0.027514863463287194
e1/L/R5/5,L,5,quadruplet,800,0.0,True,False,,
e1/L/R5/5,L,5,quadruplet,6400,0.0,True,False,,
e1/L/R5/5,L,5,quadruplet,51200,0.0,True,False,,
e1/L/R5/5,L,5,quintuplet,800,0.0,True,False,,
e1/L/R5/5,L,5,quintuplet,6400,0.0,True,False,,
e1/L/R5/5,L,5,quintuplet,51200,0.0,True,False,,
e1/L/R5/5,L,5,random,800,0.0,True,False,,
e1/L/R5/5,L,5,random,6400,0.0,True,False,,
e1/L/R5/5,L,5,random,51200,0.0,True,False,,
e1/L/R5/50,L,5,quadruplet,800,0.5,True,True,3.621655000733279e-09,2.897324000586623e-06
e1/L/R5/50,L,5,quadruplet,6400,0.7,True,True,3.621655000733279e-09,2.3178592004692983e-05
e1/L/R5/50,L,5,quadruplet,51200,0.3,True,True,3.621655000733279e-09,0.00018542873603754386
e1/L/R5/50,L,5,quintuplet,800,0.3,True,True,1.2163519753583888e-06,0.000973081580286711
e1/L/R5/50,L,5,quintuplet,6400,0.8,True,True,1.2163519753583888e-06,0.007784652642293688
e1/L/R5/50,L,5,quintuplet,51200,1.0,True,True,1.2163519753583888e-06,0.062277221138349506
e1/L/R5/51,L,5,quadruplet,800,0.0,True,False,,
e1/L/R5/51,L,5,quadruplet,6400,0.0,True,False,,
e1/L/R5/51,L,5,quadruplet,51200,0.0,True,False,,
e1/L/R5/51,L,5,quintuplet,800,0.0,True,False,,
e1/L/R5/51,L,5,quintuplet,6400,0.1,True,False,,
e1/L/R5/51,L,5,quintuplet,51200,0.0,True,False,,
e1/L/R5/52,L,5,quadruplet,800,0.0,True,False,,
e1/L/R5/52,L,5,quadruplet,6400,0.0,True,False,,
e1/L/R5/52,L,5,quadruplet,51200,0.0,True,False,,
e1/L/R5/52,L,5,quintuplet,800,0.0,True,False,,
e1/L/R5/52,L,5,quintuplet,6400,0.0,True,False,,
e1/L/R5/52,L,5,quintuplet,51200,0.0,True,False,,
e1/L/R5/53,L,5,quadruplet,800,0.1,False,,,
e1/L/R5/53,L,5,quadruplet,6400,0.1,False,,,
e1/L/R5/53,L,5,quadruplet,51200,0.5,False,,,
e1/L/R5/53,L,5,quintuplet,800,0.2,False,,,
e1/L/R5/53,L,5,quintuplet,6400,0.3,False,,,
e1/L/R5/53,L,5,quintuplet,51200,0.9,False,,,
e1/L/R5/54,L,5,quadruplet,800,0.0,True,False,,
e1/L/R5/54,L,5,quadruplet,6400,0.0,True,False,,
e1/L/R5/54,L,5,quadruplet,51200,0.0,True,False,,
e1/L/R5/54,L,5,quintuplet,800,0.0,True,True,1.4756075057245586e-05,0.01180486004579647
e1/L/R5/54,L,5,quintuplet,6400,0.1,True,True,1.4756075057245586e-05,0.09443888036637176
e1/L/R5/54,L,5,quintuplet,51200,0.5,True,True,1.4756075057245586e-05,0.755511042930974
e1/L/R5/55,L,5,quadruplet,800,0.5,True,True,4.271051389941411e-06,0.003416841111953129
e1/L/R5/55,L,5,quadruplet,6400,0.9,True,True,4.271051389941411e-06,0.02733472889562503
e1/L/R5/55,L,5,quadruplet,51200,1.0,True,True,4.271051389941411e-06,0.21867783116500025
e1/L/R5/55,L,5,quintuplet,800,0.7,True,True,6.136072586044938e-06,0.00490885806883595
e1/L/R5/55,L,5,quintuplet,6400,1.0,True,True,6.136072586044938e-06,0.0392708645506876
e1/L/R5/55,L,5,quintuplet,51200,1.0,True,True,6.136072586044938e-06,0.3141669164055008
e1/L/R5/56,L,5,quadruplet,800,0.8,True,True,1.109292986199249e-05,0.008874343889593992
e1/L/R5/56,L,5,quadruplet,6400,1.0,True,True,1.109292986199249e-05,0.07099475111675194
e1/L/R5/56,L,5,quadruplet,51200,1.0,True,True,1.109292986199249e-05,0.5679580089340155
e1/L/R5/56,L,5,quintuplet,800,0.7,True,True,9.996148314249763e-06,0.00799691865139981
e1/L/R5/56,L,5,quintuplet,6400,1.0,True,True,9.996148314249763e-06,0.06397534921119848
e1/L/R5/56,L,5,quintuplet,51200,1.0,True,True,9.996148314249763e-06,0.5118027936895878
e1/L/R5/57,L,5,quadruplet,800,0.6,True,True,7.23502872122478e-06,0.005788022976979824
e1/L/R5/57,L,5,quadruplet,6400,1.0,True,True,7.23502872122478e-06,0.04630418381583859
e1/L/R5/57,L,5,quadruplet,51200,1.0,True,True,7.23502872122478e-06,0.3704334705267087
e1/L/R5/57,L,5,quintuplet,800,0.7,True,True,1.0421004836059918e-05,0.008336803868847935
e1/L/R5/57,L,5,quintuplet,6400,1.0,True,True,1.0421004836059918e-05,0.06669443095078348
e1/L/R5/57,L,5,quintuplet,51200,1.0,True,True,1.0421004836059918e-05,0.5335554476062678
e1/L/R5/58,L,5,quadruplet,800,0.9,True,True,1.3469615146060962e-05,0.01077569211684877
e1/L/R5/58,L,5,quadruplet,6400,1.0,True,True,1.3469615146060962e-05,0.08620553693479016
e1/L/R5/58,L,5,quadruplet,51200,1.0,True,True,1.3469615146060962e-05,0.6896442954783213
e1/L/R5/58,L,5,quintuplet,800,0.6,True,True,1.3526898576263221e-05,0.010821518861010578
e1/L/R5/58,L,5,quintuplet,6400,1.0,True,True,1.3526898576263221e-05,0.08657215088808462
e1/L/R5/58,L,5,quintuplet,51200,1.0,True,True,1.3526898576263221e-05,0.692577207104677
e1/L/R5/59,L,5,quadruplet,800,0.0,True,False,,
e1/L/R5/59,L,5,quadruplet,6400,0.3,True,False,,
e1/L/R5/59,L,5,quadruplet,51200,0.4,True,False,,
e1/L/R5/59,L,5,quintuplet,800,0.2,True,False,,
e1/L/R5/59,L,5,quintuplet,6400,0.3,True,False,,
e1/L/R5/59,L,5,quintuplet,51200,0.5,True,False,,
e1/L/R5/6,L,5,quadruplet,800,0.0,True,True,8.750730192729877e-06,0.0070005841541839016
e1/L/R5/6,L,5,quadruplet,6400,0.0,True,True,8.750730192729877e-06,0.05600467323347121
e1/L/R5/6,L,5,quadruplet,51200,0.8,True,True,8.750730192729877e-06,0.4480373858677697
e1/L/R5/6,L,5,quintuplet,800,0.0,True,True,2.218555720249149e-06,0.0017748445761993192
e1/L/R5/6,L,5,quintuplet,6400,0.0,True,True,2.218555720249149e-06,0.014198756609594554
e1/L/R5/6,L,5,quintuplet,51200,0.7,True,True,2.218555720249149e-06,0.11359005287675643
e1/L/R5/6,L,5,random,800,0.0,True,False,,
e1/L/R5/6,L,5,random,6400,0.0,True,False,,
e1/L/R5/6,L,5,random,51200,0.0,True,False,,
e1/L/R5/60,L,5,quadruplet,800,0.0,True,False,,
e1/L/R5/60,L,5,quadruplet,6400,0.0,True,False,,
e1/L/R5/60,L,5,quadruplet,51200,0.0,True,False,,
e1/L/R5/60,L,5,quintuplet,800,0.0,True,False,,
e1/L/R5/60,L,5,quintuplet,6400,0.0,True,False,,
e1/L/R5/60,L,5,quintuplet,51200,0.0,True,False,,
e1/L/R5/61,L,5,quadruplet,800,0.1,True,True,1.61620605537264e-05,0.012929648442981119
e1/L/R5/61,L,5,quadruplet,6400,1.0,True,True,1.61620605537264e-05,0.10343718754384895
e1/L/R5/61,L,5,quadruplet,51200,1.0,True,True,1.61620605537264e-05,0.8274975003507916
e1/L/R5/61,L,5,quintuplet,800,0.0,True,True,2.367911990264881e-05,0.018943295922119047
e1/L/R5/61,L,5,quintuplet,6400,0.9,True,True,2.367911990264881e-05,0.15154636737695237
e1/L/R5/61,L,5,quintuplet,51200,1.0,True,True,2.367911990264881e-05,1.212370939015619
e1/L/R5/62,L,5,quadruplet,800,0.0,True,True,8.16430208028699e-06,0.006531441664229592
e1/L/R5/62,L,5,quadruplet,6400,0.1,True,True,8.16430208028699e-06,0.05225153331383674
e1/L/R5/62,L,5,quadruplet,51200,0.7,True,True,8.16430208028699e-06,0.4180122665106939
e1/L/R5/62,L,5,quintuplet,800,0.0,True,True,7.117758814219996e-06,0.005694207051375997
e1/L/R5/62,L,5,quintuplet,6400,0.1,True,True,7.117758814219996e-06,0.045553656411007976
e1/L/R5/62,L,5,quintuplet,51200,0.6,True,True,7.117758814219996e-06,0.3644292512880638
e1/L/R5/63,L,5,quadruplet,800,0.0,False,,,
e1/L/R5/63,L,5,quadruplet,6400,0.0,False,,,
e1/L/R5/63,L,5,quadruplet,51200,0.0,False,,,
e1/L/R5/63,L,5,quintuplet,800,0.0,False,,,
e1/L/R5/63,L,5,quintuplet,6400,0.0,False,,,
e1/L/R5/63,L,5,quintuplet,51200,0.0,False,,,
e1/L/R5/64,L,5,quadruplet,800,0.0,False,,,
e1/L/R5/64,L,5,quadruplet,6400,0.0,False,,,
e1/L/R5/64,L,5,quadruplet,51200,0.0,False,,,
e1/L/R5/64,L,5,quintuplet,800,0.0,False,,,
e1/L/R5/64,L,5,quintuplet,6400,0.0,False,,,
e1/L/R5/64,L,5,quintuplet,51200,0.0,False,,,
e1/L/R5/65,L,5,quadruplet,800,0.0,True,False,,
e1/L/R5/65,L,5,quadruplet,6400,0.3,True,False,,
e1/L/R5/65,L,5,quadruplet,51200,0.2,True,False,,
e1/L/R5/65,L,5,quintuplet,800,0.0,True,True,7.81559669489334e-07,0.0006252477355914672
e1/L/R5/65,L,5,quintuplet,6400,0.3,True,True,7.81559669489334e-07,0.0050019818847317375
e1/L/R5/65,L,5,quintuplet,51200,0.4,True,True,7.81559669489334e-07,0.0400158550778539
e1/L/R5/66,L,5,quadruplet,800,0.0,False,,,
e1/L/R5/66,L,5,quadruplet,6400,0.0,False,,,
e1/L/R5/66,L,5,quadruplet,51200,0.0,False,,,
e1/L/R5/66,L,5,quintuplet,800,0.1,False,,,
e1/L/R5/66,L,5,quintuplet,6400,0.0,False,,,
e1/L/R5/66,L,5,quintuplet,51200,0.0,False,,,
e1/L/R5/67,L,5,quadruplet,800,0.0,True,False,,
e1/L/R5/67,L,5,quadruplet,6400,0.0,True,False,,
e1/L/R5/67,L,5,quadruplet,51200,0.0,True,False,,
e1/L/R5/67,L,5,quintuplet,800,0.0,True,True,4.090214089114712e-08,3.2721712712917696e-05
e1/L/R5/67,L,5,quintuplet,6400,0.2,True,True,4.090214089114712e-08,0.00026177370170334157
e1/L/R5/67,L,5,quintuplet,51200,0.5,True,True,4.090214089114712e-08,0.0020941896136267325
e1/L/R5/68,L,5,quadruplet,800,0.0,True,False,,
e1/L/R5/68,L,5,quadruplet,6400,0.0,True,False,,
e1/L/R5/68,L,5,quadruplet,51200,0.0,True,False,,
e1/L/R5/68,L,5,quintuplet,800,0.0,True,False,,
e1/L/R5/68,L,5,quintuplet,6400,0.0,True,False,,
e1/L/R5/68,L,5,quintuplet,51200,0.0,True,False,,
e1/L/R5/69,L,5,quadruplet,800,0.1,False,,,
e1/L/R5/69,L,5,quadruplet,6400,0.1,False,,,
e1/L/R5/69,L,5,quadruplet,51200,0.0,False,,,
e1/L/R5/69,L,5,quintuplet,800,0.0,False,,,
e1/L/R5/69,L,5,quintuplet,6400,0.0,False,,,
e1/L/R5/69,L,5,quintuplet,51200,0.0,False,,,
e1/L/R5/7,L,5,quadruplet,800,0.0,True,False,,
e1/L/R5/7,L,5,quadruplet,6400,0.0,True,False,,
e1/L/R5/7,L,5,quadruplet,51200,0.0,True,False,,
e1/L/R5/7,L,5,quintuplet,800,0.1,True,False,,
e1/L/R5/7,L,5,quintuplet,6400,0.3,True,False,,
e1/L/R5/7,L,5,quintuplet,51200,0.2,True,False,,
e1/L/R5/7,L,5,random,800,0.0,True,False,,
e1/L/R5/7,L,5,random,6400,0.0,True,False,,
e1/L/R5/7,L,5,random,51200,0.0,True,False,,
e1/L/R5/70,L,5,quadruplet,800,0.0,True,False,,
e1/L/R5/70,L,5,quadruplet,6400,0.1,True,False,,
e1/L/R5/70,L,5,quadruplet,51200,0.2,True,False,,
e1/L/R5/70,L,5,quintuplet,800,0.0,True,False,,
e1/L/R5/70,L,5,quintuplet,6400,0.3,True,False,,
e1/L/R5/70,L,5,quintuplet,51200,0.1,True,False,,
e1/L/R5/71,L,5,quadruplet,800,0.2,True,True,2.5273856966207855e-05,0.020219085572966283
e1/L/R5/71,L,5,quadruplet,6400,0.7,True,True,2.5273856966207855e-05,0.16175268458373027
e1/L/R5/71,L,5,quadruplet,51200,1.0,True,True,2.5273856966207855e-05,1.2940214766698421
e1/L/R5/71,L,5,quintuplet,800,0.3,True,True,3.678700934199826e-05,0.02942960747359861
e1/L/R5/71,L,5,quintuplet,6400,0.8,True,True,3.678700934199826e-05,0.2354368597887889
e1/L/R5/71,L,5,quintuplet,51200,1.0,True,True,3.678700934199826e-05,1.8834948783103111
e1/L/R5/72,L,5,quadruplet,800,0.0,True,False,,
e1/L/R5/72,L,5,quadruplet,6400,0.0,True,False,,
e1/L/R5/72,L,5,quadruplet,51200,0.0,True,False,,
e1/L/R5/72,L,5,quintuplet,800,0.0,True,False,,
e1/L/R5/72,L,5,quintuplet,6400,0.0,True,False,,
e1/L/R5/72,L,5,quintuplet,51200,0.0,True,False,,
e1/L/R5/73,L,5,quadruplet,800,0.1,False,,,
e1/L/R5/73,L,5,quadruplet,6400,0.3,False,,,
e1/L/R5/73,L,5,quadruplet,51200,0.4,False,,,
e1/L/R5/73,L,5,quintuplet,800,0.1,False,,,
e1/L/R5/73,L,5,quintuplet,6400,0.5,False,,,
e1/L/R5/73,L,5,quintuplet,51200,0.8,False,,,
e1/L/R5/74,L,5,quadruplet,800,0.1,True,True,2.4866023395754652e-05,0.01989281871660372
e1/L/R5/74,L,5,quadruplet,6400,0.8,True,True,2.4866023395754652e-05,0.15914254973282976
e1/L/R5/74,L,5,quadruplet,51200,1.0,True,True,2.4866023395754652e-05,1.273140397862638
e1/L/R5/74,L,5,quintuplet,800,0.4,True,True,3.600797060898055e-05,0.028806376487184437
e1/L/R5/74,L,5,quintuplet,6400,0.8,True,True,3.600797060898055e-05,0.2304510118974755
e1/L/R5/74,L,5,quintuplet,51200,1.0,True,True,3.600797060898055e-05,1.843608095179804
e1/L/R5/75,L,5,quadruplet,800,0.2,False,,,
e1/L/R5/75,L,5,quadruplet,6400,0.9,False,,,
e1/L/R5/75,L,5,quadruplet,51200,1.0,False,,,
e1/L/R5/75,L,5,quintuplet,800,0.2,False,,,
e1/L/R5/75,L,5,quintuplet,6400,1.0,False,,,
e1/L/R5/75,L,5,quintuplet,51200,1.0,False,,,
e1/L/R5/76,L,5,quadruplet,800,0.0,True,False,,
e1/L/R5/76,L,5,quadruplet,6400,0.0,True,False,,
e1/L/R5/76,L,5,quadruplet,51200,0.1,True,False,,
e1/L/R5/76,L,5,quintuplet,800,0.1,True,True,9.331193863444745e-07,0.0007464955090755796
e1/L/R5/76,L,5,quintuplet,6400,0.2,True,True,9.331193863444745e-07,0.0059719640726046365
e1/L/R5/76,L,5,quintuplet,51200,0.4,True,True,9.331193863444745e-07,0.04777571258083709
e1/L/R5/77,L,5,quadruplet,800,0.1,True,True,1.3428633893054796e-06,0.0010742907114443838
e1/L/R5/77,L,5,quadruplet,6400,0.2,True,True,1.3428633893054796e-06,0.00859432569155507
e1/L/R5/77,L,5,quadruplet,51200,0.6,True,True,1.3428633893054796e-06,0.06875460553244056
e1/L/R5/77,L,5,quintuplet,800,0.1,True,False,,
e1/L/R5/77,L,5,quintuplet,6400,0.2,True,False,,
e1/L/R5/77,L,5,quintuplet,51200,0.1,True,False,,
e1/L/R5/78,L,5,quadruplet,800,0.0,True,False,,
e1/L/R5/78,L,5,quadruplet,6400,0.0,True,False,,
e1/L/R5/78,L,5,quadruplet,51200,0.0,True,False,,
e1/L/R5/78,L,5,quintuplet,800,0.0,True,False,,
e1/L/R5/78,L,5,quintuplet,6400,0.0,True,False,,
e1/L/R5/78,L,5,quintuplet,51200,0.0,True,False,,
e1/L/R5/79,L,5,quadruplet,800,0.4,True,True,3.2124388901421857e-06,0.0025699511121137484
e1/L/R5/79,L,5,quadruplet,6400,0.7,True,True,3.2124388901421857e-06,0.020559608896909987
e1/L/R5/79,L,5,quadruplet,51200,0.7,True,True,3.2124388901421857e-06,0.1644768711752799
e1/L/R5/79,L,5,quintuplet,800,0.4,True,True,1.777995534354652e-06,0.0014223964274837216
e1/L/R5/79,L,5,quintuplet,6400,0.7,True,True,1.777995534354652e-06,0.011379171419869773
e1/L/R5/79,L,5,quintuplet,51200,0.5,True,True,1.777995534354652e-06,0.09103337135895818
e1/L/R5/8,L,5,quadruplet,800,0.0,False,,,
e1/L/R5/8,L,5,quadruplet,6400,0.0,False,,,
e1/L/R5/8,L,5,quadruplet,51200,0.0,False,,,
e1/L/R5/8,L,5,quintuplet,800,0.0,False,,,
e1/L/R5/8,L,5,quintuplet,6400,0.2,False,,,
e1/L/R5/8,L,5,quintuplet,51200,0.1,False,,,
e1/L/R5/8,L,5,random,800,0.0,False,,,
e1/L/R5/8,L,5,random,6400,0.0,False,,,
e1/L/R5/8,L,5,random,51200,0.0,False,,,
e1/L/R5/80,L,5,quadruplet,800,0.0,True,False,,
e1/L/R5/80,L,5,quadruplet,6400,0.0,True,False,,
e1/L/R5/80,L,5,quadruplet,51200,0.0,True,False,,
e1/L/R5/80,L,5,quintuplet,800,0.0,True,False,,
e1/L/R5/80,L,5,quintuplet,6400,0.1,True,False,,
e1/L/R5/80,L,5,quintuplet,51200,0.1,True,False,,
e1/L/R5/81,L,5,quadruplet,800,0.0,True,False,,
e1/L/R5/81,L,5,quadruplet,6400,0.0,True,False,,
e1/L/R5/81,L,5,quadruplet,51200,0.0,True,False,,
e1/L/R5/81,L,5,quintuplet,800,0.0,True,False,,
e1/L/R5/81,L,5,quintuplet,6400,0.0,True,False,,
e1/L/R5/81,L,5,quintuplet,51200,0.0,True,False,,
e1/L/R5/82,L,5,quadruplet,800,0.1,True,True,8.94055014124612e-06,0.007152440112996896
e1/L/R5/82,L,5,quadruplet,6400,0.6,True,True,8.94055014124612e-06,0.05721952090397517
e1/L/R5/82,L,5,quadruplet,51200,1.0,True,True,8.94055014124612e-06,0.45775616723180135
e1/L/R5/82,L,5,quintuplet,800,0.2,True,True,1.2911418393542118e-05,0.010329134714833694
e1/L/R5/82,L,5,quintuplet,6400,0.6,True,True,1.2911418393542118e-05,0.08263307771866955
e1/L/R5/82,L,5,quintuplet,51200,1.0,True,True,1.2911418393542118e-05,0.6610646217493564
e1/L/R5/83,L,5,quadruplet,800,0.8,True,True,1.4654272671854843e-05,0.011723418137483874
e1/L/R5/83,L,5,quadruplet,6400,1.0,True,True,1.4654272671854843e-05,0.093787345099871
e1/L/R5/83,L,5,quadruplet,51200,1.0,True,True,1.4654272671854843e-05,0.750298760798968
e1/L/R5/83,L,5,quintuplet,800,0.8,True,True,1.0683231404449414e-05,0.008546585123559531
e1/L/R5/83,L,5,quintuplet,6400,1.0,True,True,1.0683231404449414e-05,0.06837268098847625
e1/L/R5/83,L,5,quintuplet,51200,1.0,True,True,1.0683231404449414e-05,0.54698144790781
e1/L/R5/84,L,5,quadruplet,800,0.7,True,True,1.2619088026997743e-05,0.010095270421598196
e1/L/R5/84,L,5,quadruplet,6400,1.0,True,True,1.2619088026997743e-05,0.08076216337278556
e1/L/R5/84,L,5,quadruplet,51200,1.0,True,True,1.2619088026997743e-05,0.6460973069822845
e1/L/R5/84,L,5,quintuplet,800,0.5,True,True,8.969498519002529e-06,0.007175598815202023
e1/L/R5/84,L,5,quintuplet,6400,1.0,True,True,8.969498519002529e-06,0.057404790521616185
e1/L/R5/84,L,5,quintuplet,51200,1.0,True,True,8.969498519002529e-06,0.4592383241729295
e1/L/R5/85,L,5,quadruplet,800,0.9,True,True,4.355833425154833e-06,0.0034846667401238663
e1/L/R5/85,L,5,quadruplet,6400,0.9,True,True,4.355833425154833e-06,0.02787733392099093
e1/L/R5/85,L,5,quadruplet,51200,1.0,True,True,4.355833425154833e-06,0.22301867136792744
e1/L/R5/85,L,5,quintuplet,800,0.6,True,True,1.939837394484885e-06,0.0015518699155879078
e1/L/R5/85,L,5,quintuplet,6400,0.9,True,True,1.939837394484885e-06,0.012414959324703262
e1/L/R5/85,L,5,quintuplet,51200,1.0,True,True,1.939837394484885e-06,0.0993196745976261
e1/L/R5/86,L,5,quadruplet,800,0.1,False,,,
e1/L/R5/86,L,5,quadruplet,6400,0.0,False,,,
e1/L/R5/86,L,5,quadruplet,51200,0.0,False,,,
e1/L/R5/86,L,5,quintuplet,800,0.0,False,,,
e1/L/R5/86,L,5,quintuplet,6400,0.3,False,,,
e1/L/R5/86,L,5,quintuplet,51200,0.0,False,,,
e1/L/R5/87,L,5,quadruplet,800,0.0,True,False,,
e1/L/R5/87,L,5,quadruplet,6400,0.1,True,False,,
e1/L/R5/87,L,5,quadruplet,51200,0.1,True,False,,
e1/L/R5/87,L,5,quintuplet,800,0.0,True,True,4.82079475859278e-06,0.0038566358068742243
e1/L/R5/87,L,5,quintuplet,6400,0.2,True,True,4.82079475859278e-06,0.030853086454993794
e1/L/R5/87,L,5,quintuplet,51200,0.4,True,True,4.82079475859278e-06,0.24682469163995036
e1/L/R5/88,L,5,quadruplet,800,0.0,True,False,,
e1/L/R5/88,L,5,quadruplet,6400,0.0,True,False,,
e1/L/R5/88,L,5,quadruplet,51200,0.0,True,False,,
e1/L/R5/88,L,5,quintuplet,800,0.0,True,False,,
e1/L/R5/88,L,5,quintuplet,6400,0.0,True,False,,
e1/L/R5/88,L,5,quintuplet,51200,0.0,True,False,,
e1/L/R5/89,L,5,quadruplet,800,1.0,True,True,8.892759552597788e-06,0.00711420764207823
e1/L/R5/89,L,5,quadruplet,6400,1.0,True,True,8.892759552597788e-06,0.05691366113662584
e1/L/R5/89,L,5,quadruplet,51200,1.0,True,True,8.892759552597788e-06,0.4553092890930067
e1/L/R5/89,L,5,quintuplet,800,0.6,True,True,6.826930508771135e-06,0.0054615444070169085
e1/L/R5/89,L,5,quintuplet,6400,1.0,True,True,6.826930508771135e-06,0.04369235525613527
e1/L/R5/89,L,5,quintuplet,51200,1.0,True,True,6.826930508771135e-06,0.34953884204908214
e1/L/R5/9,L,5,quadruplet,800,0.0,False,,,
e1/L/R5/9,L,5,quadruplet,6400,0.0,False,,,
e1/L/R5/9,L,5,quadruplet,51200,0.0,False,,,
e1/L/R5/9,L,5,quintuplet,800,0.1,False,,,
e1/L/R5/9,L,5,quintuplet,6400,0.0,False,,,
e1/L/R5/9,L,5,quintuplet,51200,0.0,False,,,
e1/L/R5/9,L,5,random,800,0.0,False,,,
e1/L/R5/9,L,5,random,6400,0.0,False,,,
e1/L/R5/9,L,5,random,51200,0.0,False,,,
e1/L/R5/90,L,5,quadruplet,800,0.0,False,,,
e1/L/R5/90,L,5,quadruplet,6400,0.0,False,,,
e1/L/R5/90,L,5,quadruplet,51200,0.0,False,,,
e1/L/R5/90,L,5,quintuplet,800,0.0,False,,,
e1/L/R5/90,L,5,quintuplet,6400,0.0,False,,,
e1/L/R5/90,L,5,quintuplet,51200,0.0,False,,,
e1/L/R5/91,L,5,quadruplet,800,0.2,False,,,
e1/L/R5/91,L,5,quadruplet,6400,0.5,False,,,
e1/L/R5/91,L,5,quadruplet,51200,0.9,False,,,
e1/L/R5/91,L,5,quintuplet,800,0.4,False,,,
e1/L/R5/91,L,5,quintuplet,6400,0.4,False,,,
e1/L/R5/91,L,5,quintuplet,51200,0.9,False,,,
e1/L/R5/92,L,5,quadruplet,800,0.5,True,False,,
e1/L/R5/92,L,5,quadruplet,6400,0.6,True,False,,
e1/L/R5/92,L,5,quadruplet,51200,0.1,True,False,,
e1/L/R5/92,L,5,quintuplet,800,0.4,True,True,3.3437245745051307e-07,0.00026749796596041046
e1/L/R5/92,L,5,quintuplet,6400,0.9,True,True,3.3437245745051307e-07,0.0021399837276832837
e1/L/R5/92,L,5,quintuplet,51200,1.0,True,True,3.3437245745051307e-07,0.01711986982146627
e1/L/R5/93,L,5,quadruplet,800,0.3,False,,,
e1/L/R5/93,L,5,quadruplet,6400,0.9,False,,,
e1/L/R5/93,L,5,quadruplet,51200,0.8,False,,,
e1/L/R5/93,L,5,quintuplet,800,0.3,False,,,
e1/L/R5/93,L,5,quintuplet,6400,0.7,False,,,
e1/L/R5/93,L,5,quintuplet,51200,0.4,False,,,
e1/L/R5/94,L,5,quadruplet,800,0.0,False,,,
e1/L/R5/94,L,5,quadruplet,6400,0.0,False,,,
e1/L/R5/94,L,5,quadruplet,51200,0.0,False,,,
e1/L/R5/94,L,5,quintuplet,800,0.0,False,,,
e1/L/R5/94,L,5,quintuplet,6400,0.0,False,,,
e1/L/R5/94,L,5,quintuplet,51200,0.0,False,,,
e1/L/R5/95,L,5,quadruplet,800,0.1,True,True,1.701109127672372e-05,0.013608873021378977
e1/L/R5/95,L,5,quadruplet,6400,0.7,True,True,1.701109127672372e-05,0.10887098417103182
e1/L/R5/95,L,5,quadruplet,51200,1.0,True,True,1.701109127672372e-05,0.8709678733682545
e1/L/R5/95,L,5,quintuplet,800,0.0,True,True,1.3716347967075147e-05,0.010973078373660117
e1/L/R5/95,L,5,quintuplet,6400,0.6,True,True,1.3716347967075147e-05,0.08778462698928094
e1/L/R5/95,L,5,quintuplet,51200,1.0,True,True,1.3716347967075147e-05,0.7022770159142475
e1/L/R5/96,L,5,quadruplet,800,0.1,True,True,8.115996546314828e-06,0.006492797237051862
e1/L/R5/96,L,5,quadruplet,6400,1.0,True,True,8.115996546314828e-06,0.0519423778964149
e1/L/R5/96,L,5,quadruplet,51200,1.0,True,True,8.115996546314828e-06,0.4155390231713192
e1/L/R5/96,L,5,quintuplet,800,0.6,True,True,2.4495747180075232e-05,0.019596597744060185
e1/L/R5/96,L,5,quintuplet,6400,0.9,True,True,2.4495747180075232e-05,0.15677278195248148
e1/L/R5/96,L,5,quintuplet,51200,1.0,True,True,2.4495747180075232e-05,1.2541822556198519
e1/L/R5/97,L,5,quadruplet,800,0.0,True,False,,
e1/L/R5/97,L,5,quadruplet,6400,0.0,True,False,,
e1/L/R5/97,L,5,quadruplet,51200,0.0,True,False,,
e1/L/R5/97,L,5,quintuplet,800,0.0,True,False,,
e1/L/R5/97,L,5,quintuplet,6400,0.0,True,False,,
e1/L/R5/97,L,5,quintuplet,51200,0.0,True,False,,
e1/L/R5/98,L,5,quadruplet,800,0.0,True,False,,
e1/L/R5/98,L,5,quadruplet,6400,0.0,True,False,,
e1/L/R5/98,L,5,quadruplet,51200,0.0,True,False,,
e1/L/R5/98,L,5,quintuplet,800,0.0,True,False,,
e1/L/R5/98,L,5,quintuplet,6400,0.0,True,False,,
e1/L/R5/98,L,5,quintuplet,51200,0.0,True,False,,
e1/L/R5/99,L,5,quadruplet,800,0.1,True,False,,
e1/L/R5/99,L,5,quadruplet,6400,0.0,True,False,,
e1/L/R5/99,L,5,quadruplet,51200,0.0,True,False,,
e1/L/R5/99,L,5,quintuplet,800,0.1,True,True,6.644251725861815e-09,5.315401380689452e-06
e1/L/R5/99,L,5,quintuplet,6400,0.6,True,True,6.644251725861815e-09,4.252321104551562e-05
e1/L/R5/99,L,5,quintuplet,51200,0.6,True,True,6.644251725861815e-09,0.00034018568836412493
e1/W/R1/0,W,1,quadruplet,800,0.3,False,,,
e1/W/R1/0,W,1,quadruplet,6400,0.9,False,,,
e1/W/R1/0,W,1,quadruplet,51200,1.0,False,,,
e1/W/R1/0,W,1,quintuplet,800,0.3,False,,,
e1/W/R1/0,W,1,quintuplet,6400,1.0,False,,,
e1/W/R1/0,W,1,quintuplet,51200,1.0,False,,,
e1/W/R1/0,W,1,random,800,0.0,False,,,
e1/W/R1/0,W,1,random,6400,0.0,False,,,
e1/W/R1/0,W,1,random,51200,0.0,False,,,
e1/W/R1/1,W,1,quadruplet,800,0.6,False,,,
e1/W/R1/1,W,1,quadruplet,6400,1.0,False,,,
e1/W/R1/1,W,1,quadruplet,51200,1.0,False,,,
e1/W/R1/1,W,1,quintuplet,800,0.8,False,,,
e1/W/R1/1,W,1,quintuplet,6400,1.0,False,,,
e1/W/R1/1,W,1,quintuplet,51200,1.0,False,,,
e1/W/R1/1,W,1,random,800,0.0,False,,,
e1/W/R1/1,W,1,random,6400,0.0,False,,,
e1/W/R1/1,W,1,random,51200,0.0,False,,,
e1/W/R1/10,W,1,quadruplet,800,0.4,False,,,
e1/W/R1/10,W,1,quadruplet,6400,0.7,False,,,
e1/W/R1/10,W,1,quadruplet,51200,0.9,False,,,
e1/W/R1/10,W,1,quintuplet,800,0.5,False,,,
e1/W/R1/10,W,1,quintuplet,6400,0.9,False,,,
e1/W/R1/10,W,1,quintuplet,51200,1.0,False,,,
e1/W/R1/11,W,1,quadruplet,800,0.0,False,,,
e1/W/R1/11,W,1,quadruplet,6400,0.1,False,,,
e1/W/R1/11,W,1,quadruplet,51200,0.3,False,,,
e1/W/R1/11,W,1,quintuplet,800,0.4,False,,,
e1/W/R1/11,W,1,quintuplet,6400,0.7,False,,,
e1/W/R1/11,W,1,quintuplet,51200,1.0,False,,,
e1/W/R1/12,W,1,quadruplet,800,0.5,True,True,1.4676918595084047e-05,0.011741534876067238
e1/W/R1/12,W,1,quadruplet,6400,1.0,True,True,1.4676918595084047e-05,0.0939322790085379
e1/W/R1/12,W,1,quadruplet,51200,1.0,True,True,1.4676918595084047e-05,0.7514582320683032
e1/W/R1/12,W,1,quintuplet,800,0.4,True,True,8.917810675874003e-06,0.007134248540699203
e1/W/R1/12,W,1,quintuplet,6400,1.0,True,True,8.917810675874003e-06,0.05707398832559362
e1/W/R1/12,W,1,quintuplet,51200,1.0,True,True,8.917810675874003e-06,0.45659190660474896
e1/W/R1/13,W,1,quadruplet,800,0.0,True,True,2.3837013717139386e-05,0.019069610973711508
e1/W/R1/13,W,1,quadruplet,6400,0.3,True,True,2.3837013717139386e-05,0.15255688778969206
e1/W/R1/13,W,1,quadruplet,51200,1.0,True,True,2.3837013717139386e-05,1.2204551023175365
e1/W/R1/13,W,1,quintuplet,800,0.0,True,True,3.2933184149866835e-05,0.026346547319893467
e1/W/R1/13,W,1,quintuplet,6400,0.5,True,True,3.2933184149866835e-05,0.21077237855914774
e1/W/R1/13,W,1,quintuplet,51200,1.0,True,True,3.2933184149866835e-05,1.686179028473182
e1/W/R1/14,W,1,quadruplet,800,0.0,False,,,
e1/W/R1/14,W,1,quadruplet,6400,0.0,False,,,
e1/W/R1/14,W,1,quadruplet,51200,0.0,False,,,
e1/W/R1/14,W,1,quintuplet,800,0.0,False,,,
e1/W/R1/14,W,1,quintuplet,6400,0.0,False,,,
e1/W/R1/14,W,1,quintuplet,51200,0.0,False,,,
e1/W/R1/15,W,1,quadruplet,800,0.3,True,True,5.751063114420843e-06,0.004600850491536674
e1/W/R1/15,W,1,quadruplet,6400,0.9,True,True,5.751063114420843e-06,0.036806803932293394
e1/W/R1/15,W,1,quadruplet,51200,1.0,True,True,5.751063114420843e-06,0.29445443145834715
e1/W/R1/15,W,1,quintuplet,800,0.2,True,True,2.9377445966079717e-06,0.0023501956772863774
e1/W/R1/15,W,1,quintuplet,6400,0.8,True,True,2.9377445966079717e-06,0.01880156541829102
e1/W/R1/15,W,1,quintuplet,51200,1.0,True,True,2.9377445966079717e-06,0.15041252334632815
e1/W/R1/16,W,1,quadruplet,800,0.0,False,,,
e1/W/R1/16,W,1,quadruplet,6400,0.0,False,,,
e1/W/R1/16,W,1,quadruplet,51200,0.0,False,,,
e1/W/R1/16,W,1,quintuplet,800,0.0,False,,,
e1/W/R1/16,W,1,quintuplet,6400,0.2,False,,,
e1/W/R1/16,W,1,quintuplet,51200,0.9,False,,,
e1/W/R1/17,W,1,quadruplet,800,0.4,False,,,
e1/W/R1/17,W,1,quadruplet,6400,1.0,False,,,
e1/W/R1/17,W,1,quadruplet,51200,1.0,False,,,
e1/W/R1/17,W,1,quintuplet,800,0.3,False,,,
e1/W/R1/17,W,1,quintuplet,6400,1.0,False,,,
e1/W/R1/17,W,1,quintuplet,51200,1.0,False,,,
e1/W/R1/18,W,1,quadruplet,800,0.6,False,,,
e1/W/R1/18,W,1,quadruplet,6400,0.9,False,,,
e1/W/R1/18,W,1,quadruplet,51200,1.0,False,,,
e1/W/R1/18,W,1,quintuplet,800,0.4,False,,,
e1/W/R1/18,W,1,quintuplet,6400,0.8,False,,,
e1/W/R1/18,W,1,quintuplet,51200,1.0,False,,,
e1/W/R1/19,W,1,quadruplet,800,0.1,True,True,0.00012059912100437293,0.09647929680349834
e1/W/R1/19,W,1,quadruplet,6400,0.8,True,True,0.00012059912100437293,0.7718343744279867
e1/W/R1/19,W,1,quadruplet,51200,1.0,True,True,0.00012059912100437293,6.174674995423894
e1/W/R1/19,W,1,quintuplet,800,0.2,True,True,4.469205708815451e-05,0.03575364567052361
e1/W/R1/19,W,1,quintuplet,6400,0.5,True,True,4.469205708815451e-05,0.2860291653641889
e1/W/R1/19,W,1,quintuplet,51200,1.0,True,True,4.469205708815451e-05,2.288233322913511
e1/W/R1/2,W,1,quadruplet,800,0.0,False,,,
e1/W/R1/2,W,1,quadruplet,6400,0.0,False,,,
e1/W/R1/2,W,1,quadruplet,51200,0.0,False,,,
e1/W/R1/2,W,1,quintuplet,800,0.0,False,,,
e1/W/R1/2,W,1,quintuplet,6400,0.0,False,,,
e1/W/R1/2,W,1,quintuplet,51200,0.0,False,,,
e1/W/R1/2,W,1,random,800,0.0,False,,,
e1/W/R1/2,W,1,random,6400,0.0,False,,,
e1/W/R1/2,W,1,random,51200,0.0,False,,,
e1/W/R1/20,W,1,quadruplet,800,0.0,False,,,
e1/W/R1/20,W,1,quadruplet,6400,0.0,False,,,
e1/W/R1/20,W,1,quadruplet,51200,0.0,False,,,
e1/W/R1/20,W,1,quintuplet,800,0.1,False,,,
e1/W/R1/20,W,1,quintuplet,6400,0.2,False,,,
e1/W/R1/20,W,1,quintuplet,51200,0.1,False,,,
e1/W/R1/21,W,1,quadruplet,800,0.0,False,,,
e1/W/R1/21,W,1,quadruplet,6400,0.0,False,,,
e1/W/R1/21,W,1,quadruplet,51200,0.0,False,,,
e1/W/R1/21,W,1,quintuplet,800,0.0,False,,,
e1/W/R1/21,W,1,quintuplet,6400,0.1,False,,,
e1/W/R1/21,W,1,quintuplet,51200,0.0,False,,,
e1/W/R1/22,W,1,quadruplet,800,0.3,True,True,3.224506247480442e-05,0.025796049979843534
e1/W/R1/22,W,1,quadruplet,6400,0.8,True,True,3.224506247480442e-05,0.20636839983874827
e1/W/R1/22,W,1,quadruplet,51200,1.0,True,True,3.224506247480442e-05,1.6509471987099862
e1/W/R1/22,W,1,quintuplet,800,0.3,True,True,4.668724796180909e-05,0.03734979836944727
e1/W/R1/22,W,1,quintuplet,6400,0.8,True,True,4.668724796180909e-05,0.29879838695557814
e1/W/R1/22,W,1,quintuplet,51200,1.0,True,True,4.668724796180909e-05,2.390387095644625
e1/W/R1/23,W,1,quadruplet,800,0.0,False,,,
e1/W/R1/23,W,1,quadruplet,6400,0.0,False,,,
e1/W/R1/23,W,1,quadruplet,51200,0.0,False,,,
e1/W/R1/23,W,1,quintuplet,800,0.1,False,,,
e1/W/R1/23,W,1,quintuplet,6400,0.0,False,,,
e1/W/R1/23,W,1,quintuplet,51200,0.1,False,,,
e1/W/R1/24,W,1,quadruplet,800,0.4,False,,,
e1/W/R1/24,W,1,quadruplet,6400,0.9,False,,,
e1/W/R1/24,W,1,quadruplet,51200,1.0,False,,,
e1/W/R1/24,W,1,quintuplet,800,0.3,False,,,
e1/W/R1/24,W,1,quintuplet,6400,1.0,False,,,
e1/W/R1/24,W,1,quintuplet,51200,1.0,False,,,
e1/W/R1/25,W,1,quadruplet,800,0.1,False,,,
e1/W/R1/25,W,1,quadruplet,6400,0.4,False,,,
e1/W/R1/25,W,1,quadruplet,51200,0.2,False,,,
e1/W/R1/25,W,1,quintuplet,800,0.3,False,,,
e1/W/R1/25,W,1,quintuplet,6400,0.8,False,,,
e1/W/R1/25,W,1,quintuplet,51200,1.0,False,,,
e1/W/R1/26,W,1,quadruplet,800,0.6,True,True,7.415998865551099e-06,0.0059327990924408795
e1/W/R1/26,W,1,quadruplet,6400,1.0,True,True,7.415998865551099e-06,0.047462392739527036
e1/W/R1/26,W,1,quadruplet,51200,1.0,True,True,7.415998865551099e-06,0.3796991419162163
e1/W/R1/26,W,1,quintuplet,800,0.6,True,True,1.1158607224772369e-05,0.008926885779817895
e1/W/R1/26,W,1,quintuplet,6400,1.0,True,True,1.1158607224772369e-05,0.07141508623854316
e1/W/R1/26,W,1,quintuplet,51200,1.0,True,True,1.1158607224772369e-05,0.5713206899083453
e1/W/R1/27,W,1,quadruplet,800,0.1,False,,,
e1/W/R1/27,W,1,quadruplet,6400,0.0,False,,,
e1/W/R1/27,W,1,quadruplet,51200,0.0,False,,,
e1/W/R1/27,W,1,quintuplet,800,0.0,False,,,
e1/W/R1/27,W,1,quintuplet,6400,0.4,False,,,
e1/W/R1/27,W,1,quintuplet,51200,0.6,False,,,
e1/W/R1/28,W,1,quadruplet,800,0.4,False,,,
e1/W/R1/28,W,1,quadruplet,6400,1.0,False,,,
e1/W/R1/28,W,1,quadruplet,51200,1.0,False,,,
e1/W/R1/28,W,1,quintuplet,800,0.5,False,,,
e1/W/R1/28,W,1,quintuplet,6400,1.0,False,,,
e1/W/R1/28,W,1,quintuplet,51200,1.0,False,,,
e1/W/R1/29,W,1,quadruplet,800,0.3,False,,,
e1/W/R1/29,W,1,quadruplet,6400,0.9,False,,,
e1/W/R1/29,W,1,quadruplet,51200,1.0,False,,,
e1/W/R1/29,W,1,quintuplet,800,0.2,False,,,
e1/W/R1/29,W,1,quintuplet,6400,0.9,False,,,
e1/W/R1/29,W,1,quintuplet,51200,1.0,False,,,
e1/W/R1/3,W,1,quadruplet,800,0.3,False,,,
e1/W/R1/3,W,1,quadruplet,6400,1.0,False,,,
e1/W/R1/3,W,1,quadruplet,51200,1.0,False,,,
e1/W/R1/3,W,1,quintuplet,800,0.3,False,,,
e1/W/R1/3,W,1,quintuplet,6400,0.8,False,,,
e1/W/R1/3,W,1,quintuplet,51200,1.0,False,,,
e1/W/R1/3,W,1,random,800,0.0,False,,,
e1/W/R1/3,W,1,random,6400,0.0,False,,,
e1/W/R1/3,W,1,random,51200,0.0,False,,,
e1/W/R1/30,W,1,quadruplet,800,0.3,False,,,
e1/W/R1/30,W,1,quadruplet,6400,0.9,False,,,
e1/W/R1/30,W,1,quadruplet,51200,1.0,False,,,
e1/W/R1/30,W,1,quintuplet,800,0.4,False,,,
e1/W/R1/30,W,1,quintuplet,6400,1.0,False,,,
e1/W/R1/30,W,1,quintuplet,51200,1.0,False,,,
e1/W/R1/31,W,1,quadruplet,800,0.2,False,,,
e1/W/R1/31,W,1,quadruplet,6400,0.8,False,,,
e1/W/R1/31,W,1,quadruplet,51200,1.0,False,,,
e1/W/R1/31,W,1,quintuplet,800,0.2,False,,,
e1/W/R1/31,W,1,quintuplet,6400,0.7,False,,,
e1/W/R1/31,W,1,quintuplet,51200,1.0,False,,,
e1/W/R1/32,W,1,quadruplet,800,0.1,False,,,
e1/W/R1/32,W,1,quadruplet,6400,0.0,False,,,
e1/W/R1/32,W,1,quadruplet,51200,0.0,False,,,
e1/W/R1/32,W,1,quintuplet,800,0.3,False,,,
e1/W/R1/32,W,1,quintuplet,6400,0.2,False,,,
e1/W/R1/32,W,1,quintuplet,51200,0.8,False,,,
e1/W/R1/33,W,1,quadruplet,800,0.0,True,False,,
e1/W/R1/33,W,1,quadruplet,6400,0.0,True,False,,
e1/W/R1/33,W,1,quadruplet,51200,0.0,True,False,,
e1/W/R1/33,W,1,quintuplet,800,0.0,True,False,,
e1/W/R1/33,W,1,quintuplet,6400,0.0,True,False,,
e1/W/R1/33,W,1,quintuplet,51200,0.0,True,False,,
e1/W/R1/34,W,1,quadruplet,800,0.4,False,,,
e1/W/R1/34,W,1,quadruplet,6400,0.7,False,,,
e1/W/R1/34,W,1,quadruplet,51200,1.0,False,,,
e1/W/R1/34,W,1,quintuplet,800,0.7,False,,,
e1/W/R1/34,W,1,quintuplet,6400,0.9,False,,,
e1/W/R1/34,W,1,quintuplet,51200,1.0,False,,,
e1/W/R1/35,W,1,quadruplet,800,0.0,False,,,
e1/W/R1/35,W,1,quadruplet,6400,0.0,False,,,
e1/W/R1/35,W,1,quadruplet,51200,0.0,False,,,
e1/W/R1/35,W,1,quintuplet,800,0.2,False,,,
e1/W/R1/35,W,1,quintuplet,6400,0.0,False,,,
e1/W/R1/35,W,1,quintuplet,51200,0.0,False,,,
e1/W/R1/36,W,1,quadruplet,800,0.0,False,,,
e1/W/R1/36,W,1,quadruplet,6400,0.0,False,,,
e1/W/R1/36,W,1,quadruplet,51200,0.0,False,,,
e1/W/R1/36,W,1,quintuplet,800,0.2,False,,,
e1/W/R1/36,W,1,quintuplet,6400,0.0,False,,,
e1/W/R1/36,W,1,quintuplet,51200,0.0,False,,,
e1/W/R1/37,W,1,quadruplet,800,0.0,False,,,
e1/W/R1/37,W,1,quadruplet,6400,0.0,False,,,
e1/W/R1/37,W,1,quadruplet,51200,0.0,False,,,
e1/W/R1/37,W,1,quintuplet,800,0.0,False,,,
e1/W/R1/37,W,1,quintuplet,6400,0.3,False,,,
e1/W/R1/37,W,1,quintuplet,51200,0.6,False,,,
e1/W/R1/38,W,1,quadruplet,800,0.6,False,,,
e1/W/R1/38,W,1,quadruplet,6400,1.0,False,,,
e1/W/R1/38,W,1,quadruplet,51200,1.0,False,,,
e1/W/R1/38,W,1,quintuplet,800,0.3,False,,,
e1/W/R1/38,W,1,quintuplet,6400,1.0,False,,,
e1/W/R1/38,W,1,quintuplet,51200,1.0,False,,,
e1/W/R1/39,W,1,quadruplet,800,0.7,False,,,
e1/W/R1/39,W,1,quadruplet,6400,1.0,False,,,
e1/W/R1/39,W,1,quadruplet,51200,1.0,False,,,
e1/W/R1/39,W,1,quintuplet,800,0.8,False,,,
e1/W/R1/39,W,1,quintuplet,6400,0.9,False,,,
e1/W/R1/39,W,1,quintuplet,51200,1.0,False,,,
e1/W/R1/4,W,1,quadruplet,800,0.8,True,True,1.5664318756897858e-05,0.012531455005518286
e1/W/R1/4,W,1,quadruplet,6400,1.0,True,True,1.5664318756897858e-05,0.10025164004414629
e1/W/R1/4,W,1,quadruplet,51200,1.0,True,True,1.5664318756897858e-05,0.8020131203531703
e1/W/R1/4,W,1,quintuplet,800,0.5,True,True,1.1756772114976594e-05,0.009405417691981275
e1/W/R1/4,W,1,quintuplet,6400,1.0,True,True,1.1756772114976594e-05,0.0752433415358502
e1/W/R1/4,W,1,quintuplet,51200,1.0,True,True,1.1756772114976594e-05,0.6019467322868016
e1/W/R1/4,W,1,random,800,0.0,True,False,,
e1/W/R1/4,W,1,random,6400,0.0,True,False,,
e1/W/R1/4,W,1,random,51200,0.0,True,False,,
e1/W/R1/40,W,1,quadruplet,800,0.1,True,True,0.00012059912100438514,0.09647929680350811
e1/W/R1/40,W,1,quadruplet,6400,0.5,True,True,0.00012059912100438514,0.7718343744280649
e1/W/R1/40,W,1,quadruplet,51200,1.0,True,True,0.00012059912100438514,6.174674995424519
e1/W/R1/40,W,1,quintuplet,800,0.0,True,True,4.469205708815652e-05,0.03575364567052522
e1/W/R1/40,W,1,quintuplet,6400,0.3,True,True,4.469205708815652e-05,0.28602916536420175
e1/W/R1/40,W,1,quintuplet,51200,1.0,True,True,4.469205708815652e-05,2.288233322913614
e1/W/R1/41,W,1,quadruplet,800,0.5,False,,,
e1/W/R1/41,W,1,quadruplet,6400,0.9,False,,,
e1/W/R1/41,W,1,quadruplet,51200,1.0,False,,,
e1/W/R1/41,W,1,quintuplet,800,0.6,False,,,
e1/W/R1/41,W,1,quintuplet,6400,0.9,False,,,
e1/W/R1/41,W,1,quintuplet,51200,1.0,False,,,
e1/W/R1/42,W,1,quadruplet,800,0.0,False,,,
e1/W/R1/42,W,1,quadruplet,6400,0.2,False,,,
e1/W/R1/42,W,1,quadruplet,51200,0.4,False,,,
e1/W/R1/42,W,1,quintuplet,800,0.1,False,,,
e1/W/R1/42,W,1,quintuplet,6400,0.5,False,,,
e1/W/R1/42,W,1,quintuplet,51200,1.0,False,,,
e1/W/R1/43,W,1,quadruplet,800,0.2,True,True,3.3030280509660646e-05,0.026424224407728517
e1/W/R1/43,W,1,quadruplet,6400,0.9,True,True,3.3030280509660646e-05,0.21139379526182814
e1/W/R1/43,W,1,quadruplet,51200,1.0,True,True,3.3030280509660646e-05,1.691150362094625
e1/W/R1/43,W,1,quintuplet,800,0.3,True,True,4.7655924227084185e-05,0.03812473938166735
e1/W/R1/43,W,1,quintuplet,6400,0.7,True,True,4.7655924227084185e-05,0.3049979150533388
e1/W/R1/43,W,1,quintuplet,51200,1.0,True,True,4.7655924227084185e-05,2.4399833204267103
e1/W/R1/44,W,1,quadruplet,800,0.0,False,,,
e1/W/R1/44,W,1,quadruplet,6400,0.0,False,,,
e1/W/R1/44,W,1,quadruplet,51200,0.0,False,,,
e1/W/R1/44,W,1,quintuplet,800,0.1,False,,,
e1/W/R1/44,W,1,quintuplet,6400,0.1,False,,,
e1/W/R1/44,W,1,quintuplet,51200,0.1,False,,,
e1/W/R1/45,W,1,quadruplet,800,0.0,False,,,
e1/W/R1/45,W,1,quadruplet,6400,0.0,False,,,
e1/W/R1/45,W,1,quadruplet,51200,0.0,False,,,
e1/W/R1/45,W,1,quintuplet,800,0.1,False,,,
e1/W/R1/45,W,1,quintuplet,6400,0.0,False,,,
e1/W/R1/45,W,1,quintuplet,51200,0.0,False,,,
e1/W/R1/46,W,1,quadruplet,800,0.5,False,,,
e1/W/R1/46,W,1,quadruplet,6400,1.0,False,,,
e1/W/R1/46,W,1,quadruplet,51200,1.0,False,,,
e1/W/R1/46,W,1,quintuplet,800,0.7,False,,,
e1/W/R1/46,W,1,quintuplet,6400,1.0,False,,,
e1/W/R1/46,W,1,quintuplet,51200,1.0,False,,,
e1/W/R1/47,W,1,quadruplet,800,0.1,True,True,2.383701371713493e-05,0.019069610973707945
e1/W/R1/47,W,1,quadruplet,6400,0.5,True,True,2.383701371713493e-05,0.15255688778966356
e1/W/R1/47,W,1,quadruplet,51200,0.9,True,True,2.383701371713493e-05,1.2204551023173085
e1/W/R1/47,W,1,quintuplet,800,0.1,True,True,3.2933184149864606e-05,0.026346547319891684
e1/W/R1/47,W,1,quintuplet,6400,0.6,True,True,3.2933184149864606e-05,0.21077237855913347
e1/W/R1/47,W,1,quintuplet,51200,1.0,True,True,3.2933184149864606e-05,1.6861790284730678
e1/W/R1/48,W,1,quadruplet,800,0.0,False,,,
e1/W/R1/48,W,1,quadruplet,6400,0.4,False,,,
e1/W/R1/48,W,1,quadruplet,51200,1.0,False,,,
e1/W/R1/48,W,1,quintuplet,800,0.0,False,,,
e1/W/R1/48,W,1,quintuplet,6400,0.9,False,,,
e1/W/R1/48,W,1,quintuplet,51200,1.0,False,,,
e1/W/R1/49,W,1,quadruplet,800,0.1,False,,,
e1/W/R1/49,W,1,quadruplet,6400,0.1,False,,,
e1/W/R1/49,W,1,quadruplet,51200,0.0,False,,,
e1/W/R1/49,W,1,quintuplet,800,0.6,False,,,
e1/W/R1/49,W,1,quintuplet,6400,1.0,False,,,
e1/W/R1/49,W,1,quintuplet,51200,1.0,False,,,
e1/W/R1/5,W,1,quadruplet,800,0.2,False,,,
e1/W/R1/5,W,1,quadruplet,6400,0.6,False,,,
e1/W/R1/5,W,1,quadruplet,51200,1.0,False,,,
e1/W/R1/5,W,1,quintuplet,800,0.3,False,,,
e1/W/R1/5,W,1,quintuplet,6400,1.0,False,,,
e1/W/R1/5,W,1,quintuplet,51200,1.0,False,,,
e1/W/R1/5,W,1,random,800,0.0,False,,,
e1/W/R1/5,W,1,random,6400,0.0,False,,,
e1/W/R1/5,W,1,random,51200,0.0,False,,,
e1/W/R1/50,W,1,quadruplet,800,0.4,True,True,1.4676918595082874e-05,0.011741534876066299
e1/W/R1/50,W,1,quadruplet,6400,1.0,True,True,1.4676918595082874e-05,0.09393227900853039
e1/W/R1/50,W,1,quadruplet,51200,1.0,True,True,1.4676918595082874e-05,0.7514582320682431
e1/W/R1/50,W,1,quintuplet,800,0.2,True,True,8.917810675873864e-06,0.007134248540699091
e1/W/R1/50,W,1,quintuplet,6400,1.0,True,True,8.917810675873864e-06,0.057073988325592726
e1/W/R1/50,W,1,quintuplet,51200,1.0,True,True,8.917810675873864e-06,0.4565919066047418
e1/W/R1/51,W,1,quadruplet,800,0.0,False,,,
e1/W/R1/51,W,1,quadruplet,6400,0.0,False,,,
e1/W/R1/51,W,1,quadruplet,51200,0.0,False,,,
e1/W/R1/51,W,1,quintuplet,800,0.3,False,,,
e1/W/R1/51,W,1,quintuplet,6400,0.3,False,,,
e1/W/R1/51,W,1,quintuplet,51200,0.4,False,,,
e1/W/R1/52,W,1,quadruplet,800,0.4,False,,,
e1/W/R1/52,W,1,quadruplet,6400,0.4,False,,,
e1/W/R1/52,W,1,quadruplet,51200,0.5,False,,,
e1/W/R1/52,W,1,quintuplet,800,0.6,False,,,
e1/W/R1/52,W,1,quintuplet,6400,1.0,False,,,
e1/W/R1/52,W,1,quintuplet,51200,1.0,False,,,
e1/W/R1/53,W,1,quadruplet,800,0.2,False,,,
e1/W/R1/53,W,1,quadruplet,6400,0.0,False,,,
e1/W/R1/53,W,1,quadruplet,51200,0.2,False,,,
e1/W/R1/53,W,1,quintuplet,800,0.3,False,,,
e1/W/R1/53,W,1,quintuplet,6400,0.1,False,,,
e1/W/R1/53,W,1,quintuplet,51200,0.2,False,,,
e1/W/R1/54,W,1,quadruplet,800,0.1,False,,,
e1/W/R1/54,W,1,quadruplet,6400,0.0,False,,,
e1/W/R1/54,W,1,quadruplet,51200,0.0,False,,,
e1/W/R1/54,W,1,quintuplet,800,0.2,False,,,
e1/W/R1/54,W,1,quintuplet,6400,0.4,False,,,
e1/W/R1/54,W,1,quintuplet,51200,0.8,False,,,
e1/W/R1/55,W,1,quadruplet,800,0.5,False,,,
e1/W/R1/55,W,1,quadruplet,6400,0.9,False,,,
e1/W/R1/55,W,1,quadruplet,51200,1.0,False,,,
e1/W/R1/55,W,1,quintuplet,800,0.2,False,,,
e1/W/R1/55,W,1,quintuplet,6400,1.0,False,,,
e1/W/R1/55,W,1,quintuplet,51200,1.0,False,,,
e1/W/R1/56,W,1,quadruplet,800,0.8,True,True,1.566431875689609e-05,0.012531455005516872
e1/W/R1/56,W,1,quadruplet,6400,1.0,True,True,1.566431875689609e-05,0.10025164004413498
e1/W/R1/56,W,1,quadruplet,51200,1.0,True,True,1.566431875689609e-05,0.8020131203530798
e1/W/R1/56,W,1,quintuplet,800,0.5,True,True,1.175677211497577e-05,0.009405417691980616
e1/W/R1/56,W,1,quintuplet,6400,1.0,True,True,1.175677211497577e-05,0.07524334153584493
e1/W/R1/56,W,1,quintuplet,51200,1.0,True,True,1.175677211497577e-05,0.6019467322867594
e1/W/R1/57,W,1,quadruplet,800,0.3,False,,,
e1/W/R1/57,W,1,quadruplet,6400,1.0,False,,,
e1/W/R1/57,W,1,quadruplet,51200,1.0,False,,,
e1/W/R1/57,W,1,quintuplet,800,0.4,False,,,
e1/W/R1/57,W,1,quintuplet,6400,1.0,False,,,
e1/W/R1/57,W,1,quintuplet,51200,1.0,False,,,
e1/W/R1/58,W,1,quadruplet,800,0.0,False,,,
e1/W/R1/58,W,1,quadruplet,6400,0.0,False,,,
e1/W/R1/58,W,1,quadruplet,51200,0.0,False,,,
e1/W/R1/58,W,1,quintuplet,800,0.0,False,,,
e1/W/R1/58,W,1,quintuplet,6400,0.0,False,,,
e1/W/R1/58,W,1,quintuplet,51200,0.0,False,,,
e1/W/R1/59,W,1,quadruplet,800,0.0,False,,,
e1/W/R1/59,W,1,quadruplet,6400,0.0,False,,,
e1/W/R1/59,W,1,quadruplet,51200,0.0,False,,,
e1/W/R1/59,W,1,quintuplet,800,0.1,False,,,
e1/W/R1/59,W,1,quintuplet,6400,0.3,False,,,
e1/W/R1/59,W,1,quintuplet,51200,0.3,False,,,
e1/W/R1/6,W,1,quadruplet,800,0.7,True,True,9.708046676289388e-06,0.00776643734103151
e1/W/R1/6,W,1,quadruplet,6400,1.0,True,True,9.708046676289388e-06,0.06213149872825208
e1/W/R1/6,W,1,quadruplet,51200,1.0,True,True,9.708046676289388e-06,0.4970519898260166
e1/W/R1/6,W,1,quintuplet,800,0.7,True,True,1.3711723580794652e-05,0.01096937886463572
e1/W/R1/6,W,1,quintuplet,6400,1.0,True,True,1.3711723580794652e-05,0.08775503091708577
e1/W/R1/6,W,1,quintuplet,51200,1.0,True,True,1.3711723580794652e-05,0.7020402473366861
e1/W/R1/6,W,1,random,800,0.0,True,False,,
e1/W/R1/6,W,1,random,6400,0.0,True,False,,
e1/W/R1/6,W,1,random,51200,0.0,True,False,,
e1/W/R1/60,W,1,quadruplet,800,0.0,True,False,,
e1/W/R1/60,W,1,quadruplet,6400,0.0,True,False,,
e1/W/R1/60,W,1,quadruplet,51200,0.0,True,False,,
e1/W/R1/60,W,1,quintuplet,800,0.1,True,True,3.7607180464324685e-05,0.03008574437145975
e1/W/R1/60,W,1,quintuplet,6400,0.1,True,True,3.7607180464324685e-05,0.240685954971678
e1/W/R1/60,W,1,quintuplet,51200,0.9,True,True,3.7607180464324685e-05,1.925487639773424
e1/W/R1/61,W,1,quadruplet,800,0.0,False,,,
e1/W/R1/61,W,1,quadruplet,6400,0.0,False,,,
e1/W/R1/61,W,1,quadruplet,51200,0.0,False,,,
e1/W/R1/61,W,1,quintuplet,800,0.0,False,,,
e1/W/R1/61,W,1,quintuplet,6400,0.0,False,,,
e1/W/R1/61,W,1,quintuplet,51200,0.0,False,,,
e1/W/R1/62,W,1,quadruplet,800,0.0,True,False,,
e1/W/R1/62,W,1,quadruplet,6400,0.0,True,False,,
e1/W/R1/62,W,1,quadruplet,51200,0.0,True,False,,
e1/W/R1/62,W,1,quintuplet,800,0.0,True,True,3.721143671316375e-06,0.0029769149370531
e1/W/R1/62,W,1,quintuplet,6400,0.1,True,True,3.721143671316375e-06,0.0238153194964248
e1/W/R1/62,W,1,quintuplet,51200,0.3,True,True,3.721143671316375e-06,0.1905225559713984
e1/W/R1/63,W,1,quadruplet,800,0.6,False,,,
e1/W/R1/63,W,1,quadruplet,6400,1.0,False,,,
e1/W/R1/63,W,1,quadruplet,51200,1.0,False,,,
e1/W/R1/63,W,1,quintuplet,800,0.7,False,,,
e1/W/R1/63,W,1,quintuplet,6400,1.0,False,,,
e1/W/R1/63,W,1,quintuplet,51200,1.0,False,,,
e1/W/R1/64,W,1,quadruplet,800,0.0,True,True,0.00012059912100437865,0.09647929680350292
e1/W/R1/64,W,1,quadruplet,6400,0.3,True,True,0.00012059912100437865,0.7718343744280234
e1/W/R1/64,W,1,quadruplet,51200,1.0,True,True,0.00012059912100437865,6.174674995424187
e1/W/R1/64,W,1,quintuplet,800,0.0,True,True,4.469205708815248e-05,0.035753645670521986
e1/W/R1/64,W,1,quintuplet,6400,0.2,True,True,4.469205708815248e-05,0.2860291653641759
e1/W/R1/64,W,1,quintuplet,51200,0.9,True,True,4.469205708815248e-05,2.288233322913407
e1/W/R1/65,W,1,quadruplet,800,0.6,False,,,
e1/W/R1/65,W,1,quadruplet,6400,0.9,False,,,
e1/W/R1/65,W,1,quadruplet,51200,1.0,False,,,
e1/W/R1/65,W,1,quintuplet,800,0.4,False,,,
e1/W/R1/65,W,1,quintuplet,6400,0.7,False,,,
e1/W/R1/65,W,1,quintuplet,51200,1.0,False,,,
e1/W/R1/66,W,1,quadruplet,800,0.1,False,,,
e1/W/R1/66,W,1,quadruplet,6400,0.7,False,,,
e1/W/R1/66,W,1,quadruplet,51200,1.0,False,,,
e1/W/R1/66,W,1,quintuplet,800,0.2,False,,,
e1/W/R1/66,W,1,quintuplet,6400,0.8,False,,,
e1/W/R1/66,W,1,quintuplet,51200,1.0,False,,,
e1/W/R1/67,W,1,quadruplet,800,0.5,False,,,
e1/W/R1/67,W,1,quadruplet,6400,1.0,False,,,
e1/W/R1/67,W,1,quadruplet,51200,1.0,False,,,
e1/W/R1/67,W,1,quintuplet,800,0.5,False,,,
e1/W/R1/67,W,1,quintuplet,6400,1.0,False,,,
e1/W/R1/67,W,1,quintuplet,51200,1.0,False,,,
e1/W/R1/68,W,1,quadruplet,800,0.2,True,True,0.00012059912100440286,0.09647929680352228
e1/W/R1/68,W,1,quadruplet,6400,0.5,True,True,0.00012059912100440286,0.7718343744281783
e1/W/R1/68,W,1,quadruplet,51200,1.0,True,True,0.00012059912100440286,6.174674995425426
e1/W/R1/68,W,1,quintuplet,800,0.0,True,True,4.469205708815787e-05,0.035753645670526295
e1/W/R1/68,W,1,quintuplet,6400,0.1,True,True,4.469205708815787e-05,0.28602916536421036
e1/W/R1/68,W,1,quintuplet,51200,1.0,True,True,4.469205708815787e-05,2.288233322913683
e1/W/R1/69,W,1,quadruplet,800,0.5,False,,,
e1/W/R1/69,W,1,quadruplet,6400,0.9,False,,,
e1/W/R1/69,W,1,quadruplet,51200,1.0,False,,,
e1/W/R1/69,W,1,quintuplet,800,0.2,False,,,
e1/W/R1/69,W,1,quintuplet,6400,0.9,False,,,
e1/W/R1/69,W,1,quintuplet,51200,1.0,False,,,
e1/W/R1/7,W,1,quadruplet,800,0.2,False,,,
e1/W/R1/7,W,1,quadruplet,6400,0.6,False,,,
e1/W/R1/7,W,1,quadruplet,51200,0.8,False,,,
e1/W/R1/7,W,1,quintuplet,800,0.4,False,,,
e1/W/R1/7,W,1,quintuplet,6400,1.0,False,,,
e1/W/R1/7,W,1,quintuplet,51200,1.0,False,,,
e1/W/R1/7,W,1,random,800,0.0,False,,,
e1/W/R1/7,W,1,random,6400,0.0,False,,,
e1/W/R1/7,W,1,random,51200,0.0,False,,,
e1/W/R1/70,W,1,quadruplet,800,0.2,False,,,
e1/W/R1/70,W,1,quadruplet,6400,0.7,False,,,
e1/W/R1/70,W,1,quadruplet,51200,1.0,False,,,
e1/W/R1/70,W,1,quintuplet,800,0.2,False,,,
e1/W/R1/70,W,1,quintuplet,6400,0.8,False,,,
e1/W/R1/70,W,1,quintuplet,51200,1.0,False,,,
e1/W/R1/71,W,1,quadruplet,800,0.0,False,,,
e1/W/R1/71,W,1,quadruplet,6400,0.0,False,,,
e1/W/R1/71,W,1,quadruplet,51200,0.0,False,,,
e1/W/R1/71,W,1,quintuplet,800,0.0,False,,,
e1/W/R1/71,W,1,quintuplet,6400,0.0,False,,,
e1/W/R1/71,W,1,quintuplet,51200,0.0,False,,,
e1/W/R1/72,W,1,quadruplet,800,1.0,True,True,1.4257309778633186e-05,0.011405847822906549
e1/W/R1/72,W,1,quadruplet,6400,1.0,True,True,1.4257309778633186e-05,0.09124678258325239
e1/W/R1/72,W,1,quadruplet,51200,1.0,True,True,1.4257309778633186e-05,0.7299742606660191
e1/W/R1/72,W,1,quintuplet,800,0.9,True,True,1.2711552987261084e-05,0.010169242389808868
e1/W/R1/72,W,1,quintuplet,6400,1.0,True,True,1.2711552987261084e-05,0.08135393911847094
e1/W/R1/72,W,1,quintuplet,51200,1.0,True,True,1.2711552987261084e-05,0.6508315129477675
e1/W/R1/73,W,1,quadruplet,800,0.1,False,,,
e1/W/R1/73,W,1,quadruplet,6400,0.4,False,,,
e1/W/R1/73,W,1,quadruplet,51200,0.5,False,,,
e1/W/R1/73,W,1,quintuplet,800,0.1,False,,,
e1/W/R1/73,W,1,quintuplet,6400,0.7,False,,,
e1/W/R1/73,W,1,quintuplet,51200,0.9,False,,,
e1/W/R1/74,W,1,quadruplet,800,0.4,False,,,
e1/W/R1/74,W,1,quadruplet,6400,1.0,False,,,
e1/W/R1/74,W,1,quadruplet,51200,1.0,False,,,
e1/W/R1/74,W,1,quintuplet,800,0.2,False,,,
e1/W/R1/74,W,1,quintuplet,6400,1.0,False,,,
e1/W/R1/74,W,1,quintuplet,51200,1.0,False,,,
e1/W/R1/75,W,1,quadruplet,800,0.3,True,True,1.6078580382564089e-06,0.001286286430605127
e1/W/R1/75,W,1,quadruplet,6400,0.9,True,True,1.6078580382564089e-06,0.010290291444841016
e1/W/R1/75,W,1,quadruplet,51200,1.0,True,True,1.6078580382564089e-06,0.08232233155872813
e1/W/R1/75,W,1,quintuplet,800,0.2,True,True,2.3988017357554863e-06,0.0019190413886043891
e1/W/R1/75,W,1,quintuplet,6400,0.9,True,True,2.3988017357554863e-06,0.015352331108835113
e1/W/R1/75,W,1,quintuplet,51200,1.0,True,True,2.3988017357554863e-06,0.1228186488706809
e1/W/R1/76,W,1,quadruplet,800,0.0,False,,,
e1/W/R1/76,W,1,quadruplet,6400,0.0,False,,,
e1/W/R1/76,W,1,quadruplet,51200,0.0,False,,,
e1/W/R1/76,W,1,quintuplet,800,0.0,False,,,
e1/W/R1/76,W,1,quintuplet,6400,0.3,False,,,
e1/W/R1/76,W,1,quintuplet,51200,0.5,False,,,
e1/W/R1/77,W,1,quadruplet,800,0.1,False,,,
e1/W/R1/77,W,1,quadruplet,6400,0.2,False,,,
e1/W/R1/77,W,1,quadruplet,51200,0.3,False,,,
e1/W/R1/77,W,1,quintuplet,800,0.1,False,,,
e1/W/R1/77,W,1,quintuplet,6400,0.7,False,,,
e1/W/R1/77,W,1,quintuplet,51200,1.0,False,,,
e1/W/R1/78,W,1,quadruplet,800,0.5,False,,,
e1/W/R1/78,W,1,quadruplet,6400,1.0,False,,,
e1/W/R1/78,W,1,quadruplet,51200,1.0,False,,,
e1/W/R1/78,W,1,quintuplet,800,0.6,False,,,
e1/W/R1/78,W,1,quintuplet,6400,1.0,False,,,
e1/W/R1/78,W,1,quintuplet,51200,0.9,False,,,
e1/W/R1/79,W,1,quadruplet,800,0.7,False,,,
e1/W/R1/79,W,1,quadruplet,6400,0.9,False,,,
e1/W/R1/79,W,1,quadruplet,51200,1.0,False,,,
e1/W/R1/79,W,1,quintuplet,800,0.8,False,,,
e1/W/R1/79,W,1,quintuplet,6400,0.9,False,,,
e1/W/R1/79,W,1,quintuplet,51200,1.0,False,,,
e1/W/R1/8,W,1,quadruplet,800,0.0,False,,,
e1/W/R1/8,W,1,quadruplet,6400,0.0,False,,,
e1/W/R1/8,W,1,quadruplet,51200,0.0,False,,,
e1/W/R1/8,W,1,quintuplet,800,0.0,False,,,
e1/W/R1/8,W,1,quintuplet,6400,0.0,False,,,
e1/W/R1/8,W,1,quintuplet,51200,0.0,False,,,
e1/W/R1/8,W,1,random,800,0.0,False,,,
e1/W/R1/8,W,1,random,6400,0.0,False,,,
e1/W/R1/8,W,1,random,51200,0.0,False,,,
e1/W/R1/80,W,1,quadruplet,800,0.5,True,True,2.6154847216797826e-06,0.0020923877773438263
e1/W/R1/80,W,1,quadruplet,6400,0.9,True,True,2.6154847216797826e-06,0.01673910221875061
e1/W/R1/80,W,1,quadruplet,51200,1.0,True,True,2.6154847216797826e-06,0.13391281775000488
e1/W/R1/80,W,1,quintuplet,800,0.3,True,True,3.900838344615861e-06,0.0031206706756926887
e1/W/R1/80,W,1,quintuplet,6400,0.8,True,True,3.900838344615861e-06,0.02496536540554151
e1/W/R1/80,W,1,quintuplet,51200,1.0,True,True,3.900838344615861e-06,0.19972292324433208
e1/W/R1/81,W,1,quadruplet,800,0.2,False,,,
e1/W/R1/81,W,1,quadruplet,6400,0.6,False,,,
e1/W/R1/81,W,1,quadruplet,51200,0.8,False,,,
e1/W/R1/81,W,1,quintuplet,800,0.1,False,,,
e1/W/R1/81,W,1,quintuplet,6400,1.0,False,,,
e1/W/R1/81,W,1,quintuplet,51200,1.0,False,,,
e1/W/R1/82,W,1,quadruplet,800,0.2,False,,,
e1/W/R1/82,W,1,quadruplet,6400,0.6,False,,,
e1/W/R1/82,W,1,quadruplet,51200,0.7,False,,,
e1/W/R1/82,W,1,quintuplet,800,0.2,False,,,
e1/W/R1/82,W,1,quintuplet,6400,1.0,False,,,
e1/W/R1/82,W,1,quintuplet,51200,1.0,False,,,
e1/W/R1/83,W,1,quadruplet,800,0.0,False,,,
e1/W/R1/83,W,1,quadruplet,6400,0.1,False,,,
e1/W/R1/83,W,1,quadruplet,51200,0.0,False,,,
e1/W/R1/83,W,1,quintuplet,800,0.1,False,,,
e1/W/R1/83,W,1,quintuplet,6400,0.3,False,,,
e1/W/R1/83,W,1,quintuplet,51200,1.0,False,,,
e1/W/R1/84,W,1,quadruplet,800,0.0,True,False,,
e1/W/R1/84,W,1,quadruplet,6400,0.0,True,False,,
e1/W/R1/84,W,1,quadruplet,51200,0.0,True,False,,
e1/W/R1/84,W,1,quintuplet,800,0.0,True,True,3.7211436713163168e-06,0.0029769149370530534
e1/W/R1/84,W,1,quintuplet,6400,0.0,True,True,3.7211436713163168e-06,0.023815319496424427
e1/W/R1/84,W,1,quintuplet,51200,0.1,True,True,3.7211436713163168e-06,0.19052255597139542
e1/W/R1/85,W,1,quadruplet,800,0.4,False,,,
e1/W/R1/85,W,1,quadruplet,6400,1.0,False,,,
e1/W/R1/85,W,1,quadruplet,51200,1.0,False,,,
e1/W/R1/85,W,1,quintuplet,800,0.7,False,,,
e1/W/R1/85,W,1,quintuplet,6400,1.0,False,,,
e1/W/R1/85,W,1,quintuplet,51200,1.0,False,,,
e1/W/R1/86,W,1,quadruplet,800,0.6,False,,,
e1/W/R1/86,W,1,quadruplet,6400,0.3,False,,,
e1/W/R1/86,W,1,quadruplet,51200,0.4,False,,,
e1/W/R1/86,W,1,quintuplet,800,0.6,False,,,
e1/W/R1/86,W,1,quintuplet,6400,1.0,False,,,
e1/W/R1/86,W,1,quintuplet,51200,1.0,False,,,
e1/W/R1/87,W,1,quadruplet,800,0.3,False,,,
e1/W/R1/87,W,1,quadruplet,6400,1.0,False,,,
e1/W/R1/87,W,1,quadruplet,51200,0.9,False,,,
e1/W/R1/87,W,1,quintuplet,800,0.2,False,,,
e1/W/R1/87,W,1,quintuplet,6400,0.9,False,,,
e1/W/R1/87,W,1,quintuplet,51200,1.0,False,,,
e1/W/R1/88,W,1,quadruplet,800,0.0,True,False,,
e1/W/R1/88,W,1,quadruplet,6400,0.0,True,False,,
e1/W/R1/88,W,1,quadruplet,51200,0.0,True,False,,
e1/W/R1/88,W,1,quintuplet,800,0.1,True,True,2.5128416679406342e-05,0.020102733343525074
e1/W/R1/88,W,1,quintuplet,6400,0.4,True,True,2.5128416679406342e-05,0.1608218667482006
e1/W/R1/88,W,1,quintuplet,51200,0.8,True,True,2.5128416679406342e-05,1.2865749339856047
e1/W/R1/89,W,1,quadruplet,800,0.3,False,,,
e1/W/R1/89,W,1,quadruplet,6400,0.6,False,,,
e1/W/R1/89,W,1,quadruplet,51200,0.9,False,,,
e1/W/R1/89,W,1,quintuplet,800,0.4,False,,,
e1/W/R1/89,W,1,quintuplet,6400,0.9,False,,,
e1/W/R1/89,W,1,quintuplet,51200,1.0,False,,,
e1/W/R1/9,W,1,quadruplet,800,0.4,False,,,
e1/W/R1/9,W,1,quadruplet,6400,0.3,False,,,
e1/W/R1/9,W,1,quadruplet,51200,0.2,False,,,
e1/W/R1/9,W,1,quintuplet,800,0.6,False,,,
e1/W/R1/9,W,1,quintuplet,6400,1.0,False,,,
e1/W/R1/9,W,1,quintuplet,51200,1.0,False,,,
e1/W/R1/9,W,1,random,800,0.1,False,,,
e1/W/R1/9,W,1,random,6400,0.0,False,,,
e1/W/R1/9,W,1,random,51200,0.0,False,,,
e1/W/R1/90,W,1,quadruplet,800,0.3,False,,,
e1/W/R1/90,W,1,quadruplet,6400,0.8,False,,,
e1/W/R1/90,W,1,quadruplet,51200,1.0,False,,,
e1/W/R1/90,W,1,quintuplet,800,0.4,False,,,
e1/W/R1/90,W,1,quintuplet,6400,0.9,False,,,
e1/W/R1/90,W,1,quintuplet,51200,0.9,False,,,
e1/W/R1/91,W,1,quadruplet,800,0.3,True,True,3.487212392157877e-06,0.0027897699137263018
e1/W/R1/91,W,1,quadruplet,6400,1.0,True,True,3.487212392157877e-06,0.022318159309810414
e1/W/R1/91,W,1,quadruplet,51200,1.0,True,True,3.487212392157877e-06,0.1785452744784833
e1/W/R1/91,W,1,quintuplet,800,0.3,True,True,4.928041356122894e-06,0.003942433084898315
e1/W/R1/91,W,1,quintuplet,6400,1.0,True,True,4.928041356122894e-06,0.03153946467918652
e1/W/R1/91,W,1,quintuplet,51200,1.0,True,True,4.928041356122894e-06,0.2523157174334922
e1/W/R1/92,W,1,quadruplet,800,0.6,False,,,
e1/W/R1/92,W,1,quadruplet,6400,1.0,False,,,
e1/W/R1/92,W,1,quadruplet,51200,1.0,False,,,
e1/W/R1/92,W,1,quintuplet,800,0.5,False,,,
e1/W/R1/92,W,1,quintuplet,6400,1.0,False,,,
e1/W/R1/92,W,1,quintuplet,51200,1.0,False,,,
e1/W/R1/93,W,1,quadruplet,800,0.1,True,False,,
e1/W/R1/93,W,1,quadruplet,6400,0.0,True,False,,
e1/W/R1/93,W,1,quadruplet,51200,0.0,True,False,,
e1/W/R1/93,W,1,quintuplet,800,0.1,True,True,3.721143671316074e-06,0.002976914937052859
e1/W/R1/93,W,1,quintuplet,6400,0.0,True,True,3.721143671316074e-06,0.023815319496422873
e1/W/R1/93,W,1,quintuplet,51200,0.5,True,True,3.721143671316074e-06,0.19052255597138298
e1/W/R1/94,W,1,quadruplet,800,0.1,True,True,2.383701371713835e-05,0.01906961097371068
e1/W/R1/94,W,1,quadruplet,6400,0.2,True,True,2.383701371713835e-05,0.15255688778968543
e1/W/R1/94,W,1,quadruplet,51200,1.0,True,True,2.383701371713835e-05,1.2204551023174834
e1/W/R1/94,W,1,quintuplet,800,0.1,True,True,3.2933184149864626e-05,0.0263465473198917
e1/W/R1/94,W,1,quintuplet,6400,0.5,True,True,3.2933184149864626e-05,0.2107723785591336
e1/W/R1/94,W,1,quintuplet,51200,1.0,True,True,3.2933184149864626e-05,1.6861790284730689
e1/W/R1/95,W,1,quadruplet,800,0.6,False,,,
e1/W/R1/95,W,1,quadruplet,6400,0.8,False,,,
e1/W/R1/95,W,1,quadruplet,51200,1.0,False,,,
e1/W/R1/95,W,1,quintuplet,800,0.6,False,,,
e1/W/R1/95,W,1,quintuplet,6400,0.8,False,,,
e1/W/R1/95,W,1,quintuplet,51200,1.0,False,,,
e1/W/R1/96,W,1,quadruplet,800,0.0,False,,,
e1/W/R1/96,W,1,quadruplet,6400,0.0,False,,,
e1/W/R1/96,W,1,quadruplet,51200,0.0,False,,,
e1/W/R1/96,W,1,quintuplet,800,0.0,False,,,
e1/W/R1/96,W,1,quintuplet,6400,0.0,False,,,
e1/W/R1/96,W,1,quintuplet,51200,0.0,False,,,
e1/W/R1/97,W,1,quadruplet,800,0.0,True,False,,
e1/W/R1/97,W,1,quadruplet,6400,0.0,True,False,,
e1/W/R1/97,W,1,quadruplet,51200,0.0,True,False,,
e1/W/R1/97,W,1,quintuplet,800,0.0,True,True,3.7211436713159615e-06,0.0029769149370527694
e1/W/R1/97,W,1,quintuplet,6400,0.2,True,True,3.7211436713159615e-06,0.023815319496422155
e1/W/R1/97,W,1,quintuplet,51200,0.4,True,True,3.7211436713159615e-06,0.19052255597137724
e1/W/R1/98,W,1,quadruplet,800,0.0,False,,,
e1/W/R1/98,W,1,quadruplet,6400,0.0,False,,,
e1/W/R1/98,W,1,quadruplet,51200,0.0,False,,,
e1/W/R1/98,W,1,quintuplet,800,0.2,False,,,
e1/W/R1/98,W,1,quintuplet,6400,0.3,False,,,
e1/W/R1/98,W,1,quintuplet,51200,0.0,False,,,
e1/W/R1/99,W,1,quadruplet,800,0.5,True,True,5.140631461890774e-06,0.004112505169512619
e1/W/R1/99,W,1,quadruplet,6400,0.9,True,True,5.140631461890774e-06,0.03290004135610095
e1/W/R1/99,W,1,quadruplet,51200,1.0,True,True,5.140631461890774e-06,0.2632003308488076
e1/W/R1/99,W,1,quintuplet,800,0.5,True,True,7.779515459638133e-06,0.006223612367710506
e1/W/R1/99,W,1,quintuplet,6400,1.0,True,True,7.779515459638133e-06,0.04978889894168405
e1/W/R1/99,W,1,quintuplet,51200,1.0,True,True,7.779515459638133e-06,0.3983111915334724
e1/W/R2/0,W,2,quadruplet,800,0.7,True,True,1.3180904472342358e-05,0.010544723577873887
e1/W/R2/0,W,2,quadruplet,6400,1.0,True,True,1.3180904472342358e-05,0.08435778862299109
e1/W/R2/0,W,2,quadruplet,51200,1.0,True,True,1.3180904472342358e-05,0.6748623089839287
e1/W/R2/0,W,2,quintuplet,800,0.6,True,True,1.0135483859684599e-05,0.008108387087747679
e1/W/R2/0,W,2,quintuplet,6400,1.0,True,True,1.0135483859684599e-05,0.06486709670198143
e1/W/R2/0,W,2,quintuplet,51200,1.0,True,True,1.0135483859684599e-05,0.5189367736158514
e1/W/R2/0,W,2,random,800,0.0,True,False,,
e1/W/R2/0,W,2,random,6400,0.0,True,False,,
e1/W/R2/0,W,2,random,51200,0.0,True,False,,
e1/W/R2/1,W,2,quadruplet,800,0.6,True,True,1.3319896808170137e-05,0.01065591744653611
e1/W/R2/1,W,2,quadruplet,6400,1.0,True,True,1.3319896808170137e-05,0.08524733957228887
e1/W/R2/1,W,2,quadruplet,51200,1.0,True,True,1.3319896808170137e-05,0.681978716578311
e1/W/R2/1,W,2,quintuplet,800,0.4,True,True,1.0010770085847857e-05,0.008008616068678285
e1/W/R2/1,W,2,quintuplet,6400,1.0,True,True,1.0010770085847857e-05,0.06406892854942628
e1/W/R2/1,W,2,quintuplet,51200,1.0,True,True,1.0010770085847857e-05,0.5125514283954102
e1/W/R2/1,W,2,random,800,0.0,True,False,,
e1/W/R2/1,W,2,random,6400,0.0,True,False,,
e1/W/R2/1,W,2,random,51200,0.0,True,False,,
e1/W/R2/10,W,2,quadruplet,800,0.4,False,,,
e1/W/R2/10,W,2,quadruplet,6400,1.0,False,,,
e1/W/R2/10,W,2,quadruplet,51200,1.0,False,,,
e1/W/R2/10,W,2,quintuplet,800,0.3,False,,,
e1/W/R2/10,W,2,quintuplet,6400,1.0,False,,,
e1/W/R2/10,W,2,quintuplet,51200,1.0,False,,,
e1/W/R2/11,W,2,quadruplet,800,0.0,False,,,
e1/W/R2/11,W,2,quadruplet,6400,0.0,False,,,
e1/W/R2/11,W,2,quadruplet,51200,0.0,False,,,
e1/W/R2/11,W,2,quintuplet,800,0.1,False,,,
e1/W/R2/11,W,2,quintuplet,6400,0.0,False,,,
e1/W/R2/11,W,2,quintuplet,51200,0.1,False,,,
e1/W/R2/12,W,2,quadruplet,800,0.2,False,,,
e1/W/R2/12,W,2,quadruplet,6400,0.7,False,,,
e1/W/R2/12,W,2,quadruplet,51200,1.0,False,,,
e1/W/R2/12,W,2,quintuplet,800,0.2,False,,,
e1/W/R2/12,W,2,quintuplet,6400,0.6,False,,,
e1/W/R2/12,W,2,quintuplet,51200,1.0,False,,,
e1/W/R2/13,W,2,quadruplet,800,0.4,False,,,
e1/W/R2/13,W,2,quadruplet,6400,0.9,False,,,
e1/W/R2/13,W,2,quadruplet,51200,1.0,False,,,
e1/W/R2/13,W,2,quintuplet,800,0.3,False,,,
e1/W/R2/13,W,2,quintuplet,6400,0.8,False,,,
e1/W/R2/13,W,2,quintuplet,51200,1.0,False,,,
e1/W/R2/14,W,2,quadruplet,800,0.0,False,,,
e1/W/R2/14,W,2,quadruplet,6400,0.0,False,,,
e1/W/R2/14,W,2,quadruplet,51200,0.0,False,,,
e1/W/R2/14,W,2,quintuplet,800,0.0,False,,,
e1/W/R2/14,W,2,quintuplet,6400,0.0,False,,,
e1/W/R2/14,W,2,quintuplet,51200,0.0,False,,,
e1/W/R2/15,W,2,quadruplet,800,0.6,True,True,3.6792083081511187e-06,0.0029433666465208948
e1/W/R2/15,W,2,quadruplet,6400,0.8,True,True,3.6792083081511187e-06,0.023546933172167158
e1/W/R2/15,W,2,quadruplet,51200,1.0,True,True,3.6792083081511187e-06,0.18837546537733726
e1/W/R2/15,W,2,quintuplet,800,0.7,True,True,5.18951177088951e-06,0.0041516094167116085
e1/W/R2/15,W,2,quintuplet,6400,1.0,True,True,5.18951177088951e-06,0.03321287533369287
e1/W/R2/15,W,2,quintuplet,51200,1.0,True,True,5.18951177088951e-06,0.26570300266954294
e1/W/R2/16,W,2,quadruplet,800,0.0,False,,,
e1/W/R2/16,W,2,quadruplet,6400,0.2,False,,,
e1/W/R2/16,W,2,quadruplet,51200,0.2,False,,,
e1/W/R2/16,W,2,quintuplet,800,0.0,False,,,
e1/W/R2/16,W,2,quintuplet,6400,0.7,False,,,
e1/W/R2/16,W,2,quintuplet,51200,1.0,False,,,
e1/W/R2/17,W,2,quadruplet,800,0.0,True,False,,
e1/W/R2/17,W,2,quadruplet,6400,0.0,True,False,,
e1/W/R2/17,W,2,quadruplet,51200,0.0,True,False,,
e1/W/R2/17,W,2,quintuplet,800,0.0,True,False,,
e1/W/R2/17,W,2,quintuplet,6400,0.0,True,False,,
e1/W/R2/17,W,2,quintuplet,51200,0.1,True,False,,
e1/W/R2/18,W,2,quadruplet,800,0.2,False,,,
e1/W/R2/18,W,2,quadruplet,6400,0.7,False,,,
e1/W/R2/18,W,2,quadruplet,51200,1.0,False,,,
e1/W/R2/18,W,2,quintuplet,800,0.5,False,,,
e1/W/R2/18,W,2,quintuplet,6400,1.0,False,,,
e1/W/R2/18,W,2,quintuplet,51200,1.0,False,,,
e1/W/R2/19,W,2,quadruplet,800,0.4,False,,,
e1/W/R2/19,W,2,quadruplet,6400,1.0,False,,,
e1/W/R2/19,W,2,quadruplet,51200,1.0,False,,,
e1/W/R2/19,W,2,quintuplet,800,0.3,False,,,
e1/W/R2/19,W,2,quintuplet,6400,1.0,False,,,
e1/W/R2/19,W,2,quintuplet,51200,1.0,False,,,
e1/W/R2/2,W,2,quadruplet,800,0.0,False,,,
e1/W/R2/2,W,2,quadruplet,6400,0.0,False,,,
e1/W/R2/2,W,2,quadruplet,51200,0.0,False,,,
e1/W/R2/2,W,2,quintuplet,800,0.2,False,,,
e1/W/R2/2,W,2,quintuplet,6400,0.2,False,,,
e1/W/R2/2,W,2,quintuplet,51200,0.2,False,,,
e1/W/R2/2,W,2,random,800,0.1,False,,,
e1/W/R2/2,W,2,random,6400,0.0,False,,,
e1/W/R2/2,W,2,random,51200,0.0,False,,,
e1/W/R2/20,W,2,quadruplet,800,0.1,False,,,
e1/W/R2/20,W,2,quadruplet,6400,0.6,False,,,
e1/W/R2/20,W,2,quadruplet,51200,1.0,False,,,
e1/W/R2/20,W,2,quintuplet,800,0.2,False,,,
e1/W/R2/20,W,2,quintuplet,6400,0.5,False,,,
e1/W/R2/20,W,2,quintuplet,51200,1.0,False,,,
e1/W/R2/21,W,2,quadruplet,800,0.0,False,,,
e1/W/R2/21,W,2,quadruplet,6400,0.0,False,,,
e1/W/R2/21,W,2,quadruplet,51200,0.0,False,,,
e1/W/R2/21,W,2,quintuplet,800,0.3,False,,,
e1/W/R2/21,W,2,quintuplet,6400,0.0,False,,,
e1/W/R2/21,W,2,quintuplet,51200,0.0,False,,,
e1/W/R2/22,W,2,quadruplet,800,0.2,True,True,3.962383022718823e-06,0.003169906418175058
e1/W/R2/22,W,2,quadruplet,6400,0.9,True,True,3.962383022718823e-06,0.025359251345400464
e1/W/R2/22,W,2,quadruplet,51200,1.0,True,True,3.962383022718823e-06,0.20287401076320372
e1/W/R2/22,W,2,quintuplet,800,0.1,True,True,1.8193561117744086e-05,0.014554848894195269
e1/W/R2/22,W,2,quintuplet,6400,0.9,True,True,1.8193561117744086e-05,0.11643879115356215
e1/W/R2/22,W,2,quintuplet,51200,1.0,True,True,1.8193561117744086e-05,0.9315103292284972
e1/W/R2/23,W,2,quadruplet,800,0.9,True,True,1.1296361740740328e-05,0.009037089392592262
e1/W/R2/23,W,2,quadruplet,6400,1.0,True,True,1.1296361740740328e-05,0.0722967151407381
e1/W/R2/23,W,2,quadruplet,51200,1.0,True,True,1.1296361740740328e-05,0.5783737211259048
e1/W/R2/23,W,2,quintuplet,800,0.8,True,True,1.0976217690909383e-05,0.008780974152727506
e1/W/R2/23,W,2,quintuplet,6400,1.0,True,True,1.0976217690909383e-05,0.07024779322182005
e1/W/R2/23,W,2,quintuplet,51200,1.0,True,True,1.0976217690909383e-05,0.5619823457745604
e1/W/R2/24,W,2,quadruplet,800,0.0,False,,,
e1/W/R2/24,W,2,quadruplet,6400,0.6,False,,,
e1/W/R2/24,W,2,quadruplet,51200,1.0,False,,,
e1/W/R2/24,W,2,quintuplet,800,0.0,False,,,
e1/W/R2/24,W,2,quintuplet,6400,0.7,False,,,
e1/W/R2/24,W,2,quintuplet,51200,1.0,False,,,
e1/W/R2/25,W,2,quadruplet,800,0.1,True,True,1.4049243024737675e-06,0.001123939441979014
e1/W/R2/25,W,2,quadruplet,6400,0.5,True,True,1.4049243024737675e-06,0.008991515535832112
e1/W/R2/25,W,2,quadruplet,51200,1.0,True,True,1.4049243024737675e-06,0.07193212428665689
e1/W/R2/25,W,2,quintuplet,800,0.1,True,True,2.8498522183957394e-06,0.0022798817747165913
e1/W/R2/25,W,2,quintuplet,6400,0.8,True,True,2.8498522183957394e-06,0.01823905419773273
e1/W/R2/25,W,2,quintuplet,51200,1.0,True,True,2.8498522183957394e-06,0.14591243358186184
e1/W/R2/26,W,2,quadruplet,800,0.0,False,,,
e1/W/R2/26,W,2,quadruplet,6400,0.0,False,,,
e1/W/R2/26,W,2,quadruplet,51200,0.0,False,,,
e1/W/R2/26,W,2,quintuplet,800,0.0,False,,,
e1/W/R2/26,W,2,quintuplet,6400,0.3,False,,,
e1/W/R2/26,W,2,quintuplet,51200,1.0,False,,,
e1/W/R2/27,W,2,quadruplet,800,0.0,False,,,
e1/W/R2/27,W,2,quadruplet,6400,0.5,False,,,
e1/W/R2/27,W,2,quadruplet,51200,0.9,False,,,
e1/W/R2/27,W,2,quintuplet,800,0.1,False,,,
e1/W/R2/27,W,2,quintuplet,6400,0.8,False,,,
e1/W/R2/27,W,2,quintuplet,51200,1.0,False,,,
e1/W/R2/28,W,2,quadruplet,800,0.0,False,,,
e1/W/R2/28,W,2,quadruplet,6400,0.1,False,,,
e1/W/R2/28,W,2,quadruplet,51200,0.5,False,,,
e1/W/R2/28,W,2,quintuplet,800,0.1,False,,,
e1/W/R2/28,W,2,quintuplet,6400,0.2,False,,,
e1/W/R2/28,W,2,quintuplet,51200,1.0,False,,,
e1/W/R2/29,W,2,quadruplet,800,0.6,True,True,1.339975375287834e-05,0.010719803002302672
e1/W/R2/29,W,2,quadruplet,6400,1.0,True,True,1.339975375287834e-05,0.08575842401842138
e1/W/R2/29,W,2,quadruplet,51200,1.0,True,True,1.339975375287834e-05,0.686067392147371
e1/W/R2/29,W,2,quintuplet,800,0.6,True,True,1.1059585917996752e-05,0.008847668734397402
e1/W/R2/29,W,2,quintuplet,6400,0.9,True,True,1.1059585917996752e-05,0.07078134987517921
e1/W/R2/29,W,2,quintuplet,51200,1.0,True,True,1.1059585917996752e-05,0.5662507990014337
e1/W/R2/3,W,2,quadruplet,800,0.4,True,True,1.0228215408092213e-05,0.00818257232647377
e1/W/R2/3,W,2,quadruplet,6400,1.0,True,True,1.0228215408092213e-05,0.06546057861179017
e1/W/R2/3,W,2,quadruplet,51200,1.0,True,True,1.0228215408092213e-05,0.5236846288943213
e1/W/R2/3,W,2,quintuplet,800,0.4,True,True,7.532523183576182e-06,0.006026018546860946
e1/W/R2/3,W,2,quintuplet,6400,1.0,True,True,7.532523183576182e-06,0.048208148374887565
e1/W/R2/3,W,2,quintuplet,51200,1.0,True,True,7.532523183576182e-06,0.3856651869991005
e1/W/R2/3,W,2,random,800,0.0,True,False,,
e1/W/R2/3,W,2,random,6400,0.0,True,False,,
e1/W/R2/3,W,2,random,51200,0.0,True,False,,
e1/W/R2/30,W,2,quadruplet,800,0.3,True,True,7.902640284999906e-06,0.006322112227999925
e1/W/R2/30,W,2,quadruplet,6400,0.6,True,True,7.902640284999906e-06,0.0505768978239994
e1/W/R2/30,W,2,quadruplet,51200,1.0,True,True,7.902640284999906e-06,0.4046151825919952
e1/W/R2/30,W,2,quintuplet,800,0.1,True,True,1.0959513274832172e-05,0.008767610619865737
e1/W/R2/30,W,2,quintuplet,6400,0.6,True,True,1.0959513274832172e-05,0.0701408849589259
e1/W/R2/30,W,2,quintuplet,51200,1.0,True,True,1.0959513274832172e-05,0.5611270796714072
e1/W/R2/31,W,2,quadruplet,800,0.0,True,False,,
e1/W/R2/31,W,2,quadruplet,6400,0.1,True,False,,
e1/W/R2/31,W,2,quadruplet,51200,0.0,True,False,,
e1/W/R2/31,W,2,quintuplet,800,0.0,True,True,1.108379743906763e-07,8.867037951254104e-05
e1/W/R2/31,W,2,quintuplet,6400,0.2,True,True,1.108379743906763e-07,0.0007093630361003283
e1/W/R2/31,W,2,quintuplet,51200,0.4,True,True,1.108379743906763e-07,0.0056749042888026265
e1/W/R2/32,W,2,quadruplet,800,0.0,True,False,,
e1/W/R2/32,W,2,quadruplet,6400,0.0,True,False,,
e1/W/R2/32,W,2,quadruplet,51200,0.0,True,False,,
e1/W/R2/32,W,2,quintuplet,800,0.0,True,False,,
e1/W/R2/32,W,2,quintuplet,6400,0.0,True,False,,
e1/W/R2/32,W,2,quintuplet,51200,0.0,True,False,,
e1/W/R2/33,W,2,quadruplet,800,0.4,True,True,1.432351266545568e-05,0.011458810132364545
e1/W/R2/33,W,2,quadruplet,6400,1.0,True,True,1.432351266545568e-05,0.09167048105891636
e1/W/R2/33,W,2,quadruplet,51200,1.0,True,True,1.432351266545568e-05,0.7333638484713308
e1/W/R2/33,W,2,quintuplet,800,0.5,True,True,1.1252715746386598e-05,0.009002172597109278
e1/W/R2/33,W,2,quintuplet,6400,1.0,True,True,1.1252715746386598e-05,0.07201738077687422
e1/W/R2/33,W,2,quintuplet,51200,1.0,True,True,1.1252715746386598e-05,0.5761390462149938
e1/W/R2/34,W,2,quadruplet,800,0.6,False,,,
e1/W/R2/34,W,2,quadruplet,6400,1.0,False,,,
e1/W/R2/34,W,2,quadruplet,51200,1.0,False,,,
e1/W/R2/34,W,2,quintuplet,800,0.5,False,,,
e1/W/R2/34,W,2,quintuplet,6400,1.0,False,,,
e1/W/R2/34,W,2,quintuplet,51200,1.0,False,,,
e1/W/R2/35,W,2,quadruplet,800,0.0,True,True,1.3782834663558889e-06,0.001102626773084711
e1/W/R2/35,W,2,quadruplet,6400,0.9,True,True,1.3782834663558889e-06,0.008821014184677688
e1/W/R2/35,W,2,quadruplet,51200,1.0,True,True,1.3782834663558889e-06,0.0705681134774215
e1/W/R2/35,W,2,quintuplet,800,0.0,True,True,4.462867434612641e-07,0.0003570293947690113
e1/W/R2/35,W,2,quintuplet,6400,0.8,True,True,4.462867434612641e-07,0.0028562351581520903
e1/W/R2/35,W,2,quintuplet,51200,0.7,True,True,4.462867434612641e-07,0.022849881265216723
e1/W/R2/36,W,2,quadruplet,800,0.7,True,True,1.7719122194871617e-05,0.014175297755897293
e1/W/R2/36,W,2,quadruplet,6400,0.9,True,True,1.7719122194871617e-05,0.11340238204717834
e1/W/R2/36,W,2,quadruplet,51200,1.0,True,True,1.7719122194871617e-05,0.9072190563774267
e1/W/R2/36,W,2,quintuplet,800,0.8,True,True,1.3124105521254476e-05,0.01049928441700358
e1/W/R2/36,W,2,quintuplet,6400,0.9,True,True,1.3124105521254476e-05,0.08399427533602864
e1/W/R2/36,W,2,quintuplet,51200,1.0,True,True,1.3124105521254476e-05,0.6719542026882291
e1/W/R2/37,W,2,quadruplet,800,1.0,True,True,1.7464845705503763e-05,0.01397187656440301
e1/W/R2/37,W,2,quadruplet,6400,1.0,True,True,1.7464845705503763e-05,0.11177501251522408
e1/W/R2/37,W,2,quadruplet,51200,1.0,True,True,1.7464845705503763e-05,0.8942001001217926
e1/W/R2/37,W,2,quintuplet,800,0.6,True,True,1.309225694087642e-05,0.010473805552701136
e1/W/R2/37,W,2,quintuplet,6400,1.0,True,True,1.309225694087642e-05,0.08379044442160909
e1/W/R2/37,W,2,quintuplet,51200,1.0,True,True,1.309225694087642e-05,0.6703235553728727
e1/W/R2/38,W,2,quadruplet,800,0.0,False,,,
e1/W/R2/38,W,2,quadruplet,6400,0.0,False,,,
e1/W/R2/38,W,2,quadruplet,51200,0.0,False,,,
e1/W/R2/38,W,2,quintuplet,800,0.0,False,,,
e1/W/R2/38,W,2,quintuplet,6400,0.0,False,,,
e1/W/R2/38,W,2,quintuplet,51200,0.0,False,,,
e1/W/R2/39,W,2,quadruplet,800,0.4,False,,,
e1/W/R2/39,W,2,quadruplet,6400,1.0,False,,,
e1/W/R2/39,W,2,quadruplet,51200,1.0,False,,,
e1/W/R2/39,W,2,quintuplet,800,0.3,False,,,
e1/W/R2/39,W,2,quintuplet,6400,0.9,False,,,
e1/W/R2/39,W,2,quintuplet,51200,1.0,False,,,
e1/W/R2/4,W,2,quadruplet,800,0.0,True,False,,
e1/W/R2/4,W,2,quadruplet,6400,0.1,True,False,,
e1/W/R2/4,W,2,quadruplet,51200,0.3,True,False,,
e1/W/R2/4,W,2,quintuplet,800,0.2,True,True,9.555703177458666e-06,0.007644562541966933
e1/W/R2/4,W,2,quintuplet,6400,1.0,True,True,9.555703177458666e-06,0.06115650033573546
e1/W/R2/4,W,2,quintuplet,51200,1.0,True,True,9.555703177458666e-06,0.4892520026858837
e1/W/R2/4,W,2,random,800,0.0,True,False,,
e1/W/R2/4,W,2,random,6400,0.0,True,False,,
e1/W/R2/4,W,2,random,51200,0.0,True,False,,
e1/W/R2/40,W,2,quadruplet,800,0.0,False,,,
e1/W/R2/40,W,2,quadruplet,6400,0.0,False,,,
e1/W/R2/40,W,2,quadruplet,51200,0.0,False,,,
e1/W/R2/40,W,2,quintuplet,800,0.0,False,,,
e1/W/R2/40,W,2,quintuplet,6400,0.0,False,,,
e1/W/R2/40,W,2,quintuplet,51200,0.0,False,,,
e1/W/R2/41,W,2,quadruplet,800,0.9,True,True,1.116698369626698e-05,0.008933586957013583
e1/W/R2/41,W,2,quadruplet,6400,1.0,True,True,1.116698369626698e-05,0.07146869565610867
e1/W/R2/41,W,2,quadruplet,51200,1.0,True,True,1.116698369626698e-05,0.5717495652488693
e1/W/R2/41,W,2,quintuplet,800,0.7,True,True,7.0865274676764545e-06,0.005669221974141164
e1/W/R2/41,W,2,quintuplet,6400,1.0,True,True,7.0865274676764545e-06,0.04535377579312931
e1/W/R2/41,W,2,quintuplet,51200,1.0,True,True,7.0865274676764545e-06,0.3628302063450345
e1/W/R2/42,W,2,quadruplet,800,0.1,True,False,,
e1/W/R2/42,W,2,quadruplet,6400,0.0,True,False,,
e1/W/R2/42,W,2,quadruplet,51200,0.0,True,False,,
e1/W/R2/42,W,2,quintuplet,800,0.0,True,False,,
e1/W/R2/42,W,2,quintuplet,6400,0.0,True,False,,
e1/W/R2/42,W,2,quintuplet,51200,0.2,True,False,,
e1/W/R2/43,W,2,quadruplet,800,0.9,False,,,
e1/W/R2/43,W,2,quadruplet,6400,1.0,False,,,
e1/W/R2/43,W,2,quadruplet,51200,1.0,False,,,
e1/W/R2/43,W,2,quintuplet,800,1.0,False,,,
e1/W/R2/43,W,2,quintuplet,6400,1.0,False,,,
e1/W/R2/43,W,2,quintuplet,51200,1.0,False,,,
e1/W/R2/44,W,2,quadruplet,800,0.1,False,,,
e1/W/R2/44,W,2,quadruplet,6400,0.3,False,,,
e1/W/R2/44,W,2,quadruplet,51200,0.8,False,,,
e1/W/R2/44,W,2,quintuplet,800,0.1,False,,,
e1/W/R2/44,W,2,quintuplet,6400,0.3,False,,,
e1/W/R2/44,W,2,quintuplet,51200,0.7,False,,,
e1/W/R2/45,W,2,quadruplet,800,0.6,True,True,2.3738629984265015e-06,0.0018990903987412013
e1/W/R2/45,W,2,quadruplet,6400,1.0,True,True,2.3738629984265015e-06,0.01519272318992961
e1/W/R2/45,W,2,quadruplet,51200,1.0,True,True,2.3738629984265015e-06,0.12154178551943688
e1/W/R2/45,W,2,quintuplet,800,0.5,True,True,3.545273082672083e-06,0.0028362184661376664
e1/W/R2/45,W,2,quintuplet,6400,0.7,True,True,3.545273082672083e-06,0.02268974772910133
e1/W/R2/45,W,2,quintuplet,51200,1.0,True,True,3.545273082672083e-06,0.18151798183281065
e1/W/R2/46,W,2,quadruplet,800,0.1,False,,,
e1/W/R2/46,W,2,quadruplet,6400,0.8,False,,,
e1/W/R2/46,W,2,quadruplet,51200,1.0,False,,,
e1/W/R2/46,W,2,quintuplet,800,0.1,False,,,
e1/W/R2/46,W,2,quintuplet,6400,0.8,False,,,
e1/W/R2/46,W,2,quintuplet,51200,1.0,False,,,
e1/W/R2/47,W,2,quadruplet,800,0.0,False,,,
e1/W/R2/47,W,2,quadruplet,6400,0.5,False,,,
e1/W/R2/47,W,2,quadruplet,51200,0.9,False,,,
e1/W/R2/47,W,2,quintuplet,800,0.0,False,,,
e1/W/R2/47,W,2,quintuplet,6400,0.8,False,,,
e1/W/R2/47,W,2,quintuplet,51200,1.0,False,,,
e1/W/R2/48,W,2,quadruplet,800,0.0,False,,,
e1/W/R2/48,W,2,quadruplet,6400,0.0,False,,,
e1/W/R2/48,W,2,quadruplet,51200,0.0,False,,,
e1/W/R2/48,W,2,quintuplet,800,0.0,False,,,
e1/W/R2/48,W,2,quintuplet,6400,0.1,False,,,
e1/W/R2/48,W,2,quintuplet,51200,0.8,False,,,
e1/W/R2/49,W,2,quadruplet,800,0.0,False,,,
e1/W/R2/49,W,2,quadruplet,6400,0.0,False,,,
e1/W/R2/49,W,2,quadruplet,51200,0.0,False,,,
e1/W/R2/49,W,2,quintuplet,800,0.0,False,,,
e1/W/R2/49,W,2,quintuplet,6400,0.0,False,,,
e1/W/R2/49,W,2,quintuplet,51200,0.0,False,,,
e1/W/R2/5,W,2,quadruplet,800,0.0,False,,,
e1/W/R2/5,W,2,quadruplet,6400,0.4,False,,,
e1/W/R2/5,W,2,quadruplet,51200,1.0,False,,,
e1/W/R2/5,W,2,quintuplet,800,0.0,False,,,
e1/W/R2/5,W,2,quintuplet,6400,0.5,False,,,
e1/W/R2/5,W,2,quintuplet,51200,1.0,False,,,
e1/W/R2/5,W,2,random,800,0.0,False,,,
e1/W/R2/5,W,2,random,6400,0.0,False,,,
e1/W/R2/5,W,2,random,51200,0.0,False,,,
e1/W/R2/50,W,2,quadruplet,800,0.2,True,True,5.6776824100997796e-08,4.542145928079824e-05
e1/W/R2/50,W,2,quadruplet,6400,0.3,True,True,5.6776824100997796e-08,0.0003633716742463859
e1/W/R2/50,W,2,quadruplet,51200,0.8,True,True,5.6776824100997796e-08,0.0029069733939710873
e1/W/R2/50,W,2,quintuplet,800,0.2,True,False,,
e1/W/R2/50,W,2,quintuplet,6400,0.0,True,False,,
e1/W/R2/50,W,2,quintuplet,51200,0.0,True,False,,
e1/W/R2/51,W,2,quadruplet,800,0.0,True,False,,
e1/W/R2/51,W,2,quadruplet,6400,0.0,True,False,,
e1/W/R2/51,W,2,quadruplet,51200,0.0,True,False,,
e1/W/R2/51,W,2,quintuplet,800,0.0,True,False,,
e1/W/R2/51,W,2,quintuplet,6400,0.0,True,False,,
e1/W/R2/51,W,2,quintuplet,51200,0.0,True,False,,
e1/W/R2/52,W,2,quadruplet,800,0.4,False,,,
e1/W/R2/52,W,2,quadruplet,6400,1.0,False,,,
e1/W/R2/52,W,2,quadruplet,51200,1.0,False,,,
e1/W/R2/52,W,2,quintuplet,800,0.4,False,,,
e1/W/R2/52,W,2,quintuplet,6400,1.0,False,,,
e1/W/R2/52,W,2,quintuplet,51200,1.0,False,,,
e1/W/R2/53,W,2,quadruplet,800,0.8,True,True,1.4418255244882073e-05,0.011534604195905658
e1/W/R2/53,W,2,quadruplet,6400,1.0,True,True,1.4418255244882073e-05,0.09227683356724527
e1/W/R2/53,W,2,quadruplet,51200,1.0,True,True,1.4418255244882073e-05,0.7382146685379621
e1/W/R2/53,W,2,quintuplet,800,0.7,True,True,1.2868951943000217e-05,0.010295161554400174
e1/W/R2/53,W,2,quintuplet,6400,1.0,True,True,1.2868951943000217e-05,0.08236129243520139
e1/W/R2/53,W,2,quintuplet,51200,1.0,True,True,1.2868951943000217e-05,0.6588903394816111
e1/W/R2/54,W,2,quadruplet,800,0.0,False,,,
e1/W/R2/54,W,2,quadruplet,6400,0.0,False,,,
e1/W/R2/54,W,2,quadruplet,51200,0.0,False,,,
e1/W/R2/54,W,2,quintuplet,800,0.0,False,,,
e1/W/R2/54,W,2,quintuplet,6400,0.2,False,,,
e1/W/R2/54,W,2,quintuplet,51200,0.0,False,,,
e1/W/R2/55,W,2,quadruplet,800,0.1,False,,,
e1/W/R2/55,W,2,quadruplet,6400,0.0,False,,,
e1/W/R2/55,W,2,quadruplet,51200,0.0,False,,,
e1/W/R2/55,W,2,quintuplet,800,0.1,False,,,
e1/W/R2/55,W,2,quintuplet,6400,0.1,False,,,
e1/W/R2/55,W,2,quintuplet,51200,0.0,False,,,
e1/W/R2/56,W,2,quadruplet,800,0.0,False,,,
e1/W/R2/56,W,2,quadruplet,6400,0.0,False,,,
e1/W/R2/56,W,2,quadruplet,51200,0.0,False,,,
e1/W/R2/56,W,2,quintuplet,800,0.0,False,,,
e1/W/R2/56,W,2,quintuplet,6400,0.0,False,,,
e1/W/R2/56,W,2,quintuplet,51200,0.0,False,,,
e1/W/R2/57,W,2,quadruplet,800,0.8,True,True,1.6064703208674797e-05,0.012851762566939838
e1/W/R2/57,W,2,quadruplet,6400,1.0,True,True,1.6064703208674797e-05,0.1028141005355187
e1/W/R2/57,W,2,quadruplet,51200,1.0,True,True,1.6064703208674797e-05,0.8225128042841496
e1/W/R2/57,W,2,quintuplet,800,0.6,True,True,1.2858180369946073e-05,0.010286544295956858
e1/W/R2/57,W,2,quintuplet,6400,1.0,True,True,1.2858180369946073e-05,0.08229235436765486
e1/W/R2/57,W,2,quintuplet,51200,1.0,True,True,1.2858180369946073e-05,0.6583388349412389
e1/W/R2/58,W,2,quadruplet,800,0.0,True,False,,
e1/W/R2/58,W,2,quadruplet,6400,0.1,True,False,,
e1/W/R2/58,W,2,quadruplet,51200,0.0,True,False,,
e1/W/R2/58,W,2,quintuplet,800,0.0,True,False,,
e1/W/R2/58,W,2,quintuplet,6400,0.0,True,False,,
e1/W/R2/58,W,2,quintuplet,51200,0.0,True,False,,
e1/W/R2/59,W,2,quadruplet,800,0.4,False,,,
e1/W/R2/59,W,2,quadruplet,6400,0.9,False,,,
e1/W/R2/59,W,2,quadruplet,51200,1.0,False,,,
e1/W/R2/59,W,2,quintuplet,800,0.5,False,,,
e1/W/R2/59,W,2,quintuplet,6400,0.8,False,,,
e1/W/R2/59,W,2,quintuplet,51200,1.0,False,,,
e1/W/R2/6,W,2,quadruplet,800,0.1,False,,,
e1/W/R2/6,W,2,quadruplet,6400,0.6,False,,,
e1/W/R2/6,W,2,quadruplet,51200,0.9,False,,,
e1/W/R2/6,W,2,quintuplet,800,0.2,False,,,
e1/W/R2/6,W,2,quintuplet,6400,0.7,False,,,
e1/W/R2/6,W,2,quintuplet,51200,1.0,False,,,
e1/W/R2/6,W,2,random,800,0.0,False,,,
e1/W/R2/6,W,2,random,6400,0.0,False,,,
e1/W/R2/6,W,2,random,51200,0.0,False,,,
e1/W/R2/60,W,2,quadruplet,800,0.4,True,True,3.415257815368821e-05,0.027322062522950566
e1/W/R2/60,W,2,quadruplet,6400,0.8,True,True,3.415257815368821e-05,0.21857650018360453
e1/W/R2/60,W,2,quadruplet,51200,1.0,True,True,3.415257815368821e-05,1.7486120014688362
e1/W/R2/60,W,2,quintuplet,800,0.4,True,True,1.7008789199331974e-05,0.01360703135946558
e1/W/R2/60,W,2,quintuplet,6400,0.7,True,True,1.7008789199331974e-05,0.10885625087572463
e1/W/R2/60,W,2,quintuplet,51200,1.0,True,True,1.7008789199331974e-05,0.8708500070057971
e1/W/R2/61,W,2,quadruplet,800,0.2,False,,,
e1/W/R2/61,W,2,quadruplet,6400,0.0,False,,,
e1/W/R2/61,W,2,quadruplet,51200,0.0,False,,,
e1/W/R2/61,W,2,quintuplet,800,0.2,False,,,
e1/W/R2/61,W,2,quintuplet,6400,0.2,False,,,
e1/W/R2/61,W,2,quintuplet,51200,0.2,False,,,
e1/W/R2/62,W,2,quadruplet,800,0.1,False,,,
e1/W/R2/62,W,2,quadruplet,6400,0.3,False,,,
e1/W/R2/62,W,2,quadruplet,51200,1.0,False,,,
e1/W/R2/62,W,2,quintuplet,800,0.0,False,,,
e1/W/R2/62,W,2,quintuplet,6400,0.1,False,,,
e1/W/R2/62,W,2,quintuplet,51200,0.9,False,,,
e1/W/R2/63,W,2,quadruplet,800,0.0,True,True,3.56490610128454e-05,0.028519248810276322
e1/W/R2/63,W,2,quadruplet,6400,0.5,True,True,3.56490610128454e-05,0.22815399048221058
e1/W/R2/63,W,2,quadruplet,51200,1.0,True,True,3.56490610128454e-05,1.8252319238576846
e1/W/R2/63,W,2,quintuplet,800,0.1,True,True,4.1944859484767594e-05,0.033555887587814075
e1/W/R2/63,W,2,quintuplet,6400,0.4,True,True,4.1944859484767594e-05,0.2684471007025126
e1/W/R2/63,W,2,quintuplet,51200,1.0,True,True,4.1944859484767594e-05,2.147576805620101
e1/W/R2/64,W,2,quadruplet,800,0.7,True,True,2.125524204795933e-05,0.017004193638367464
e1/W/R2/64,W,2,quadruplet,6400,1.0,True,True,2.125524204795933e-05,0.1360335491069397
e1/W/R2/64,W,2,quadruplet,51200,1.0,True,True,2.125524204795933e-05,1.0882683928555177
e1/W/R2/64,W,2,quintuplet,800,0.4,True,True,1.6709227144041774e-05,0.013367381715233419
e1/W/R2/64,W,2,quintuplet,6400,1.0,True,True,1.6709227144041774e-05,0.10693905372186735
e1/W/R2/64,W,2,quintuplet,51200,1.0,True,True,1.6709227144041774e-05,0.8555124297749388
e1/W/R2/65,W,2,quadruplet,800,0.0,True,False,,
e1/W/R2/65,W,2,quadruplet,6400,0.0,True,False,,
e1/W/R2/65,W,2,quadruplet,51200,0.0,True,False,,
e1/W/R2/65,W,2,quintuplet,800,0.0,True,False,,
e1/W/R2/65,W,2,quintuplet,6400,0.0,True,False,,
e1/W/R2/65,W,2,quintuplet,51200,0.0,True,False,,
e1/W/R2/66,W,2,quadruplet,800,0.0,False,,,
e1/W/R2/66,W,2,quadruplet,6400,0.0,False,,,
e1/W/R2/66,W,2,quadruplet,51200,0.0,False,,,
e1/W/R2/66,W,2,quintuplet,800,0.0,False,,,
e1/W/R2/66,W,2,quintuplet,6400,0.2,False,,,
e1/W/R2/66,W,2,quintuplet,51200,0.0,False,,,
e1/W/R2/67,W,2,quadruplet,800,0.8,True,True,1.3271394136949627e-05,0.0106171153095597
e1/W/R2/67,W,2,quadruplet,6400,1.0,True,True,1.3271394136949627e-05,0.0849369224764776
e1/W/R2/67,W,2,quadruplet,51200,1.0,True,True,1.3271394136949627e-05,0.6794953798118208
e1/W/R2/67,W,2,quintuplet,800,0.6,True,True,8.52570641911958e-06,0.006820565135295664
e1/W/R2/67,W,2,quintuplet,6400,1.0,True,True,8.52570641911958e-06,0.054564521082365314
e1/W/R2/67,W,2,quintuplet,51200,1.0,True,True,8.52570641911958e-06,0.4365161686589225
e1/W/R2/68,W,2,quadruplet,800,0.0,False,,,
e1/W/R2/68,W,2,quadruplet,6400,0.0,False,,,
e1/W/R2/68,W,2,quadruplet,51200,0.0,False,,,
e1/W/R2/68,W,2,quintuplet,800,0.0,False,,,
e1/W/R2/68,W,2,quintuplet,6400,0.0,False,,,
e1/W/R2/68,W,2,quintuplet,51200,0.0,False,,,
e1/W/R2/69,W,2,quadruplet,800,0.0,False,,,
e1/W/R2/69,W,2,quadruplet,6400,0.0,False,,,
e1/W/R2/69,W,2,quadruplet,51200,0.0,False,,,
e1/W/R2/69,W,2,quintuplet,800,0.0,False,,,
e1/W/R2/69,W,2,quintuplet,6400,0.3,False,,,
e1/W/R2/69,W,2,quintuplet,51200,0.1,False,,,
e1/W/R2/7,W,2,quadruplet,800,0.0,True,True,5.487366134297571e-07,0.00043898929074380564
e1/W/R2/7,W,2,quadruplet,6400,0.0,True,True,5.487366134297571e-07,0.003511914325950445
e1/W/R2/7,W,2,quadruplet,51200,0.4,True,True,5.487366134297571e-07,0.02809531460760356
e1/W/R2/7,W,2,quintuplet,800,0.0,True,True,4.868623396202695e-07,0.0003894898716962156
e1/W/R2/7,W,2,quintuplet,6400,0.1,True,True,4.868623396202695e-07,0.003115918973569725
e1/W/R2/7,W,2,quintuplet,51200,0.4,True,True,4.868623396202695e-07,0.0249273517885578
e1/W/R2/7,W,2,random,800,0.0,True,False,,
e1/W/R2/7,W,2,random,6400,0.0,True,False,,
e1/W/R2/7,W,2,random,51200,0.0,True,False,,
e1/W/R2/70,W,2,quadruplet,800,0.0,False,,,
e1/W/R2/70,W,2,quadruplet,6400,0.0,False,,,
e1/W/R2/70,W,2,quadruplet,51200,0.0,False,,,
e1/W/R2/70,W,2,quintuplet,800,0.1,False,,,
e1/W/R2/70,W,2,quintuplet,6400,0.0,False,,,
e1/W/R2/70,W,2,quintuplet,51200,0.0,False,,,
e1/W/R2/71,W,2,quadruplet,800,0.0,True,True,3.2251861810983864e-05,0.02580148944878709
e1/W/R2/71,W,2,quadruplet,6400,0.4,True,True,3.2251861810983864e-05,0.20641191559029673
e1/W/R2/71,W,2,quadruplet,51200,1.0,True,True,3.2251861810983864e-05,1.6512953247223738
e1/W/R2/71,W,2,quintuplet,800,0.0,True,True,3.099818742261895e-05,0.024798549938095164
e1/W/R2/71,W,2,quintuplet,6400,0.4,True,True,3.099818742261895e-05,0.1983883995047613
e1/W/R2/71,W,2,quintuplet,51200,0.9,True,True,3.099818742261895e-05,1.5871071960380905
e1/W/R2/72,W,2,quadruplet,800,0.0,True,False,,
e1/W/R2/72,W,2,quadruplet,6400,0.0,True,False,,
e1/W/R2/72,W,2,quadruplet,51200,0.0,True,False,,
e1/W/R2/72,W,2,quintuplet,800,0.0,True,True,2.967721019740088e-06,0.00237417681579207
e1/W/R2/72,W,2,quintuplet,6400,0.1,True,True,2.967721019740088e-06,0.01899341452633656
e1/W/R2/72,W,2,quintuplet,51200,0.4,True,True,2.967721019740088e-06,0.1519473162106925
e1/W/R2/73,W,2,quadruplet,800,0.0,False,,,
e1/W/R2/73,W,2,quadruplet,6400,0.0,False,,,
e1/W/R2/73,W,2,quadruplet,51200,0.0,False,,,
e1/W/R2/73,W,2,quintuplet,800,0.0,False,,,
e1/W/R2/73,W,2,quintuplet,6400,0.0,False,,,
e1/W/R2/73,W,2,quintuplet,51200,0.0,False,,,
e1/W/R2/74,W,2,quadruplet,800,0.1,True,False,,
e1/W/R2/74,W,2,quadruplet,6400,0.0,True,False,,
e1/W/R2/74,W,2,quadruplet,51200,0.0,True,False,,
e1/W/R2/74,W,2,quintuplet,800,0.0,True,False,,
e1/W/R2/74,W,2,quintuplet,6400,0.0,True,False,,
e1/W/R2/74,W,2,quintuplet,51200,0.0,True,False,,
e1/W/R2/75,W,2,quadruplet,800,0.8,True,True,1.6459801022835555e-05,0.013167840818268444
e1/W/R2/75,W,2,quadruplet,6400,1.0,True,True,1.6459801022835555e-05,0.10534272654614756
e1/W/R2/75,W,2,quadruplet,51200,1.0,True,True,1.6459801022835555e-05,0.8427418123691804
e1/W/R2/75,W,2,quintuplet,800,0.7,True,True,1.2362647577245594e-05,0.009890118061796476
e1/W/R2/75,W,2,quintuplet,6400,1.0,True,True,1.2362647577245594e-05,0.0791209444943718
e1/W/R2/75,W,2,quintuplet,51200,1.0,True,True,1.2362647577245594e-05,0.6329675559549744
e1/W/R2/76,W,2,quadruplet,800,0.0,False,,,
e1/W/R2/76,W,2,quadruplet,6400,0.0,False,,,
e1/W/R2/76,W,2,quadruplet,51200,0.0,False,,,
e1/W/R2/76,W,2,quintuplet,800,0.1,False,,,
e1/W/R2/76,W,2,quintuplet,6400,0.5,False,,,
e1/W/R2/76,W,2,quintuplet,51200,0.9,False,,,
e1/W/R2/77,W,2,quadruplet,800,0.8,True,True,8.559586658677802e-06,0.006847669326942242
e1/W/R2/77,W,2,quadruplet,6400,1.0,True,True,8.559586658677802e-06,0.05478135461553794
e1/W/R2/77,W,2,quadruplet,51200,1.0,True,True,8.559586658677802e-06,0.4382508369243035
e1/W/R2/77,W,2,quintuplet,800,1.0,True,True,1.2243584407537665e-05,0.009794867526030131
e1/W/R2/77,W,2,quintuplet,6400,1.0,True,True,1.2243584407537665e-05,0.07835894020824105
e1/W/R2/77,W,2,quintuplet,51200,1.0,True,True,1.2243584407537665e-05,0.6268715216659284
e1/W/R2/78,W,2,quadruplet,800,0.4,True,False,,
e1/W/R2/78,W,2,quadruplet,6400,0.5,True,False,,
e1/W/R2/78,W,2,quadruplet,51200,0.1,True,False,,
e1/W/R2/78,W,2,quintuplet,800,0.3,True,True,5.130117189217013e-06,0.0041040937513736105
e1/W/R2/78,W,2,quintuplet,6400,1.0,True,True,5.130117189217013e-06,0.032832750010988884
e1/W/R2/78,W,2,quintuplet,51200,1.0,True,True,5.130117189217013e-06,0.2626620000879111
e1/W/R2/79,W,2,quadruplet,800,0.3,False,,,
e1/W/R2/79,W,2,quadruplet,6400,0.4,False,,,
e1/W/R2/79,W,2,quadruplet,51200,0.1,False,,,
e1/W/R2/79,W,2,quintuplet,800,0.1,False,,,
e1/W/R2/79,W,2,quintuplet,6400,0.5,False,,,
e1/W/R2/79,W,2,quintuplet,51200,0.9,False,,,
e1/W/R2/8,W,2,quadruplet,800,0.0,False,,,
e1/W/R2/8,W,2,quadruplet,6400,0.0,False,,,
e1/W/R2/8,W,2,quadruplet,51200,0.0,False,,,
e1/W/R2/8,W,2,quintuplet,800,0.0,False,,,
e1/W/R2/8,W,2,quintuplet,6400,0.0,False,,,
e1/W/R2/8,W,2,quintuplet,51200,0.0,False,,,
e1/W/R2/8,W,2,random,800,0.0,False,,,
e1/W/R2/8,W,2,random,6400,0.0,False,,,
e1/W/R2/8,W,2,random,51200,0.0,False,,,
e1/W/R2/80,W,2,quadruplet,800,0.7,True,True,8.677902092842239e-06,0.006942321674273791
e1/W/R2/80,W,2,quadruplet,6400,1.0,True,True,8.677902092842239e-06,0.05553857339419033
e1/W/R2/80,W,2,quadruplet,51200,1.0,True,True,8.677902092842239e-06,0.4443085871535226
e1/W/R2/80,W,2,quintuplet,800,0.9,True,True,1.2200453782901087e-05,0.00976036302632087
e1/W/R2/80,W,2,quintuplet,6400,1.0,True,True,1.2200453782901087e-05,0.07808290421056696
e1/W/R2/80,W,2,quintuplet,51200,1.0,True,True,1.2200453782901087e-05,0.6246632336845357
e1/W/R2/81,W,2,quadruplet,800,0.2,False,,,
e1/W/R2/81,W,2,quadruplet,6400,1.0,False,,,
e1/W/R2/81,W,2,quadruplet,51200,1.0,False,,,
e1/W/R2/81,W,2,quintuplet,800,0.2,False,,,
e1/W/R2/81,W,2,quintuplet,6400,0.9,False,,,
e1/W/R2/81,W,2,quintuplet,51200,1.0,False,,,
e1/W/R2/82,W,2,quadruplet,800,0.0,True,False,,
e1/W/R2/82,W,2,quadruplet,6400,0.0,True,False,,
e1/W/R2/82,W,2,quadruplet,51200,0.0,True,False,,
e1/W/R2/82,W,2,quintuplet,800,0.0,True,True,5.514171005432433e-06,0.004411336804345946
e1/W/R2/82,W,2,quintuplet,6400,0.3,True,True,5.514171005432433e-06,0.03529069443476757
e1/W/R2/82,W,2,quintuplet,51200,0.8,True,True,5.514171005432433e-06,0.28232555547814053
e1/W/R2/83,W,2,quadruplet,800,0.6,True,True,8.15287627857078e-06,0.006522301022856624
e1/W/R2/83,W,2,quadruplet,6400,1.0,True,True,8.15287627857078e-06,0.05217840818285299
e1/W/R2/83,W,2,quadruplet,51200,1.0,True,True,8.15287627857078e-06,0.41742726546282394
e1/W/R2/83,W,2,quintuplet,800,0.6,True,True,9.658247916191041e-06,0.007726598332952833
e1/W/R2/83,W,2,quintuplet,6400,1.0,True,True,9.658247916191041e-06,0.061812786663622665
e1/W/R2/83,W,2,quintuplet,51200,1.0,True,True,9.658247916191041e-06,0.4945022933089813
e1/W/R2/84,W,2,quadruplet,800,0.0,False,,,
e1/W/R2/84,W,2,quadruplet,6400,0.0,False,,,
e1/W/R2/84,W,2,quadruplet,51200,0.0,False,,,
e1/W/R2/84,W,2,quintuplet,800,0.0,False,,,
e1/W/R2/84,W,2,quintuplet,6400,0.2,False,,,
e1/W/R2/84,W,2,quintuplet,51200,0.5,False,,,
e1/W/R2/85,W,2,quadruplet,800,0.0,False,,,
e1/W/R2/85,W,2,quadruplet,6400,0.0,False,,,
e1/W/R2/85,W,2,quadruplet,51200,0.1,False,,,
e1/W/R2/85,W,2,quintuplet,800,0.0,False,,,
e1/W/R2/85,W,2,quintuplet,6400,0.1,False,,,
e1/W/R2/85,W,2,quintuplet,51200,0.9,False,,,
e1/W/R2/86,W,2,quadruplet,800,0.0,True,False,,
e1/W/R2/86,W,2,quadruplet,6400,0.0,True,False,,
e1/W/R2/86,W,2,quadruplet,51200,0.0,True,False,,
e1/W/R2/86,W,2,quintuplet,800,0.0,True,False,,
e1/W/R2/86,W,2,quintuplet,6400,0.0,True,False,,
e1/W/R2/86,W,2,quintuplet,51200,0.0,True,False,,
e1/W/R2/87,W,2,quadruplet,800,0.7,True,True,8.907471630861172e-06,0.007125977304688938
e1/W/R2/87,W,2,quadruplet,6400,1.0,True,True,8.907471630861172e-06,0.0570078184375115
e1/W/R2/87,W,2,quadruplet,51200,1.0,True,True,8.907471630861172e-06,0.456062547500092
e1/W/R2/87,W,2,quintuplet,800,0.9,True,True,1.2564596022196967e-05,0.010051676817757572
e1/W/R2/87,W,2,quintuplet,6400,1.0,True,True,1.2564596022196967e-05,0.08041341454206058
e1/W/R2/87,W,2,quintuplet,51200,1.0,True,True,1.2564596022196967e-05,0.6433073163364846
e1/W/R2/88,W,2,quadruplet,800,0.6,False,,,
e1/W/R2/88,W,2,quadruplet,6400,0.9,False,,,
e1/W/R2/88,W,2,quadruplet,51200,1.0,False,,,
e1/W/R2/88,W,2,quintuplet,800,0.5,False,,,
e1/W/R2/88,W,2,quintuplet,6400,0.9,False,,,
e1/W/R2/88,W,2,quintuplet,51200,1.0,False,,,
e1/W/R2/89,W,2,quadruplet,800,0.1,False,,,
e1/W/R2/89,W,2,quadruplet,6400,0.9,False,,,
e1/W/R2/89,W,2,quadruplet,51200,1.0,False,,,
e1/W/R2/89,W,2,quintuplet,800,0.0,False,,,
e1/W/R2/89,W,2,quintuplet,6400,0.7,False,,,
e1/W/R2/89,W,2,quintuplet,51200,1.0,False,,,
e1/W/R2/9,W,2,quadruplet,800,0.4,False,,,
e1/W/R2/9,W,2,quadruplet,6400,0.8,False,,,
e1/W/R2/9,W,2,quadruplet,51200,1.0,False,,,
e1/W/R2/9,W,2,quintuplet,800,0.4,False,,,
e1/W/R2/9,W,2,quintuplet,6400,0.7,False,,,
e1/W/R2/9,W,2,quintuplet,51200,1.0,False,,,
e1/W/R2/9,W,2,random,800,0.0,False,,,
e1/W/R2/9,W,2,random,6400,0.0,False,,,
e1/W/R2/9,W,2,random,51200,0.0,False,,,
e1/W/R2/90,W,2,quadruplet,800,0.0,False,,,
e1/W/R2/90,W,2,quadruplet,6400,0.0,False,,,
e1/W/R2/90,W,2,quadruplet,51200,0.0,False,,,
e1/W/R2/90,W,2,quintuplet,800,0.1,False,,,
e1/W/R2/90,W,2,quintuplet,6400,0.0,False,,,
e1/W/R2/90,W,2,quintuplet,51200,0.0,False,,,
e1/W/R2/91,W,2,quadruplet,800,0.0,False,,,
e1/W/R2/91,W,2,quadruplet,6400,0.3,False,,,
e1/W/R2/91,W,2,quadruplet,51200,0.1,False,,,
e1/W/R2/91,W,2,quintuplet,800,0.0,False,,,
e1/W/R2/91,W,2,quintuplet,6400,0.8,False,,,
e1/W/R2/91,W,2,quintuplet,51200,0.9,False,,,
e1/W/R2/92,W,2,quadruplet,800,0.0,True,False,,
e1/W/R2/92,W,2,quadruplet,6400,0.1,True,False,,
e1/W/R2/92,W,2,quadruplet,51200,0.0,True,False,,
e1/W/R2/92,W,2,quintuplet,800,0.1,True,True,1.9234890924759147e-05,0.015387912739807318
e1/W/R2/92,W,2,quintuplet,6400,0.9,True,True,1.9234890924759147e-05,0.12310330191845854
e1/W/R2/92,W,2,quintuplet,51200,0.9,True,True,1.9234890924759147e-05,0.9848264153476683
e1/W/R2/93,W,2,quadruplet,800,0.3,False,,,
e1/W/R2/93,W,2,quadruplet,6400,0.8,False,,,
e1/W/R2/93,W,2,quadruplet,51200,1.0,False,,,
e1/W/R2/93,W,2,quintuplet,800,0.5,False,,,
e1/W/R2/93,W,2,quintuplet,6400,0.8,False,,,
e1/W/R2/93,W,2,quintuplet,51200,1.0,False,,,
e1/W/R2/94,W,2,quadruplet,800,0.0,False,,,
e1/W/R2/94,W,2,quadruplet,6400,0.0,False,,,
e1/W/R2/94,W,2,quadruplet,51200,0.1,False,,,
e1/W/R2/94,W,2,quintuplet,800,0.0,False,,,
e1/W/R2/94,W,2,quintuplet,6400,0.1,False,,,
e1/W/R2/94,W,2,quintuplet,51200,0.7,False,,,
e1/W/R2/95,W,2,quadruplet,800,0.6,True,True,4.638145231520531e-06,0.003710516185216425
e1/W/R2/95,W,2,quadruplet,6400,1.0,True,True,4.638145231520531e-06,0.0296841294817314
e1/W/R2/95,W,2,quadruplet,51200,1.0,True,True,4.638145231520531e-06,0.2374730358538512
e1/W/R2/95,W,2,quintuplet,800,0.4,True,True,4.7406194254689535e-06,0.003792495540375163
e1/W/R2/95,W,2,quintuplet,6400,1.0,True,True,4.7406194254689535e-06,0.030339964323001303
e1/W/R2/95,W,2,quintuplet,51200,1.0,True,True,4.7406194254689535e-06,0.24271971458401043
e1/W/R2/96,W,2,quadruplet,800,0.1,True,True,2.6895780522155916e-05,0.02151662441772473
e1/W/R2/96,W,2,quadruplet,6400,0.2,True,True,2.6895780522155916e-05,0.17213299534179785
e1/W/R2/96,W,2,quadruplet,51200,0.8,True,True,2.6895780522155916e-05,1.3770639627343828
e1/W/R2/96,W,2,quintuplet,800,0.1,True,True,1.606800399563474e-05,0.012854403196507793
e1/W/R2/96,W,2,quintuplet,6400,0.4,True,True,1.606800399563474e-05,0.10283522557206234
e1/W/R2/96,W,2,quintuplet,51200,0.7,True,True,1.606800399563474e-05,0.8226818045764988
e1/W/R2/97,W,2,quadruplet,800,0.3,True,True,1.179458089555101e-05,0.00943566471644081
e1/W/R2/97,W,2,quadruplet,6400,0.9,True,True,1.179458089555101e-05,0.07548531773152647
e1/W/R2/97,W,2,quadruplet,51200,1.0,True,True,1.179458089555101e-05,0.6038825418522118
e1/W/R2/97,W,2,quintuplet,800,0.3,True,True,1.6992198628922303e-05,0.013593758903137843
e1/W/R2/97,W,2,quintuplet,6400,0.7,True,True,1.6992198628922303e-05,0.10875007122510275
e1/W/R2/97,W,2,quintuplet,51200,1.0,True,True,1.6992198628922303e-05,0.870000569800822
e1/W/R2/98,W,2,quadruplet,800,0.8,True,True,1.461862072582318e-05,0.011694896580658544
e1/W/R2/98,W,2,quadruplet,6400,1.0,True,True,1.461862072582318e-05,0.09355917264526835
e1/W/R2/98,W,2,quadruplet,51200,1.0,True,True,1.461862072582318e-05,0.7484733811621468
e1/W/R2/98,W,2,quintuplet,800,0.7,True,True,1.01683611379892e-05,0.00813468891039136
e1/W/R2/98,W,2,quintuplet,6400,1.0,True,True,1.01683611379892e-05,0.06507751128313088
e1/W/R2/98,W,2,quintuplet,51200,1.0,True,True,1.01683611379892e-05,0.5206200902650471
e1/W/R2/99,W,2,quadruplet,800,0.0,True,False,,
e1/W/R2/99,W,2,quadruplet,6400,0.1,True,False,,
e1/W/R2/99,W,2,quadruplet,51200,0.2,True,False,,
e1/W/R2/99,W,2,quintuplet,800,0.0,True,True,4.249093580435717e-06,0.0033992748643485735
e1/W/R2/99,W,2,quintuplet,6400,0.2,True,True,4.249093580435717e-06,0.027194198914788588
e1/W/R2/99,W,2,quintuplet,51200,0.5,True,True,4.249093580435717e-06,0.2175535913183087
e1/W/R3/0,W,3,quadruplet,800,0.2,True,True,1.5753355652310243e-06,0.0012602684521848195
e1/W/R3/0,W,3,quadruplet,6400,1.0,True,True,1.5753355652310243e-06,0.010082147617478556
e1/W/R3/0,W,3,quadruplet,51200,1.0,True,True,1.5753355652310243e-06,0.08065718093982845
e1/W/R3/0,W,3,quintuplet,800,0.1,True,True,2.4954788401087726e-06,0.0019963830720870182
e1/W/R3/0,W,3,quintuplet,6400,1.0,True,True,2.4954788401087726e-06,0.015971064576696146
e1/W/R3/0,W,3,quintuplet,51200,1.0,True,True,2.4954788401087726e-06,0.12776851661356917
e1/W/R3/0,W,3,random,800,0.0,True,False,,
e1/W/R3/0,W,3,random,6400,0.0,True,False,,
e1/W/R3/0,W,3,random,51200,0.0,True,False,,
e1/W/R3/1,W,3,quadruplet,800,0.7,True,True,1.69184228752597e-05,0.01353473830020776
e1/W/R3/1,W,3,quadruplet,6400,1.0,True,True,1.69184228752597e-05,0.10827790640166209
e1/W/R3/1,W,3,quadruplet,51200,1.0,True,True,1.69184228752597e-05,0.8662232512132967
e1/W/R3/1,W,3,quintuplet,800,0.4,True,True,1.0750005580340769e-05,0.008600004464272615
e1/W/R3/1,W,3,quintuplet,6400,1.0,True,True,1.0750005580340769e-05,0.06880003571418092
e1/W/R3/1,W,3,quintuplet,51200,1.0,True,True,1.0750005580340769e-05,0.5504002857134473
e1/W/R3/1,W,3,random,800,0.0,True,False,,
e1/W/R3/1,W,3,random,6400,0.0,True,False,,
e1/W/R3/1,W,3,random,51200,0.0,True,False,,
e1/W/R3/10,W,3,quadruplet,800,0.0,True,False,,
e1/W/R3/10,W,3,quadruplet,6400,0.0,True,False,,
e1/W/R3/10,W,3,quadruplet,51200,0.0,True,False,,
e1/W/R3/10,W,3,quintuplet,800,0.0,True,False,,
e1/W/R3/10,W,3,quintuplet,6400,0.0,True,False,,
e1/W/R3/10,W,3,quintuplet,51200,0.0,True,False,,
e1/W/R3/11,W,3,quadruplet,800,0.0,True,False,,
e1/W/R3/11,W,3,quadruplet,6400,0.0,True,False,,
e1/W/R3/11,W,3,quadruplet,51200,0.0,True,False,,
e1/W/R3/11,W,3,quintuplet,800,0.0,True,False,,
e1/W/R3/11,W,3,quintuplet,6400,0.2,True,False,,
e1/W/R3/11,W,3,quintuplet,51200,0.2,True,False,,
e1/W/R3/12,W,3,quadruplet,800,0.0,False,,,
e1/W/R3/12,W,3,quadruplet,6400,0.0,False,,,
e1/W/R3/12,W,3,quadruplet,51200,0.0,False,,,
e1/W/R3/12,W,3,quintuplet,800,0.0,False,,,
e1/W/R3/12,W,3,quintuplet,6400,0.1,False,,,
e1/W/R3/12,W,3,quintuplet,51200,0.5,False,,,
e1/W/R3/13,W,3,quadruplet,800,0.7,True,True,1.569376460451864e-05,0.01255501168361491
e1/W/R3/13,W,3,quadruplet,6400,1.0,True,True,1.569376460451864e-05,0.10044009346891929
e1/W/R3/13,W,3,quadruplet,51200,1.0,True,True,1.569376460451864e-05,0.8035207477513543
e1/W/R3/13,W,3,quintuplet,800,0.4,True,True,1.256727093348893e-05,0.010053816746791143
e1/W/R3/13,W,3,quintuplet,6400,1.0,True,True,1.256727093348893e-05,0.08043053397432914
e1/W/R3/13,W,3,quintuplet,51200,1.0,True,True,1.256727093348893e-05,0.6434442717946331
e1/W/R3/14,W,3,quadruplet,800,0.6,False,,,
e1/W/R3/14,W,3,quadruplet,6400,1.0,False,,,
e1/W/R3/14,W,3,quadruplet,51200,1.0,False,,,
e1/W/R3/14,W,3,quintuplet,800,0.3,False,,,
e1/W/R3/14,W,3,quintuplet,6400,0.9,False,,,
e1/W/R3/14,W,3,quintuplet,51200,1.0,False,,,
e1/W/R3/15,W,3,quadruplet,800,0.6,True,True,1.7523395879528823e-05,0.014018716703623058
e1/W/R3/15,W,3,quadruplet,6400,1.0,True,True,1.7523395879528823e-05,0.11214973362898446
e1/W/R3/15,W,3,quadruplet,51200,1.0,True,True,1.7523395879528823e-05,0.8971978690318757
e1/W/R3/15,W,3,quintuplet,800,0.7,True,True,1.3544943614835447e-05,0.010835954891868357
e1/W/R3/15,W,3,quintuplet,6400,1.0,True,True,1.3544943614835447e-05,0.08668763913494686
e1/W/R3/15,W,3,quintuplet,51200,1.0,True,True,1.3544943614835447e-05,0.6935011130795748
e1/W/R3/16,W,3,quadruplet,800,0.6,True,True,6.3876957182470115e-06,0.005110156574597609
e1/W/R3/16,W,3,quadruplet,6400,1.0,True,True,6.3876957182470115e-06,0.040881252596780875
e1/W/R3/16,W,3,quadruplet,51200,1.0,True,True,6.3876957182470115e-06,0.327050020774247
e1/W/R3/16,W,3,quintuplet,800,0.6,True,True,5.617427195714735e-06,0.004493941756571788
e1/W/R3/16,W,3,quintuplet,6400,1.0,True,True,5.617427195714735e-06,0.035951534052574306
e1/W/R3/16,W,3,quintuplet,51200,1.0,True,True,5.617427195714735e-06,0.28761227242059445
e1/W/R3/17,W,3,quadruplet,800,0.0,False,,,
e1/W/R3/17,W,3,quadruplet,6400,0.0,False,,,
e1/W/R3/17,W,3,quadruplet,51200,0.0,False,,,
e1/W/R3/17,W,3,quintuplet,800,0.0,False,,,
e1/W/R3/17,W,3,quintuplet,6400,0.0,False,,,
e1/W/R3/17,W,3,quintuplet,51200,0.0,False,,,
e1/W/R3/18,W,3,quadruplet,800,0.0,True,False,,
e1/W/R3/18,W,3,quadruplet,6400,0.0,True,False,,
e1/W/R3/18,W,3,quadruplet,51200,0.0,True,False,,
e1/W/R3/18,W,3,quintuplet,800,0.0,True,False,,
e1/W/R3/18,W,3,quintuplet,6400,0.0,True,False,,
e1/W/R3/18,W,3,quintuplet,51200,0.0,True,False,,
e1/W/R3/19,W,3,quadruplet,800,0.0,False,,,
e1/W/R3/19,W,3,quadruplet,6400,0.0,False,,,
e1/W/R3/19,W,3,quadruplet,51200,0.0,False,,,
e1/W/R3/19,W,3,quintuplet,800,0.0,False,,,
e1/W/R3/19,W,3,quintuplet,6400,0.0,False,,,
e1/W/R3/19,W,3,quintuplet,51200,0.0,False,,,
e1/W/R3/2,W,3,quadruplet,800,0.7,True,True,2.9463471599972235e-06,0.0023570777279977788
e1/W/R3/2,W,3,quadruplet,6400,1.0,True,True,2.9463471599972235e-06,0.01885662182398223
e1/W/R3/2,W,3,quadruplet,51200,1.0,True,True,2.9463471599972235e-06,0.15085297459185784
e1/W/R3/2,W,3,quintuplet,800,0.7,True,True,4.183070295410749e-06,0.0033464562363285993
e1/W/R3/2,W,3,quintuplet,6400,1.0,True,True,4.183070295410749e-06,0.026771649890628794
e1/W/R3/2,W,3,quintuplet,51200,1.0,True,True,4.183070295410749e-06,0.21417319912503036
e1/W/R3/2,W,3,random,800,0.0,True,False,,
e1/W/R3/2,W,3,random,6400,0.0,True,False,,
e1/W/R3/2,W,3,random,51200,0.0,True,False,,
e1/W/R3/20,W,3,quadruplet,800,0.5,True,True,1.5221298798446022e-05,0.012177039038756818
e1/W/R3/20,W,3,quadruplet,6400,1.0,True,True,1.5221298798446022e-05,0.09741631231005454
e1/W/R3/20,W,3,quadruplet,51200,1.0,True,True,1.5221298798446022e-05,0.7793304984804363
e1/W/R3/20,W,3,quintuplet,800,0.5,True,True,9.295931725908296e-06,0.007436745380726637
e1/W/R3/20,W,3,quintuplet,6400,1.0,True,True,9.295931725908296e-06,0.05949396304581309
e1/W/R3/20,W,3,quintuplet,51200,1.0,True,True,9.295931725908296e-06,0.47595170436650475
e1/W/R3/21,W,3,quadruplet,800,0.8,True,True,1.58915875385125e-05,0.012713270030809999
e1/W/R3/21,W,3,quadruplet,6400,1.0,True,True,1.58915875385125e-05,0.10170616024647999
e1/W/R3/21,W,3,quadruplet,51200,1.0,True,True,1.58915875385125e-05,0.8136492819718399
e1/W/R3/21,W,3,quintuplet,800,0.8,True,True,1.2539087660092606e-05,0.010031270128074084
e1/W/R3/21,W,3,quintuplet,6400,1.0,True,True,1.2539087660092606e-05,0.08025016102459268
e1/W/R3/21,W,3,quintuplet,51200,1.0,True,True,1.2539087660092606e-05,0.6420012881967414
e1/W/R3/22,W,3,quadruplet,800,0.0,True,False,,
e1/W/R3/22,W,3,quadruplet,6400,0.0,True,False,,
e1/W/R3/22,W,3,quadruplet,51200,0.0,True,False,,
e1/W/R3/22,W,3,quintuplet,800,0.0,True,False,,
e1/W/R3/22,W,3,quintuplet,6400,0.0,True,False,,
e1/W/R3/22,W,3,quintuplet,51200,0.0,True,False,,
e1/W/R3/23,W,3,quadruplet,800,0.5,True,True,1.650294559456451e-05,0.013202356475651607
e1/W/R3/23,W,3,quadruplet,6400,1.0,True,True,1.650294559456451e-05,0.10561885180521285
e1/W/R3/23,W,3,quadruplet,51200,1.0,True,True,1.650294559456451e-05,0.8449508144417028
e1/W/R3/23,W,3,quintuplet,800,0.3,True,True,9.97557673926313e-06,0.007980461391410504
e1/W/R3/23,W,3,quintuplet,6400,1.0,True,True,9.97557673926313e-06,0.06384369113128403
e1/W/R3/23,W,3,quintuplet,51200,1.0,True,True,9.97557673926313e-06,0.5107495290502723
e1/W/R3/24,W,3,quadruplet,800,0.0,True,False,,
e1/W/R3/24,W,3,quadruplet,6400,0.1,True,False,,
e1/W/R3/24,W,3,quadruplet,51200,0.0,True,False,,
e1/W/R3/24,W,3,quintuplet,800,0.0,True,False,,
e1/W/R3/24,W,3,quintuplet,6400,0.3,True,False,,
e1/W/R3/24,W,3,quintuplet,51200,0.1,True,False,,
e1/W/R3/25,W,3,quadruplet,800,0.5,True,True,1.6031381115421126e-05,0.012825104892336901
e1/W/R3/25,W,3,quadruplet,6400,1.0,True,True,1.6031381115421126e-05,0.10260083913869521
e1/W/R3/25,W,3,quadruplet,51200,1.0,True,True,1.6031381115421126e-05,0.8208067131095617
e1/W/R3/25,W,3,quintuplet,800,0.6,True,True,9.933942477560387e-06,0.00794715398204831
e1/W/R3/25,W,3,quintuplet,6400,1.0,True,True,9.933942477560387e-06,0.06357723185638647
e1/W/R3/25,W,3,quintuplet,51200,1.0,True,True,9.933942477560387e-06,0.5086178548510918
e1/W/R3/26,W,3,quadruplet,800,0.0,False,,,
e1/W/R3/26,W,3,quadruplet,6400,0.0,False,,,
e1/W/R3/26,W,3,quadruplet,51200,0.0,False,,,
e1/W/R3/26,W,3,quintuplet,800,0.1,False,,,
e1/W/R3/26,W,3,quintuplet,6400,0.1,False,,,
e1/W/R3/26,W,3,quintuplet,51200,0.0,False,,,
e1/W/R3/27,W,3,quadruplet,800,0.0,True,True,2.892840007177511e-05,0.023142720057420088
e1/W/R3/27,W,3,quadruplet,6400,0.5,True,True,2.892840007177511e-05,0.1851417604593607
e1/W/R3/27,W,3,quadruplet,51200,1.0,True,True,2.892840007177511e-05,1.4811340836748856
e1/W/R3/27,W,3,quintuplet,800,0.0,True,True,1.3597746258375374e-05,0.0108781970067003
e1/W/R3/27,W,3,quintuplet,6400,0.1,True,True,1.3597746258375374e-05,0.0870255760536024
e1/W/R3/27,W,3,quintuplet,51200,0.9,True,True,1.3597746258375374e-05,0.6962046084288191
e1/W/R3/28,W,3,quadruplet,800,0.1,True,True,1.0873084657732128e-05,0.008698467726185702
e1/W/R3/28,W,3,quadruplet,6400,0.9,True,True,1.0873084657732128e-05,0.06958774180948561
e1/W/R3/28,W,3,quadruplet,51200,1.0,True,True,1.0873084657732128e-05,0.5567019344758849
e1/W/R3/28,W,3,quintuplet,800,0.0,True,True,8.844505381162409e-06,0.007075604304929927
e1/W/R3/28,W,3,quintuplet,6400,1.0,True,True,8.844505381162409e-06,0.056604834439439415
e1/W/R3/28,W,3,quintuplet,51200,1.0,True,True,8.844505381162409e-06,0.4528386755155153
e1/W/R3/29,W,3,quadruplet,800,0.0,False,,,
e1/W/R3/29,W,3,quadruplet,6400,0.3,False,,,
e1/W/R3/29,W,3,quadruplet,51200,0.7,False,,,
e1/W/R3/29,W,3,quintuplet,800,0.0,False,,,
e1/W/R3/29,W,3,quintuplet,6400,0.7,False,,,
e1/W/R3/29,W,3,quintuplet,51200,1.0,False,,,
e1/W/R3/3,W,3,quadruplet,800,0.0,False,,,
e1/W/R3/3,W,3,quadruplet,6400,0.0,False,,,
e1/W/R3/3,W,3,quadruplet,51200,0.0,False,,,
e1/W/R3/3,W,3,quintuplet,800,0.0,False,,,
e1/W/R3/3,W,3,quintuplet,6400,0.0,False,,,
e1/W/R3/3,W,3,quintuplet,51200,0.0,False,,,
e1/W/R3/3,W,3,random,800,0.0,False,,,
e1/W/R3/3,W,3,random,6400,0.0,False,,,
e1/W/R3/3,W,3,random,51200,0.0,False,,,
e1/W/R3/30,W,3,quadruplet,800,0.0,True,False,,
e1/W/R3/30,W,3,quadruplet,6400,0.0,True,False,,
e1/W/R3/30,W,3,quadruplet,51200,0.0,True,False,,
e1/W/R3/30,W,3,quintuplet,800,0.0,True,False,,
e1/W/R3/30,W,3,quintuplet,6400,0.0,True,False,,
e1/W/R3/30,W,3,quintuplet,51200,0.0,True,False,,
e1/W/R3/31,W,3,quadruplet,800,0.0,False,,,
e1/W/R3/31,W,3,quadruplet,6400,0.0,False,,,
e1/W/R3/31,W,3,quadruplet,51200,0.0,False,,,
e1/W/R3/31,W,3,quintuplet,800,0.0,False,,,
e1/W/R3/31,W,3,quintuplet,6400,0.0,False,,,
e1/W/R3/31,W,3,quintuplet,51200,0.0,False,,,
e1/W/R3/32,W,3,quadruplet,800,0.2,True,True,3.2555042640866e-06,0.00260440341126928
e1/W/R3/32,W,3,quadruplet,6400,0.8,True,True,3.2555042640866e-06,0.02083522729015424
e1/W/R3/32,W,3,quadruplet,51200,1.0,True,True,3.2555042640866e-06,0.1666818183212339
e1/W/R3/32,W,3,quintuplet,800,0.2,True,True,4.768844799107349e-06,0.0038150758392858793
e1/W/R3/32,W,3,quintuplet,6400,0.9,True,True,4.768844799107349e-06,0.030520606714287035
e1/W/R3/32,W,3,quintuplet,51200,1.0,True,True,4.768844799107349e-06,0.24416485371429628
e1/W/R3/33,W,3,quadruplet,800,0.0,False,,,
e1/W/R3/33,W,3,quadruplet,6400,0.0,False,,,
e1/W/R3/33,W,3,quadruplet,51200,0.0,False,,,
e1/W/R3/33,W,3,quintuplet,800,0.0,False,,,
e1/W/R3/33,W,3,quintuplet,6400,0.0,False,,,
e1/W/R3/33,W,3,quintuplet,51200,0.0,False,,,
e1/W/R3/34,W,3,quadruplet,800,0.0,False,,,
e1/W/R3/34,W,3,quadruplet,6400,0.3,False,,,
e1/W/R3/34,W,3,quadruplet,51200,0.1,False,,,
e1/W/R3/34,W,3,quintuplet,800,0.2,False,,,
e1/W/R3/34,W,3,quintuplet,6400,0.7,False,,,
e1/W/R3/34,W,3,quintuplet,51200,0.7,False,,,
e1/W/R3/35,W,3,quadruplet,800,0.6,True,True,1.5410326103005544e-05,0.012328260882404435
e1/W/R3/35,W,3,quadruplet,6400,1.0,True,True,1.5410326103005544e-05,0.09862608705923548
e1/W/R3/35,W,3,quadruplet,51200,1.0,True,True,1.5410326103005544e-05,0.7890086964738838
e1/W/R3/35,W,3,quintuplet,800,0.5,True,True,1.1203236570761259e-05,0.008962589256609007
e1/W/R3/35,W,3,quintuplet,6400,1.0,True,True,1.1203236570761259e-05,0.07170071405287205
e1/W/R3/35,W,3,quintuplet,51200,1.0,True,True,1.1203236570761259e-05,0.5736057124229764
e1/W/R3/36,W,3,quadruplet,800,0.0,False,,,
e1/W/R3/36,W,3,quadruplet,6400,0.0,False,,,
e1/W/R3/36,W,3,quadruplet,51200,0.0,False,,,
e1/W/R3/36,W,3,quintuplet,800,0.0,False,,,
e1/W/R3/36,W,3,quintuplet,6400,0.0,False,,,
e1/W/R3/36,W,3,quintuplet,51200,0.0,False,,,
e1/W/R3/37,W,3,quadruplet,800,0.2,True,True,2.5304731534590096e-05,0.020243785227672076
e1/W/R3/37,W,3,quadruplet,6400,0.9,True,True,2.5304731534590096e-05,0.1619502818213766
e1/W/R3/37,W,3,quadruplet,51200,1.0,True,True,2.5304731534590096e-05,1.2956022545710129
e1/W/R3/37,W,3,quintuplet,800,0.1,True,True,3.69700831811253e-05,0.029576066544900238
e1/W/R3/37,W,3,quintuplet,6400,0.8,True,True,3.69700831811253e-05,0.2366085323592019
e1/W/R3/37,W,3,quintuplet,51200,1.0,True,True,3.69700831811253e-05,1.8928682588736152
e1/W/R3/38,W,3,quadruplet,800,0.0,False,,,
e1/W/R3/38,W,3,quadruplet,6400,0.0,False,,,
e1/W/R3/38,W,3,quadruplet,51200,0.0,False,,,
e1/W/R3/38,W,3,quintuplet,800,0.0,False,,,
e1/W/R3/38,W,3,quintuplet,6400,0.0,False,,,
e1/W/R3/38,W,3,quintuplet,51200,0.0,False,,,
e1/W/R3/39,W,3,quadruplet,800,0.2,False,,,
e1/W/R3/39,W,3,quadruplet,6400,0.2,False,,,
e1/W/R3/39,W,3,quadruplet,51200,0.0,False,,,
e1/W/R3/39,W,3,quintuplet,800,0.3,False,,,
e1/W/R3/39,W,3,quintuplet,6400,0.3,False,,,
e1/W/R3/39,W,3,quintuplet,51200,1.0,False,,,
e1/W/R3/4,W,3,quadruplet,800,0.1,False,,,
e1/W/R3/4,W,3,quadruplet,6400,0.0,False,,,
e1/W/R3/4,W,3,quadruplet,51200,0.0,False,,,
e1/W/R3/4,W,3,quintuplet,800,0.1,False,,,
e1/W/R3/4,W,3,quintuplet,6400,0.0,False,,,
e1/W/R3/4,W,3,quintuplet,51200,0.1,False,,,
e1/W/R3/4,W,3,random,800,0.0,False,,,
e1/W/R3/4,W,3,random,6400,0.0,False,,,
e1/W/R3/4,W,3,random,51200,0.0,False,,,
e1/W/R3/40,W,3,quadruplet,800,0.1,False,,,
e1/W/R3/40,W,3,quadruplet,6400,0.0,False,,,
e1/W/R3/40,W,3,quadruplet,51200,0.0,False,,,
e1/W/R3/40,W,3,quintuplet,800,0.0,False,,,
e1/W/R3/40,W,3,quintuplet,6400,0.1,False,,,
e1/W/R3/40,W,3,quintuplet,51200,0.3,False,,,
e1/W/R3/41,W,3,quadruplet,800,0.1,False,,,
e1/W/R3/41,W,3,quadruplet,6400,0.2,False,,,
e1/W/R3/41,W,3,quadruplet,51200,0.7,False,,,
e1/W/R3/41,W,3,quintuplet,800,0.1,False,,,
e1/W/R3/41,W,3,quintuplet,6400,0.2,False,,,
e1/W/R3/41,W,3,quintuplet,51200,0.1,False,,,
e1/W/R3/42,W,3,quadruplet,800,0.3,True,True,2.889284755789468e-05,0.023114278046315745
e1/W/R3/42,W,3,quadruplet,6400,0.5,True,True,2.889284755789468e-05,0.18491422437052596
e1/W/R3/42,W,3,quadruplet,51200,1.0,True,True,2.889284755789468e-05,1.4793137949642077
e1/W/R3/42,W,3,quintuplet,800,0.2,True,True,8.142864500430251e-06,0.006514291600344201
e1/W/R3/42,W,3,quintuplet,6400,0.3,True,True,8.142864500430251e-06,0.052114332802753606
e1/W/R3/42,W,3,quintuplet,51200,0.9,True,True,8.142864500430251e-06,0.41691466242202885
e1/W/R3/43,W,3,quadruplet,800,0.2,False,,,
e1/W/R3/43,W,3,quadruplet,6400,0.7,False,,,
e1/W/R3/43,W,3,quadruplet,51200,1.0,False,,,
e1/W/R3/43,W,3,quintuplet,800,0.2,False,,,
e1/W/R3/43,W,3,quintuplet,6400,0.5,False,,,
e1/W/R3/43,W,3,quintuplet,51200,1.0,False,,,
e1/W/R3/44,W,3,quadruplet,800,0.2,True,True,2.807825059382151e-05,0.022462600475057208
e1/W/R3/44,W,3,quadruplet,6400,0.8,True,True,2.807825059382151e-05,0.17970080380045766
e1/W/R3/44,W,3,quadruplet,51200,1.0,True,True,2.807825059382151e-05,1.4376064304036613
e1/W/R3/44,W,3,quintuplet,800,0.2,True,True,4.039776989320999e-05,0.03231821591456799
e1/W/R3/44,W,3,quintuplet,6400,0.6,True,True,4.039776989320999e-05,0.2585457273165439
e1/W/R3/44,W,3,quintuplet,51200,1.0,True,True,4.039776989320999e-05,2.0683658185323512
e1/W/R3/45,W,3,quadruplet,800,0.0,False,,,
e1/W/R3/45,W,3,quadruplet,6400,0.4,False,,,
e1/W/R3/45,W,3,quadruplet,51200,0.6,False,,,
e1/W/R3/45,W,3,quintuplet,800,0.1,False,,,
e1/W/R3/45,W,3,quintuplet,6400,0.6,False,,,
e1/W/R3/45,W,3,quintuplet,51200,1.0,False,,,
e1/W/R3/46,W,3,quadruplet,800,0.0,False,,,
e1/W/R3/46,W,3,quadruplet,6400,0.0,False,,,
e1/W/R3/46,W,3,quadruplet,51200,0.0,False,,,
e1/W/R3/46,W,3,quintuplet,800,0.1,False,,,
e1/W/R3/46,W,3,quintuplet,6400,0.1,False,,,
e1/W/R3/46,W,3,quintuplet,51200,0.0,False,,,
e1/W/R3/47,W,3,quadruplet,800,0.8,False,,,
e1/W/R3/47,W,3,quadruplet,6400,1.0,False,,,
e1/W/R3/47,W,3,quadruplet,51200,1.0,False,,,
e1/W/R3/47,W,3,quintuplet,800,0.6,False,,,
e1/W/R3/47,W,3,quintuplet,6400,1.0,False,,,
e1/W/R3/47,W,3,quintuplet,51200,1.0,False,,,
e1/W/R3/48,W,3,quadruplet,800,0.0,True,False,,
e1/W/R3/48,W,3,quadruplet,6400,0.0,True,False,,
e1/W/R3/48,W,3,quadruplet,51200,0.0,True,False,,
e1/W/R3/48,W,3,quintuplet,800,0.2,True,True,4.30557418897143e-06,0.0034444593511771438
e1/W/R3/48,W,3,quintuplet,6400,0.4,True,True,4.30557418897143e-06,0.02755567480941715
e1/W/R3/48,W,3,quintuplet,51200,0.8,True,True,4.30557418897143e-06,0.2204453984753372
e1/W/R3/49,W,3,quadruplet,800,0.1,False,,,
e1/W/R3/49,W,3,quadruplet,6400,0.5,False,,,
e1/W/R3/49,W,3,quadruplet,51200,0.7,False,,,
e1/W/R3/49,W,3,quintuplet,800,0.1,False,,,
e1/W/R3/49,W,3,quintuplet,6400,0.4,False,,,
e1/W/R3/49,W,3,quintuplet,51200,0.4,False,,,
e1/W/R3/5,W,3,quadruplet,800,0.0,False,,,
e1/W/R3/5,W,3,quadruplet,6400,0.0,False,,,
e1/W/R3/5,W,3,quadruplet,51200,0.0,False,,,
e1/W/R3/5,W,3,quintuplet,800,0.0,False,,,
e1/W/R3/5,W,3,quintuplet,6400,0.3,False,,,
e1/W/R3/5,W,3,quintuplet,51200,0.0,False,,,
e1/W/R3/5,W,3,random,800,0.0,False,,,
e1/W/R3/5,W,3,random,6400,0.0,False,,,
e1/W/R3/5,W,3,random,51200,0.0,False,,,
e1/W/R3/50,W,3,quadruplet,800,0.0,False,,,
e1/W/R3/50,W,3,quadruplet,6400,0.0,False,,,
e1/W/R3/50,W,3,quadruplet,51200,0.0,False,,,
e1/W/R3/50,W,3,quintuplet,800,0.0,False,,,
e1/W/R3/50,W,3,quintuplet,6400,0.0,False,,,
e1/W/R3/50,W,3,quintuplet,51200,0.0,False,,,
e1/W/R3/51,W,3,quadruplet,800,0.6,False,,,
e1/W/R3/51,W,3,quadruplet,6400,1.0,False,,,
e1/W/R3/51,W,3,quadruplet,51200,1.0,False,,,
e1/W/R3/51,W,3,quintuplet,800,0.4,False,,,
e1/W/R3/51,W,3,quintuplet,6400,1.0,False,,,
e1/W/R3/51,W,3,quintuplet,51200,1.0,False,,,
e1/W/R3/52,W,3,quadruplet,800,0.0,False,,,
e1/W/R3/52,W,3,quadruplet,6400,0.0,False,,,
e1/W/R3/52,W,3,quadruplet,51200,0.0,False,,,
e1/W/R3/52,W,3,quintuplet,800,0.0,False,,,
e1/W/R3/52,W,3,quintuplet,6400,0.0,False,,,
e1/W/R3/52,W,3,quintuplet,51200,0.0,False,,,
e1/W/R3/53,W,3,quadruplet,800,0.0,True,False,,
e1/W/R3/53,W,3,quadruplet,6400,0.0,True,False,,
e1/W/R3/53,W,3,quadruplet,51200,0.0,True,False,,
e1/W/R3/53,W,3,quintuplet,800,0.0,True,False,,
e1/W/R3/53,W,3,quintuplet,6400,0.1,True,False,,
e1/W/R3/53,W,3,quintuplet,51200,0.0,True,False,,
e1/W/R3/54,W,3,quadruplet,800,0.2,True,True,4.3381276688433145e-06,0.0034705021350746514
e1/W/R3/54,W,3,quadruplet,6400,0.9,True,True,4.3381276688433145e-06,0.02776401708059721
e1/W/R3/54,W,3,quadruplet,51200,1.0,True,True,4.3381276688433145e-06,0.2221121366447777
e1/W/R3/54,W,3,quintuplet,800,0.2,True,True,8.714952756294769e-06,0.006971962205035815
e1/W/R3/54,W,3,quintuplet,6400,1.0,True,True,8.714952756294769e-06,0.05577569764028652
e1/W/R3/54,W,3,quintuplet,51200,1.0,True,True,8.714952756294769e-06,0.44620558112229214
e1/W/R3/55,W,3,quadruplet,800,0.0,True,False,,
e1/W/R3/55,W,3,quadruplet,6400,0.0,True,False,,
e1/W/R3/55,W,3,quadruplet,51200,0.0,True,False,,
e1/W/R3/55,W,3,quintuplet,800,0.0,True,False,,
e1/W/R3/55,W,3,quintuplet,6400,0.0,True,False,,
e1/W/R3/55,W,3,quintuplet,51200,0.0,True,False,,
e1/W/R3/56,W,3,quadruplet,800,0.4,True,True,7.0902912880655776e-06,0.005672233030452462
e1/W/R3/56,W,3,quadruplet,6400,1.0,True,True,7.0902912880655776e-06,0.0453778642436197
e1/W/R3/56,W,3,quadruplet,51200,1.0,True,True,7.0902912880655776e-06,0.3630229139489576
e1/W/R3/56,W,3,quintuplet,800,0.4,True,True,8.82781101419012e-06,0.007062248811352096
e1/W/R3/56,W,3,quintuplet,6400,1.0,True,True,8.82781101419012e-06,0.05649799049081677
e1/W/R3/56,W,3,quintuplet,51200,1.0,True,True,8.82781101419012e-06,0.45198392392653414
e1/W/R3/57,W,3,quadruplet,800,0.6,True,True,6.194857606617486e-06,0.0049558860852939885
e1/W/R3/57,W,3,quadruplet,6400,1.0,True,True,6.194857606617486e-06,0.03964708868235191
e1/W/R3/57,W,3,quadruplet,51200,1.0,True,True,6.194857606617486e-06,0.31717670945881526
e1/W/R3/57,W,3,quintuplet,800,0.3,True,True,9.534961647737602e-06,0.007627969318190081
e1/W/R3/57,W,3,quintuplet,6400,1.0,True,True,9.534961647737602e-06,0.06102375454552065
e1/W/R3/57,W,3,quintuplet,51200,1.0,True,True,9.534961647737602e-06,0.4881900363641652
e1/W/R3/58,W,3,quadruplet,800,0.1,True,True,3.0671299922691424e-06,0.0024537039938153137
e1/W/R3/58,W,3,quadruplet,6400,0.5,True,True,3.0671299922691424e-06,0.01962963195052251
e1/W/R3/58,W,3,quadruplet,51200,1.0,True,True,3.0671299922691424e-06,0.15703705560418008
e1/W/R3/58,W,3,quintuplet,800,0.1,True,True,3.0298424800025696e-06,0.0024238739840020556
e1/W/R3/58,W,3,quintuplet,6400,0.3,True,True,3.0298424800025696e-06,0.019390991872016445
e1/W/R3/58,W,3,quintuplet,51200,1.0,True,True,3.0298424800025696e-06,0.15512793497613156
e1/W/R3/59,W,3,quadruplet,800,0.0,True,False,,
e1/W/R3/59,W,3,quadruplet,6400,0.0,True,False,,
e1/W/R3/59,W,3,quadruplet,51200,0.0,True,False,,
e1/W/R3/59,W,3,quintuplet,800,0.0,True,False,,
e1/W/R3/59,W,3,quintuplet,6400,0.0,True,False,,
e1/W/R3/59,W,3,quintuplet,51200,0.0,True,False,,
e1/W/R3/6,W,3,quadruplet,800,0.0,False,,,
e1/W/R3/6,W,3,quadruplet,6400,0.0,False,,,
e1/W/R3/6,W,3,quadruplet,51200,0.5,False,,,
e1/W/R3/6,W,3,quintuplet,800,0.0,False,,,
e1/W/R3/6,W,3,quintuplet,6400,0.1,False,,,
e1/W/R3/6,W,3,quintuplet,51200,0.9,False,,,
e1/W/R3/6,W,3,random,800,0.0,False,,,
e1/W/R3/6,W,3,random,6400,0.0,False,,,
e1/W/R3/6,W,3,random,51200,0.0,False,,,
e1/W/R3/60,W,3,quadruplet,800,0.0,False,,,
e1/W/R3/60,W,3,quadruplet,6400,0.0,False,,,
e1/W/R3/60,W,3,quadruplet,51200,0.0,False,,,
e1/W/R3/60,W,3,quintuplet,800,0.0,False,,,
e1/W/R3/60,W,3,quintuplet,6400,0.0,False,,,
e1/W/R3/60,W,3,quintuplet,51200,0.0,False,,,
e1/W/R3/61,W,3,quadruplet,800,0.6,True,True,7.629301411196708e-06,0.006103441128957367
e1/W/R3/61,W,3,quadruplet,6400,1.0,True,True,7.629301411196708e-06,0.048827529031658934
e1/W/R3/61,W,3,quadruplet,51200,1.0,True,True,7.629301411196708e-06,0.39062023225327147
e1/W/R3/61,W,3,quintuplet,800,0.2,True,True,4.433858329155346e-06,0.0035470866633242767
e1/W/R3/61,W,3,quintuplet,6400,1.0,True,True,4.433858329155346e-06,0.028376693306594213
e1/W/R3/61,W,3,quintuplet,51200,1.0,True,True,4.433858329155346e-06,0.2270135464527537
e1/W/R3/62,W,3,quadruplet,800,0.0,False,,,
e1/W/R3/62,W,3,quadruplet,6400,0.0,False,,,
e1/W/R3/62,W,3,quadruplet,51200,0.0,False,,,
e1/W/R3/62,W,3,quintuplet,800,0.0,False,,,
e1/W/R3/62,W,3,quintuplet,6400,0.2,False,,,
e1/W/R3/62,W,3,quintuplet,51200,0.5,False,,,
e1/W/R3/63,W,3,quadruplet,800,0.1,False,,,
e1/W/R3/63,W,3,quadruplet,6400,0.2,False,,,
e1/W/R3/63,W,3,quadruplet,51200,0.6,False,,,
e1/W/R3/63,W,3,quintuplet,800,0.2,False,,,
e1/W/R3/63,W,3,quintuplet,6400,0.5,False,,,
e1/W/R3/63,W,3,quintuplet,51200,1.0,False,,,
e1/W/R3/64,W,3,quadruplet,800,0.0,True,True,5.563261831115386e-06,0.004450609464892309
e1/W/R3/64,W,3,quadruplet,6400,0.3,True,True,5.563261831115386e-06,0.03560487571913847
e1/W/R3/64,W,3,quadruplet,51200,1.0,True,True,5.563261831115386e-06,0.2848390057531078
e1/W/R3/64,W,3,quintuplet,800,0.0,True,True,1.6332488479775383e-05,0.013065990783820307
e1/W/R3/64,W,3,quintuplet,6400,0.5,True,True,1.6332488479775383e-05,0.10452792627056245
e1/W/R3/64,W,3,quintuplet,51200,1.0,True,True,1.6332488479775383e-05,0.8362234101644996
e1/W/R3/65,W,3,quadruplet,800,0.4,True,True,1.1334989767042578e-05,0.009067991813634062
e1/W/R3/65,W,3,quadruplet,6400,0.9,True,True,1.1334989767042578e-05,0.0725439345090725
e1/W/R3/65,W,3,quadruplet,51200,1.0,True,True,1.1334989767042578e-05,0.58035147607258
e1/W/R3/65,W,3,quintuplet,800,0.3,True,True,1.146241259684937e-05,0.009169930077479495
e1/W/R3/65,W,3,quintuplet,6400,1.0,True,True,1.146241259684937e-05,0.07335944061983596
e1/W/R3/65,W,3,quintuplet,51200,1.0,True,True,1.146241259684937e-05,0.5868755249586877
e1/W/R3/66,W,3,quadruplet,800,0.0,False,,,
e1/W/R3/66,W,3,quadruplet,6400,0.0,False,,,
e1/W/R3/66,W,3,quadruplet,51200,0.0,False,,,
e1/W/R3/66,W,3,quintuplet,800,0.3,False,,,
e1/W/R3/66,W,3,quintuplet,6400,0.4,False,,,
e1/W/R3/66,W,3,quintuplet,51200,0.5,False,,,
e1/W/R3/67,W,3,quadruplet,800,0.0,True,True,2.5397655277190977e-06,0.0020318124221752783
e1/W/R3/67,W,3,quadruplet,6400,0.3,True,True,2.5397655277190977e-06,0.016254499377402226
e1/W/R3/67,W,3,quadruplet,51200,0.9,True,True,2.5397655277190977e-06,0.1300359950192178
e1/W/R3/67,W,3,quintuplet,800,0.0,True,True,3.826954907623207e-06,0.0030615639260985657
e1/W/R3/67,W,3,quintuplet,6400,0.5,True,True,3.826954907623207e-06,0.024492511408788525
e1/W/R3/67,W,3,quintuplet,51200,0.8,True,True,3.826954907623207e-06,0.1959400912703082
e1/W/R3/68,W,3,quadruplet,800,0.0,False,,,
e1/W/R3/68,W,3,quadruplet,6400,0.2,False,,,
e1/W/R3/68,W,3,quadruplet,51200,0.0,False,,,
e1/W/R3/68,W,3,quintuplet,800,0.1,False,,,
e1/W/R3/68,W,3,quintuplet,6400,0.2,False,,,
e1/W/R3/68,W,3,quintuplet,51200,0.2,False,,,
e1/W/R3/69,W,3,quadruplet,800,0.0,True,False,,
e1/W/R3/69,W,3,quadruplet,6400,0.0,True,False,,
e1/W/R3/69,W,3,quadruplet,51200,0.0,True,False,,
e1/W/R3/69,W,3,quintuplet,800,0.0,True,False,,
e1/W/R3/69,W,3,quintuplet,6400,0.0,True,False,,
e1/W/R3/69,W,3,quintuplet,51200,0.0,True,False,,
e1/W/R3/7,W,3,quadruplet,800,0.8,True,True,1.9188119694263137e-05,0.01535049575541051
e1/W/R3/7,W,3,quadruplet,6400,1.0,True,True,1.9188119694263137e-05,0.12280396604328409
e1/W/R3/7,W,3,quadruplet,51200,1.0,True,True,1.9188119694263137e-05,0.9824317283462727
e1/W/R3/7,W,3,quintuplet,800,0.8,True,True,1.6512428657591628e-05,0.013209942926073302
e1/W/R3/7,W,3,quintuplet,6400,1.0,True,True,1.6512428657591628e-05,0.10567954340858642
e1/W/R3/7,W,3,quintuplet,51200,1.0,True,True,1.6512428657591628e-05,0.8454363472686913
e1/W/R3/7,W,3,random,800,0.0,True,False,,
e1/W/R3/7,W,3,random,6400,0.0,True,False,,
e1/W/R3/7,W,3,random,51200,0.0,True,False,,
e1/W/R3/70,W,3,quadruplet,800,0.0,False,,,
e1/W/R3/70,W,3,quadruplet,6400,0.4,False,,,
e1/W/R3/70,W,3,quadruplet,51200,0.3,False,,,
e1/W/R3/70,W,3,quintuplet,800,0.1,False,,,
e1/W/R3/70,W,3,quintuplet,6400,0.9,False,,,
e1/W/R3/70,W,3,quintuplet,51200,1.0,False,,,
e1/W/R3/71,W,3,quadruplet,800,0.0,False,,,
e1/W/R3/71,W,3,quadruplet,6400,0.0,False,,,
e1/W/R3/71,W,3,quadruplet,51200,0.0,False,,,
e1/W/R3/71,W,3,quintuplet,800,0.0,False,,,
e1/W/R3/71,W,3,quintuplet,6400,0.0,False,,,
e1/W/R3/71,W,3,quintuplet,51200,0.6,False,,,
e1/W/R3/72,W,3,quadruplet,800,0.9,True,True,1.2012944645484448e-05,0.009610355716387558
e1/W/R3/72,W,3,quadruplet,6400,1.0,True,True,1.2012944645484448e-05,0.07688284573110046
e1/W/R3/72,W,3,quadruplet,51200,1.0,True,True,1.2012944645484448e-05,0.6150627658488037
e1/W/R3/72,W,3,quintuplet,800,0.6,True,True,8.442749070765334e-06,0.006754199256612267
e1/W/R3/72,W,3,quintuplet,6400,1.0,True,True,8.442749070765334e-06,0.054033594052898135
e1/W/R3/72,W,3,quintuplet,51200,1.0,True,True,8.442749070765334e-06,0.4322687524231851
e1/W/R3/73,W,3,quadruplet,800,0.0,True,False,,
e1/W/R3/73,W,3,quadruplet,6400,0.0,True,False,,
e1/W/R3/73,W,3,quadruplet,51200,0.0,True,False,,
e1/W/R3/73,W,3,quintuplet,800,0.0,True,False,,
e1/W/R3/73,W,3,quintuplet,6400,0.1,True,False,,
e1/W/R3/73,W,3,quintuplet,51200,0.0,True,False,,
e1/W/R3/74,W,3,quadruplet,800,0.4,True,True,3.1050683802185525e-06,0.002484054704174842
e1/W/R3/74,W,3,quadruplet,6400,1.0,True,True,3.1050683802185525e-06,0.019872437633398736
e1/W/R3/74,W,3,quadruplet,51200,1.0,True,True,3.1050683802185525e-06,0.1589795010671899
e1/W/R3/74,W,3,quintuplet,800,0.6,True,True,4.29311389640812e-06,0.003434491117126496
e1/W/R3/74,W,3,quintuplet,6400,1.0,True,True,4.29311389640812e-06,0.027475928937011968
e1/W/R3/74,W,3,quintuplet,51200,1.0,True,True,4.29311389640812e-06,0.21980743149609575
e1/W/R3/75,W,3,quadruplet,800,0.1,False,,,
e1/W/R3/75,W,3,quadruplet,6400,0.0,False,,,
e1/W/R3/75,W,3,quadruplet,51200,0.0,False,,,
e1/W/R3/75,W,3,quintuplet,800,0.1,False,,,
e1/W/R3/75,W,3,quintuplet,6400,0.1,False,,,
e1/W/R3/75,W,3,quintuplet,51200,0.2,False,,,
e1/W/R3/76,W,3,quadruplet,800,0.0,True,True,2.4859558258417332e-06,0.0019887646606733867
e1/W/R3/76,W,3,quadruplet,6400,0.2,True,True,2.4859558258417332e-06,0.015910117285387094
e1/W/R3/76,W,3,quadruplet,51200,0.5,True,True,2.4859558258417332e-06,0.12728093828309675
e1/W/R3/76,W,3,quintuplet,800,0.0,True,True,1.7983453644077486e-05,0.014386762915261989
e1/W/R3/76,W,3,quintuplet,6400,0.3,True,True,1.7983453644077486e-05,0.11509410332209591
e1/W/R3/76,W,3,quintuplet,51200,0.7,True,True,1.7983453644077486e-05,0.9207528265767673
e1/W/R3/77,W,3,quadruplet,800,0.6,True,True,3.267020885959109e-05,0.026136167087672874
e1/W/R3/77,W,3,quadruplet,6400,1.0,True,True,3.267020885959109e-05,0.209089336701383
e1/W/R3/77,W,3,quadruplet,51200,1.0,True,True,3.267020885959109e-05,1.672714693611064
e1/W/R3/77,W,3,quintuplet,800,0.5,True,True,2.1201225190446005e-05,0.016960980152356805
e1/W/R3/77,W,3,quintuplet,6400,1.0,True,True,2.1201225190446005e-05,0.13568784121885444
e1/W/R3/77,W,3,quintuplet,51200,1.0,True,True,2.1201225190446005e-05,1.0855027297508355
e1/W/R3/78,W,3,quadruplet,800,0.3,True,True,9.264623229713878e-07,0.0007411698583771102
e1/W/R3/78,W,3,quadruplet,6400,0.9,True,True,9.264623229713878e-07,0.005929358867016882
e1/W/R3/78,W,3,quadruplet,51200,0.9,True,True,9.264623229713878e-07,0.047434870936135055
e1/W/R3/78,W,3,quintuplet,800,0.3,True,True,1.366079192486653e-06,0.0010928633539893226
e1/W/R3/78,W,3,quintuplet,6400,0.9,True,True,1.366079192486653e-06,0.00874290683191458
e1/W/R3/78,W,3,quintuplet,51200,0.9,True,True,1.366079192486653e-06,0.06994325465531664
e1/W/R3/79,W,3,quadruplet,800,0.0,True,False,,
e1/W/R3/79,W,3,quadruplet,6400,0.0,True,False,,
e1/W/R3/79,W,3,quadruplet,51200,0.0,True,False,,
e1/W/R3/79,W,3,quintuplet,800,0.0,True,False,,
e1/W/R3/79,W,3,quintuplet,6400,0.1,True,False,,
e1/W/R3/79,W,3,quintuplet,51200,0.1,True,False,,
e1/W/R3/8,W,3,quadruplet,800,0.0,False,,,
e1/W/R3/8,W,3,quadruplet,6400,0.0,False,,,
e1/W/R3/8,W,3,quadruplet,51200,0.0,False,,,
e1/W/R3/8,W,3,quintuplet,800,0.1,False,,,
e1/W/R3/8,W,3,quintuplet,6400,0.0,False,,,
e1/W/R3/8,W,3,quintuplet,51200,0.1,False,,,
e1/W/R3/8,W,3,random,800,0.0,False,,,
e1/W/R3/8,W,3,random,6400,0.0,False,,,
e1/W/R3/8,W,3,random,51200,0.0,False,,,
e1/W/R3/80,W,3,quadruplet,800,0.1,False,,,
e1/W/R3/80,W,3,quadruplet,6400,0.0,False,,,
e1/W/R3/80,W,3,quadruplet,51200,0.0,False,,,
e1/W/R3/80,W,3,quintuplet,800,0.1,False,,,
e1/W/R3/80,W,3,quintuplet,6400,0.1,False,,,
e1/W/R3/80,W,3,quintuplet,51200,0.4,False,,,
e1/W/R3/81,W,3,quadruplet,800,0.5,True,True,7.296765877057154e-06,0.0058374127016457234
e1/W/R3/81,W,3,quadruplet,6400,1.0,True,True,7.296765877057154e-06,0.04669930161316579
e1/W/R3/81,W,3,quadruplet,51200,1.0,True,True,7.296765877057154e-06,0.3735944129053263
e1/W/R3/81,W,3,quintuplet,800,0.6,True,True,1.0877933559134682e-05,0.008702346847307744
e1/W/R3/81,W,3,quintuplet,6400,1.0,True,True,1.0877933559134682e-05,0.06961877477846196
e1/W/R3/81,W,3,quintuplet,51200,1.0,True,True,1.0877933559134682e-05,0.5569501982276956
e1/W/R3/82,W,3,quadruplet,800,0.1,False,,,
e1/W/R3/82,W,3,quadruplet,6400,0.5,False,,,
e1/W/R3/82,W,3,quadruplet,51200,0.6,False,,,
e1/W/R3/82,W,3,quintuplet,800,0.0,False,,,
e1/W/R3/82,W,3,quintuplet,6400,0.3,False,,,
e1/W/R3/82,W,3,quintuplet,51200,0.5,False,,,
e1/W/R3/83,W,3,quadruplet,800,0.5,True,True,4.5827580747047904e-06,0.0036662064597638325
e1/W/R3/83,W,3,quadruplet,6400,0.9,True,True,4.5827580747047904e-06,0.02932965167811066
e1/W/R3/83,W,3,quadruplet,51200,1.0,True,True,4.5827580747047904e-06,0.23463721342488528
e1/W/R3/83,W,3,quintuplet,800,0.6,True,True,7.17123133339568e-06,0.005736985066716544
e1/W/R3/83,W,3,quintuplet,6400,0.9,True,True,7.17123133339568e-06,0.04589588053373235
e1/W/R3/83,W,3,quintuplet,51200,1.0,True,True,7.17123133339568e-06,0.3671670442698588
e1/W/R3/84,W,3,quadruplet,800,0.0,True,True,1.9511682650321716e-06,0.0015609346120257373
e1/W/R3/84,W,3,quadruplet,6400,0.0,True,True,1.9511682650321716e-06,0.012487476896205899
e1/W/R3/84,W,3,quadruplet,51200,0.1,True,True,1.9511682650321716e-06,0.09989981516964719
e1/W/R3/84,W,3,quintuplet,800,0.0,True,True,1.2939081531850884e-06,0.0010351265225480707
e1/W/R3/84,W,3,quintuplet,6400,0.2,True,True,1.2939081531850884e-06,0.008281012180384566
e1/W/R3/84,W,3,quintuplet,51200,0.3,True,True,1.2939081531850884e-06,0.06624809744307653
e1/W/R3/85,W,3,quadruplet,800,0.3,False,,,
e1/W/R3/85,W,3,quadruplet,6400,1.0,False,,,
e1/W/R3/85,W,3,quadruplet,51200,1.0,False,,,
e1/W/R3/85,W,3,quintuplet,800,0.2,False,,,
e1/W/R3/85,W,3,quintuplet,6400,1.0,False,,,
e1/W/R3/85,W,3,quintuplet,51200,1.0,False,,,
e1/W/R3/86,W,3,quadruplet,800,0.0,False,,,
e1/W/R3/86,W,3,quadruplet,6400,0.0,False,,,
e1/W/R3/86,W,3,quadruplet,51200,0.0,False,,,
e1/W/R3/86,W,3,quintuplet,800,0.0,False,,,
e1/W/R3/86,W,3,quintuplet,6400,0.0,False,,,
e1/W/R3/86,W,3,quintuplet,51200,0.0,False,,,
e1/W/R3/87,W,3,quadruplet,800,0.0,True,False,,
e1/W/R3/87,W,3,quadruplet,6400,0.0,True,False,,
e1/W/R3/87,W,3,quadruplet,51200,0.0,True,False,,
e1/W/R3/87,W,3,quintuplet,800,0.0,True,False,,
e1/W/R3/87,W,3,quintuplet,6400,0.0,True,False,,
e1/W/R3/87,W,3,quintuplet,51200,0.1,True,False,,
e1/W/R3/88,W,3,quadruplet,800,0.0,True,False,,
e1/W/R3/88,W,3,quadruplet,6400,0.1,True,False,,
e1/W/R3/88,W,3,quadruplet,51200,0.0,True,False,,
e1/W/R3/88,W,3,quintuplet,800,0.1,True,True,5.353680739826993e-06,0.004282944591861594
e1/W/R3/88,W,3,quintuplet,6400,0.5,True,True,5.353680739826993e-06,0.03426355673489275
e1/W/R3/88,W,3,quintuplet,51200,0.9,True,True,5.353680739826993e-06,0.274108453879142
e1/W/R3/89,W,3,quadruplet,800,0.0,False,,,
e1/W/R3/89,W,3,quadruplet,6400,0.0,False,,,
e1/W/R3/89,W,3,quadruplet,51200,0.0,False,,,
e1/W/R3/89,W,3,quintuplet,800,0.0,False,,,
e1/W/R3/89,W,3,quintuplet,6400,0.0,False,,,
e1/W/R3/89,W,3,quintuplet,51200,0.0,False,,,
e1/W/R3/9,W,3,quadruplet,800,0.0,True,False,,
e1/W/R3/9,W,3,quadruplet,6400,0.1,True,False,,
e1/W/R3/9,W,3,quadruplet,51200,0.0,True,False,,
e1/W/R3/9,W,3,quintuplet,800,0.0,True,False,,
e1/W/R3/9,W,3,quintuplet,6400,0.2,True,False,,
e1/W/R3/9,W,3,quintuplet,51200,0.2,True,False,,
e1/W/R3/9,W,3,random,800,0.0,True,False,,
e1/W/R3/9,W,3,random,6400,0.0,True,False,,
e1/W/R3/9,W,3,random,51200,0.0,True,False,,
e1/W/R3/90,W,3,quadruplet,800,0.8,False,,,
e1/W/R3/90,W,3,quadruplet,6400,1.0,False,,,
e1/W/R3/90,W,3,quadruplet,51200,1.0,False,,,
e1/W/R3/90,W,3,quintuplet,800,0.8,False,,,
e1/W/R3/90,W,3,quintuplet,6400,1.0,False,,,
e1/W/R3/90,W,3,quintuplet,51200,1.0,False,,,
e1/W/R3/91,W,3,quadruplet,800,0.0,False,,,
e1/W/R3/91,W,3,quadruplet,6400,0.0,False,,,
e1/W/R3/91,W,3,quadruplet,51200,0.0,False,,,
e1/W/R3/91,W,3,quintuplet,800,0.0,False,,,
e1/W/R3/91,W,3,quintuplet,6400,0.0,False,,,
e1/W/R3/91,W,3,quintuplet,51200,0.0,False,,,
e1/W/R3/92,W,3,quadruplet,800,0.2,True,True,1.3937206496521797e-06,0.0011149765197217439
e1/W/R3/92,W,3,quadruplet,6400,0.6,True,True,1.3937206496521797e-06,0.008919812157773951
e1/W/R3/92,W,3,quadruplet,51200,1.0,True,True,1.3937206496521797e-06,0.07135849726219161
e1/W/R3/92,W,3,quintuplet,800,0.3,True,True,1.1596181591440458e-06,0.0009276945273152366
e1/W/R3/92,W,3,quintuplet,6400,0.7,True,True,1.1596181591440458e-06,0.007421556218521893
e1/W/R3/92,W,3,quintuplet,51200,1.0,True,True,1.1596181591440458e-06,0.05937244974817514
e1/W/R3/93,W,3,quadruplet,800,0.4,False,,,
e1/W/R3/93,W,3,quadruplet,6400,0.9,False,,,
e1/W/R3/93,W,3,quadruplet,51200,1.0,False,,,
e1/W/R3/93,W,3,quintuplet,800,0.3,False,,,
e1/W/R3/93,W,3,quintuplet,6400,0.9,False,,,
e1/W/R3/93,W,3,quintuplet,51200,1.0,False,,,
e1/W/R3/94,W,3,quadruplet,800,0.0,True,False,,
e1/W/R3/94,W,3,quadruplet,6400,0.0,True,False,,
e1/W/R3/94,W,3,quadruplet,51200,0.0,True,False,,
e1/W/R3/94,W,3,quintuplet,800,0.0,True,True,4.9368741040676974e-08,3.949499283254158e-05
e1/W/R3/94,W,3,quintuplet,6400,0.0,True,True,4.9368741040676974e-08,0.00031595994266033265
e1/W/R3/94,W,3,quintuplet,51200,0.2,True,True,4.9368741040676974e-08,0.002527679541282661
e1/W/R3/95,W,3,quadruplet,800,0.3,True,True,1.4414126011881263e-05,0.01153130080950501
e1/W/R3/95,W,3,quadruplet,6400,1.0,True,True,1.4414126011881263e-05,0.09225040647604008
e1/W/R3/95,W,3,quadruplet,51200,1.0,True,True,1.4414126011881263e-05,0.7380032518083206
e1/W/R3/95,W,3,quintuplet,800,0.2,True,True,1.0644608770797532e-05,0.008515687016638025
e1/W/R3/95,W,3,quintuplet,6400,1.0,True,True,1.0644608770797532e-05,0.0681254961331042
e1/W/R3/95,W,3,quintuplet,51200,1.0,True,True,1.0644608770797532e-05,0.5450039690648336
e1/W/R3/96,W,3,quadruplet,800,0.9,True,True,1.3182144883027284e-05,0.010545715906421827
e1/W/R3/96,W,3,quadruplet,6400,1.0,True,True,1.3182144883027284e-05,0.08436572725137462
e1/W/R3/96,W,3,quadruplet,51200,1.0,True,True,1.3182144883027284e-05,0.6749258180109969
e1/W/R3/96,W,3,quintuplet,800,0.7,True,True,9.290337375156675e-06,0.007432269900125341
e1/W/R3/96,W,3,quintuplet,6400,1.0,True,True,9.290337375156675e-06,0.059458159201002725
e1/W/R3/96,W,3,quintuplet,51200,1.0,True,True,9.290337375156675e-06,0.4756652736080218
e1/W/R3/97,W,3,quadruplet,800,0.5,True,True,6.767217485124749e-06,0.005413773988099799
e1/W/R3/97,W,3,quadruplet,6400,1.0,True,True,6.767217485124749e-06,0.043310191904798394
e1/W/R3/97,W,3,quadruplet,51200,1.0,True,True,6.767217485124749e-06,0.34648153523838715
e1/W/R3/97,W,3,quintuplet,800,0.7,True,True,1.0466799338662307e-05,0.008373439470929845
e1/W/R3/97,W,3,quintuplet,6400,1.0,True,True,1.0466799338662307e-05,0.06698751576743876
e1/W/R3/97,W,3,quintuplet,51200,1.0,True,True,1.0466799338662307e-05,0.5359001261395101
e1/W/R3/98,W,3,quadruplet,800,0.5,True,True,1.6884694424296775e-05,0.01350775553943742
e1/W/R3/98,W,3,quadruplet,6400,1.0,True,True,1.6884694424296775e-05,0.10806204431549936
e1/W/R3/98,W,3,quadruplet,51200,1.0,True,True,1.6884694424296775e-05,0.8644963545239949
e1/W/R3/98,W,3,quintuplet,800,0.3,True,True,1.0332447143020588e-05,0.00826595771441647
e1/W/R3/98,W,3,quintuplet,6400,1.0,True,True,1.0332447143020588e-05,0.06612766171533176
e1/W/R3/98,W,3,quintuplet,51200,1.0,True,True,1.0332447143020588e-05,0.529021293722654
e1/W/R3/99,W,3,quadruplet,800,1.0,True,True,1.719866147506147e-05,0.013758929180049175
e1/W/R3/99,W,3,quadruplet,6400,1.0,True,True,1.719866147506147e-05,0.1100714334403934
e1/W/R3/99,W,3,quadruplet,51200,1.0,True,True,1.719866147506147e-05,0.8805714675231472
e1/W/R3/99,W,3,quintuplet,800,0.8,True,True,1.254020874019461e-05,0.010032166992155688
e1/W/R3/99,W,3,quintuplet,6400,1.0,True,True,1.254020874019461e-05,0.0802573359372455
e1/W/R3/99,W,3,quintuplet,51200,1.0,True,True,1.254020874019461e-05,0.642058687497964
e1/W/R4/0,W,4,quadruplet,800,0.1,False,,,
e1/W/R4/0,W,4,quadruplet,6400,0.5,False,,,
e1/W/R4/0,W,4,quadruplet,51200,0.3,False,,,
e1/W/R4/0,W,4,quintuplet,800,0.1,False,,,
e1/W/R4/0,W,4,quintuplet,6400,0.5,False,,,
e1/W/R4/0,W,4,quintuplet,51200,1.0,False,,,
e1/W/R4/0,W,4,random,800,0.0,False,,,
e1/W/R4/0,W,4,random,6400,0.0,False,,,
e1/W/R4/0,W,4,random,51200,0.0,False,,,
e1/W/R4/1,W,4,quadruplet,800,0.3,True,True,7.31968674122854e-06,0.005855749392982832
e1/W/R4/1,W,4,quadruplet,6400,1.0,True,True,7.31968674122854e-06,0.04684599514386266
e1/W/R4/1,W,4,quadruplet,51200,1.0,True,True,7.31968674122854e-06,0.3747679611509013
e1/W/R4/1,W,4,quintuplet,800,0.1,True,True,8.725735770107723e-06,0.006980588616086179
e1/W/R4/1,W,4,quintuplet,6400,0.9,True,True,8.725735770107723e-06,0.05584470892868943
e1/W/R4/1,W,4,quintuplet,51200,1.0,True,True,8.725735770107723e-06,0.44675767142951545
e1/W/R4/1,W,4,random,800,0.0,True,False,,
e1/W/R4/1,W,4,random,6400,0.0,True,False,,
e1/W/R4/1,W,4,random,51200,0.0,True,False,,
e1/W/R4/10,W,4,quadruplet,800,0.1,False,,,
e1/W/R4/10,W,4,quadruplet,6400,0.4,False,,,
e1/W/R4/10,W,4,quadruplet,51200,0.6,False,,,
e1/W/R4/10,W,4,quintuplet,800,0.1,False,,,
e1/W/R4/10,W,4,quintuplet,6400,0.5,False,,,
e1/W/R4/10,W,4,quintuplet,51200,1.0,False,,,
e1/W/R4/11,W,4,quadruplet,800,0.0,True,False,,
e1/W/R4/11,W,4,quadruplet,6400,0.0,True,False,,
e1/W/R4/11,W,4,quadruplet,51200,0.0,True,False,,
e1/W/R4/11,W,4,quintuplet,800,0.0,True,True,1.934080516259845e-06,0.001547264413007876
e1/W/R4/11,W,4,quintuplet,6400,0.2,True,True,1.934080516259845e-06,0.012378115304063008
e1/W/R4/11,W,4,quintuplet,51200,0.8,True,True,1.934080516259845e-06,0.09902492243250406
e1/W/R4/12,W,4,quadruplet,800,0.4,True,True,1.3191375878862172e-05,0.010553100703089738
e1/W/R4/12,W,4,quadruplet,6400,1.0,True,True,1.3191375878862172e-05,0.08442480562471791
e1/W/R4/12,W,4,quadruplet,51200,1.0,True,True,1.3191375878862172e-05,0.6753984449977433
e1/W/R4/12,W,4,quintuplet,800,0.5,True,True,9.787620745330417e-06,0.007830096596264333
e1/W/R4/12,W,4,quintuplet,6400,1.0,True,True,9.787620745330417e-06,0.06264077277011466
e1/W/R4/12,W,4,quintuplet,51200,1.0,True,True,9.787620745330417e-06,0.5011261821609173
e1/W/R4/13,W,4,quadruplet,800,0.4,True,True,1.1556322902321605e-05,0.009245058321857284
e1/W/R4/13,W,4,quadruplet,6400,1.0,True,True,1.1556322902321605e-05,0.07396046657485827
e1/W/R4/13,W,4,quadruplet,51200,1.0,True,True,1.1556322902321605e-05,0.5916837325988662
e1/W/R4/13,W,4,quintuplet,800,0.2,True,True,6.383176531759276e-06,0.005106541225407421
e1/W/R4/13,W,4,quintuplet,6400,0.9,True,True,6.383176531759276e-06,0.04085232980325937
e1/W/R4/13,W,4,quintuplet,51200,1.0,True,True,6.383176531759276e-06,0.32681863842607495
e1/W/R4/14,W,4,quadruplet,800,0.0,True,True,6.414696328541566e-06,0.005131757062833252
e1/W/R4/14,W,4,quadruplet,6400,0.6,True,True,6.414696328541566e-06,0.04105405650266602
e1/W/R4/14,W,4,quadruplet,51200,1.0,True,True,6.414696328541566e-06,0.32843245202132815
e1/W/R4/14,W,4,quintuplet,800,0.0,True,True,2.7663076727897388e-06,0.0022130461382317912
e1/W/R4/14,W,4,quintuplet,6400,0.5,True,True,2.7663076727897388e-06,0.01770436910585433
e1/W/R4/14,W,4,quintuplet,51200,1.0,True,True,2.7663076727897388e-06,0.14163495284683464
e1/W/R4/15,W,4,quadruplet,800,0.0,False,,,
e1/W/R4/15,W,4,quadruplet,6400,0.0,False,,,
e1/W/R4/15,W,4,quadruplet,51200,0.0,False,,,
e1/W/R4/15,W,4,quintuplet,800,0.0,False,,,
e1/W/R4/15,W,4,quintuplet,6400,0.0,False,,,
e1/W/R4/15,W,4,quintuplet,51200,0.0,False,,,
e1/W/R4/16,W,4,quadruplet,800,0.0,True,False,,
e1/W/R4/16,W,4,quadruplet,6400,0.0,True,False,,
e1/W/R4/16,W,4,quadruplet,51200,0.0,True,False,,
e1/W/R4/16,W,4,quintuplet,800,0.0,True,False,,
e1/W/R4/16,W,4,quintuplet,6400,0.0,True,False,,
e1/W/R4/16,W,4,quintuplet,51200,0.0,True,False,,
e1/W/R4/17,W,4,quadruplet,800,0.0,False,,,
e1/W/R4/17,W,4,quadruplet,6400,0.0,False,,,
e1/W/R4/17,W,4,quadruplet,51200,0.0,False,,,
e1/W/R4/17,W,4,quintuplet,800,0.1,False,,,
e1/W/R4/17,W,4,quintuplet,6400,0.0,False,,,
e1/W/R4/17,W,4,quintuplet,51200,0.0,False,,,
e1/W/R4/18,W,4,quadruplet,800,0.2,False,,,
e1/W/R4/18,W,4,quadruplet,6400,0.9,False,,,
e1/W/R4/18,W,4,quadruplet,51200,1.0,False,,,
e1/W/R4/18,W,4,quintuplet,800,0.2,False,,,
e1/W/R4/18,W,4,quintuplet,6400,0.8,False,,,
e1/W/R4/18,W,4,quintuplet,51200,1.0,False,,,
e1/W/R4/19,W,4,quadruplet,800,0.0,True,True,4.579077549812847e-06,0.0036632620398502776
e1/W/R4/19,W,4,quadruplet,6400,0.5,True,True,4.579077549812847e-06,0.02930609631880222
e1/W/R4/19,W,4,quadruplet,51200,0.9,True,True,4.579077549812847e-06,0.23444877055041777
e1/W/R4/19,W,4,quintuplet,800,0.0,True,True,2.928877738557419e-05,0.023431021908459353
e1/W/R4/19,W,4,quintuplet,6400,0.7,True,True,2.928877738557419e-05,0.18744817526767482
e1/W/R4/19,W,4,quintuplet,51200,1.0,True,True,2.928877738557419e-05,1.4995854021413986
e1/W/R4/2,W,4,quadruplet,800,0.0,True,False,,
e1/W/R4/2,W,4,quadruplet,6400,0.1,True,False,,
e1/W/R4/2,W,4,quadruplet,51200,0.0,True,False,,
e1/W/R4/2,W,4,quintuplet,800,0.2,True,True,1.6284744117045915e-07,0.0001302779529363673
e1/W/R4/2,W,4,quintuplet,6400,0.2,True,True,1.6284744117045915e-07,0.0010422236234909385
e1/W/R4/2,W,4,quintuplet,51200,0.6,True,True,1.6284744117045915e-07,0.008337788987927508
e1/W/R4/2,W,4,random,800,0.0,True,False,,
e1/W/R4/2,W,4,random,6400,0.0,True,False,,
e1/W/R4/2,W,4,random,51200,0.0,True,False,,
e1/W/R4/20,W,4,quadruplet,800,0.0,True,False,,
e1/W/R4/20,W,4,quadruplet,6400,0.0,True,False,,
e1/W/R4/20,W,4,quadruplet,51200,0.0,True,False,,
e1/W/R4/20,W,4,quintuplet,800,0.0,True,False,,
e1/W/R4/20,W,4,quintuplet,6400,0.1,True,False,,
e1/W/R4/20,W,4,quintuplet,51200,0.0,True,False,,
e1/W/R4/21,W,4,quadruplet,800,0.7,True,True,3.6242407987390777e-06,0.002899392638991262
e1/W/R4/21,W,4,quadruplet,6400,1.0,True,True,3.6242407987390777e-06,0.023195141111930096
e1/W/R4/21,W,4,quadruplet,51200,1.0,True,True,3.6242407987390777e-06,0.18556112889544077
e1/W/R4/21,W,4,quintuplet,800,0.8,True,True,5.605284692504542e-06,0.004484227754003634
e1/W/R4/21,W,4,quintuplet,6400,1.0,True,True,5.605284692504542e-06,0.035873822032029073
e1/W/R4/21,W,4,quintuplet,51200,1.0,True,True,5.605284692504542e-06,0.2869905762562326
e1/W/R4/22,W,4,quadruplet,800,0.2,False,,,
e1/W/R4/22,W,4,quadruplet,6400,0.6,False,,,
e1/W/R4/22,W,4,quadruplet,51200,1.0,False,,,
e1/W/R4/22,W,4,quintuplet,800,0.0,False,,,
e1/W/R4/22,W,4,quintuplet,6400,0.6,False,,,
e1/W/R4/22,W,4,quintuplet,51200,1.0,False,,,
e1/W/R4/23,W,4,quadruplet,800,0.0,False,,,
e1/W/R4/23,W,4,quadruplet,6400,0.0,False,,,
e1/W/R4/23,W,4,quadruplet,51200,0.0,False,,,
e1/W/R4/23,W,4,quintuplet,800,0.1,False,,,
e1/W/R4/23,W,4,quintuplet,6400,0.3,False,,,
e1/W/R4/23,W,4,quintuplet,51200,1.0,False,,,
e1/W/R4/24,W,4,quadruplet,800,0.2,False,,,
e1/W/R4/24,W,4,quadruplet,6400,0.3,False,,,
e1/W/R4/24,W,4,quadruplet,51200,0.4,False,,,
e1/W/R4/24,W,4,quintuplet,800,0.1,False,,,
e1/W/R4/24,W,4,quintuplet,6400,0.2,False,,,
e1/W/R4/24,W,4,quintuplet,51200,0.0,False,,,
e1/W/R4/25,W,4,quadruplet,800,0.3,False,,,
e1/W/R4/25,W,4,quadruplet,6400,1.0,False,,,
e1/W/R4/25,W,4,quadruplet,51200,1.0,False,,,
e1/W/R4/25,W,4,quintuplet,800,0.2,False,,,
e1/W/R4/25,W,4,quintuplet,6400,0.8,False,,,
e1/W/R4/25,W,4,quintuplet,51200,1.0,False,,,
e1/W/R4/26,W,4,quadruplet,800,0.0,True,False,,
e1/W/R4/26,W,4,quadruplet,6400,0.0,True,False,,
e1/W/R4/26,W,4,quadruplet,51200,0.0,True,False,,
e1/W/R4/26,W,4,quintuplet,800,0.0,True,False,,
e1/W/R4/26,W,4,quintuplet,6400,0.0,True,False,,
e1/W/R4/26,W,4,quintuplet,51200,0.0,True,False,,
e1/W/R4/27,W,4,quadruplet,800,0.0,False,,,
e1/W/R4/27,W,4,quadruplet,6400,0.0,False,,,
e1/W/R4/27,W,4,quadruplet,51200,0.0,False,,,
e1/W/R4/27,W,4,quintuplet,800,0.0,False,,,
e1/W/R4/27,W,4,quintuplet,6400,0.2,False,,,
e1/W/R4/27,W,4,quintuplet,51200,0.0,False,,,
e1/W/R4/28,W,4,quadruplet,800,0.0,False,,,
e1/W/R4/28,W,4,quadruplet,6400,0.0,False,,,
e1/W/R4/28,W,4,quadruplet,51200,0.0,False,,,
e1/W/R4/28,W,4,quintuplet,800,0.0,False,,,
e1/W/R4/28,W,4,quintuplet,6400,0.0,False,,,
e1/W/R4/28,W,4,quintuplet,51200,0.0,False,,,
e1/W/R4/29,W,4,quadruplet,800,0.0,True,False,,
e1/W/R4/29,W,4,quadruplet,6400,0.0,True,False,,
e1/W/R4/29,W,4,quadruplet,51200,0.0,True,False,,
e1/W/R4/29,W,4,quintuplet,800,0.0,True,False,,
e1/W/R4/29,W,4,quintuplet,6400,0.1,True,False,,
e1/W/R4/29,W,4,quintuplet,51200,0.0,True,False,,
e1/W/R4/3,W,4,quadruplet,800,0.0,True,False,,
e1/W/R4/3,W,4,quadruplet,6400,0.0,True,False,,
e1/W/R4/3,W,4,quadruplet,51200,0.0,True,False,,
e1/W/R4/3,W,4,quintuplet,800,0.1,True,False,,
e1/W/R4/3,W,4,quintuplet,6400,0.0,True,False,,
e1/W/R4/3,W,4,quintuplet,51200,0.0,True,False,,
e1/W/R4/3,W,4,random,800,0.0,True,False,,
e1/W/R4/3,W,4,random,6400,0.0,True,False,,
e1/W/R4/3,W,4,random,51200,0.0,True,False,,
e1/W/R4/30,W,4,quadruplet,800,0.0,True,False,,
e1/W/R4/30,W,4,quadruplet,6400,0.0,True,False,,
e1/W/R4/30,W,4,quadruplet,51200,0.0,True,False,,
e1/W/R4/30,W,4,quintuplet,800,0.0,True,False,,
e1/W/R4/30,W,4,quintuplet,6400,0.0,True,False,,
e1/W/R4/30,W,4,quintuplet,51200,0.0,True,False,,
e1/W/R4/31,W,4,quadruplet,800,1.0,True,True,1.4833075437902254e-05,0.011866460350321803
e1/W/R4/31,W,4,quadruplet,6400,1.0,True,True,1.4833075437902254e-05,0.09493168280257443
e1/W/R4/31,W,4,quadruplet,51200,1.0,True,True,1.4833075437902254e-05,0.7594534624205954
e1/W/R4/31,W,4,quintuplet,800,0.9,True,True,1.0010379420529076e-05,0.008008303536423261
e1/W/R4/31,W,4,quintuplet,6400,1.0,True,True,1.0010379420529076e-05,0.06406642829138609
e1/W/R4/31,W,4,quintuplet,51200,1.0,True,True,1.0010379420529076e-05,0.5125314263310887
e1/W/R4/32,W,4,quadruplet,800,0.0,False,,,
e1/W/R4/32,W,4,quadruplet,6400,0.0,False,,,
e1/W/R4/32,W,4,quadruplet,51200,0.0,False,,,
e1/W/R4/32,W,4,quintuplet,800,0.0,False,,,
e1/W/R4/32,W,4,quintuplet,6400,0.0,False,,,
e1/W/R4/32,W,4,quintuplet,51200,0.0,False,,,
e1/W/R4/33,W,4,quadruplet,800,0.0,True,False,,
e1/W/R4/33,W,4,quadruplet,6400,0.0,True,False,,
e1/W/R4/33,W,4,quadruplet,51200,0.0,True,False,,
e1/W/R4/33,W,4,quintuplet,800,0.0,True,False,,
e1/W/R4/33,W,4,quintuplet,6400,0.0,True,False,,
e1/W/R4/33,W,4,quintuplet,51200,0.0,True,False,,
e1/W/R4/34,W,4,quadruplet,800,0.1,True,True,7.177957216303451e-05,0.05742365773042761
e1/W/R4/34,W,4,quadruplet,6400,0.8,True,True,7.177957216303451e-05,0.4593892618434209
e1/W/R4/34,W,4,quadruplet,51200,1.0,True,True,7.177957216303451e-05,3.675114094747367
e1/W/R4/34,W,4,quintuplet,800,0.0,True,True,4.0667248382690096e-05,0.03253379870615208
e1/W/R4/34,W,4,quintuplet,6400,0.7,True,True,4.0667248382690096e-05,0.2602703896492166
e1/W/R4/34,W,4,quintuplet,51200,1.0,True,True,4.0667248382690096e-05,2.082163117193733
e1/W/R4/35,W,4,quadruplet,800,0.0,True,False,,
e1/W/R4/35,W,4,quadruplet,6400,0.0,True,False,,
e1/W/R4/35,W,4,quadruplet,51200,0.0,True,False,,
e1/W/R4/35,W,4,quintuplet,800,0.0,True,True,2.068415047825749e-06,0.0016547320382605992
e1/W/R4/35,W,4,quintuplet,6400,0.0,True,True,2.068415047825749e-06,0.013237856306084794
e1/W/R4/35,W,4,quintuplet,51200,0.6,True,True,2.068415047825749e-06,0.10590285044867835
e1/W/R4/36,W,4,quadruplet,800,0.0,True,False,,
e1/W/R4/36,W,4,quadruplet,6400,0.0,True,False,,
e1/W/R4/36,W,4,quadruplet,51200,0.4,True,False,,
e1/W/R4/36,W,4,quintuplet,800,0.0,True,True,4.473936196843672e-08,3.5791489574749376e-05
e1/W/R4/36,W,4,quintuplet,6400,0.1,True,True,4.473936196843672e-08,0.000286331916597995
e1/W/R4/36,W,4,quintuplet,51200,0.5,True,True,4.473936196843672e-08,0.00229065533278396
e1/W/R4/37,W,4,quadruplet,800,0.0,False,,,
e1/W/R4/37,W,4,quadruplet,6400,0.0,False,,,
e1/W/R4/37,W,4,quadruplet,51200,0.0,False,,,
e1/W/R4/37,W,4,quintuplet,800,0.0,False,,,
e1/W/R4/37,W,4,quintuplet,6400,0.1,False,,,
e1/W/R4/37,W,4,quintuplet,51200,0.4,False,,,
e1/W/R4/38,W,4,quadruplet,800,0.0,True,False,,
e1/W/R4/38,W,4,quadruplet,6400,0.0,True,False,,
e1/W/R4/38,W,4,quadruplet,51200,0.0,True,False,,
e1/W/R4/38,W,4,quintuplet,800,0.0,True,True,5.158261313148104e-07,0.0004126609050518483
e1/W/R4/38,W,4,quintuplet,6400,0.0,True,True,5.158261313148104e-07,0.0033012872404147866
e1/W/R4/38,W,4,quintuplet,51200,0.4,True,True,5.158261313148104e-07,0.026410297923318293
e1/W/R4/39,W,4,quadruplet,800,0.5,True,True,1.4709556612659824e-05,0.01176764529012786
e1/W/R4/39,W,4,quadruplet,6400,1.0,True,True,1.4709556612659824e-05,0.09414116232102288
e1/W/R4/39,W,4,quadruplet,51200,1.0,True,True,1.4709556612659824e-05,0.753129298568183
e1/W/R4/39,W,4,quintuplet,800,0.4,True,True,9.266610707213684e-06,0.007413288565770947
e1/W/R4/39,W,4,quintuplet,6400,1.0,True,True,9.266610707213684e-06,0.05930630852616758
e1/W/R4/39,W,4,quintuplet,51200,1.0,True,True,9.266610707213684e-06,0.4744504682093406
e1/W/R4/4,W,4,quadruplet,800,0.0,False,,,
e1/W/R4/4,W,4,quadruplet,6400,0.0,False,,,
e1/W/R4/4,W,4,quadruplet,51200,0.0,False,,,
e1/W/R4/4,W,4,quintuplet,800,0.0,False,,,
e1/W/R4/4,W,4,quintuplet,6400,0.4,False,,,
e1/W/R4/4,W,4,quintuplet,51200,0.9,False,,,
e1/W/R4/4,W,4,random,800,0.0,False,,,
e1/W/R4/4,W,4,random,6400,0.0,False,,,
e1/W/R4/4,W,4,random,51200,0.0,False,,,
e1/W/R4/40,W,4,quadruplet,800,0.0,False,,,
e1/W/R4/40,W,4,quadruplet,6400,0.0,False,,,
e1/W/R4/40,W,4,quadruplet,51200,0.0,False,,,
e1/W/R4/40,W,4,quintuplet,800,0.0,False,,,
e1/W/R4/40,W,4,quintuplet,6400,0.0,False,,,
e1/W/R4/40,W,4,quintuplet,51200,0.0,False,,,
e1/W/R4/41,W,4,quadruplet,800,0.0,True,True,5.576952213614196e-06,0.004461561770891357
e1/W/R4/41,W,4,quadruplet,6400,0.8,True,True,5.576952213614196e-06,0.035692494167130856
e1/W/R4/41,W,4,quadruplet,51200,1.0,True,True,5.576952213614196e-06,0.28553995333704685
e1/W/R4/41,W,4,quintuplet,800,0.0,True,True,8.497910423802508e-06,0.0067983283390420065
e1/W/R4/41,W,4,quintuplet,6400,0.7,True,True,8.497910423802508e-06,0.05438662671233605
e1/W/R4/41,W,4,quintuplet,51200,1.0,True,True,8.497910423802508e-06,0.4350930136986884
e1/W/R4/42,W,4,quadruplet,800,0.0,False,,,
e1/W/R4/42,W,4,quadruplet,6400,0.0,False,,,
e1/W/R4/42,W,4,quadruplet,51200,0.1,False,,,
e1/W/R4/42,W,4,quintuplet,800,0.1,False,,,
e1/W/R4/42,W,4,quintuplet,6400,0.6,False,,,
e1/W/R4/42,W,4,quintuplet,51200,1.0,False,,,
e1/W/R4/43,W,4,quadruplet,800,0.0,True,False,,
e1/W/R4/43,W,4,quadruplet,6400,0.2,True,False,,
e1/W/R4/43,W,4,quadruplet,51200,0.3,True,False,,
e1/W/R4/43,W,4,quintuplet,800,0.0,True,False,,
e1/W/R4/43,W,4,quintuplet,6400,0.4,True,False,,
e1/W/R4/43,W,4,quintuplet,51200,0.5,True,False,,
e1/W/R4/44,W,4,quadruplet,800,0.5,True,True,1.7051771639739074e-05,0.013641417311791259
e1/W/R4/44,W,4,quadruplet,6400,1.0,True,True,1.7051771639739074e-05,0.10913133849433007
e1/W/R4/44,W,4,quadruplet,51200,1.0,True,True,1.7051771639739074e-05,0.8730507079546406
e1/W/R4/44,W,4,quintuplet,800,0.4,True,True,2.0005760968098555e-05,0.016004608774478842
e1/W/R4/44,W,4,quintuplet,6400,1.0,True,True,2.0005760968098555e-05,0.12803687019583074
e1/W/R4/44,W,4,quintuplet,51200,1.0,True,True,2.0005760968098555e-05,1.024294961566646
e1/W/R4/45,W,4,quadruplet,800,0.0,False,,,
e1/W/R4/45,W,4,quadruplet,6400,0.0,False,,,
e1/W/R4/45,W,4,quadruplet,51200,0.0,False,,,
e1/W/R4/45,W,4,quintuplet,800,0.0,False,,,
e1/W/R4/45,W,4,quintuplet,6400,0.0,False,,,
e1/W/R4/45,W,4,quintuplet,51200,0.0,False,,,
e1/W/R4/46,W,4,quadruplet,800,0.0,True,False,,
e1/W/R4/46,W,4,quadruplet,6400,0.3,True,False,,
e1/W/R4/46,W,4,quadruplet,51200,0.3,True,False,,
e1/W/R4/46,W,4,quintuplet,800,0.0,True,False,,
e1/W/R4/46,W,4,quintuplet,6400,0.2,True,False,,
e1/W/R4/46,W,4,quintuplet,51200,0.2,True,False,,
e1/W/R4/47,W,4,quadruplet,800,0.0,False,,,
e1/W/R4/47,W,4,quadruplet,6400,0.1,False,,,
e1/W/R4/47,W,4,quadruplet,51200,0.3,False,,,
e1/W/R4/47,W,4,quintuplet,800,0.2,False,,,
e1/W/R4/47,W,4,quintuplet,6400,0.4,False,,,
e1/W/R4/47,W,4,quintuplet,51200,0.9,False,,,
e1/W/R4/48,W,4,quadruplet,800,0.5,True,True,1.4807289455299577e-05,0.011845831564239661
e1/W/R4/48,W,4,quadruplet,6400,1.0,True,True,1.4807289455299577e-05,0.09476665251391729
e1/W/R4/48,W,4,quadruplet,51200,1.0,True,True,1.4807289455299577e-05,0.7581332201113383
e1/W/R4/48,W,4,quintuplet,800,0.3,True,True,9.033538093330085e-06,0.007226830474664068
e1/W/R4/48,W,4,quintuplet,6400,1.0,True,True,9.033538093330085e-06,0.05781464379731254
e1/W/R4/48,W,4,quintuplet,51200,1.0,True,True,9.033538093330085e-06,0.46251715037850033
e1/W/R4/49,W,4,quadruplet,800,0.0,False,,,
e1/W/R4/49,W,4,quadruplet,6400,0.0,False,,,
e1/W/R4/49,W,4,quadruplet,51200,0.0,False,,,
e1/W/R4/49,W,4,quintuplet,800,0.0,False,,,
e1/W/R4/49,W,4,quintuplet,6400,0.1,False,,,
e1/W/R4/49,W,4,quintuplet,51200,0.0,False,,,
e1/W/R4/5,W,4,quadruplet,800,0.2,True,True,2.3697882581651965e-05,0.018958306065321572
e1/W/R4/5,W,4,quadruplet,6400,1.0,True,True,2.3697882581651965e-05,0.15166644852257258
e1/W/R4/5,W,4,quadruplet,51200,1.0,True,True,2.3697882581651965e-05,1.2133315881805806
e1/W/R4/5,W,4,quintuplet,800,0.1,True,True,1.4667441612256932e-05,0.011733953289805546
e1/W/R4/5,W,4,quintuplet,6400,1.0,True,True,1.4667441612256932e-05,0.09387162631844437
e1/W/R4/5,W,4,quintuplet,51200,1.0,True,True,1.4667441612256932e-05,0.7509730105475549
e1/W/R4/5,W,4,random,800,0.0,True,False,,
e1/W/R4/5,W,4,random,6400,0.0,True,False,,
e1/W/R4/5,W,4,random,51200,0.0,True,False,,
e1/W/R4/50,W,4,quadruplet,800,0.0,True,False,,
e1/W/R4/50,W,4,quadruplet,6400,0.0,True,False,,
e1/W/R4/50,W,4,quadruplet,51200,0.0,True,False,,
e1/W/R4/50,W,4,quintuplet,800,0.0,True,False,,
e1/W/R4/50,W,4,quintuplet,6400,0.0,True,False,,
e1/W/R4/50,W,4,quintuplet,51200,0.0,True,False,,
e1/W/R4/51,W,4,quadruplet,800,0.3,False,,,
e1/W/R4/51,W,4,quadruplet,6400,0.4,False,,,
e1/W/R4/51,W,4,quadruplet,51200,0.9,False,,,
e1/W/R4/51,W,4,quintuplet,800,0.3,False,,,
e1/W/R4/51,W,4,quintuplet,6400,0.7,False,,,
e1/W/R4/51,W,4,quintuplet,51200,1.0,False,,,
e1/W/R4/52,W,4,quadruplet,800,0.0,False,,,
e1/W/R4/52,W,4,quadruplet,6400,0.0,False,,,
e1/W/R4/52,W,4,quadruplet,51200,0.0,False,,,
e1/W/R4/52,W,4,quintuplet,800,0.0,False,,,
e1/W/R4/52,W,4,quintuplet,6400,0.0,False,,,
e1/W/R4/52,W,4,quintuplet,51200,0.0,False,,,
e1/W/R4/53,W,4,quadruplet,800,0.0,False,,,
e1/W/R4/53,W,4,quadruplet,6400,0.0,False,,,
e1/W/R4/53,W,4,quadruplet,51200,0.0,False,,,
e1/W/R4/53,W,4,quintuplet,800,0.0,False,,,
e1/W/R4/53,W,4,quintuplet,6400,0.1,False,,,
e1/W/R4/53,W,4,quintuplet,51200,0.0,False,,,
e1/W/R4/54,W,4,quadruplet,800,0.0,False,,,
e1/W/R4/54,W,4,quadruplet,6400,0.2,False,,,
e1/W/R4/54,W,4,quadruplet,51200,0.4,False,,,
e1/W/R4/54,W,4,quintuplet,800,0.0,False,,,
e1/W/R4/54,W,4,quintuplet,6400,0.2,False,,,
e1/W/R4/54,W,4,quintuplet,51200,0.1,False,,,
e1/W/R4/55,W,4,quadruplet,800,0.0,False,,,
e1/W/R4/55,W,4,quadruplet,6400,0.0,False,,,
e1/W/R4/55,W,4,quadruplet,51200,0.0,False,,,
e1/W/R4/55,W,4,quintuplet,800,0.0,False,,,
e1/W/R4/55,W,4,quintuplet,6400,0.2,False,,,
e1/W/R4/55,W,4,quintuplet,51200,0.4,False,,,
e1/W/R4/56,W,4,quadruplet,800,0.0,True,False,,
e1/W/R4/56,W,4,quadruplet,6400,0.0,True,False,,
e1/W/R4/56,W,4,quadruplet,51200,0.0,True,False,,
e1/W/R4/56,W,4,quintuplet,800,0.0,True,False,,
e1/W/R4/56,W,4,quintuplet,6400,0.0,True,False,,
e1/W/R4/56,W,4,quintuplet,51200,0.0,True,False,,
e1/W/R4/57,W,4,quadruplet,800,0.0,False,,,
e1/W/R4/57,W,4,quadruplet,6400,0.2,False,,,
e1/W/R4/57,W,4,quadruplet,51200,0.0,False,,,
e1/W/R4/57,W,4,quintuplet,800,0.0,False,,,
e1/W/R4/57,W,4,quintuplet,6400,0.3,False,,,
e1/W/R4/57,W,4,quintuplet,51200,0.9,False,,,
e1/W/R4/58,W,4,quadruplet,800,0.1,False,,,
e1/W/R4/58,W,4,quadruplet,6400,0.3,False,,,
e1/W/R4/58,W,4,quadruplet,51200,0.3,False,,,
e1/W/R4/58,W,4,quintuplet,800,0.1,False,,,
e1/W/R4/58,W,4,quintuplet,6400,0.6,False,,,
e1/W/R4/58,W,4,quintuplet,51200,0.7,False,,,
e1/W/R4/59,W,4,quadruplet,800,0.0,True,False,,
e1/W/R4/59,W,4,quadruplet,6400,0.0,True,False,,
e1/W/R4/59,W,4,quadruplet,51200,0.0,True,False,,
e1/W/R4/59,W,4,quintuplet,800,0.0,True,False,,
e1/W/R4/59,W,4,quintuplet,6400,0.0,True,False,,
e1/W/R4/59,W,4,quintuplet,51200,0.0,True,False,,
e1/W/R4/6,W,4,quadruplet,800,0.1,True,True,1.04544371141931e-06,0.000836354969135448
e1/W/R4/6,W,4,quadruplet,6400,0.2,True,True,1.04544371141931e-06,0.006690839753083584
e1/W/R4/6,W,4,quadruplet,51200,0.7,True,True,1.04544371141931e-06,0.05352671802466867
e1/W/R4/6,W,4,quintuplet,800,0.1,True,True,1.82593299230316e-05,0.01460746393842528
e1/W/R4/6,W,4,quintuplet,6400,0.4,True,True,1.82593299230316e-05,0.11685971150740224
e1/W/R4/6,W,4,quintuplet,51200,0.9,True,True,1.82593299230316e-05,0.9348776920592179
e1/W/R4/6,W,4,random,800,0.0,True,False,,
e1/W/R4/6,W,4,random,6400,0.0,True,False,,
e1/W/R4/6,W,4,random,51200,0.0,True,False,,
e1/W/R4/60,W,4,quadruplet,800,0.4,True,True,1.575320465509941e-05,0.012602563724079528
e1/W/R4/60,W,4,quadruplet,6400,0.7,True,True,1.575320465509941e-05,0.10082050979263622
e1/W/R4/60,W,4,quadruplet,51200,1.0,True,True,1.575320465509941e-05,0.8065640783410898
e1/W/R4/60,W,4,quintuplet,800,0.4,True,True,8.343112363768952e-06,0.006674489891015162
e1/W/R4/60,W,4,quintuplet,6400,0.6,True,True,8.343112363768952e-06,0.0533959191281213
e1/W/R4/60,W,4,quintuplet,51200,0.9,True,True,8.343112363768952e-06,0.4271673530249704
e1/W/R4/61,W,4,quadruplet,800,0.0,True,False,,
e1/W/R4/61,W,4,quadruplet,6400,0.0,True,False,,
e1/W/R4/61,W,4,quadruplet,51200,0.0,True,False,,
e1/W/R4/61,W,4,quintuplet,800,0.0,True,False,,
e1/W/R4/61,W,4,quintuplet,6400,0.0,True,False,,
e1/W/R4/61,W,4,quintuplet,51200,0.0,True,False,,
e1/W/R4/62,W,4,quadruplet,800,0.0,True,True,8.116769338960383e-06,0.006493415471168306
e1/W/R4/62,W,4,quadruplet,6400,0.7,True,True,8.116769338960383e-06,0.05194732376934645
e1/W/R4/62,W,4,quadruplet,51200,1.0,True,True,8.116769338960383e-06,0.4155785901547716
e1/W/R4/62,W,4,quintuplet,800,0.0,True,False,,
e1/W/R4/62,W,4,quintuplet,6400,0.2,True,False,,
e1/W/R4/62,W,4,quintuplet,51200,0.3,True,False,,
e1/W/R4/63,W,4,quadruplet,800,0.0,True,False,,
e1/W/R4/63,W,4,quadruplet,6400,0.0,True,False,,
e1/W/R4/63,W,4,quadruplet,51200,0.0,True,False,,
e1/W/R4/63,W,4,quintuplet,800,0.0,True,False,,
e1/W/R4/63,W,4,quintuplet,6400,0.0,True,False,,
e1/W/R4/63,W,4,quintuplet,51200,0.0,True,False,,
e1/W/R4/64,W,4,quadruplet,800,0.0,False,,,
e1/W/R4/64,W,4,quadruplet,6400,0.0,False,,,
e1/W/R4/64,W,4,quadruplet,51200,0.0,False,,,
e1/W/R4/64,W,4,quintuplet,800,0.0,False,,,
e1/W/R4/64,W,4,quintuplet,6400,0.0,False,,,
e1/W/R4/64,W,4,quintuplet,51200,0.0,False,,,
e1/W/R4/65,W,4,quadruplet,800,0.0,False,,,
e1/W/R4/65,W,4,quadruplet,6400,0.0,False,,,
e1/W/R4/65,W,4,quadruplet,51200,0.0,False,,,
e1/W/R4/65,W,4,quintuplet,800,0.0,False,,,
e1/W/R4/65,W,4,quintuplet,6400,0.1,False,,,
e1/W/R4/65,W,4,quintuplet,51200,0.0,False,,,
e1/W/R4/66,W,4,quadruplet,800,0.0,False,,,
e1/W/R4/66,W,4,quadruplet,6400,0.1,False,,,
e1/W/R4/66,W,4,quadruplet,51200,0.0,False,,,
e1/W/R4/66,W,4,quintuplet,800,0.0,False,,,
e1/W/R4/66,W,4,quintuplet,6400,0.3,False,,,
e1/W/R4/66,W,4,quintuplet,51200,1.0,False,,,
e1/W/R4/67,W,4,quadruplet,800,0.0,False,,,
e1/W/R4/67,W,4,quadruplet,6400,0.2,False,,,
e1/W/R4/67,W,4,quadruplet,51200,0.4,False,,,
e1/W/R4/67,W,4,quintuplet,800,0.2,False,,,
e1/W/R4/67,W,4,quintuplet,6400,0.6,False,,,
e1/W/R4/67,W,4,quintuplet,51200,1.0,False,,,
e1/W/R4/68,W,4,quadruplet,800,0.0,False,,,
e1/W/R4/68,W,4,quadruplet,6400,0.0,False,,,
e1/W/R4/68,W,4,quadruplet,51200,0.0,False,,,
e1/W/R4/68,W,4,quintuplet,800,0.0,False,,,
e1/W/R4/68,W,4,quintuplet,6400,0.0,False,,,
e1/W/R4/68,W,4,quintuplet,51200,0.0,False,,,
e1/W/R4/69,W,4,quadruplet,800,0.1,True,False,,
e1/W/R4/69,W,4,quadruplet,6400,0.1,True,False,,
e1/W/R4/69,W,4,quadruplet,51200,0.1,True,False,,
e1/W/R4/69,W,4,quintuplet,800,0.0,True,False,,
e1/W/R4/69,W,4,quintuplet,6400,0.2,True,False,,
e1/W/R4/69,W,4,quintuplet,51200,0.4,True,False,,
e1/W/R4/7,W,4,quadruplet,800,0.0,True,False,,
e1/W/R4/7,W,4,quadruplet,6400,0.1,True,False,,
e1/W/R4/7,W,4,quadruplet,51200,0.0,True,False,,
e1/W/R4/7,W,4,quintuplet,800,0.0,True,True,3.6935984516203954e-06,0.002954878761296316
e1/W/R4/7,W,4,quintuplet,6400,0.3,True,True,3.6935984516203954e-06,0.02363903009037053
e1/W/R4/7,W,4,quintuplet,51200,0.9,True,True,3.6935984516203954e-06,0.18911224072296423
e1/W/R4/7,W,4,random,800,0.0,True,False,,
e1/W/R4/7,W,4,random,6400,0.0,True,False,,
e1/W/R4/7,W,4,random,51200,0.0,True,False,,
e1/W/R4/70,W,4,quadruplet,800,0.7,True,True,1.8052507264090293e-05,0.014442005811272234
e1/W/R4/70,W,4,quadruplet,6400,1.0,True,True,1.8052507264090293e-05,0.11553604649017787
e1/W/R4/70,W,4,quadruplet,51200,1.0,True,True,1.8052507264090293e-05,0.924288371921423
e1/W/R4/70,W,4,quintuplet,800,0.4,True,True,1.4393384174176e-05,0.0115147073393408
e1/W/R4/70,W,4,quintuplet,6400,1.0,True,True,1.4393384174176e-05,0.0921176587147264
e1/W/R4/70,W,4,quintuplet,51200,1.0,True,True,1.4393384174176e-05,0.7369412697178112
e1/W/R4/71,W,4,quadruplet,800,0.0,True,False,,
e1/W/R4/71,W,4,quadruplet,6400,0.0,True,False,,
e1/W/R4/71,W,4,quadruplet,51200,0.0,True,False,,
e1/W/R4/71,W,4,quintuplet,800,0.1,True,False,,
e1/W/R4/71,W,4,quintuplet,6400,0.0,True,False,,
e1/W/R4/71,W,4,quintuplet,51200,0.0,True,False,,
e1/W/R4/72,W,4,quadruplet,800,0.2,False,,,
e1/W/R4/72,W,4,quadruplet,6400,1.0,False,,,
e1/W/R4/72,W,4,quadruplet,51200,1.0,False,,,
e1/W/R4/72,W,4,quintuplet,800,0.4,False,,,
e1/W/R4/72,W,4,quintuplet,6400,0.9,False,,,
e1/W/R4/72,W,4,quintuplet,51200,1.0,False,,,
e1/W/R4/73,W,4,quadruplet,800,0.0,False,,,
e1/W/R4/73,W,4,quadruplet,6400,0.4,False,,,
e1/W/R4/73,W,4,quadruplet,51200,1.0,False,,,
e1/W/R4/73,W,4,quintuplet,800,0.1,False,,,
e1/W/R4/73,W,4,quintuplet,6400,0.5,False,,,
e1/W/R4/73,W,4,quintuplet,51200,0.2,False,,,
e1/W/R4/74,W,4,quadruplet,800,0.2,False,,,
e1/W/R4/74,W,4,quadruplet,6400,0.7,False,,,
e1/W/R4/74,W,4,quadruplet,51200,0.6,False,,,
e1/W/R4/74,W,4,quintuplet,800,0.2,False,,,
e1/W/R4/74,W,4,quintuplet,6400,1.0,False,,,
e1/W/R4/74,W,4,quintuplet,51200,1.0,False,,,
e1/W/R4/75,W,4,quadruplet,800,0.0,False,,,
e1/W/R4/75,W,4,quadruplet,6400,0.0,False,,,
e1/W/R4/75,W,4,quadruplet,51200,0.0,False,,,
e1/W/R4/75,W,4,quintuplet,800,0.0,False,,,
e1/W/R4/75,W,4,quintuplet,6400,0.0,False,,,
e1/W/R4/75,W,4,quintuplet,51200,0.0,False,,,
e1/W/R4/76,W,4,quadruplet,800,0.1,True,False,,
e1/W/R4/76,W,4,quadruplet,6400,0.2,True,False,,
e1/W/R4/76,W,4,quadruplet,51200,0.1,True,False,,
e1/W/R4/76,W,4,quintuplet,800,0.1,True,False,,
e1/W/R4/76,W,4,quintuplet,6400,0.2,True,False,,
e1/W/R4/76,W,4,quintuplet,51200,0.3,True,False,,
e1/W/R4/77,W,4,quadruplet,800,0.7,True,True,1.3972147879977934e-05,0.011177718303982348
e1/W/R4/77,W,4,quadruplet,6400,1.0,True,True,1.3972147879977934e-05,0.08942174643185878
e1/W/R4/77,W,4,quadruplet,51200,1.0,True,True,1.3972147879977934e-05,0.7153739714548702
e1/W/R4/77,W,4,quintuplet,800,0.6,True,True,1.0218695835612328e-05,0.008174956668489863
e1/W/R4/77,W,4,quintuplet,6400,1.0,True,True,1.0218695835612328e-05,0.0653996533479189
e1/W/R4/77,W,4,quintuplet,51200,1.0,True,True,1.0218695835612328e-05,0.5231972267833512
e1/W/R4/78,W,4,quadruplet,800,0.0,False,,,
e1/W/R4/78,W,4,quadruplet,6400,0.0,False,,,
e1/W/R4/78,W,4,quadruplet,51200,0.0,False,,,
e1/W/R4/78,W,4,quintuplet,800,0.0,False,,,
e1/W/R4/78,W,4,quintuplet,6400,0.0,False,,,
e1/W/R4/78,W,4,quintuplet,51200,0.0,False,,,
e1/W/R4/79,W,4,quadruplet,800,0.4,True,True,3.409401137886951e-05,0.027275209103095607
e1/W/R4/79,W,4,quadruplet,6400,1.0,True,True,3.409401137886951e-05,0.21820167282476485
e1/W/R4/79,W,4,quadruplet,51200,1.0,True,True,3.409401137886951e-05,1.7456133825981188
e1/W/R4/79,W,4,quintuplet,800,0.2,True,True,1.864573274924191e-05,0.014916586199393529
e1/W/R4/79,W,4,quintuplet,6400,1.0,True,True,1.864573274924191e-05,0.11933268959514823
e1/W/R4/79,W,4,quintuplet,51200,1.0,True,True,1.864573274924191e-05,0.9546615167611858
e1/W/R4/8,W,4,quadruplet,800,0.0,True,True,8.763775789065537e-07,0.000701102063125243
e1/W/R4/8,W,4,quadruplet,6400,0.1,True,True,8.763775789065537e-07,0.005608816505001944
e1/W/R4/8,W,4,quadruplet,51200,0.7,True,True,8.763775789065537e-07,0.04487053204001555
e1/W/R4/8,W,4,quintuplet,800,0.0,True,True,1.8481820069776468e-06,0.0014785456055821174
e1/W/R4/8,W,4,quintuplet,6400,0.3,True,True,1.8481820069776468e-06,0.011828364844656939
e1/W/R4/8,W,4,quintuplet,51200,0.9,True,True,1.8481820069776468e-06,0.09462691875725551
e1/W/R4/8,W,4,random,800,0.0,True,False,,
e1/W/R4/8,W,4,random,6400,0.0,True,False,,
e1/W/R4/8,W,4,random,51200,0.0,True,False,,
e1/W/R4/80,W,4,quadruplet,800,0.4,False,,,
e1/W/R4/80,W,4,quadruplet,6400,1.0,False,,,
e1/W/R4/80,W,4,quadruplet,51200,1.0,False,,,
e1/W/R4/80,W,4,quintuplet,800,0.6,False,,,
e1/W/R4/80,W,4,quintuplet,6400,0.9,False,,,
e1/W/R4/80,W,4,quintuplet,51200,1.0,False,,,
e1/W/R4/81,W,4,quadruplet,800,0.0,False,,,
e1/W/R4/81,W,4,quadruplet,6400,0.0,False,,,
e1/W/R4/81,W,4,quadruplet,51200,0.0,False,,,
e1/W/R4/81,W,4,quintuplet,800,0.0,False,,,
e1/W/R4/81,W,4,quintuplet,6400,0.1,False,,,
e1/W/R4/81,W,4,quintuplet,51200,0.0,False,,,
e1/W/R4/82,W,4,quadruplet,800,0.0,True,False,,
e1/W/R4/82,W,4,quadruplet,6400,0.1,True,False,,
e1/W/R4/82,W,4,quadruplet,51200,0.2,True,False,,
e1/W/R4/82,W,4,quintuplet,800,0.0,True,False,,
e1/W/R4/82,W,4,quintuplet,6400,0.0,True,False,,
e1/W/R4/82,W,4,quintuplet,51200,0.1,True,False,,
e1/W/R4/83,W,4,quadruplet,800,0.0,True,False,,
e1/W/R4/83,W,4,quadruplet,6400,0.0,True,False,,
e1/W/R4/83,W,4,quadruplet,51200,0.0,True,False,,
e1/W/R4/83,W,4,quintuplet,800,0.0,True,False,,
e1/W/R4/83,W,4,quintuplet,6400,0.0,True,False,,
e1/W/R4/83,W,4,quintuplet,51200,0.0,True,False,,
e1/W/R4/84,W,4,quadruplet,800,0.6,False,,,
e1/W/R4/84,W,4,quadruplet,6400,0.9,False,,,
e1/W/R4/84,W,4,quadruplet,51200,1.0,False,,,
e1/W/R4/84,W,4,quintuplet,800,0.5,False,,,
e1/W/R4/84,W,4,quintuplet,6400,0.7,False,,,
e1/W/R4/84,W,4,quintuplet,51200,1.0,False,,,
e1/W/R4/85,W,4,quadruplet,800,0.5,True,True,1.352473213204265e-05,0.01081978570563412
e1/W/R4/85,W,4,quadruplet,6400,1.0,True,True,1.352473213204265e-05,0.08655828564507297
e1/W/R4/85,W,4,quadruplet,51200,1.0,True,True,1.352473213204265e-05,0.6924662851605837
e1/W/R4/85,W,4,quintuplet,800,0.5,True,True,8.334257821707573e-06,0.006667406257366059
e1/W/R4/85,W,4,quintuplet,6400,1.0,True,True,8.334257821707573e-06,0.05333925005892847
e1/W/R4/85,W,4,quintuplet,51200,1.0,True,True,8.334257821707573e-06,0.42671400047142777
e1/W/R4/86,W,4,quadruplet,800,0.1,True,True,2.4042462592345435e-07,0.00019233970073876349
e1/W/R4/86,W,4,quadruplet,6400,0.2,True,True,2.4042462592345435e-07,0.0015387176059101079
e1/W/R4/86,W,4,quadruplet,51200,0.8,True,True,2.4042462592345435e-07,0.012309740847280863
e1/W/R4/86,W,4,quintuplet,800,0.1,True,True,3.750827606428616e-07,0.00030006620851428926
e1/W/R4/86,W,4,quintuplet,6400,0.7,True,True,3.750827606428616e-07,0.002400529668114314
e1/W/R4/86,W,4,quintuplet,51200,0.7,True,True,3.750827606428616e-07,0.019204237344914513
e1/W/R4/87,W,4,quadruplet,800,0.0,False,,,
e1/W/R4/87,W,4,quadruplet,6400,0.0,False,,,
e1/W/R4/87,W,4,quadruplet,51200,0.0,False,,,
e1/W/R4/87,W,4,quintuplet,800,0.1,False,,,
e1/W/R4/87,W,4,quintuplet,6400,0.4,False,,,
e1/W/R4/87,W,4,quintuplet,51200,0.4,False,,,
e1/W/R4/88,W,4,quadruplet,800,0.1,True,False,,
e1/W/R4/88,W,4,quadruplet,6400,0.3,True,False,,
e1/W/R4/88,W,4,quadruplet,51200,0.4,True,False,,
e1/W/R4/88,W,4,quintuplet,800,0.1,True,True,1.5949645577371658e-06,0.0012759716461897327
e1/W/R4/88,W,4,quintuplet,6400,0.6,True,True,1.5949645577371658e-06,0.010207773169517861
e1/W/R4/88,W,4,quintuplet,51200,1.0,True,True,1.5949645577371658e-06,0.08166218535614289
e1/W/R4/89,W,4,quadruplet,800,0.0,False,,,
e1/W/R4/89,W,4,quadruplet,6400,0.3,False,,,
e1/W/R4/89,W,4,quadruplet,51200,0.1,False,,,
e1/W/R4/89,W,4,quintuplet,800,0.2,False,,,
e1/W/R4/89,W,4,quintuplet,6400,0.7,False,,,
e1/W/R4/89,W,4,quintuplet,51200,0.6,False,,,
e1/W/R4/9,W,4,quadruplet,800,0.0,False,,,
e1/W/R4/9,W,4,quadruplet,6400,0.0,False,,,
e1/W/R4/9,W,4,quadruplet,51200,0.0,False,,,
e1/W/R4/9,W,4,quintuplet,800,0.0,False,,,
e1/W/R4/9,W,4,quintuplet,6400,0.0,False,,,
e1/W/R4/9,W,4,quintuplet,51200,0.0,False,,,
e1/W/R4/9,W,4,random,800,0.0,False,,,
e1/W/R4/9,W,4,random,6400,0.0,False,,,
e1/W/R4/9,W,4,random,51200,0.0,False,,,
e1/W/R4/90,W,4,quadruplet,800,0.0,True,False,,
e1/W/R4/90,W,4,quadruplet,6400,0.0,True,False,,
e1/W/R4/90,W,4,quadruplet,51200,0.0,True,False,,
e1/W/R4/90,W,4,quintuplet,800,0.0,True,False,,
e1/W/R4/90,W,4,quintuplet,6400,0.0,True,False,,
e1/W/R4/90,W,4,quintuplet,51200,0.0,True,False,,
e1/W/R4/91,W,4,quadruplet,800,0.1,True,False,,
e1/W/R4/91,W,4,quadruplet,6400,0.0,True,False,,
e1/W/R4/91,W,4,quadruplet,51200,0.0,True,False,,
e1/W/R4/91,W,4,quintuplet,800,0.1,True,False,,
e1/W/R4/91,W,4,quintuplet,6400,0.0,True,False,,
e1/W/R4/91,W,4,quintuplet,51200,0.0,True,False,,
e1/W/R4/92,W,4,quadruplet,800,0.8,True,True,1.7553800310232798e-05,0.014043040248186239
e1/W/R4/92,W,4,quadruplet,6400,1.0,True,True,1.7553800310232798e-05,0.11234432198548991
e1/W/R4/92,W,4,quadruplet,51200,1.0,True,True,1.7553800310232798e-05,0.8987545758839193
e1/W/R4/92,W,4,quintuplet,800,0.7,True,True,1.4985326015718741e-05,0.011988260812574992
e1/W/R4/92,W,4,quintuplet,6400,1.0,True,True,1.4985326015718741e-05,0.09590608650059994
e1/W/R4/92,W,4,quintuplet,51200,1.0,True,True,1.4985326015718741e-05,0.7672486920047995
e1/W/R4/93,W,4,quadruplet,800,0.0,False,,,
e1/W/R4/93,W,4,quadruplet,6400,0.5,False,,,
e1/W/R4/93,W,4,quadruplet,51200,0.5,False,,,
e1/W/R4/93,W,4,quintuplet,800,0.0,False,,,
e1/W/R4/93,W,4,quintuplet,6400,0.5,False,,,
e1/W/R4/93,W,4,quintuplet,51200,0.8,False,,,
e1/W/R4/94,W,4,quadruplet,800,0.0,False,,,
e1/W/R4/94,W,4,quadruplet,6400,0.1,False,,,
e1/W/R4/94,W,4,quadruplet,51200,0.1,False,,,
e1/W/R4/94,W,4,quintuplet,800,0.0,False,,,
e1/W/R4/94,W,4,quintuplet,6400,0.1,False,,,
e1/W/R4/94,W,4,quintuplet,51200,0.1,False,,,
e1/W/R4/95,W,4,quadruplet,800,0.0,True,False,,
e1/W/R4/95,W,4,quadruplet,6400,0.0,True,False,,
e1/W/R4/95,W,4,quadruplet,51200,0.0,True,False,,
e1/W/R4/95,W,4,quintuplet,800,0.0,True,False,,
e1/W/R4/95,W,4,quintuplet,6400,0.0,True,False,,
e1/W/R4/95,W,4,quintuplet,51200,0.0,True,False,,
e1/W/R4/96,W,4,quadruplet,800,0.1,True,False,,
e1/W/R4/96,W,4,quadruplet,6400,0.0,True,False,,
e1/W/R4/96,W,4,quadruplet,51200,0.0,True,False,,
e1/W/R4/96,W,4,quintuplet,800,0.2,True,True,2.847032581713586e-07,0.00022776260653708686
e1/W/R4/96,W,4,quintuplet,6400,0.7,True,True,2.847032581713586e-07,0.001822100852296695
e1/W/R4/96,W,4,quintuplet,51200,0.6,True,True,2.847032581713586e-07,0.01457680681837356
e1/W/R4/97,W,4,quadruplet,800,0.0,False,,,
e1/W/R4/97,W,4,quadruplet,6400,0.0,False,,,
e1/W/R4/97,W,4,quadruplet,51200,0.0,False,,,
e1/W/R4/97,W,4,quintuplet,800,0.1,False,,,
e1/W/R4/97,W,4,quintuplet,6400,0.1,False,,,
e1/W/R4/97,W,4,quintuplet,51200,0.5,False,,,
e1/W/R4/98,W,4,quadruplet,800,0.5,True,True,1.1323494373721702e-05,0.00905879549897736
e1/W/R4/98,W,4,quadruplet,6400,1.0,True,True,1.1323494373721702e-05,0.07247036399181889
e1/W/R4/98,W,4,quadruplet,51200,1.0,True,True,1.1323494373721702e-05,0.5797629119345511
e1/W/R4/98,W,4,quintuplet,800,0.5,True,True,1.1109997987492511e-05,0.008887998389994009
e1/W/R4/98,W,4,quintuplet,6400,1.0,True,True,1.1109997987492511e-05,0.07110398711995207
e1/W/R4/98,W,4,quintuplet,51200,1.0,True,True,1.1109997987492511e-05,0.5688318969596166
e1/W/R4/99,W,4,quadruplet,800,0.0,False,,,
e1/W/R4/99,W,4,quadruplet,6400,0.0,False,,,
e1/W/R4/99,W,4,quadruplet,51200,0.0,False,,,
e1/W/R4/99,W,4,quintuplet,800,0.1,False,,,
e1/W/R4/99,W,4,quintuplet,6400,0.0,False,,,
e1/W/R4/99,W,4,quintuplet,51200,0.0,False,,,
e1/W/R5/0,W,5,quadruplet,800,0.0,True,True,1.6046085397844808e-06,0.0012836868318275847
e1/W/R5/0,W,5,quadruplet,6400,0.4,True,True,1.6046085397844808e-06,0.010269494654620678
e1/W/R5/0,W,5,quadruplet,51200,0.7,True,True,1.6046085397844808e-06,0.08215595723696542
e1/W/R5/0,W,5,quintuplet,800,0.1,True,True,9.617275232376838e-07,0.0007693820185901471
e1/W/R5/0,W,5,quintuplet,6400,0.4,True,True,9.617275232376838e-07,0.006155056148721177
e1/W/R5/0,W,5,quintuplet,51200,0.8,True,True,9.617275232376838e-07,0.049240449189769414
e1/W/R5/0,W,5,random,800,0.0,True,False,,
e1/W/R5/0,W,5,random,6400,0.0,True,False,,
e1/W/R5/0,W,5,random,51200,0.0,True,False,,
e1/W/R5/1,W,5,quadruplet,800,0.0,False,,,
e1/W/R5/1,W,5,quadruplet,6400,0.0,False,,,
e1/W/R5/1,W,5,quadruplet,51200,0.0,False,,,
e1/W/R5/1,W,5,quintuplet,800,0.0,False,,,
e1/W/R5/1,W,5,quintuplet,6400,0.0,False,,,
e1/W/R5/1,W,5,quintuplet,51200,0.0,False,,,
e1/W/R5/1,W,5,random,800,0.0,False,,,
e1/W/R5/1,W,5,random,6400,0.0,False,,,
e1/W/R5/1,W,5,random,51200,0.0,False,,,
e1/W/R5/10,W,5,quadruplet,800,0.0,False,,,
e1/W/R5/10,W,5,quadruplet,6400,0.0,False,,,
e1/W/R5/10,W,5,quadruplet,51200,0.0,False,,,
e1/W/R5/10,W,5,quintuplet,800,0.0,False,,,
e1/W/R5/10,W,5,quintuplet,6400,0.0,False,,,
e1/W/R5/10,W,5,quintuplet,51200,0.0,False,,,
e1/W/R5/11,W,5,quadruplet,800,0.1,True,True,8.581863408278312e-08,6.86549072662265e-05
e1/W/R5/11,W,5,quadruplet,6400,0.6,True,True,8.581863408278312e-08,0.000549239258129812
e1/W/R5/11,W,5,quadruplet,51200,0.9,True,True,8.581863408278312e-08,0.004393914065038496
e1/W/R5/11,W,5,quintuplet,800,0.2,True,True,1.378785629324672e-07,0.00011030285034597376
e1/W/R5/11,W,5,quintuplet,6400,0.4,True,True,1.378785629324672e-07,0.0008824228027677901
e1/W/R5/11,W,5,quintuplet,51200,1.0,True,True,1.378785629324672e-07,0.0070593824221423206
e1/W/R5/12,W,5,quadruplet,800,0.0,True,False,,
e1/W/R5/12,W,5,quadruplet,6400,0.0,True,False,,
e1/W/R5/12,W,5,quadruplet,51200,0.0,True,False,,
e1/W/R5/12,W,5,quintuplet,800,0.0,True,False,,
e1/W/R5/12,W,5,quintuplet,6400,0.0,True,False,,
e1/W/R5/12,W,5,quintuplet,51200,0.1,True,False,,
e1/W/R5/13,W,5,quadruplet,800,0.0,True,False,,
e1/W/R5/13,W,5,quadruplet,6400,0.0,True,False,,
e1/W/R5/13,W,5,quadruplet,51200,0.0,True,False,,
e1/W/R5/13,W,5,quintuplet,800,0.1,True,True,3.913023411680659e-06,0.003130418729344527
e1/W/R5/13,W,5,quintuplet,6400,0.8,True,True,3.913023411680659e-06,0.025043349834756215
e1/W/R5/13,W,5,quintuplet,51200,1.0,True,True,3.913023411680659e-06,0.20034679867804972
e1/W/R5/14,W,5,quadruplet,800,0.5,True,True,9.03861401180018e-07,0.0007230891209440144
e1/W/R5/14,W,5,quadruplet,6400,0.7,True,True,9.03861401180018e-07,0.005784712967552115
e1/W/R5/14,W,5,quadruplet,51200,1.0,True,True,9.03861401180018e-07,0.04627770374041692
e1/W/R5/14,W,5,quintuplet,800,0.2,True,True,6.868582779700151e-07,0.0005494866223760121
e1/W/R5/14,W,5,quintuplet,6400,0.4,True,True,6.868582779700151e-07,0.004395892979008097
e1/W/R5/14,W,5,quintuplet,51200,0.9,True,True,6.868582779700151e-07,0.035167143832064776
e1/W/R5/15,W,5,quadruplet,800,0.7,True,True,2.837233872584744e-06,0.002269787098067795
e1/W/R5/15,W,5,quadruplet,6400,1.0,True,True,2.837233872584744e-06,0.01815829678454236
e1/W/R5/15,W,5,quadruplet,51200,1.0,True,True,2.837233872584744e-06,0.14526637427633887
e1/W/R5/15,W,5,quintuplet,800,0.3,True,True,1.4155049806708225e-06,0.001132403984536658
e1/W/R5/15,W,5,quintuplet,6400,0.8,True,True,1.4155049806708225e-06,0.009059231876293265
e1/W/R5/15,W,5,quintuplet,51200,1.0,True,True,1.4155049806708225e-06,0.07247385501034612
e1/W/R5/16,W,5,quadruplet,800,0.0,False,,,
e1/W/R5/16,W,5,quadruplet,6400,0.1,False,,,
e1/W/R5/16,W,5,quadruplet,51200,0.2,False,,,
e1/W/R5/16,W,5,quintuplet,800,0.0,False,,,
e1/W/R5/16,W,5,quintuplet,6400,0.1,False,,,
e1/W/R5/16,W,5,quintuplet,51200,0.1,False,,,
e1/W/R5/17,W,5,quadruplet,800,0.1,False,,,
e1/W/R5/17,W,5,quadruplet,6400,0.4,False,,,
e1/W/R5/17,W,5,quadruplet,51200,0.0,False,,,
e1/W/R5/17,W,5,quintuplet,800,0.0,False,,,
e1/W/R5/17,W,5,quintuplet,6400,0.5,False,,,
e1/W/R5/17,W,5,quintuplet,51200,0.4,False,,,
e1/W/R5/18,W,5,quadruplet,800,0.6,True,True,7.829029868329497e-06,0.006263223894663598
e1/W/R5/18,W,5,quadruplet,6400,1.0,True,True,7.829029868329497e-06,0.05010579115730878
e1/W/R5/18,W,5,quadruplet,51200,1.0,True,True,7.829029868329497e-06,0.40084632925847025
e1/W/R5/18,W,5,quintuplet,800,0.7,True,True,1.0444187482025823e-05,0.00835534998562066
e1/W/R5/18,W,5,quintuplet,6400,1.0,True,True,1.0444187482025823e-05,0.06684279988496528
e1/W/R5/18,W,5,quintuplet,51200,1.0,True,True,1.0444187482025823e-05,0.5347423990797222
e1/W/R5/19,W,5,quadruplet,800,0.0,True,False,,
e1/W/R5/19,W,5,quadruplet,6400,0.0,True,False,,
e1/W/R5/19,W,5,quadruplet,51200,0.0,True,False,,
e1/W/R5/19,W,5,quintuplet,800,0.0,True,True,1.7022397953749765e-07,0.00013617918362999811
e1/W/R5/19,W,5,quintuplet,6400,0.1,True,True,1.7022397953749765e-07,0.001089433469039985
e1/W/R5/19,W,5,quintuplet,51200,0.4,True,True,1.7022397953749765e-07,0.00871546775231988
e1/W/R5/2,W,5,quadruplet,800,0.0,True,False,,
e1/W/R5/2,W,5,quadruplet,6400,0.0,True,False,,
e1/W/R5/2,W,5,quadruplet,51200,0.0,True,False,,
e1/W/R5/2,W,5,quintuplet,800,0.0,True,True,1.3742025263182065e-07,0.00010993620210545652
e1/W/R5/2,W,5,quintuplet,6400,0.8,True,True,1.3742025263182065e-07,0.0008794896168436521
e1/W/R5/2,W,5,quintuplet,51200,0.8,True,True,1.3742025263182065e-07,0.007035916934749217
e1/W/R5/2,W,5,random,800,0.0,True,False,,
e1/W/R5/2,W,5,random,6400,0.0,True,False,,
e1/W/R5/2,W,5,random,51200,0.0,True,False,,
e1/W/R5/20,W,5,quadruplet,800,0.0,True,True,3.6627851457775925e-06,0.002930228116622074
e1/W/R5/20,W,5,quadruplet,6400,0.3,True,True,3.6627851457775925e-06,0.023441824932976592
e1/W/R5/20,W,5,quadruplet,51200,0.8,True,True,3.6627851457775925e-06,0.18753459946381273
e1/W/R5/20,W,5,quintuplet,800,0.0,True,True,5.684275053238803e-06,0.004547420042591043
e1/W/R5/20,W,5,quintuplet,6400,0.2,True,True,5.684275053238803e-06,0.03637936034072834
e1/W/R5/20,W,5,quintuplet,51200,0.8,True,True,5.684275053238803e-06,0.2910348827258267
e1/W/R5/21,W,5,quadruplet,800,0.0,False,,,
e1/W/R5/21,W,5,quadruplet,6400,0.0,False,,,
e1/W/R5/21,W,5,quadruplet,51200,0.0,False,,,
e1/W/R5/21,W,5,quintuplet,800,0.0,False,,,
e1/W/R5/21,W,5,quintuplet,6400,0.0,False,,,
e1/W/R5/21,W,5,quintuplet,51200,0.0,False,,,
e1/W/R5/22,W,5,quadruplet,800,0.0,True,False,,
e1/W/R5/22,W,5,quadruplet,6400,0.0,True,False,,
e1/W/R5/22,W,5,quadruplet,51200,0.0,True,False,,
e1/W/R5/22,W,5,quintuplet,800,0.0,True,False,,
e1/W/R5/22,W,5,quintuplet,6400,0.0,True,False,,
e1/W/R5/22,W,5,quintuplet,51200,0.0,True,False,,
e1/W/R5/23,W,5,quadruplet,800,0.3,True,False,,
e1/W/R5/23,W,5,quadruplet,6400,0.1,True,False,,
e1/W/R5/23,W,5,quadruplet,51200,0.0,True,False,,
e1/W/R5/23,W,5,quintuplet,800,0.5,True,True,7.888327073476e-07,0.00063106616587808
e1/W/R5/23,W,5,quintuplet,6400,0.9,True,True,7.888327073476e-07,0.00504852932702464
e1/W/R5/23,W,5,quintuplet,51200,1.0,True,True,7.888327073476e-07,0.04038823461619712
e1/W/R5/24,W,5,quadruplet,800,0.0,True,False,,
e1/W/R5/24,W,5,quadruplet,6400,0.0,True,False,,
e1/W/R5/24,W,5,quadruplet,51200,0.0,True,False,,
e1/W/R5/24,W,5,quintuplet,800,0.0,True,False,,
e1/W/R5/24,W,5,quintuplet,6400,0.0,True,False,,
e1/W/R5/24,W,5,quintuplet,51200,0.0,True,False,,
e1/W/R5/25,W,5,quadruplet,800,1.0,True,True,1.5555912570554638e-05,0.01244473005644371
e1/W/R5/25,W,5,quadruplet,6400,1.0,True,True,1.5555912570554638e-05,0.09955784045154968
e1/W/R5/25,W,5,quadruplet,51200,1.0,True,True,1.5555912570554638e-05,0.7964627236123974
e1/W/R5/25,W,5,quintuplet,800,0.6,True,True,1.6271366528194403e-05,0.013017093222555523
e1/W/R5/25,W,5,quintuplet,6400,1.0,True,True,1.6271366528194403e-05,0.10413674578044418
e1/W/R5/25,W,5,quintuplet,51200,1.0,True,True,1.6271366528194403e-05,0.8330939662435535
e1/W/R5/26,W,5,quadruplet,800,0.0,True,True,4.319660065768283e-06,0.0034557280526146266
e1/W/R5/26,W,5,quadruplet,6400,0.3,True,True,4.319660065768283e-06,0.027645824420917012
e1/W/R5/26,W,5,quadruplet,51200,0.9,True,True,4.319660065768283e-06,0.2211665953673361
e1/W/R5/26,W,5,quintuplet,800,0.1,True,True,7.582505553110086e-07,0.0006066004442488069
e1/W/R5/26,W,5,quintuplet,6400,0.2,True,True,7.582505553110086e-07,0.004852803553990455
e1/W/R5/26,W,5,quintuplet,51200,0.8,True,True,7.582505553110086e-07,0.03882242843192364
e1/W/R5/27,W,5,quadruplet,800,0.0,False,,,
e1/W/R5/27,W,5,quadruplet,6400,0.0,False,,,
e1/W/R5/27,W,5,quadruplet,51200,0.0,False,,,
e1/W/R5/27,W,5,quintuplet,800,0.0,False,,,
e1/W/R5/27,W,5,quintuplet,6400,0.0,False,,,
e1/W/R5/27,W,5,quintuplet,51200,0.0,False,,,
e1/W/R5/28,W,5,quadruplet,800,0.1,True,True,1.7710410164220934e-06,0.0014168328131376748
e1/W/R5/28,W,5,quadruplet,6400,0.6,True,True,1.7710410164220934e-06,0.011334662505101399
e1/W/R5/28,W,5,quadruplet,51200,0.9,True,True,1.7710410164220934e-06,0.09067730004081119
e1/W/R5/28,W,5,quintuplet,800,0.0,True,True,3.1489631501024167e-06,0.0025191705200819335
e1/W/R5/28,W,5,quintuplet,6400,0.4,True,True,3.1489631501024167e-06,0.020153364160655468
e1/W/R5/28,W,5,quintuplet,51200,0.9,True,True,3.1489631501024167e-06,0.16122691328524374
e1/W/R5/29,W,5,quadruplet,800,0.1,False,,,
e1/W/R5/29,W,5,quadruplet,6400,0.0,False,,,
e1/W/R5/29,W,5,quadruplet,51200,0.0,False,,,
e1/W/R5/29,W,5,quintuplet,800,0.3,False,,,
e1/W/R5/29,W,5,quintuplet,6400,0.2,False,,,
e1/W/R5/29,W,5,quintuplet,51200,0.5,False,,,
e1/W/R5/3,W,5,quadruplet,800,0.0,False,,,
e1/W/R5/3,W,5,quadruplet,6400,0.0,False,,,
e1/W/R5/3,W,5,quadruplet,51200,0.0,False,,,
e1/W/R5/3,W,5,quintuplet,800,0.0,False,,,
e1/W/R5/3,W,5,quintuplet,6400,0.0,False,,,
e1/W/R5/3,W,5,quintuplet,51200,0.0,False,,,
e1/W/R5/3,W,5,random,800,0.0,False,,,
e1/W/R5/3,W,5,random,6400,0.0,False,,,
e1/W/R5/3,W,5,random,51200,0.0,False,,,
e1/W/R5/30,W,5,quadruplet,800,0.1,True,True,4.986374983406172e-06,0.003989099986724937
e1/W/R5/30,W,5,quadruplet,6400,0.7,True,True,4.986374983406172e-06,0.0319127998937995
e1/W/R5/30,W,5,quadruplet,51200,1.0,True,True,4.986374983406172e-06,0.255302399150396
e1/W/R5/30,W,5,quintuplet,800,0.0,True,True,3.688367134997363e-06,0.0029506937079978907
e1/W/R5/30,W,5,quintuplet,6400,0.4,True,True,3.688367134997363e-06,0.023605549663983125
e1/W/R5/30,W,5,quintuplet,51200,1.0,True,True,3.688367134997363e-06,0.188844397311865
e1/W/R5/31,W,5,quadruplet,800,0.0,False,,,
e1/W/R5/31,W,5,quadruplet,6400,0.0,False,,,
e1/W/R5/31,W,5,quadruplet,51200,0.0,False,,,
e1/W/R5/31,W,5,quintuplet,800,0.0,False,,,
e1/W/R5/31,W,5,quintuplet,6400,0.0,False,,,
e1/W/R5/31,W,5,quintuplet,51200,0.0,False,,,
e1/W/R5/32,W,5,quadruplet,800,0.7,True,True,1.26845591739839e-05,0.01014764733918712
e1/W/R5/32,W,5,quadruplet,6400,1.0,True,True,1.26845591739839e-05,0.08118117871349696
e1/W/R5/32,W,5,quadruplet,51200,1.0,True,True,1.26845591739839e-05,0.6494494297079757
e1/W/R5/32,W,5,quintuplet,800,0.5,True,True,9.700451545140839e-06,0.007760361236112671
e1/W/R5/32,W,5,quintuplet,6400,1.0,True,True,9.700451545140839e-06,0.06208288988890137
e1/W/R5/32,W,5,quintuplet,51200,1.0,True,True,9.700451545140839e-06,0.49666311911121097
e1/W/R5/33,W,5,quadruplet,800,0.4,True,True,6.0311990206156754e-06,0.00482495921649254
e1/W/R5/33,W,5,quadruplet,6400,1.0,True,True,6.0311990206156754e-06,0.03859967373194032
e1/W/R5/33,W,5,quadruplet,51200,1.0,True,True,6.0311990206156754e-06,0.3087973898555226
e1/W/R5/33,W,5,quintuplet,800,0.1,True,True,3.517457825005033e-06,0.0028139662600040263
e1/W/R5/33,W,5,quintuplet,6400,0.9,True,True,3.517457825005033e-06,0.02251173008003221
e1/W/R5/33,W,5,quintuplet,51200,1.0,True,True,3.517457825005033e-06,0.18009384064025769
e1/W/R5/34,W,5,quadruplet,800,0.0,True,True,3.495357584562163e-08,2.7962860676497304e-05
e1/W/R5/34,W,5,quadruplet,6400,0.2,True,True,3.495357584562163e-08,0.00022370288541197843
e1/W/R5/34,W,5,quadruplet,51200,0.2,True,True,3.495357584562163e-08,0.0017896230832958274
e1/W/R5/34,W,5,quintuplet,800,0.0,True,True,4.5228846654056425e-06,0.003618307732324514
e1/W/R5/34,W,5,quintuplet,6400,0.4,True,True,4.5228846654056425e-06,0.02894646185859611
e1/W/R5/34,W,5,quintuplet,51200,0.9,True,True,4.5228846654056425e-06,0.23157169486876888
e1/W/R5/35,W,5,quadruplet,800,0.0,False,,,
e1/W/R5/35,W,5,quadruplet,6400,0.0,False,,,
e1/W/R5/35,W,5,quadruplet,51200,0.0,False,,,
e1/W/R5/35,W,5,quintuplet,800,0.0,False,,,
e1/W/R5/35,W,5,quintuplet,6400,0.0,False,,,
e1/W/R5/35,W,5,quintuplet,51200,0.1,False,,,
e1/W/R5/36,W,5,quadruplet,800,0.6,True,True,7.89184731199716e-06,0.006313477849597729
e1/W/R5/36,W,5,quadruplet,6400,1.0,True,True,7.89184731199716e-06,0.05050782279678183
e1/W/R5/36,W,5,quadruplet,51200,1.0,True,True,7.89184731199716e-06,0.40406258237425463
e1/W/R5/36,W,5,quintuplet,800,0.5,True,True,8.979642334650916e-06,0.0071837138677207325
e1/W/R5/36,W,5,quintuplet,6400,1.0,True,True,8.979642334650916e-06,0.05746971094176586
e1/W/R5/36,W,5,quintuplet,51200,1.0,True,True,8.979642334650916e-06,0.4597576875341269
e1/W/R5/37,W,5,quadruplet,800,0.3,True,True,6.319454150362375e-06,0.0050555633202899
e1/W/R5/37,W,5,quadruplet,6400,0.7,True,True,6.319454150362375e-06,0.0404445065623192
e1/W/R5/37,W,5,quadruplet,51200,1.0,True,True,6.319454150362375e-06,0.3235560524985536
e1/W/R5/37,W,5,quintuplet,800,0.4,True,True,9.644454367218108e-06,0.0077155634937744865
e1/W/R5/37,W,5,quintuplet,6400,0.7,True,True,9.644454367218108e-06,0.06172450795019589
e1/W/R5/37,W,5,quintuplet,51200,1.0,True,True,9.644454367218108e-06,0.49379606360156714
e1/W/R5/38,W,5,quadruplet,800,0.4,True,True,1.3068630710149974e-05,0.010454904568119979
e1/W/R5/38,W,5,quadruplet,6400,1.0,True,True,1.3068630710149974e-05,0.08363923654495983
e1/W/R5/38,W,5,quadruplet,51200,1.0,True,True,1.3068630710149974e-05,0.6691138923596787
e1/W/R5/38,W,5,quintuplet,800,0.4,True,True,8.716792823416822e-06,0.006973434258733458
e1/W/R5/38,W,5,quintuplet,6400,1.0,True,True,8.716792823416822e-06,0.055787474069867664
e1/W/R5/38,W,5,quintuplet,51200,1.0,True,True,8.716792823416822e-06,0.4462997925589413
e1/W/R5/39,W,5,quadruplet,800,0.0,False,,,
e1/W/R5/39,W,5,quadruplet,6400,0.0,False,,,
e1/W/R5/39,W,5,quadruplet,51200,0.0,False,,,
e1/W/R5/39,W,5,quintuplet,800,0.0,False,,,
e1/W/R5/39,W,5,quintuplet,6400,0.0,False,,,
e1/W/R5/39,W,5,quintuplet,51200,0.0,False,,,
e1/W/R5/4,W,5,quadruplet,800,0.5,False,,,
e1/W/R5/4,W,5,quadruplet,6400,0.8,False,,,
e1/W/R5/4,W,5,quadruplet,51200,0.8,False,,,
e1/W/R5/4,W,5,quintuplet,800,0.2,False,,,
e1/W/R5/4,W,5,quintuplet,6400,0.9,False,,,
e1/W/R5/4,W,5,quintuplet,51200,0.9,False,,,
e1/W/R5/4,W,5,random,800,0.0,False,,,
e1/W/R5/4,W,5,random,6400,0.0,False,,,
e1/W/R5/4,W,5,random,51200,0.0,False,,,
e1/W/R5/40,W,5,quadruplet,800,0.0,True,False,,
e1/W/R5/40,W,5,quadruplet,6400,0.0,True,False,,
e1/W/R5/40,W,5,quadruplet,51200,0.0,True,False,,
e1/W/R5/40,W,5,quintuplet,800,0.0,True,False,,
e1/W/R5/40,W,5,quintuplet,6400,0.0,True,False,,
e1/W/R5/40,W,5,quintuplet,51200,0.4,True,False,,
e1/W/R5/41,W,5,quadruplet,800,0.9,True,True,5.036044763307732e-06,0.004028835810646185
e1/W/R5/41,W,5,quadruplet,6400,1.0,True,True,5.036044763307732e-06,0.03223068648516948
e1/W/R5/41,W,5,quadruplet,51200,1.0,True,True,5.036044763307732e-06,0.25784549188135586
e1/W/R5/41,W,5,quintuplet,800,0.6,True,True,2.6092846851426704e-06,0.0020874277481141364
e1/W/R5/41,W,5,quintuplet,6400,1.0,True,True,2.6092846851426704e-06,0.01669942198491309
e1/W/R5/41,W,5,quintuplet,51200,1.0,True,True,2.6092846851426704e-06,0.13359537587930473
e1/W/R5/42,W,5,quadruplet,800,0.1,True,False,,
e1/W/R5/42,W,5,quadruplet,6400,0.0,True,False,,
e1/W/R5/42,W,5,quadruplet,51200,0.0,True,False,,
e1/W/R5/42,W,5,quintuplet,800,0.1,True,False,,
e1/W/R5/42,W,5,quintuplet,6400,0.2,True,False,,
e1/W/R5/42,W,5,quintuplet,51200,0.1,True,False,,
e1/W/R5/43,W,5,quadruplet,800,0.3,True,True,4.4885302475484475e-07,0.0003590824198038758
e1/W/R5/43,W,5,quadruplet,6400,0.7,True,True,4.4885302475484475e-07,0.0028726593584310063
e1/W/R5/43,W,5,quadruplet,51200,1.0,True,True,4.4885302475484475e-07,0.02298127486744805
e1/W/R5/43,W,5,quintuplet,800,0.3,True,True,1.7640606194580465e-07,0.00014112484955664372
e1/W/R5/43,W,5,quintuplet,6400,0.5,True,True,1.7640606194580465e-07,0.0011289987964531497
e1/W/R5/43,W,5,quintuplet,51200,0.8,True,True,1.7640606194580465e-07,0.009031990371625198
e1/W/R5/44,W,5,quadruplet,800,0.0,False,,,
e1/W/R5/44,W,5,quadruplet,6400,0.0,False,,,
e1/W/R5/44,W,5,quadruplet,51200,0.0,False,,,
e1/W/R5/44,W,5,quintuplet,800,0.0,False,,,
e1/W/R5/44,W,5,quintuplet,6400,0.1,False,,,
e1/W/R5/44,W,5,quintuplet,51200,0.0,False,,,
e1/W/R5/45,W,5,quadruplet,800,0.0,False,,,
e1/W/R5/45,W,5,quadruplet,6400,0.0,False,,,
e1/W/R5/45,W,5,quadruplet,51200,0.0,False,,,
e1/W/R5/45,W,5,quintuplet,800,0.0,False,,,
e1/W/R5/45,W,5,quintuplet,6400,0.0,False,,,
e1/W/R5/45,W,5,quintuplet,51200,0.0,False,,,
e1/W/R5/46,W,5,quadruplet,800,0.0,True,False,,
e1/W/R5/46,W,5,quadruplet,6400,0.0,True,False,,
e1/W/R5/46,W,5,quadruplet,51200,0.0,True,False,,
e1/W/R5/46,W,5,quintuplet,800,0.0,True,False,,
e1/W/R5/46,W,5,quintuplet,6400,0.0,True,False,,
e1/W/R5/46,W,5,quintuplet,51200,0.0,True,False,,
e1/W/R5/47,W,5,quadruplet,800,0.0,True,False,,
e1/W/R5/47,W,5,quadruplet,6400,0.0,True,False,,
e1/W/R5/47,W,5,quadruplet,51200,0.0,True,False,,
e1/W/R5/47,W,5,quintuplet,800,0.0,True,False,,
e1/W/R5/47,W,5,quintuplet,6400,0.0,True,False,,
e1/W/R5/47,W,5,quintuplet,51200,0.0,True,False,,
e1/W/R5/48,W,5,quadruplet,800,0.0,True,True,2.6797799003219393e-07,0.00021438239202575514
e1/W/R5/48,W,5,quadruplet,6400,0.5,True,True,2.6797799003219393e-07,0.0017150591362060411
e1/W/R5/48,W,5,quadruplet,51200,0.8,True,True,2.6797799003219393e-07,0.013720473089648329
e1/W/R5/48,W,5,quintuplet,800,0.0,True,True,1.1758437206092005e-07,9.406749764873604e-05
e1/W/R5/48,W,5,quintuplet,6400,0.2,True,True,1.1758437206092005e-07,0.0007525399811898883
e1/W/R5/48,W,5,quintuplet,51200,0.6,True,True,1.1758437206092005e-07,0.006020319849519107
e1/W/R5/49,W,5,quadruplet,800,0.0,False,,,
e1/W/R5/49,W,5,quadruplet,6400,0.0,False,,,
e1/W/R5/49,W,5,quadruplet,51200,0.0,False,,,
e1/W/R5/49,W,5,quintuplet,800,0.0,False,,,
e1/W/R5/49,W,5,quintuplet,6400,0.1,False,,,
e1/W/R5/49,W,5,quintuplet,51200,0.0,False,,,
e1/W/R5/5,W,5,quadruplet,800,0.8,True,True,7.3966580379062515e-06,0.005917326430325001
e1/W/R5/5,W,5,quadruplet,6400,1.0,True,True,7.3966580379062515e-06,0.04733861144260001
e1/W/R5/5,W,5,quadruplet,51200,1.0,True,True,7.3966580379062515e-06,0.37870889154080006
e1/W/R5/5,W,5,quintuplet,800,0.7,True,True,1.0299779503149065e-05,0.008239823602519252
e1/W/R5/5,W,5,quintuplet,6400,1.0,True,True,1.0299779503149065e-05,0.06591858882015401
e1/W/R5/5,W,5,quintuplet,51200,1.0,True,True,1.0299779503149065e-05,0.5273487105612321
e1/W/R5/5,W,5,random,800,0.0,True,False,,
e1/W/R5/5,W,5,random,6400,0.0,True,False,,
e1/W/R5/5,W,5,random,51200,0.0,True,False,,
e1/W/R5/50,W,5,quadruplet,800,0.0,True,True,1.3296795165099045e-06,0.0010637436132079235
e1/W/R5/50,W,5,quadruplet,6400,0.6,True,True,1.3296795165099045e-06,0.008509948905663388
e1/W/R5/50,W,5,quadruplet,51200,1.0,True,True,1.3296795165099045e-06,0.0680795912453071
e1/W/R5/50,W,5,quintuplet,800,0.0,True,True,8.970089943781022e-07,0.0007176071955024818
e1/W/R5/50,W,5,quintuplet,6400,0.4,True,True,8.970089943781022e-07,0.0057408575640198545
e1/W/R5/50,W,5,quintuplet,51200,1.0,True,True,8.970089943781022e-07,0.045926860512158836
e1/W/R5/51,W,5,quadruplet,800,0.0,True,False,,
e1/W/R5/51,W,5,quadruplet,6400,0.0,True,False,,
e1/W/R5/51,W,5,quadruplet,51200,0.0,True,False,,
e1/W/R5/51,W,5,quintuplet,800,0.0,True,False,,
e1/W/R5/51,W,5,quintuplet,6400,0.0,True,False,,
e1/W/R5/51,W,5,quintuplet,51200,0.0,True,False,,
e1/W/R5/52,W,5,quadruplet,800,0.0,True,False,,
e1/W/R5/52,W,5,quadruplet,6400,0.0,True,False,,
e1/W/R5/52,W,5,quadruplet,51200,0.0,True,False,,
e1/W/R5/52,W,5,quintuplet,800,0.0,True,False,,
e1/W/R5/52,W,5,quintuplet,6400,0.1,True,False,,
e1/W/R5/52,W,5,quintuplet,51200,0.0,True,False,,
e1/W/R5/53,W,5,quadruplet,800,0.6,True,True,2.673210222397174e-05,0.021385681779177393
e1/W/R5/53,W,5,quadruplet,6400,0.9,True,True,2.673210222397174e-05,0.17108545423341914
e1/W/R5/53,W,5,quadruplet,51200,1.0,True,True,2.673210222397174e-05,1.3686836338673531
e1/W/R5/53,W,5,quintuplet,800,0.5,True,True,1.3861603683749203e-05,0.011089282946999362
e1/W/R5/53,W,5,quintuplet,6400,0.9,True,True,1.3861603683749203e-05,0.08871426357599489
e1/W/R5/53,W,5,quintuplet,51200,1.0,True,True,1.3861603683749203e-05,0.7097141086079591
e1/W/R5/54,W,5,quadruplet,800,0.0,True,False,,
e1/W/R5/54,W,5,quadruplet,6400,0.0,True,False,,
e1/W/R5/54,W,5,quadruplet,51200,0.0,True,False,,
e1/W/R5/54,W,5,quintuplet,800,0.0,True,False,,
e1/W/R5/54,W,5,quintuplet,6400,0.0,True,False,,
e1/W/R5/54,W,5,quintuplet,51200,0.0,True,False,,
e1/W/R5/55,W,5,quadruplet,800,0.0,True,False,,
e1/W/R5/55,W,5,quadruplet,6400,0.0,True,False,,
e1/W/R5/55,W,5,quadruplet,51200,0.0,True,False,,
e1/W/R5/55,W,5,quintuplet,800,0.0,True,False,,
e1/W/R5/55,W,5,quintuplet,6400,0.0,True,False,,
e1/W/R5/55,W,5,quintuplet,51200,0.0,True,False,,
e1/W/R5/56,W,5,quadruplet,800,0.0,True,False,,
e1/W/R5/56,W,5,quadruplet,6400,0.0,True,False,,
e1/W/R5/56,W,5,quadruplet,51200,0.0,True,False,,
e1/W/R5/56,W,5,quintuplet,800,0.0,True,False,,
e1/W/R5/56,W,5,quintuplet,6400,0.1,True,False,,
e1/W/R5/56,W,5,quintuplet,51200,0.0,True,False,,
e1/W/R5/57,W,5,quadruplet,800,0.0,False,,,
e1/W/R5/57,W,5,quadruplet,6400,0.0,False,,,
e1/W/R5/57,W,5,quadruplet,51200,0.0,False,,,
e1/W/R5/57,W,5,quintuplet,800,0.0,False,,,
e1/W/R5/57,W,5,quintuplet,6400,0.0,False,,,
e1/W/R5/57,W,5,quintuplet,51200,0.1,False,,,
e1/W/R5/58,W,5,quadruplet,800,0.3,False,,,
e1/W/R5/58,W,5,quadruplet,6400,1.0,False,,,
e1/W/R5/58,W,5,quadruplet,51200,1.0,False,,,
e1/W/R5/58,W,5,quintuplet,800,0.2,False,,,
e1/W/R5/58,W,5,quintuplet,6400,0.9,False,,,
e1/W/R5/58,W,5,quintuplet,51200,1.0,False,,,
e1/W/R5/59,W,5,quadruplet,800,0.0,False,,,
e1/W/R5/59,W,5,quadruplet,6400,0.0,False,,,
e1/W/R5/59,W,5,quadruplet,51200,0.0,False,,,
e1/W/R5/59,W,5,quintuplet,800,0.0,False,,,
e1/W/R5/59,W,5,quintuplet,6400,0.2,False,,,
e1/W/R5/59,W,5,quintuplet,51200,0.3,False,,,
e1/W/R5/6,W,5,quadruplet,800,0.7,True,True,4.167077974696527e-06,0.003333662379757222
e1/W/R5/6,W,5,quadruplet,6400,1.0,True,True,4.167077974696527e-06,0.026669299038057776
e1/W/R5/6,W,5,quadruplet,51200,1.0,True,True,4.167077974696527e-06,0.2133543923044622
e1/W/R5/6,W,5,quintuplet,800,0.4,True,True,2.6097405461008207e-06,0.0020877924368806564
e1/W/R5/6,W,5,quintuplet,6400,0.9,True,True,2.6097405461008207e-06,0.01670233949504525
e1/W/R5/6,W,5,quintuplet,51200,1.0,True,True,2.6097405461008207e-06,0.133618715960362
e1/W/R5/6,W,5,random,800,0.0,True,False,,
e1/W/R5/6,W,5,random,6400,0.0,True,False,,
e1/W/R5/6,W,5,random,51200,0.0,True,False,,
e1/W/R5/60,W,5,quadruplet,800,0.0,True,True,8.22495660881564e-07,0.0006579965287052512
e1/W/R5/60,W,5,quadruplet,6400,0.3,True,True,8.22495660881564e-07,0.00526397222964201
e1/W/R5/60,W,5,quadruplet,51200,0.4,True,True,8.22495660881564e-07,0.04211177783713608
e1/W/R5/60,W,5,quintuplet,800,0.0,True,True,2.0339973385506466e-06,0.0016271978708405173
e1/W/R5/60,W,5,quintuplet,6400,0.3,True,True,2.0339973385506466e-06,0.013017582966724138
e1/W/R5/60,W,5,quintuplet,51200,0.7,True,True,2.0339973385506466e-06,0.1041406637337931
e1/W/R5/61,W,5,quadruplet,800,0.0,True,False,,
e1/W/R5/61,W,5,quadruplet,6400,0.0,True,False,,
e1/W/R5/61,W,5,quadruplet,51200,0.0,True,False,,
e1/W/R5/61,W,5,quintuplet,800,0.0,True,False,,
e1/W/R5/61,W,5,quintuplet,6400,0.0,True,False,,
e1/W/R5/61,W,5,quintuplet,51200,0.0,True,False,,
e1/W/R5/62,W,5,quadruplet,800,0.0,True,False,,
e1/W/R5/62,W,5,quadruplet,6400,0.0,True,False,,
e1/W/R5/62,W,5,quadruplet,51200,0.0,True,False,,
e1/W/R5/62,W,5,quintuplet,800,0.0,True,False,,
e1/W/R5/62,W,5,quintuplet,6400,0.0,True,False,,
e1/W/R5/62,W,5,quintuplet,51200,0.0,True,False,,
e1/W/R5/63,W,5,quadruplet,800,0.7,True,True,5.796234797755609e-06,0.004636987838204487
e1/W/R5/63,W,5,quadruplet,6400,1.0,True,True,5.796234797755609e-06,0.0370959027056359
e1/W/R5/63,W,5,quadruplet,51200,1.0,True,True,5.796234797755609e-06,0.2967672216450872
e1/W/R5/63,W,5,quintuplet,800,1.0,True,True,8.702242863171196e-06,0.006961794290536957
e1/W/R5/63,W,5,quintuplet,6400,1.0,True,True,8.702242863171196e-06,0.055694354324295654
e1/W/R5/63,W,5,quintuplet,51200,1.0,True,True,8.702242863171196e-06,0.44555483459436523
e1/W/R5/64,W,5,quadruplet,800,0.0,True,True,4.9007643542727995e-06,0.0039206114834182395
e1/W/R5/64,W,5,quadruplet,6400,0.2,True,True,4.9007643542727995e-06,0.031364891867345916
e1/W/R5/64,W,5,quadruplet,51200,0.7,True,True,4.9007643542727995e-06,0.25091913493876733
e1/W/R5/64,W,5,quintuplet,800,0.0,True,True,1.9602754177207808e-06,0.0015682203341766247
e1/W/R5/64,W,5,quintuplet,6400,0.0,True,True,1.9602754177207808e-06,0.012545762673412997
e1/W/R5/64,W,5,quintuplet,51200,0.3,True,True,1.9602754177207808e-06,0.10036610138730398
e1/W/R5/65,W,5,quadruplet,800,0.0,True,False,,
e1/W/R5/65,W,5,quadruplet,6400,0.0,True,False,,
e1/W/R5/65,W,5,quadruplet,51200,0.0,True,False,,
e1/W/R5/65,W,5,quintuplet,800,0.2,True,False,,
e1/W/R5/65,W,5,quintuplet,6400,0.0,True,False,,
e1/W/R5/65,W,5,quintuplet,51200,0.0,True,False,,
e1/W/R5/66,W,5,quadruplet,800,0.0,False,,,
e1/W/R5/66,W,5,quadruplet,6400,0.0,False,,,
e1/W/R5/66,W,5,quadruplet,51200,0.0,False,,,
e1/W/R5/66,W,5,quintuplet,800,0.0,False,,,
e1/W/R5/66,W,5,quintuplet,6400,0.0,False,,,
e1/W/R5/66,W,5,quintuplet,51200,0.0,False,,,
e1/W/R5/67,W,5,quadruplet,800,0.0,True,False,,
e1/W/R5/67,W,5,quadruplet,6400,0.0,True,False,,
e1/W/R5/67,W,5,quadruplet,51200,0.0,True,False,,
e1/W/R5/67,W,5,quintuplet,800,0.0,True,False,,
e1/W/R5/67,W,5,quintuplet,6400,0.0,True,False,,
e1/W/R5/67,W,5,quintuplet,51200,0.0,True,False,,
e1/W/R5/68,W,5,quadruplet,800,0.0,True,False,,
e1/W/R5/68,W,5,quadruplet,6400,0.0,True,False,,
e1/W/R5/68,W,5,quadruplet,51200,0.0,True,False,,
e1/W/R5/68,W,5,quintuplet,800,0.0,True,False,,
e1/W/R5/68,W,5,quintuplet,6400,0.0,True,False,,
e1/W/R5/68,W,5,quintuplet,51200,0.0,True,False,,
e1/W/R5/69,W,5,quadruplet,800,0.0,True,False,,
e1/W/R5/69,W,5,quadruplet,6400,0.0,True,False,,
e1/W/R5/69,W,5,quadruplet,51200,0.0,True,False,,
e1/W/R5/69,W,5,quintuplet,800,0.0,True,False,,
e1/W/R5/69,W,5,quintuplet,6400,0.0,True,False,,
e1/W/R5/69,W,5,quintuplet,51200,0.0,True,False,,
e1/W/R5/7,W,5,quadruplet,800,0.0,True,False,,
e1/W/R5/7,W,5,quadruplet,6400,0.0,True,False,,
e1/W/R5/7,W,5,quadruplet,51200,0.0,True,False,,
e1/W/R5/7,W,5,quintuplet,800,0.0,True,False,,
e1/W/R5/7,W,5,quintuplet,6400,0.3,True,False,,
e1/W/R5/7,W,5,quintuplet,51200,0.1,True,False,,
e1/W/R5/7,W,5,random,800,0.0,True,False,,
e1/W/R5/7,W,5,random,6400,0.0,True,False,,
e1/W/R5/7,W,5,random,51200,0.0,True,False,,
e1/W/R5/70,W,5,quadruplet,800,0.1,False,,,
e1/W/R5/70,W,5,quadruplet,6400,0.0,False,,,
e1/W/R5/70,W,5,quadruplet,51200,0.0,False,,,
e1/W/R5/70,W,5,quintuplet,800,0.1,False,,,
e1/W/R5/70,W,5,quintuplet,6400,0.0,False,,,
e1/W/R5/70,W,5,quintuplet,51200,0.0,False,,,
e1/W/R5/71,W,5,quadruplet,800,0.7,True,True,1.680000920045324e-05,0.013440007360362593
e1/W/R5/71,W,5,quadruplet,6400,1.0,True,True,1.680000920045324e-05,0.10752005888290074
e1/W/R5/71,W,5,quadruplet,51200,1.0,True,True,1.680000920045324e-05,0.8601604710632059
e1/W/R5/71,W,5,quintuplet,800,0.3,True,True,1.1955587817245615e-05,0.009564470253796491
e1/W/R5/71,W,5,quintuplet,6400,1.0,True,True,1.1955587817245615e-05,0.07651576203037193
e1/W/R5/71,W,5,quintuplet,51200,1.0,True,True,1.1955587817245615e-05,0.6121260962429754
e1/W/R5/72,W,5,quadruplet,800,0.3,True,True,6.226514803055602e-07,0.0004981211842444482
e1/W/R5/72,W,5,quadruplet,6400,0.9,True,True,6.226514803055602e-07,0.003984969473955585
e1/W/R5/72,W,5,quadruplet,51200,1.0,True,True,6.226514803055602e-07,0.03187975579164468
e1/W/R5/72,W,5,quintuplet,800,0.4,True,True,4.309843686045826e-07,0.0003447874948836661
e1/W/R5/72,W,5,quintuplet,6400,0.8,True,True,4.309843686045826e-07,0.002758299959069329
e1/W/R5/72,W,5,quintuplet,51200,1.0,True,True,4.309843686045826e-07,0.02206639967255463
e1/W/R5/73,W,5,quadruplet,800,0.6,True,True,8.702266351276874e-07,0.0006961813081021498
e1/W/R5/73,W,5,quadruplet,6400,0.8,True,True,8.702266351276874e-07,0.005569450464817199
e1/W/R5/73,W,5,quadruplet,51200,1.0,True,True,8.702266351276874e-07,0.04455560371853759
e1/W/R5/73,W,5,quintuplet,800,0.5,True,True,9.337771207522792e-07,0.0007470216966018234
e1/W/R5/73,W,5,quintuplet,6400,0.8,True,True,9.337771207522792e-07,0.005976173572814587
e1/W/R5/73,W,5,quintuplet,51200,1.0,True,True,9.337771207522792e-07,0.047809388582516696
e1/W/R5/74,W,5,quadruplet,800,0.0,False,,,
e1/W/R5/74,W,5,quadruplet,6400,0.0,False,,,
e1/W/R5/74,W,5,quadruplet,51200,0.0,False,,,
e1/W/R5/74,W,5,quintuplet,800,0.0,False,,,
e1/W/R5/74,W,5,quintuplet,6400,0.0,False,,,
e1/W/R5/74,W,5,quintuplet,51200,0.0,False,,,
e1/W/R5/75,W,5,quadruplet,800,0.0,True,True,2.79677262200731e-06,0.002237418097605848
e1/W/R5/75,W,5,quadruplet,6400,0.9,True,True,2.79677262200731e-06,0.017899344780846784
e1/W/R5/75,W,5,quadruplet,51200,1.0,True,True,2.79677262200731e-06,0.14319475824677427
e1/W/R5/75,W,5,quintuplet,800,0.3,True,True,4.29992662699822e-06,0.0034399413015985757
e1/W/R5/75,W,5,quintuplet,6400,1.0,True,True,4.29992662699822e-06,0.027519530412788606
e1/W/R5/75,W,5,quintuplet,51200,1.0,True,True,4.29992662699822e-06,0.22015624330230885
e1/W/R5/76,W,5,quadruplet,800,0.0,False,,,
e1/W/R5/76,W,5,quadruplet,6400,0.0,False,,,
e1/W/R5/76,W,5,quadruplet,51200,0.0,False,,,
e1/W/R5/76,W,5,quintuplet,800,0.0,False,,,
e1/W/R5/76,W,5,quintuplet,6400,0.0,False,,,
e1/W/R5/76,W,5,quintuplet,51200,0.0,False,,,
e1/W/R5/77,W,5,quadruplet,800,0.1,True,False,,
e1/W/R5/77,W,5,quadruplet,6400,0.1,True,False,,
e1/W/R5/77,W,5,quadruplet,51200,0.2,True,False,,
e1/W/R5/77,W,5,quintuplet,800,0.0,True,True,1.1452916679638473e-06,0.0009162333343710778
e1/W/R5/77,W,5,quintuplet,6400,0.4,True,True,1.1452916679638473e-06,0.007329866674968623
e1/W/R5/77,W,5,quintuplet,51200,1.0,True,True,1.1452916679638473e-06,0.05863893339974898
e1/W/R5/78,W,5,quadruplet,800,0.0,True,False,,
e1/W/R5/78,W,5,quadruplet,6400,0.0,True,False,,
e1/W/R5/78,W,5,quadruplet,51200,0.0,True,False,,
e1/W/R5/78,W,5,quintuplet,800,0.0,True,True,1.4321287224888603e-08,1.1457029779910882e-05
e1/W/R5/78,W,5,quintuplet,6400,0.6,True,True,1.4321287224888603e-08,9.165623823928705e-05
e1/W/R5/78,W,5,quintuplet,51200,0.5,True,True,1.4321287224888603e-08,0.0007332499059142964
e1/W/R5/79,W,5,quadruplet,800,0.0,False,,,
e1/W/R5/79,W,5,quadruplet,6400,0.0,False,,,
e1/W/R5/79,W,5,quadruplet,51200,0.0,False,,,
e1/W/R5/79,W,5,quintuplet,800,0.0,False,,,
e1/W/R5/79,W,5,quintuplet,6400,0.0,False,,,
e1/W/R5/79,W,5,quintuplet,51200,0.0,False,,,
e1/W/R5/8,W,5,quadruplet,800,0.0,True,False,,
e1/W/R5/8,W,5,quadruplet,6400,0.0,True,False,,
e1/W/R5/8,W,5,quadruplet,51200,0.0,True,False,,
e1/W/R5/8,W,5,quintuplet,800,0.0,True,False,,
e1/W/R5/8,W,5,quintuplet,6400,0.0,True,False,,
e1/W/R5/8,W,5,quintuplet,51200,0.0,True,False,,
e1/W/R5/8,W,5,random,800,0.0,True,False,,
e1/W/R5/8,W,5,random,6400,0.0,True,False,,
e1/W/R5/8,W,5,random,51200,0.0,True,False,,
e1/W/R5/80,W,5,quadruplet,800,0.0,True,False,,
e1/W/R5/80,W,5,quadruplet,6400,0.0,True,False,,
e1/W/R5/80,W,5,quadruplet,51200,0.0,True,False,,
e1/W/R5/80,W,5,quintuplet,800,0.0,True,False,,
e1/W/R5/80,W,5,quintuplet,6400,0.0,True,False,,
e1/W/R5/80,W,5,quintuplet,51200,0.0,True,False,,
e1/W/R5/81,W,5,quadruplet,800,0.7,True,True,8.76212164338062e-06,0.0070096973147044965
e1/W/R5/81,W,5,quadruplet,6400,1.0,True,True,8.76212164338062e-06,0.05607757851763597
e1/W/R5/81,W,5,quadruplet,51200,1.0,True,True,8.76212164338062e-06,0.4486206281410878
e1/W/R5/81,W,5,quintuplet,800,0.5,True,True,6.899163885498539e-06,0.005519331108398831
e1/W/R5/81,W,5,quintuplet,6400,1.0,True,True,6.899163885498539e-06,0.04415464886719065
e1/W/R5/81,W,5,quintuplet,51200,1.0,True,True,6.899163885498539e-06,0.3532371909375252
e1/W/R5/82,W,5,quadruplet,800,0.1,False,,,
e1/W/R5/82,W,5,quadruplet,6400,0.0,False,,,
e1/W/R5/82,W,5,quadruplet,51200,0.0,False,,,
e1/W/R5/82,W,5,quintuplet,800,0.1,False,,,
e1/W/R5/82,W,5,quintuplet,6400,0.4,False,,,
e1/W/R5/82,W,5,quintuplet,51200,1.0,False,,,
e1/W/R5/83,W,5,quadruplet,800,0.0,True,False,,
e1/W/R5/83,W,5,quadruplet,6400,0.3,True,False,,
e1/W/R5/83,W,5,quadruplet,51200,0.0,True,False,,
e1/W/R5/83,W,5,quintuplet,800,0.0,True,True,1.336397224242137e-07,0.00010691177793937097
e1/W/R5/83,W,5,quintuplet,6400,0.4,True,True,1.336397224242137e-07,0.0008552942235149678
e1/W/R5/83,W,5,quintuplet,51200,0.8,True,True,1.336397224242137e-07,0.006842353788119742
e1/W/R5/84,W,5,quadruplet,800,0.0,True,False,,
e1/W/R5/84,W,5,quadruplet,6400,0.0,True,False,,
e1/W/R5/84,W,5,quadruplet,51200,0.0,True,False,,
e1/W/R5/84,W,5,quintuplet,800,0.0,True,False,,
e1/W/R5/84,W,5,quintuplet,6400,0.0,True,False,,
e1/W/R5/84,W,5,quintuplet,51200,0.0,True,False,,
e1/W/R5/85,W,5,quadruplet,800,0.0,False,,,
e1/W/R5/85,W,5,quadruplet,6400,0.0,False,,,
e1/W/R5/85,W,5,quadruplet,51200,0.0,False,,,
e1/W/R5/85,W,5,quintuplet,800,0.0,False,,,
e1/W/R5/85,W,5,quintuplet,6400,0.0,False,,,
e1/W/R5/85,W,5,quintuplet,51200,0.0,False,,,
e1/W/R5/86,W,5,quadruplet,800,0.0,True,False,,
e1/W/R5/86,W,5,quadruplet,6400,0.0,True,False,,
e1/W/R5/86,W,5,quadruplet,51200,0.0,True,False,,
e1/W/R5/86,W,5,quintuplet,800,0.0,True,False,,
e1/W/R5/86,W,5,quintuplet,6400,0.0,True,False,,
e1/W/R5/86,W,5,quintuplet,51200,0.0,True,False,,
e1/W/R5/87,W,5,quadruplet,800,0.3,True,True,2.236702016333846e-06,0.0017893616130670769
e1/W/R5/87,W,5,quadruplet,6400,0.8,True,True,2.236702016333846e-06,0.014314892904536615
e1/W/R5/87,W,5,quadruplet,51200,1.0,True,True,2.236702016333846e-06,0.11451914323629292
e1/W/R5/87,W,5,quintuplet,800,0.2,True,True,9.390356811204671e-07,0.0007512285448963737
e1/W/R5/87,W,5,quintuplet,6400,0.3,True,True,9.390356811204671e-07,0.00600982835917099
e1/W/R5/87,W,5,quintuplet,51200,0.9,True,True,9.390356811204671e-07,0.04807862687336792
e1/W/R5/88,W,5,quadruplet,800,0.0,True,False,,
e1/W/R5/88,W,5,quadruplet,6400,0.0,True,False,,
e1/W/R5/88,W,5,quadruplet,51200,0.0,True,False,,
e1/W/R5/88,W,5,quintuplet,800,0.0,True,False,,
e1/W/R5/88,W,5,quintuplet,6400,0.0,True,False,,
e1/W/R5/88,W,5,quintuplet,51200,0.0,True,False,,
e1/W/R5/89,W,5,quadruplet,800,0.0,False,,,
e1/W/R5/89,W,5,quadruplet,6400,0.0,False,,,
e1/W/R5/89,W,5,quadruplet,51200,0.0,False,,,
e1/W/R5/89,W,5,quintuplet,800,0.0,False,,,
e1/W/R5/89,W,5,quintuplet,6400,0.0,False,,,
e1/W/R5/89,W,5,quintuplet,51200,0.0,False,,,
e1/W/R5/9,W,5,quadruplet,800,0.0,False,,,
e1/W/R5/9,W,5,quadruplet,6400,0.0,False,,,
e1/W/R5/9,W,5,quadruplet,51200,0.0,False,,,
e1/W/R5/9,W,5,quintuplet,800,0.0,False,,,
e1/W/R5/9,W,5,quintuplet,6400,0.0,False,,,
e1/W/R5/9,W,5,quintuplet,51200,0.0,False,,,
e1/W/R5/9,W,5,random,800,0.0,False,,,
e1/W/R5/9,W,5,random,6400,0.0,False,,,
e1/W/R5/9,W,5,random,51200,0.0,False,,,
e1/W/R5/90,W,5,quadruplet,800,0.3,True,True,3.412856128202812e-06,0.0027302849025622497
e1/W/R5/90,W,5,quadruplet,6400,0.9,True,True,3.412856128202812e-06,0.021842279220497997
e1/W/R5/90,W,5,quadruplet,51200,1.0,True,True,3.412856128202812e-06,0.17473823376398398
e1/W/R5/90,W,5,quintuplet,800,0.1,True,True,5.215301135182676e-06,0.0041722409081461406
e1/W/R5/90,W,5,quintuplet,6400,0.9,True,True,5.215301135182676e-06,0.033377927265169124
e1/W/R5/90,W,5,quintuplet,51200,1.0,True,True,5.215301135182676e-06,0.267023418121353
e1/W/R5/91,W,5,quadruplet,800,0.0,False,,,
e1/W/R5/91,W,5,quadruplet,6400,0.0,False,,,
e1/W/R5/91,W,5,quadruplet,51200,0.0,False,,,
e1/W/R5/91,W,5,quintuplet,800,0.0,False,,,
e1/W/R5/91,W,5,quintuplet,6400,0.0,False,,,
e1/W/R5/91,W,5,quintuplet,51200,0.0,False,,,
e1/W/R5/92,W,5,quadruplet,800,0.5,True,True,7.455241459356641e-06,0.0059641931674853125
e1/W/R5/92,W,5,quadruplet,6400,1.0,True,True,7.455241459356641e-06,0.0477135453398825
e1/W/R5/92,W,5,quadruplet,51200,1.0,True,True,7.455241459356641e-06,0.38170836271906
e1/W/R5/92,W,5,quintuplet,800,0.3,True,True,1.116442483532605e-06,0.000893153986826084
e1/W/R5/92,W,5,quintuplet,6400,0.9,True,True,1.116442483532605e-06,0.007145231894608672
e1/W/R5/92,W,5,quintuplet,51200,1.0,True,True,1.116442483532605e-06,0.057161855156869376
e1/W/R5/93,W,5,quadruplet,800,0.0,False,,,
e1/W/R5/93,W,5,quadruplet,6400,0.0,False,,,
e1/W/R5/93,W,5,quadruplet,51200,0.0,False,,,
e1/W/R5/93,W,5,quintuplet,800,0.0,False,,,
e1/W/R5/93,W,5,quintuplet,6400,0.0,False,,,
e1/W/R5/93,W,5,quintuplet,51200,0.0,False,,,
e1/W/R5/94,W,5,quadruplet,800,0.6,True,True,2.0240238260525515e-05,0.016192190608420413
e1/W/R5/94,W,5,quadruplet,6400,1.0,True,True,2.0240238260525515e-05,0.1295375248673633
e1/W/R5/94,W,5,quadruplet,51200,1.0,True,True,2.0240238260525515e-05,1.0363001989389065
e1/W/R5/94,W,5,quintuplet,800,0.6,True,True,1.2882814718130966e-05,0.010306251774504773
e1/W/R5/94,W,5,quintuplet,6400,1.0,True,True,1.2882814718130966e-05,0.08245001419603819
e1/W/R5/94,W,5,quintuplet,51200,1.0,True,True,1.2882814718130966e-05,0.6596001135683055
e1/W/R5/95,W,5,quadruplet,800,0.0,False,,,
e1/W/R5/95,W,5,quadruplet,6400,0.0,False,,,
e1/W/R5/95,W,5,quadruplet,51200,0.1,False,,,
e1/W/R5/95,W,5,quintuplet,800,0.0,False,,,
e1/W/R5/95,W,5,quintuplet,6400,0.0,False,,,
e1/W/R5/95,W,5,quintuplet,51200,0.2,False,,,
e1/W/R5/96,W,5,quadruplet,800,0.0,False,,,
e1/W/R5/96,W,5,quadruplet,6400,0.0,False,,,
e1/W/R5/96,W,5,quadruplet,51200,0.0,False,,,
e1/W/R5/96,W,5,quintuplet,800,0.0,False,,,
e1/W/R5/96,W,5,quintuplet,6400,0.2,False,,,
e1/W/R5/96,W,5,quintuplet,51200,0.0,False,,,
e1/W/R5/97,W,5,quadruplet,800,0.2,False,,,
e1/W/R5/97,W,5,quadruplet,6400,0.2,False,,,
e1/W/R5/97,W,5,quadruplet,51200,0.0,False,,,
e1/W/R5/97,W,5,quintuplet,800,0.1,False,,,
e1/W/R5/97,W,5,quintuplet,6400,0.2,False,,,
e1/W/R5/97,W,5,quintuplet,51200,0.0,False,,,
e1/W/R5/98,W,5,quadruplet,800,0.0,True,False,,
e1/W/R5/98,W,5,quadruplet,6400,0.0,True,False,,
e1/W/R5/98,W,5,quadruplet,51200,0.0,True,False,,
e1/W/R5/98,W,5,quintuplet,800,0.0,True,False,,
e1/W/R5/98,W,5,quintuplet,6400,0.0,True,False,,
e1/W/R5/98,W,5,quintuplet,51200,0.0,True,False,,
e1/W/R5/99,W,5,quadruplet,800,0.6,True,True,1.2171297815935108e-05,0.009737038252748086
e1/W/R5/99,W,5,quadruplet,6400,1.0,True,True,1.2171297815935108e-05,0.07789630602198469
e1/W/R5/99,W,5,quadruplet,51200,1.0,True,True,1.2171297815935108e-05,0.6231704481758775
e1/W/R5/99,W,5,quintuplet,800,0.6,True,True,1.1389096269101352e-05,0.009111277015281081
e1/W/R5/99,W,5,quintuplet,6400,1.0,True,True,1.1389096269101352e-05,0.07289021612224865
e1/W/R5/99,W,5,quintuplet,51200,1.0,True,True,1.1389096269101352e-05,0.5831217289779892
